{"_index":"ifttt-2018-04-14","_type":"webhook","_id":"Sat Apr 14 2018 01:41:07 GMT+0000 (UTC)","_score":1,"_source":{"device":"Room1Lamp","message":"Off","timestamp":"2018-04-14T01:41:07.580Z"}}
{"_index":"ifttt-2018-04-14","_type":"webhook","_id":"Sat Apr 14 2018 03:08:17 GMT+0000 (UTC)","_score":1,"_source":{"device":"Room1Plug1","message":"Activated","timestamp":"2018-04-14T03:08:17.916Z"}}
{"_index":"ifttt-2018-04-14","_type":"webhook","_id":"Sat Apr 14 2018 11:11:22 GMT+0000 (UTC)","_score":1,"_source":{"device":"Room1Lamp","message":"Off","timestamp":"2018-04-14T11:11:22.980Z"}}
{"_index":"ifttt-2018-04-14","_type":"webhook","_id":"Sat Apr 14 2018 14:51:38 GMT+0000 (UTC)","_score":1,"_source":{"time":"April 14, 2018","device":"miniCam","message":"motion","location":"Exterior-FrontDoor","timestamp":"2018-04-14T14:51:38.571Z"}}
{"_index":"ifttt-2018-04-14","_type":"webhook","_id":"Sat Apr 14 2018 16:28:06 GMT+0000 (UTC)","_score":1,"_source":{"device":"Room1Plug1","message":"Activated","timestamp":"2018-04-14T16:28:06.986Z"}}
{"_index":"ifttt-2018-04-14","_type":"webhook","_id":"Sat Apr 14 2018 17:28:26 GMT+0000 (UTC)","_score":1,"_source":{"device":"Room1Plug1","message":"Activated","timestamp":"2018-04-14T17:28:26.234Z"}}
{"_index":"ifttt-2018-04-14","_type":"webhook","_id":"Sat Apr 14 2018 20:49:07 GMT+0000 (UTC)","_score":1,"_source":{"device":"Plug1","message":"Activated","time":" ","timestamp":"2018-04-14T20:49:07.833Z"}}
{"_index":"ifttt-2018-04-14","_type":"webhook","_id":"Sat Apr 14 2018 22:26:16 GMT+0000 (UTC)","_score":1,"_source":{"time":"April 14, 2018","device":"miniCam","message":"motion","location":"Exterior-FrontDoor","timestamp":"2018-04-14T22:26:16.521Z"}}
{"_index":"ifttt-2018-04-14","_type":"webhook","_id":"Sat Apr 14 2018 07:01:32 GMT+0000 (UTC)","_score":1,"_source":{"device":"Room1Lamp","message":"Off","timestamp":"2018-04-14T07:01:32.738Z"}}
{"_index":"ifttt-2018-04-14","_type":"webhook","_id":"Sat Apr 14 2018 09:11:07 GMT+0000 (UTC)","_score":1,"_source":{"device":"Room1Lamp","message":"Off","timestamp":"2018-04-14T09:11:07.007Z"}}
{"_index":"ifttt-2018-04-14","_type":"webhook","_id":"Sat Apr 14 2018 14:21:10 GMT+0000 (UTC)","_score":1,"_source":{"device":"Room1Lamp","message":"Off","timestamp":"2018-04-14T14:21:10.188Z"}}
{"_index":"ifttt-2018-04-14","_type":"webhook","_id":"Sat Apr 14 2018 00:41:07 GMT+0000 (UTC)","_score":1,"_source":{"device":"Room1Lamp","message":"Off","timestamp":"2018-04-14T00:41:07.290Z"}}
{"_index":"ifttt-2018-04-14","_type":"webhook","_id":"Sat Apr 14 2018 01:08:08 GMT+0000 (UTC)","_score":1,"_source":{"device":"Room1Plug1","message":"Activated","timestamp":"2018-04-14T01:08:08.235Z"}}
{"_index":"ifttt-2018-04-14","_type":"webhook","_id":"Sat Apr 14 2018 02:08:16 GMT+0000 (UTC)","_score":1,"_source":{"device":"Room1Plug1","message":"Activated","timestamp":"2018-04-14T02:08:16.662Z"}}
{"_index":"ifttt-2018-04-14","_type":"webhook","_id":"Sat Apr 14 2018 03:36:11 GMT+0000 (UTC)","_score":1,"_source":{"time":"April 14, 2018","device":"miniCam","message":"motion","location":"Exterior-FrontDoor","timestamp":"2018-04-14T03:36:11.221Z"}}
{"_index":"ifttt-2018-04-14","_type":"webhook","_id":"Sat Apr 14 2018 04:56:07 GMT+0000 (UTC)","_score":1,"_source":{"device":"Room1Lamp","message":"Off","timestamp":"2018-04-14T04:56:07.751Z"}}
{"_index":"ifttt-2018-04-14","_type":"webhook","_id":"Sat Apr 14 2018 00:08:04 GMT+0000 (UTC)","_score":1,"_source":{"device":"Room1Plug1","message":"Activated","timestamp":"2018-04-14T00:08:04.463Z"}}
{"_index":"ifttt-2018-04-14","_type":"webhook","_id":"Sat Apr 14 2018 03:56:05 GMT+0000 (UTC)","_score":1,"_source":{"device":"Room1Lamp","message":"Off","timestamp":"2018-04-14T03:56:05.687Z"}}
{"_index":"ifttt-2018-04-14","_type":"webhook","_id":"Sat Apr 14 2018 06:29:09 GMT+0000 (UTC)","_score":1,"_source":{"device":"Plug1","message":"Activated","time":" ","timestamp":"2018-04-14T06:29:09.091Z"}}
{"_index":"ifttt-2018-04-14","_type":"webhook","_id":"Sat Apr 14 2018 07:29:25 GMT+0000 (UTC)","_score":1,"_source":{"device":"Plug1","message":"Activated","time":" ","timestamp":"2018-04-14T07:29:25.243Z"}}
{"_index":"ifttt-2018-04-14","_type":"webhook","_id":"Sat Apr 14 2018 12:16:11 GMT+0000 (UTC)","_score":1,"_source":{"device":"Room1Lamp","message":"Off","timestamp":"2018-04-14T12:16:11.510Z"}}
{"_index":"ifttt-2018-04-14","_type":"webhook","_id":"Sat Apr 14 2018 18:44:16 GMT+0000 (UTC)","_score":1,"_source":{"device":"Plug1","message":"Activated","time":" ","timestamp":"2018-04-14T18:44:16.046Z"}}
{"_index":"ifttt-2018-04-14","_type":"webhook","_id":"Sat Apr 14 2018 19:33:12 GMT+0000 (UTC)","_score":1,"_source":{"device":"Room1Plug1","message":"Activated","timestamp":"2018-04-14T19:33:12.085Z"}}
{"_index":"ifttt-2018-04-14","_type":"webhook","_id":"Sat Apr 14 2018 19:41:10 GMT+0000 (UTC)","_score":1,"_source":{"device":"Room1Lamp","message":"Off","timestamp":"2018-04-14T19:41:10.297Z"}}
{"_index":"ifttt-2018-04-14","_type":"webhook","_id":"Sat Apr 14 2018 22:51:06 GMT+0000 (UTC)","_score":1,"_source":{"device":"Room1Lamp","message":"Off","timestamp":"2018-04-14T22:51:06.629Z"}}
{"_index":"ifttt-2018-04-14","_type":"webhook","_id":"Sat Apr 14 2018 08:29:25 GMT+0000 (UTC)","_score":1,"_source":{"device":"Plug1","message":"Activated","time":" ","timestamp":"2018-04-14T08:29:25.409Z"}}
{"_index":"ifttt-2018-04-14","_type":"webhook","_id":"Sat Apr 14 2018 12:23:15 GMT+0000 (UTC)","_score":1,"_source":{"device":"Room1Plug1","message":"Activated","timestamp":"2018-04-14T12:23:15.515Z"}}
{"_index":"ifttt-2018-04-14","_type":"webhook","_id":"Sat Apr 14 2018 13:36:39 GMT+0000 (UTC)","_score":1,"_source":{"time":"April 14, 2018","device":"miniCam","message":"motion","location":"Exterior-FrontDoor","timestamp":"2018-04-14T13:36:39.075Z"}}
{"_index":"ifttt-2018-04-14","_type":"webhook","_id":"Sat Apr 14 2018 21:46:10 GMT+0000 (UTC)","_score":1,"_source":{"device":"Room1Lamp","message":"Off","timestamp":"2018-04-14T21:46:10.382Z"}}
{"_index":"ifttt-2018-04-14","_type":"webhook","_id":"Sat Apr 14 2018 21:49:13 GMT+0000 (UTC)","_score":1,"_source":{"device":"Plug1","message":"Activated","time":" ","timestamp":"2018-04-14T21:49:13.618Z"}}
