{"_index":"ifttt-2018-04-13","_type":"webhook","_id":"Fri Apr 13 2018 16:45:59 GMT+0000 (UTC)","_score":1,"_source":{"time":"April 13, 2018 at 12:45PM","device":"Alexa","message":"Voice Deactivation","target":"lamp","timestamp":"2018-04-13T16:45:59.049Z"}}
{"_index":"ifttt-2018-04-13","_type":"webhook","_id":"Fri Apr 13 2018 14:19:27 GMT+0000 (UTC)","_score":1,"_source":{"time":"April 13, 2018","device":"miniCam","message":"motion","location":"Exterior-FrontDoor","timestamp":"2018-04-13T14:19:27.364Z"}}
{"_index":"ifttt-2018-04-13","_type":"webhook","_id":"Fri Apr 13 2018 14:39:36 GMT+0000 (UTC)","_score":1,"_source":{"time":"April 13, 2018","device":"miniCam","message":"motion","location":"Exterior-FrontDoor","timestamp":"2018-04-13T14:39:36.561Z"}}
{"_index":"ifttt-2018-04-13","_type":"webhook","_id":"Fri Apr 13 2018 15:24:17 GMT+0000 (UTC)","_score":1,"_source":{"time":"April 13, 2018","device":"miniCam","message":"motion","location":"Exterior-FrontDoor","timestamp":"2018-04-13T15:24:17.710Z"}}
{"_index":"ifttt-2018-04-13","_type":"webhook","_id":"Fri Apr 13 2018 15:39:17 GMT+0000 (UTC)","_score":1,"_source":{"time":"April 13, 2018","device":"miniCam","message":"motion","location":"Exterior-FrontDoor","timestamp":"2018-04-13T15:39:17.375Z"}}
{"_index":"ifttt-2018-04-13","_type":"webhook","_id":"Fri Apr 13 2018 16:40:40 GMT+0000 (UTC)","_score":1,"_source":{"time":"April 13, 2018","device":"miniCam","message":"motion","location":"Exterior-FrontDoor","timestamp":"2018-04-13T16:40:40.560Z"}}
{"_index":"ifttt-2018-04-13","_type":"webhook","_id":"Fri Apr 13 2018 16:44:38 GMT+0000 (UTC)","_score":1,"_source":{"device":"FrontLock1","status":"Locked","user":"Manny Kin","timestamp":"2018-04-13T16:44:38.863Z"}}
{"_index":"ifttt-2018-04-13","_type":"webhook","_id":"Fri Apr 13 2018 01:49:09 GMT+0000 (UTC)","_score":1,"_source":{"device":"Room1Lamp","message":"Off","timestamp":"2018-04-13T01:49:09.303Z"}}
{"_index":"ifttt-2018-04-13","_type":"webhook","_id":"Fri Apr 13 2018 15:14:38 GMT+0000 (UTC)","_score":1,"_source":{"time":"April 13, 2018","device":"miniCam","message":"motion","location":"Exterior-FrontDoor","timestamp":"2018-04-13T15:14:38.958Z"}}
{"_index":"ifttt-2018-04-13","_type":"webhook","_id":"Fri Apr 13 2018 15:29:30 GMT+0000 (UTC)","_score":1,"_source":{"time":"April 13, 2018","device":"miniCam","message":"motion","location":"Exterior-FrontDoor","timestamp":"2018-04-13T15:29:30.903Z"}}
{"_index":"ifttt-2018-04-13","_type":"webhook","_id":"Fri Apr 13 2018 17:21:47 GMT+0000 (UTC)","_score":1,"_source":{"time":"April 13, 2018","device":"miniCam","message":"motion","location":"Exterior-FrontDoor","timestamp":"2018-04-13T17:21:47.867Z"}}
{"_index":"ifttt-2018-04-13","_type":"webhook","_id":"Fri Apr 13 2018 17:21:48 GMT+0000 (UTC)","_score":1,"_source":{"time":"April 13, 2018","device":"miniCam","message":"motion","location":"Exterior-FrontDoor","timestamp":"2018-04-13T17:21:48.379Z"}}
{"_index":"ifttt-2018-04-13","_type":"webhook","_id":"Fri Apr 13 2018 16:48:57 GMT+0000 (UTC)","_score":1,"_source":{"time":"April 13, 2018 at 12:48PM","device":"Alexa","message":"Voice Deactivation","target":"lamp","timestamp":"2018-04-13T16:48:57.139Z"}}
{"_index":"ifttt-2018-04-13","_type":"webhook","_id":"Fri Apr 13 2018 16:48:19 GMT+0000 (UTC)","_score":1,"_source":{"time":" April 13, 2018 at 12:48PM","device":"Alexa","message":"Voice Activation","target":"lamp","timestamp":"2018-04-13T16:48:19.610Z"}}
{"_index":"ifttt-2018-04-13","_type":"webhook","_id":"Fri Apr 13 2018 17:20:55 GMT+0000 (UTC)","_score":1,"_source":{"time":" April 13, 2018 at 01:20PM","device":"Alexa","message":"Voice Activation","target":"lamp","timestamp":"2018-04-13T17:20:55.966Z"}}
{"_index":"ifttt-2018-04-13","_type":"webhook","_id":"Fri Apr 13 2018 17:20:56 GMT+0000 (UTC)","_score":1,"_source":{"time":" April 13, 2018 at 01:20PM","device":"Alexa","message":"Voice Activation","target":"lamp","timestamp":"2018-04-13T17:20:56.507Z"}}
{"_index":"ifttt-2018-04-13","_type":"webhook","_id":"Fri Apr 13 2018 16:51:31 GMT+0000 (UTC)","_score":1,"_source":{"time":"April 13, 2018","device":"miniCam","message":"motion","location":"Exterior-FrontDoor","timestamp":"2018-04-13T16:51:31.657Z"}}
{"_index":"ifttt-2018-04-13","_type":"webhook","_id":"Fri Apr 13 2018 17:11:11 GMT+0000 (UTC)","_score":1,"_source":{"time":"April 13, 2018","device":"miniCam","message":"motion","location":"Exterior-FrontDoor","timestamp":"2018-04-13T17:11:11.679Z"}}
{"_index":"ifttt-2018-04-13","_type":"webhook","_id":"Fri Apr 13 2018 17:21:16 GMT+0000 (UTC)","_score":1,"_source":{"device":"FrontLock1","status":"Unlocked","user":" Manny Kin","timestamp":"2018-04-13T17:21:16.267Z"}}
{"_index":"ifttt-2018-04-13","_type":"webhook","_id":"Fri Apr 13 2018 16:46:50 GMT+0000 (UTC)","_score":1,"_source":{"time":"April 13, 2018","device":"miniCam","message":"motion","location":"Exterior-FrontDoor","timestamp":"2018-04-13T16:46:50.632Z"}}
{"_index":"ifttt-2018-04-13","_type":"webhook","_id":"Fri Apr 13 2018 17:27:22 GMT+0000 (UTC)","_score":1,"_source":{"time":"April 13, 2018 at 01:27PM","device":"Alexa","message":"Voice Deactivation","target":"lamp","timestamp":"2018-04-13T17:27:22.603Z"}}
{"_index":"ifttt-2018-04-13","_type":"webhook","_id":"Fri Apr 13 2018 17:26:25 GMT+0000 (UTC)","_score":1,"_source":{"time":"April 13, 2018","device":"miniCam","message":"motion","location":"Exterior-FrontDoor","timestamp":"2018-04-13T17:26:25.531Z"}}
{"_index":"ifttt-2018-04-13","_type":"webhook","_id":"Fri Apr 13 2018 17:26:27 GMT+0000 (UTC)","_score":1,"_source":{"time":"April 13, 2018","device":"miniCam","message":"motion","location":"Exterior-FrontDoor","timestamp":"2018-04-13T17:26:27.294Z"}}
{"_index":"ifttt-2018-04-13","_type":"webhook","_id":"Fri Apr 13 2018 17:51:28 GMT+0000 (UTC)","_score":1,"_source":{"time":"April 13, 2018","device":"miniCam","message":"motion","location":"Exterior-FrontDoor","timestamp":"2018-04-13T17:51:28.904Z"}}
{"_index":"ifttt-2018-04-13","_type":"webhook","_id":"Fri Apr 13 2018 18:06:22 GMT+0000 (UTC)","_score":1,"_source":{"time":"April 13, 2018","device":"miniCam","message":"motion","location":"Exterior-FrontDoor","timestamp":"2018-04-13T18:06:22.097Z"}}
{"_index":"ifttt-2018-04-13","_type":"webhook","_id":"Fri Apr 13 2018 18:46:08 GMT+0000 (UTC)","_score":1,"_source":{"time":"April 13, 2018","device":"miniCam","message":"motion","location":"Exterior-FrontDoor","timestamp":"2018-04-13T18:46:08.841Z"}}
{"_index":"ifttt-2018-04-13","_type":"webhook","_id":"Fri Apr 13 2018 17:46:45 GMT+0000 (UTC)","_score":1,"_source":{"device":"FrontLock1","status":"Unlocked","user":" Manny Kin","timestamp":"2018-04-13T17:46:45.013Z"}}
{"_index":"ifttt-2018-04-13","_type":"webhook","_id":"Fri Apr 13 2018 18:38:44 GMT+0000 (UTC)","_score":1,"_source":{"device":"FrontLock1","status":"Locked","user":"Manual Lock","timestamp":"2018-04-13T18:38:44.907Z"}}
{"_index":"ifttt-2018-04-13","_type":"webhook","_id":"Fri Apr 13 2018 17:31:09 GMT+0000 (UTC)","_score":1,"_source":{"time":"April 13, 2018","device":"miniCam","message":"motion","location":"Exterior-FrontDoor","timestamp":"2018-04-13T17:31:09.755Z"}}
{"_index":"ifttt-2018-04-13","_type":"webhook","_id":"Fri Apr 13 2018 19:06:07 GMT+0000 (UTC)","_score":1,"_source":{"time":"April 13, 2018","device":"miniCam","message":"motion","location":"Exterior-FrontDoor","timestamp":"2018-04-13T19:06:07.591Z"}}
{"_index":"ifttt-2018-04-13","_type":"webhook","_id":"Fri Apr 13 2018 19:06:08 GMT+0000 (UTC)","_score":1,"_source":{"time":"April 13, 2018","device":"miniCam","message":"motion","location":"Exterior-FrontDoor","timestamp":"2018-04-13T19:06:08.300Z"}}
{"_index":"ifttt-2018-04-13","_type":"webhook","_id":"Fri Apr 13 2018 19:01:17 GMT+0000 (UTC)","_score":1,"_source":{"time":"April 13, 2018","device":"miniCam","message":"motion","location":"Exterior-FrontDoor","timestamp":"2018-04-13T19:01:17.707Z"}}
{"_index":"ifttt-2018-04-13","_type":"webhook","_id":"Fri Apr 13 2018 19:01:18 GMT+0000 (UTC)","_score":1,"_source":{"time":"April 13, 2018","device":"miniCam","message":"motion","location":"Exterior-FrontDoor","timestamp":"2018-04-13T19:01:18.219Z"}}
{"_index":"ifttt-2018-04-13","_type":"webhook","_id":"Fri Apr 13 2018 19:12:44 GMT+0000 (UTC)","_score":1,"_source":{"time":"April 13, 2018 at 03:12PM","device":"Alexa","message":"Voice Deactivation","target":"lamp","timestamp":"2018-04-13T19:12:44.884Z"}}
{"_index":"ifttt-2018-04-13","_type":"webhook","_id":"Fri Apr 13 2018 18:46:09 GMT+0000 (UTC)","_score":1,"_source":{"time":"April 13, 2018","device":"miniCam","message":"motion","location":"Exterior-FrontDoor","timestamp":"2018-04-13T18:46:09.580Z"}}
{"_index":"ifttt-2018-04-13","_type":"webhook","_id":"Fri Apr 13 2018 19:14:50 GMT+0000 (UTC)","_score":1,"_source":{"device":"FrontLock1","status":"Unlocked","user":" Manny Kin","timestamp":"2018-04-13T19:14:50.785Z"}}
{"_index":"ifttt-2018-04-13","_type":"webhook","_id":"Fri Apr 13 2018 19:12:50 GMT+0000 (UTC)","_score":1,"_source":{"device":"FrontLock1","status":"Locked","user":"Manual Lock","timestamp":"2018-04-13T19:12:50.835Z"}}
{"_index":"ifttt-2018-04-13","_type":"webhook","_id":"Fri Apr 13 2018 18:51:21 GMT+0000 (UTC)","_score":1,"_source":{"time":"April 13, 2018","device":"miniCam","message":"motion","location":"Exterior-FrontDoor","timestamp":"2018-04-13T18:51:21.760Z"}}
{"_index":"ifttt-2018-04-13","_type":"webhook","_id":"Fri Apr 13 2018 18:57:40 GMT+0000 (UTC)","_score":1,"_source":{"device":"FrontLock1","status":"Locked","user":"Manual Lock","timestamp":"2018-04-13T18:57:40.760Z"}}
{"_index":"ifttt-2018-04-13","_type":"webhook","_id":"Fri Apr 13 2018 19:25:21 GMT+0000 (UTC)","_score":1,"_source":{"time":"April 13, 2018 at 03:25PM","device":"Alexa","message":"Voice Deactivation","target":"lamp","timestamp":"2018-04-13T19:25:21.018Z"}}
{"_index":"ifttt-2018-04-13","_type":"webhook","_id":"Fri Apr 13 2018 19:21:18 GMT+0000 (UTC)","_score":1,"_source":{"time":"April 13, 2018","device":"miniCam","message":"motion","location":"Exterior-FrontDoor","timestamp":"2018-04-13T19:21:18.689Z"}}
{"_index":"ifttt-2018-04-13","_type":"webhook","_id":"Fri Apr 13 2018 19:39:03 GMT+0000 (UTC)","_score":1,"_source":{"device":"FrontLock1","status":"Unlocked","user":" Manual Unlock","timestamp":"2018-04-13T19:39:03.144Z"}}
{"_index":"ifttt-2018-04-13","_type":"webhook","_id":"Fri Apr 13 2018 19:32:12 GMT+0000 (UTC)","_score":1,"_source":{"device":"FrontLock1","status":"Unlocked","user":" Manny Kin","timestamp":"2018-04-13T19:32:12.117Z"}}
{"_index":"ifttt-2018-04-13","_type":"webhook","_id":"Fri Apr 13 2018 19:29:12 GMT+0000 (UTC)","_score":1,"_source":{"device":"FrontLock1","status":"Locked","user":"Manny Kin","timestamp":"2018-04-13T19:29:12.601Z"}}
{"_index":"ifttt-2018-04-13","_type":"webhook","_id":"Fri Apr 13 2018 19:37:00 GMT+0000 (UTC)","_score":1,"_source":{"device":"FrontLock1","status":"Locked","user":"Manny Kin","timestamp":"2018-04-13T19:37:00.978Z"}}
{"_index":"ifttt-2018-04-13","_type":"webhook","_id":"Fri Apr 13 2018 19:31:08 GMT+0000 (UTC)","_score":1,"_source":{"device":"Room1Lamp","message":"Off","timestamp":"2018-04-13T19:31:08.891Z"}}
{"_index":"ifttt-2018-04-13","_type":"webhook","_id":"Fri Apr 13 2018 19:41:26 GMT+0000 (UTC)","_score":1,"_source":{"time":"April 13, 2018","device":"miniCam","message":"motion","location":"Exterior-FrontDoor","timestamp":"2018-04-13T19:41:26.713Z"}}
{"_index":"ifttt-2018-04-13","_type":"webhook","_id":"Fri Apr 13 2018 19:32:17 GMT+0000 (UTC)","_score":1,"_source":{"device":"FrontLock1","status":"Locked","user":"Manny Kin","timestamp":"2018-04-13T19:32:17.685Z"}}
{"_index":"ifttt-2018-04-13","_type":"webhook","_id":"Fri Apr 13 2018 19:59:31 GMT+0000 (UTC)","_score":1,"_source":{"time":"April 13, 2018 at 03:59PM","device":"Alexa","message":"Voice Deactivation","target":"lamp","timestamp":"2018-04-13T19:59:31.114Z"}}
{"_index":"ifttt-2018-04-13","_type":"webhook","_id":"Fri Apr 13 2018 19:42:50 GMT+0000 (UTC)","_score":1,"_source":{"time":" April 13, 2018 at 03:42PM","device":"Alexa","message":"Voice Activation","target":"lamp","timestamp":"2018-04-13T19:42:50.409Z"}}
{"_index":"ifttt-2018-04-13","_type":"webhook","_id":"Fri Apr 13 2018 19:44:14 GMT+0000 (UTC)","_score":1,"_source":{"time":" April 13, 2018 at 03:44PM","device":"Alexa","message":"Voice Activation","target":"lamp","timestamp":"2018-04-13T19:44:14.565Z"}}
{"_index":"ifttt-2018-04-13","_type":"webhook","_id":"Fri Apr 13 2018 19:46:49 GMT+0000 (UTC)","_score":1,"_source":{"time":"April 13, 2018","device":"miniCam","message":"motion","location":"Exterior-FrontDoor","timestamp":"2018-04-13T19:46:49.697Z"}}
{"_index":"ifttt-2018-04-13","_type":"webhook","_id":"Fri Apr 13 2018 19:46:36 GMT+0000 (UTC)","_score":1,"_source":{"device":"FrontLock1","status":"Unlocked","user":" Manny Kin","timestamp":"2018-04-13T19:46:36.098Z"}}
{"_index":"ifttt-2018-04-13","_type":"webhook","_id":"Fri Apr 13 2018 19:58:36 GMT+0000 (UTC)","_score":1,"_source":{"device":"FrontLock1","status":"Unlocked","user":" Manny Kin","timestamp":"2018-04-13T19:58:36.433Z"}}
{"_index":"ifttt-2018-04-13","_type":"webhook","_id":"Fri Apr 13 2018 19:53:46 GMT+0000 (UTC)","_score":1,"_source":{"device":"FrontLock1","status":"Locked","user":"Manny Kin","timestamp":"2018-04-13T19:53:46.996Z"}}
{"_index":"ifttt-2018-04-13","_type":"webhook","_id":"Fri Apr 13 2018 19:51:35 GMT+0000 (UTC)","_score":1,"_source":{"time":"April 13, 2018","device":"miniCam","message":"motion","location":"Exterior-FrontDoor","timestamp":"2018-04-13T19:51:35.542Z"}}
{"_index":"ifttt-2018-04-13","_type":"webhook","_id":"Fri Apr 13 2018 19:56:17 GMT+0000 (UTC)","_score":1,"_source":{"time":"April 13, 2018","device":"miniCam","message":"motion","location":"Exterior-FrontDoor","timestamp":"2018-04-13T19:56:17.859Z"}}
{"_index":"ifttt-2018-04-13","_type":"webhook","_id":"Fri Apr 13 2018 20:01:56 GMT+0000 (UTC)","_score":1,"_source":{"time":"April 13, 2018 at 04:00PM","device":"Alexa","message":"Voice Deactivation","target":"lamp","timestamp":"2018-04-13T20:01:56.322Z"}}
{"_index":"ifttt-2018-04-13","_type":"webhook","_id":"Fri Apr 13 2018 20:05:53 GMT+0000 (UTC)","_score":1,"_source":{"time":"April 13, 2018 at 04:05PM","device":"Alexa","message":"Voice Deactivation","target":"lamp","timestamp":"2018-04-13T20:05:53.577Z"}}
{"_index":"ifttt-2018-04-13","_type":"webhook","_id":"Fri Apr 13 2018 20:02:05 GMT+0000 (UTC)","_score":1,"_source":{"time":" April 13, 2018 at 04:01PM","device":"Alexa","message":"Voice Activation","target":"lamp","timestamp":"2018-04-13T20:02:05.574Z"}}
{"_index":"ifttt-2018-04-13","_type":"webhook","_id":"Fri Apr 13 2018 20:06:23 GMT+0000 (UTC)","_score":1,"_source":{"time":"April 13, 2018","device":"miniCam","message":"motion","location":"Exterior-FrontDoor","timestamp":"2018-04-13T20:06:23.123Z"}}
{"_index":"ifttt-2018-04-13","_type":"webhook","_id":"Fri Apr 13 2018 20:01:41 GMT+0000 (UTC)","_score":1,"_source":{"device":"FrontLock1","status":"Unlocked","user":" Manny Kin","timestamp":"2018-04-13T20:01:41.250Z"}}
{"_index":"ifttt-2018-04-13","_type":"webhook","_id":"Fri Apr 13 2018 20:04:20 GMT+0000 (UTC)","_score":1,"_source":{"device":"FrontLock1","status":"Unlocked","user":" Manny Kin","timestamp":"2018-04-13T20:04:20.649Z"}}
{"_index":"ifttt-2018-04-13","_type":"webhook","_id":"Fri Apr 13 2018 20:06:51 GMT+0000 (UTC)","_score":1,"_source":{"device":"FrontLock1","status":"Unlocked","user":" Manny Kin","timestamp":"2018-04-13T20:06:51.053Z"}}
{"_index":"ifttt-2018-04-13","_type":"webhook","_id":"Fri Apr 13 2018 20:06:07 GMT+0000 (UTC)","_score":1,"_source":{"device":"FrontLock1","status":"Locked","user":"Manny Kin","timestamp":"2018-04-13T20:06:07.490Z"}}
{"_index":"ifttt-2018-04-13","_type":"webhook","_id":"Fri Apr 13 2018 20:01:25 GMT+0000 (UTC)","_score":1,"_source":{"time":"April 13, 2018","device":"miniCam","message":"motion","location":"Exterior-FrontDoor","timestamp":"2018-04-13T20:01:25.987Z"}}
{"_index":"ifttt-2018-04-13","_type":"webhook","_id":"Fri Apr 13 2018 20:07:33 GMT+0000 (UTC)","_score":1,"_source":{"time":"April 13, 2018 at 04:07PM","device":"Alexa","message":"Voice Deactivation","target":"lamp","timestamp":"2018-04-13T20:07:33.328Z"}}
{"_index":"ifttt-2018-04-13","_type":"webhook","_id":"Fri Apr 13 2018 20:16:04 GMT+0000 (UTC)","_score":1,"_source":{"time":"April 13, 2018","device":"miniCam","message":"motion","location":"Exterior-FrontDoor","timestamp":"2018-04-13T20:16:04.819Z"}}
{"_index":"ifttt-2018-04-13","_type":"webhook","_id":"Fri Apr 13 2018 20:51:20 GMT+0000 (UTC)","_score":1,"_source":{"time":"April 13, 2018","device":"miniCam","message":"motion","location":"Exterior-FrontDoor","timestamp":"2018-04-13T20:51:20.579Z"}}
{"_index":"ifttt-2018-04-13","_type":"webhook","_id":"Fri Apr 13 2018 21:01:34 GMT+0000 (UTC)","_score":1,"_source":{"time":"April 13, 2018","device":"miniCam","message":"motion","location":"Exterior-FrontDoor","timestamp":"2018-04-13T21:01:34.371Z"}}
{"_index":"ifttt-2018-04-13","_type":"webhook","_id":"Fri Apr 13 2018 21:06:14 GMT+0000 (UTC)","_score":1,"_source":{"time":"April 13, 2018","device":"miniCam","message":"motion","location":"Exterior-FrontDoor","timestamp":"2018-04-13T21:06:14.611Z"}}
{"_index":"ifttt-2018-04-13","_type":"webhook","_id":"Fri Apr 13 2018 21:11:21 GMT+0000 (UTC)","_score":1,"_source":{"time":"April 13, 2018","device":"miniCam","message":"motion","location":"Exterior-FrontDoor","timestamp":"2018-04-13T21:11:21.762Z"}}
{"_index":"ifttt-2018-04-13","_type":"webhook","_id":"Fri Apr 13 2018 20:14:16 GMT+0000 (UTC)","_score":1,"_source":{"device":"Plug1","message":"Activated","time":" ","timestamp":"2018-04-13T20:14:16.783Z"}}
{"_index":"ifttt-2018-04-13","_type":"webhook","_id":"Fri Apr 13 2018 20:11:12 GMT+0000 (UTC)","_score":1,"_source":{"device":"Room1Lamp","message":"Off","timestamp":"2018-04-13T20:11:12.084Z"}}
{"_index":"ifttt-2018-04-13","_type":"webhook","_id":"Fri Apr 13 2018 21:21:11 GMT+0000 (UTC)","_score":1,"_source":{"time":"April 13, 2018","device":"miniCam","message":"motion","location":"Exterior-FrontDoor","timestamp":"2018-04-13T21:21:11.843Z"}}
{"_index":"ifttt-2018-04-13","_type":"webhook","_id":"Fri Apr 13 2018 21:26:55 GMT+0000 (UTC)","_score":1,"_source":{"device":"Room1Lamp","message":"Off","timestamp":"2018-04-13T21:26:55.264Z"}}
{"_index":"ifttt-2018-04-13","_type":"webhook","_id":"Fri Apr 13 2018 21:41:17 GMT+0000 (UTC)","_score":1,"_source":{"time":"April 13, 2018","device":"miniCam","message":"motion","location":"Exterior-FrontDoor","timestamp":"2018-04-13T21:41:17.893Z"}}
{"_index":"ifttt-2018-04-13","_type":"webhook","_id":"Fri Apr 13 2018 07:06:09 GMT+0000 (UTC)","_score":1,"_source":{"time":"April 13, 2018","device":"miniCam","message":"motion","location":"Exterior-FrontDoor","timestamp":"2018-04-13T07:06:09.710Z"}}
{"_index":"ifttt-2018-04-13","_type":"webhook","_id":"Fri Apr 13 2018 14:49:12 GMT+0000 (UTC)","_score":1,"_source":{"time":"April 13, 2018","device":"miniCam","message":"motion","location":"Exterior-FrontDoor","timestamp":"2018-04-13T14:49:12.062Z"}}
{"_index":"ifttt-2018-04-13","_type":"webhook","_id":"Fri Apr 13 2018 14:59:29 GMT+0000 (UTC)","_score":1,"_source":{"time":"April 13, 2018","device":"miniCam","message":"motion","location":"Exterior-FrontDoor","timestamp":"2018-04-13T14:59:29.018Z"}}
{"_index":"ifttt-2018-04-13","_type":"webhook","_id":"Fri Apr 13 2018 15:24:18 GMT+0000 (UTC)","_score":1,"_source":{"time":"April 13, 2018","device":"miniCam","message":"motion","location":"Exterior-FrontDoor","timestamp":"2018-04-13T15:24:18.140Z"}}
{"_index":"ifttt-2018-04-13","_type":"webhook","_id":"Fri Apr 13 2018 15:59:39 GMT+0000 (UTC)","_score":1,"_source":{"time":"April 13, 2018","device":"miniCam","message":"motion","location":"Exterior-FrontDoor","timestamp":"2018-04-13T15:59:39.095Z"}}
{"_index":"ifttt-2018-04-13","_type":"webhook","_id":"Fri Apr 13 2018 16:29:13 GMT+0000 (UTC)","_score":1,"_source":{"time":"April 13, 2018","device":"miniCam","message":"motion","location":"Exterior-FrontDoor","timestamp":"2018-04-13T16:29:13.567Z"}}
{"_index":"ifttt-2018-04-13","_type":"webhook","_id":"Fri Apr 13 2018 14:19:24 GMT+0000 (UTC)","_score":1,"_source":{"device":"FrontLock1","status":"Unlocked","user":" Manual Unlock","timestamp":"2018-04-13T14:19:24.428Z"}}
{"_index":"ifttt-2018-04-13","_type":"webhook","_id":"Fri Apr 13 2018 06:59:14 GMT+0000 (UTC)","_score":1,"_source":{"device":"Room1Lamp","message":"Off","timestamp":"2018-04-13T06:59:14.916Z"}}
{"_index":"ifttt-2018-04-13","_type":"webhook","_id":"Fri Apr 13 2018 15:29:29 GMT+0000 (UTC)","_score":1,"_source":{"time":"April 13, 2018","device":"miniCam","message":"motion","location":"Exterior-FrontDoor","timestamp":"2018-04-13T15:29:29.864Z"}}
{"_index":"ifttt-2018-04-13","_type":"webhook","_id":"Fri Apr 13 2018 15:34:21 GMT+0000 (UTC)","_score":1,"_source":{"time":"April 13, 2018","device":"miniCam","message":"motion","location":"Exterior-FrontDoor","timestamp":"2018-04-13T15:34:21.760Z"}}
{"_index":"ifttt-2018-04-13","_type":"webhook","_id":"Fri Apr 13 2018 17:26:44 GMT+0000 (UTC)","_score":1,"_source":{"time":" April 13, 2018 at 01:26PM","device":"Alexa","message":"Voice Activation","target":"lamp","timestamp":"2018-04-13T17:26:44.604Z"}}
{"_index":"ifttt-2018-04-13","_type":"webhook","_id":"Fri Apr 13 2018 16:46:49 GMT+0000 (UTC)","_score":1,"_source":{"time":"April 13, 2018","device":"miniCam","message":"motion","location":"Exterior-FrontDoor","timestamp":"2018-04-13T16:46:49.757Z"}}
{"_index":"ifttt-2018-04-13","_type":"webhook","_id":"Fri Apr 13 2018 16:51:32 GMT+0000 (UTC)","_score":1,"_source":{"time":"April 13, 2018","device":"miniCam","message":"motion","location":"Exterior-FrontDoor","timestamp":"2018-04-13T16:51:32.344Z"}}
{"_index":"ifttt-2018-04-13","_type":"webhook","_id":"Fri Apr 13 2018 18:06:21 GMT+0000 (UTC)","_score":1,"_source":{"time":"April 13, 2018","device":"miniCam","message":"motion","location":"Exterior-FrontDoor","timestamp":"2018-04-13T18:06:21.360Z"}}
{"_index":"ifttt-2018-04-13","_type":"webhook","_id":"Fri Apr 13 2018 18:16:08 GMT+0000 (UTC)","_score":1,"_source":{"time":"April 13, 2018","device":"miniCam","message":"motion","location":"Exterior-FrontDoor","timestamp":"2018-04-13T18:16:08.763Z"}}
{"_index":"ifttt-2018-04-13","_type":"webhook","_id":"Fri Apr 13 2018 16:48:05 GMT+0000 (UTC)","_score":1,"_source":{"device":"FrontLock1","status":"Unlocked","user":" Manny Kin","timestamp":"2018-04-13T16:48:05.434Z"}}
{"_index":"ifttt-2018-04-13","_type":"webhook","_id":"Fri Apr 13 2018 17:24:22 GMT+0000 (UTC)","_score":1,"_source":{"device":"FrontLock1","status":"Unlocked","user":" Manny Kin","timestamp":"2018-04-13T17:24:22.832Z"}}
{"_index":"ifttt-2018-04-13","_type":"webhook","_id":"Fri Apr 13 2018 17:25:26 GMT+0000 (UTC)","_score":1,"_source":{"device":"FrontLock1","status":"Locked","user":"Manny Kin","timestamp":"2018-04-13T17:25:26.821Z"}}
{"_index":"ifttt-2018-04-13","_type":"webhook","_id":"Fri Apr 13 2018 17:46:25 GMT+0000 (UTC)","_score":1,"_source":{"time":"April 13, 2018","device":"miniCam","message":"motion","location":"Exterior-FrontDoor","timestamp":"2018-04-13T17:46:25.583Z"}}
{"_index":"ifttt-2018-04-13","_type":"webhook","_id":"Fri Apr 13 2018 18:26:30 GMT+0000 (UTC)","_score":1,"_source":{"time":"April 13, 2018","device":"miniCam","message":"motion","location":"Exterior-FrontDoor","timestamp":"2018-04-13T18:26:30.915Z"}}
{"_index":"ifttt-2018-04-13","_type":"webhook","_id":"Fri Apr 13 2018 18:26:31 GMT+0000 (UTC)","_score":1,"_source":{"time":"April 13, 2018","device":"miniCam","message":"motion","location":"Exterior-FrontDoor","timestamp":"2018-04-13T18:26:31.574Z"}}
{"_index":"ifttt-2018-04-13","_type":"webhook","_id":"Fri Apr 13 2018 19:15:12 GMT+0000 (UTC)","_score":1,"_source":{"time":" April 13, 2018 at 03:14PM","device":"Alexa","message":"Voice Activation","target":"lamp","timestamp":"2018-04-13T19:15:12.222Z"}}
{"_index":"ifttt-2018-04-13","_type":"webhook","_id":"Fri Apr 13 2018 18:51:20 GMT+0000 (UTC)","_score":1,"_source":{"time":"April 13, 2018","device":"miniCam","message":"motion","location":"Exterior-FrontDoor","timestamp":"2018-04-13T18:51:20.610Z"}}
{"_index":"ifttt-2018-04-13","_type":"webhook","_id":"Fri Apr 13 2018 18:56:04 GMT+0000 (UTC)","_score":1,"_source":{"time":"April 13, 2018","device":"miniCam","message":"motion","location":"Exterior-FrontDoor","timestamp":"2018-04-13T18:56:04.803Z"}}
{"_index":"ifttt-2018-04-13","_type":"webhook","_id":"Fri Apr 13 2018 19:11:07 GMT+0000 (UTC)","_score":1,"_source":{"time":"April 13, 2018","device":"miniCam","message":"motion","location":"Exterior-FrontDoor","timestamp":"2018-04-13T19:11:07.775Z"}}
{"_index":"ifttt-2018-04-13","_type":"webhook","_id":"Fri Apr 13 2018 18:39:27 GMT+0000 (UTC)","_score":1,"_source":{"device":"FrontLock1","status":"Locked","user":"Manual Lock","timestamp":"2018-04-13T18:39:27.185Z"}}
{"_index":"ifttt-2018-04-13","_type":"webhook","_id":"Fri Apr 13 2018 19:14:16 GMT+0000 (UTC)","_score":1,"_source":{"device":"FrontLock1","status":"Locked","user":"Manny Kin","timestamp":"2018-04-13T19:14:16.059Z"}}
{"_index":"ifttt-2018-04-13","_type":"webhook","_id":"Fri Apr 13 2018 19:17:38 GMT+0000 (UTC)","_score":1,"_source":{"device":"FrontLock1","status":"Locked","user":"Manny Kin","timestamp":"2018-04-13T19:17:38.004Z"}}
{"_index":"ifttt-2018-04-13","_type":"webhook","_id":"Fri Apr 13 2018 18:40:58 GMT+0000 (UTC)","_score":1,"_source":{"device":"FrontLock1","status":"Unlocked","user":" Manual Unlock","timestamp":"2018-04-13T18:40:58.838Z"}}
{"_index":"ifttt-2018-04-13","_type":"webhook","_id":"Fri Apr 13 2018 19:36:40 GMT+0000 (UTC)","_score":1,"_source":{"time":"April 13, 2018 at 03:36PM","device":"Alexa","message":"Voice Deactivation","target":"lamp","timestamp":"2018-04-13T19:36:40.126Z"}}
{"_index":"ifttt-2018-04-13","_type":"webhook","_id":"Fri Apr 13 2018 19:36:30 GMT+0000 (UTC)","_score":1,"_source":{"time":" April 13, 2018 at 03:36PM","device":"Alexa","message":"Voice Activation","target":"lamp","timestamp":"2018-04-13T19:36:30.314Z"}}
{"_index":"ifttt-2018-04-13","_type":"webhook","_id":"Fri Apr 13 2018 19:30:07 GMT+0000 (UTC)","_score":1,"_source":{"time":" April 13, 2018 at 03:30PM","device":"Alexa","message":"Voice Activation","target":"lamp","timestamp":"2018-04-13T19:30:07.715Z"}}
{"_index":"ifttt-2018-04-13","_type":"webhook","_id":"Fri Apr 13 2018 19:36:00 GMT+0000 (UTC)","_score":1,"_source":{"device":"FrontLock1","status":"Unlocked","user":" Manny Kin","timestamp":"2018-04-13T19:36:00.570Z"}}
{"_index":"ifttt-2018-04-13","_type":"webhook","_id":"Fri Apr 13 2018 19:23:08 GMT+0000 (UTC)","_score":1,"_source":{"device":"FrontLock1","status":"Unlocked","user":" Manny Kin","timestamp":"2018-04-13T19:23:08.351Z"}}
{"_index":"ifttt-2018-04-13","_type":"webhook","_id":"Fri Apr 13 2018 19:27:48 GMT+0000 (UTC)","_score":1,"_source":{"device":"FrontLock1","status":"Unlocked","user":" Manny Kin","timestamp":"2018-04-13T19:27:48.246Z"}}
{"_index":"ifttt-2018-04-13","_type":"webhook","_id":"Fri Apr 13 2018 19:37:56 GMT+0000 (UTC)","_score":1,"_source":{"device":"FrontLock1","status":"Locked","user":"Manual Lock","timestamp":"2018-04-13T19:37:56.521Z"}}
{"_index":"ifttt-2018-04-13","_type":"webhook","_id":"Fri Apr 13 2018 19:26:57 GMT+0000 (UTC)","_score":1,"_source":{"device":"FrontLock1","status":"Locked","user":"Manny Kin","timestamp":"2018-04-13T19:26:57.815Z"}}
{"_index":"ifttt-2018-04-13","_type":"webhook","_id":"Fri Apr 13 2018 19:31:17 GMT+0000 (UTC)","_score":1,"_source":{"time":"April 13, 2018","device":"miniCam","message":"motion","location":"Exterior-FrontDoor","timestamp":"2018-04-13T19:31:17.805Z"}}
{"_index":"ifttt-2018-04-13","_type":"webhook","_id":"Fri Apr 13 2018 19:31:18 GMT+0000 (UTC)","_score":1,"_source":{"time":"April 13, 2018","device":"miniCam","message":"motion","location":"Exterior-FrontDoor","timestamp":"2018-04-13T19:31:18.694Z"}}
{"_index":"ifttt-2018-04-13","_type":"webhook","_id":"Fri Apr 13 2018 19:43:11 GMT+0000 (UTC)","_score":1,"_source":{"time":"April 13, 2018 at 03:43PM","device":"Alexa","message":"Voice Deactivation","target":"lamp","timestamp":"2018-04-13T19:43:11.811Z"}}
{"_index":"ifttt-2018-04-13","_type":"webhook","_id":"Fri Apr 13 2018 19:45:58 GMT+0000 (UTC)","_score":1,"_source":{"time":"April 13, 2018 at 03:45PM","device":"Alexa","message":"Voice Deactivation","target":"lamp","timestamp":"2018-04-13T19:45:58.477Z"}}
{"_index":"ifttt-2018-04-13","_type":"webhook","_id":"Fri Apr 13 2018 19:41:14 GMT+0000 (UTC)","_score":1,"_source":{"time":" April 13, 2018 at 03:41PM","device":"Alexa","message":"Voice Activation","target":"lamp","timestamp":"2018-04-13T19:41:14.602Z"}}
{"_index":"ifttt-2018-04-13","_type":"webhook","_id":"Fri Apr 13 2018 19:46:40 GMT+0000 (UTC)","_score":1,"_source":{"time":" April 13, 2018 at 03:46PM","device":"Alexa","message":"Voice Activation","target":"lamp","timestamp":"2018-04-13T19:46:40.201Z"}}
{"_index":"ifttt-2018-04-13","_type":"webhook","_id":"Fri Apr 13 2018 19:39:35 GMT+0000 (UTC)","_score":1,"_source":{"device":"FrontLock1","status":"Unlocked","user":" Manny Kin","timestamp":"2018-04-13T19:39:35.017Z"}}
{"_index":"ifttt-2018-04-13","_type":"webhook","_id":"Fri Apr 13 2018 19:40:52 GMT+0000 (UTC)","_score":1,"_source":{"device":"FrontLock1","status":"Unlocked","user":" Manny Kin","timestamp":"2018-04-13T19:40:52.986Z"}}
{"_index":"ifttt-2018-04-13","_type":"webhook","_id":"Fri Apr 13 2018 19:48:45 GMT+0000 (UTC)","_score":1,"_source":{"device":"FrontLock1","status":"Unlocked","user":" Manny Kin","timestamp":"2018-04-13T19:48:45.732Z"}}
{"_index":"ifttt-2018-04-13","_type":"webhook","_id":"Fri Apr 13 2018 19:41:31 GMT+0000 (UTC)","_score":1,"_source":{"device":"FrontLock1","status":"Locked","user":"Manny Kin","timestamp":"2018-04-13T19:41:31.992Z"}}
{"_index":"ifttt-2018-04-13","_type":"webhook","_id":"Fri Apr 13 2018 19:43:27 GMT+0000 (UTC)","_score":1,"_source":{"device":"FrontLock1","status":"Locked","user":"Manny Kin","timestamp":"2018-04-13T19:43:27.711Z"}}
{"_index":"ifttt-2018-04-13","_type":"webhook","_id":"Fri Apr 13 2018 20:04:10 GMT+0000 (UTC)","_score":1,"_source":{"time":"April 13, 2018 at 04:04PM","device":"Alexa","message":"Voice Deactivation","target":"lamp","timestamp":"2018-04-13T20:04:10.537Z"}}
{"_index":"ifttt-2018-04-13","_type":"webhook","_id":"Fri Apr 13 2018 19:48:55 GMT+0000 (UTC)","_score":1,"_source":{"time":" April 13, 2018 at 03:48PM","device":"Alexa","message":"Voice Activation","target":"lamp","timestamp":"2018-04-13T19:48:55.424Z"}}
{"_index":"ifttt-2018-04-13","_type":"webhook","_id":"Fri Apr 13 2018 19:54:36 GMT+0000 (UTC)","_score":1,"_source":{"time":" April 13, 2018 at 03:54PM","device":"Alexa","message":"Voice Activation","target":"lamp","timestamp":"2018-04-13T19:54:36.940Z"}}
{"_index":"ifttt-2018-04-13","_type":"webhook","_id":"Fri Apr 13 2018 19:55:58 GMT+0000 (UTC)","_score":1,"_source":{"time":" April 13, 2018 at 03:55PM","device":"Alexa","message":"Voice Activation","target":"lamp","timestamp":"2018-04-13T19:55:58.197Z"}}
{"_index":"ifttt-2018-04-13","_type":"webhook","_id":"Fri Apr 13 2018 19:52:49 GMT+0000 (UTC)","_score":1,"_source":{"device":"FrontLock1","status":"Unlocked","user":" Manny Kin","timestamp":"2018-04-13T19:52:49.219Z"}}
{"_index":"ifttt-2018-04-13","_type":"webhook","_id":"Fri Apr 13 2018 19:49:40 GMT+0000 (UTC)","_score":1,"_source":{"device":"FrontLock1","status":"Locked","user":"Manny Kin","timestamp":"2018-04-13T19:49:40.533Z"}}
{"_index":"ifttt-2018-04-13","_type":"webhook","_id":"Fri Apr 13 2018 19:59:36 GMT+0000 (UTC)","_score":1,"_source":{"device":"FrontLock1","status":"Locked","user":"Manny Kin","timestamp":"2018-04-13T19:59:36.983Z"}}
{"_index":"ifttt-2018-04-13","_type":"webhook","_id":"Fri Apr 13 2018 20:01:12 GMT+0000 (UTC)","_score":1,"_source":{"device":"Room1Lamp","message":"Off","timestamp":"2018-04-13T20:01:12.697Z"}}
{"_index":"ifttt-2018-04-13","_type":"webhook","_id":"Fri Apr 13 2018 20:06:22 GMT+0000 (UTC)","_score":1,"_source":{"time":"April 13, 2018","device":"miniCam","message":"motion","location":"Exterior-FrontDoor","timestamp":"2018-04-13T20:06:22.691Z"}}
{"_index":"ifttt-2018-04-13","_type":"webhook","_id":"Fri Apr 13 2018 20:07:01 GMT+0000 (UTC)","_score":1,"_source":{"time":" April 13, 2018 at 04:06PM","device":"Alexa","message":"Voice Activation","target":"lamp","timestamp":"2018-04-13T20:07:01.867Z"}}
{"_index":"ifttt-2018-04-13","_type":"webhook","_id":"Fri Apr 13 2018 20:07:43 GMT+0000 (UTC)","_score":1,"_source":{"device":"FrontLock1","status":"Locked","user":"Manny Kin","timestamp":"2018-04-13T20:07:43.001Z"}}
{"_index":"ifttt-2018-04-13","_type":"webhook","_id":"Fri Apr 13 2018 20:46:22 GMT+0000 (UTC)","_score":1,"_source":{"time":"April 13, 2018","device":"miniCam","message":"motion","location":"Exterior-FrontDoor","timestamp":"2018-04-13T20:46:22.681Z"}}
{"_index":"ifttt-2018-04-13","_type":"webhook","_id":"Fri Apr 13 2018 20:46:24 GMT+0000 (UTC)","_score":1,"_source":{"time":"April 13, 2018","device":"miniCam","message":"motion","location":"Exterior-FrontDoor","timestamp":"2018-04-13T20:46:24.245Z"}}
{"_index":"ifttt-2018-04-13","_type":"webhook","_id":"Fri Apr 13 2018 21:06:15 GMT+0000 (UTC)","_score":1,"_source":{"time":"April 13, 2018","device":"miniCam","message":"motion","location":"Exterior-FrontDoor","timestamp":"2018-04-13T21:06:15.476Z"}}
{"_index":"ifttt-2018-04-13","_type":"webhook","_id":"Fri Apr 13 2018 21:26:30 GMT+0000 (UTC)","_score":1,"_source":{"time":"April 13, 2018","device":"miniCam","message":"motion","location":"Exterior-FrontDoor","timestamp":"2018-04-13T21:26:30.627Z"}}
{"_index":"ifttt-2018-04-13","_type":"webhook","_id":"Fri Apr 13 2018 15:23:56 GMT+0000 (UTC)","_score":1,"_source":{"time":" April 13, 2018 at 11:23AM","device":"Alexa","message":"Voice Activation","target":"lamp","timestamp":"2018-04-13T15:23:56.055Z"}}
{"_index":"ifttt-2018-04-13","_type":"webhook","_id":"Fri Apr 13 2018 10:29:44 GMT+0000 (UTC)","_score":1,"_source":{"time":"April 13, 2018","device":"miniCam","message":"motion","location":"Exterior-FrontDoor","timestamp":"2018-04-13T10:29:44.394Z"}}
{"_index":"ifttt-2018-04-13","_type":"webhook","_id":"Fri Apr 13 2018 14:19:26 GMT+0000 (UTC)","_score":1,"_source":{"time":"April 13, 2018","device":"miniCam","message":"motion","location":"Exterior-FrontDoor","timestamp":"2018-04-13T14:19:26.877Z"}}
{"_index":"ifttt-2018-04-13","_type":"webhook","_id":"Fri Apr 13 2018 14:39:39 GMT+0000 (UTC)","_score":1,"_source":{"time":"April 13, 2018","device":"miniCam","message":"motion","location":"Exterior-FrontDoor","timestamp":"2018-04-13T14:39:39.558Z"}}
{"_index":"ifttt-2018-04-13","_type":"webhook","_id":"Fri Apr 13 2018 15:49:29 GMT+0000 (UTC)","_score":1,"_source":{"time":"April 13, 2018","device":"miniCam","message":"motion","location":"Exterior-FrontDoor","timestamp":"2018-04-13T15:49:29.883Z"}}
{"_index":"ifttt-2018-04-13","_type":"webhook","_id":"Fri Apr 13 2018 16:45:39 GMT+0000 (UTC)","_score":1,"_source":{"device":"FrontLock1","status":"Unlocked","user":" Manny Kin","timestamp":"2018-04-13T16:45:39.486Z"}}
{"_index":"ifttt-2018-04-13","_type":"webhook","_id":"Fri Apr 13 2018 16:42:57 GMT+0000 (UTC)","_score":1,"_source":{"device":"FrontLock1","status":"Locked","user":"Manual Lock","timestamp":"2018-04-13T16:42:57.702Z"}}
{"_index":"ifttt-2018-04-13","_type":"webhook","_id":"Fri Apr 13 2018 07:59:31 GMT+0000 (UTC)","_score":1,"_source":{"device":"Plug1","message":"Activated","time":" ","timestamp":"2018-04-13T07:59:31.917Z"}}
{"_index":"ifttt-2018-04-13","_type":"webhook","_id":"Fri Apr 13 2018 12:55:09 GMT+0000 (UTC)","_score":1,"_source":{"device":"Room1Plug1","message":"Activated","timestamp":"2018-04-13T12:55:09.029Z"}}
{"_index":"ifttt-2018-04-13","_type":"webhook","_id":"Fri Apr 13 2018 16:46:58 GMT+0000 (UTC)","_score":1,"_source":{"time":"April 13, 2018 at 12:46PM","device":"Alexa","message":"Voice Deactivation","target":"lamp","timestamp":"2018-04-13T16:46:58.995Z"}}
{"_index":"ifttt-2018-04-13","_type":"webhook","_id":"Fri Apr 13 2018 17:23:14 GMT+0000 (UTC)","_score":1,"_source":{"time":"April 13, 2018 at 01:23PM","device":"Alexa","message":"Voice Deactivation","target":"lamp","timestamp":"2018-04-13T17:23:14.963Z"}}
{"_index":"ifttt-2018-04-13","_type":"webhook","_id":"Fri Apr 13 2018 17:25:01 GMT+0000 (UTC)","_score":1,"_source":{"time":"April 13, 2018 at 01:24PM","device":"Alexa","message":"Voice Deactivation","target":"lamp","timestamp":"2018-04-13T17:25:01.040Z"}}
{"_index":"ifttt-2018-04-13","_type":"webhook","_id":"Fri Apr 13 2018 17:16:42 GMT+0000 (UTC)","_score":1,"_source":{"time":"April 13, 2018","device":"miniCam","message":"motion","location":"Exterior-FrontDoor","timestamp":"2018-04-13T17:16:42.015Z"}}
{"_index":"ifttt-2018-04-13","_type":"webhook","_id":"Fri Apr 13 2018 17:21:06 GMT+0000 (UTC)","_score":1,"_source":{"time":"April 13, 2018","device":"miniCam","message":"motion","location":"Exterior-FrontDoor","timestamp":"2018-04-13T17:21:06.716Z"}}
{"_index":"ifttt-2018-04-13","_type":"webhook","_id":"Fri Apr 13 2018 17:26:18 GMT+0000 (UTC)","_score":1,"_source":{"device":"FrontLock1","status":"Unlocked","user":" Manny Kin","timestamp":"2018-04-13T17:26:18.096Z"}}
{"_index":"ifttt-2018-04-13","_type":"webhook","_id":"Fri Apr 13 2018 17:15:28 GMT+0000 (UTC)","_score":1,"_source":{"device":"FrontLock1","status":"Locked","user":"Manny Kin","timestamp":"2018-04-13T17:15:28.438Z"}}
{"_index":"ifttt-2018-04-13","_type":"webhook","_id":"Fri Apr 13 2018 17:21:33 GMT+0000 (UTC)","_score":1,"_source":{"device":"FrontLock1","status":"Locked","user":"Manny Kin","timestamp":"2018-04-13T17:21:33.878Z"}}
{"_index":"ifttt-2018-04-13","_type":"webhook","_id":"Fri Apr 13 2018 17:23:09 GMT+0000 (UTC)","_score":1,"_source":{"device":"Room1Lamp","message":"Activated","timestamp":"2018-04-13T17:23:09.805Z"}}
{"_index":"ifttt-2018-04-13","_type":"webhook","_id":"Fri Apr 13 2018 19:13:52 GMT+0000 (UTC)","_score":1,"_source":{"time":" April 13, 2018 at 03:13PM","device":"Alexa","message":"Voice Activation","target":"lamp","timestamp":"2018-04-13T19:13:52.722Z"}}
{"_index":"ifttt-2018-04-13","_type":"webhook","_id":"Fri Apr 13 2018 18:06:20 GMT+0000 (UTC)","_score":1,"_source":{"time":"April 13, 2018","device":"miniCam","message":"motion","location":"Exterior-FrontDoor","timestamp":"2018-04-13T18:06:20.779Z"}}
{"_index":"ifttt-2018-04-13","_type":"webhook","_id":"Fri Apr 13 2018 18:11:29 GMT+0000 (UTC)","_score":1,"_source":{"time":"April 13, 2018","device":"miniCam","message":"motion","location":"Exterior-FrontDoor","timestamp":"2018-04-13T18:11:29.170Z"}}
{"_index":"ifttt-2018-04-13","_type":"webhook","_id":"Fri Apr 13 2018 18:46:10 GMT+0000 (UTC)","_score":1,"_source":{"time":"April 13, 2018","device":"miniCam","message":"motion","location":"Exterior-FrontDoor","timestamp":"2018-04-13T18:46:10.069Z"}}
{"_index":"ifttt-2018-04-13","_type":"webhook","_id":"Fri Apr 13 2018 19:11:08 GMT+0000 (UTC)","_score":1,"_source":{"time":"April 13, 2018","device":"miniCam","message":"motion","location":"Exterior-FrontDoor","timestamp":"2018-04-13T19:11:08.935Z"}}
{"_index":"ifttt-2018-04-13","_type":"webhook","_id":"Fri Apr 13 2018 18:43:13 GMT+0000 (UTC)","_score":1,"_source":{"device":"FrontLock1","status":"Unlocked","user":" Manual Unlock","timestamp":"2018-04-13T18:43:13.288Z"}}
{"_index":"ifttt-2018-04-13","_type":"webhook","_id":"Fri Apr 13 2018 19:09:56 GMT+0000 (UTC)","_score":1,"_source":{"device":"FrontLock1","status":"Locked","user":"Manual Lock","timestamp":"2018-04-13T19:09:56.686Z"}}
{"_index":"ifttt-2018-04-13","_type":"webhook","_id":"Fri Apr 13 2018 17:44:52 GMT+0000 (UTC)","_score":1,"_source":{"device":"FrontLock1","status":"Locked","user":"Manny Kin","timestamp":"2018-04-13T17:44:52.826Z"}}
{"_index":"ifttt-2018-04-13","_type":"webhook","_id":"Fri Apr 13 2018 17:46:29 GMT+0000 (UTC)","_score":1,"_source":{"device":"FrontLock1","status":"Locked","user":"Manny Kin","timestamp":"2018-04-13T17:46:29.253Z"}}
{"_index":"ifttt-2018-04-13","_type":"webhook","_id":"Fri Apr 13 2018 19:26:45 GMT+0000 (UTC)","_score":1,"_source":{"time":"April 13, 2018 at 03:26PM","device":"Alexa","message":"Voice Deactivation","target":"lamp","timestamp":"2018-04-13T19:26:45.949Z"}}
{"_index":"ifttt-2018-04-13","_type":"webhook","_id":"Fri Apr 13 2018 19:30:28 GMT+0000 (UTC)","_score":1,"_source":{"time":"April 13, 2018 at 03:30PM","device":"Alexa","message":"Voice Deactivation","target":"lamp","timestamp":"2018-04-13T19:30:28.953Z"}}
{"_index":"ifttt-2018-04-13","_type":"webhook","_id":"Fri Apr 13 2018 19:25:00 GMT+0000 (UTC)","_score":1,"_source":{"time":" April 13, 2018 at 03:24PM","device":"Alexa","message":"Voice Activation","target":"lamp","timestamp":"2018-04-13T19:25:00.327Z"}}
{"_index":"ifttt-2018-04-13","_type":"webhook","_id":"Fri Apr 13 2018 19:27:56 GMT+0000 (UTC)","_score":1,"_source":{"time":" April 13, 2018 at 03:27PM","device":"Alexa","message":"Voice Activation","target":"lamp","timestamp":"2018-04-13T19:27:56.632Z"}}
{"_index":"ifttt-2018-04-13","_type":"webhook","_id":"Fri Apr 13 2018 19:38:42 GMT+0000 (UTC)","_score":1,"_source":{"time":" April 13, 2018 at 03:38PM","device":"Alexa","message":"Voice Activation","target":"lamp","timestamp":"2018-04-13T19:38:42.323Z"}}
{"_index":"ifttt-2018-04-13","_type":"webhook","_id":"Fri Apr 13 2018 19:16:29 GMT+0000 (UTC)","_score":1,"_source":{"time":"April 13, 2018","device":"miniCam","message":"motion","location":"Exterior-FrontDoor","timestamp":"2018-04-13T19:16:29.358Z"}}
{"_index":"ifttt-2018-04-13","_type":"webhook","_id":"Fri Apr 13 2018 19:24:43 GMT+0000 (UTC)","_score":1,"_source":{"device":"FrontLock1","status":"Unlocked","user":" Manny Kin","timestamp":"2018-04-13T19:24:43.832Z"}}
{"_index":"ifttt-2018-04-13","_type":"webhook","_id":"Fri Apr 13 2018 19:21:19 GMT+0000 (UTC)","_score":1,"_source":{"device":"FrontLock1","status":"Unlocked","user":" Manny Kin","timestamp":"2018-04-13T19:21:19.481Z"}}
{"_index":"ifttt-2018-04-13","_type":"webhook","_id":"Fri Apr 13 2018 19:21:04 GMT+0000 (UTC)","_score":1,"_source":{"device":"Room1Lamp","message":"Off","timestamp":"2018-04-13T19:21:04.690Z"}}
{"_index":"ifttt-2018-04-13","_type":"webhook","_id":"Fri Apr 13 2018 19:40:18 GMT+0000 (UTC)","_score":1,"_source":{"time":"April 13, 2018 at 03:40PM","device":"Alexa","message":"Voice Deactivation","target":"lamp","timestamp":"2018-04-13T19:40:18.480Z"}}
{"_index":"ifttt-2018-04-13","_type":"webhook","_id":"Fri Apr 13 2018 19:41:22 GMT+0000 (UTC)","_score":1,"_source":{"time":"April 13, 2018 at 03:41PM","device":"Alexa","message":"Voice Deactivation","target":"lamp","timestamp":"2018-04-13T19:41:22.994Z"}}
{"_index":"ifttt-2018-04-13","_type":"webhook","_id":"Fri Apr 13 2018 19:44:46 GMT+0000 (UTC)","_score":1,"_source":{"time":"April 13, 2018 at 03:44PM","device":"Alexa","message":"Voice Deactivation","target":"lamp","timestamp":"2018-04-13T19:44:46.756Z"}}
{"_index":"ifttt-2018-04-13","_type":"webhook","_id":"Fri Apr 13 2018 19:49:28 GMT+0000 (UTC)","_score":1,"_source":{"time":"April 13, 2018 at 03:49PM","device":"Alexa","message":"Voice Deactivation","target":"lamp","timestamp":"2018-04-13T19:49:28.711Z"}}
{"_index":"ifttt-2018-04-13","_type":"webhook","_id":"Fri Apr 13 2018 19:52:13 GMT+0000 (UTC)","_score":1,"_source":{"time":"April 13, 2018 at 03:52PM","device":"Alexa","message":"Voice Deactivation","target":"lamp","timestamp":"2018-04-13T19:52:13.785Z"}}
{"_index":"ifttt-2018-04-13","_type":"webhook","_id":"Fri Apr 13 2018 19:53:08 GMT+0000 (UTC)","_score":1,"_source":{"time":" April 13, 2018 at 03:52PM","device":"Alexa","message":"Voice Activation","target":"lamp","timestamp":"2018-04-13T19:53:08.322Z"}}
{"_index":"ifttt-2018-04-13","_type":"webhook","_id":"Fri Apr 13 2018 19:42:41 GMT+0000 (UTC)","_score":1,"_source":{"device":"FrontLock1","status":"Unlocked","user":" Manny Kin","timestamp":"2018-04-13T19:42:41.849Z"}}
{"_index":"ifttt-2018-04-13","_type":"webhook","_id":"Fri Apr 13 2018 19:51:36 GMT+0000 (UTC)","_score":1,"_source":{"device":"FrontLock1","status":"Unlocked","user":" Manny Kin","timestamp":"2018-04-13T19:51:36.381Z"}}
{"_index":"ifttt-2018-04-13","_type":"webhook","_id":"Fri Apr 13 2018 19:40:23 GMT+0000 (UTC)","_score":1,"_source":{"device":"FrontLock1","status":"Locked","user":"Manny Kin","timestamp":"2018-04-13T19:40:23.132Z"}}
{"_index":"ifttt-2018-04-13","_type":"webhook","_id":"Fri Apr 13 2018 19:53:41 GMT+0000 (UTC)","_score":1,"_source":{"time":"April 13, 2018 at 03:53PM","device":"Alexa","message":"Voice Deactivation","target":"lamp","timestamp":"2018-04-13T19:53:41.179Z"}}
{"_index":"ifttt-2018-04-13","_type":"webhook","_id":"Fri Apr 13 2018 20:00:19 GMT+0000 (UTC)","_score":1,"_source":{"time":" April 13, 2018 at 04:00PM","device":"Alexa","message":"Voice Activation","target":"lamp","timestamp":"2018-04-13T20:00:19.701Z"}}
{"_index":"ifttt-2018-04-13","_type":"webhook","_id":"Fri Apr 13 2018 19:57:17 GMT+0000 (UTC)","_score":1,"_source":{"time":" April 13, 2018 at 03:57PM","device":"Alexa","message":"Voice Activation","target":"lamp","timestamp":"2018-04-13T19:57:17.058Z"}}
{"_index":"ifttt-2018-04-13","_type":"webhook","_id":"Fri Apr 13 2018 19:58:59 GMT+0000 (UTC)","_score":1,"_source":{"time":" April 13, 2018 at 03:58PM","device":"Alexa","message":"Voice Activation","target":"lamp","timestamp":"2018-04-13T19:58:59.890Z"}}
{"_index":"ifttt-2018-04-13","_type":"webhook","_id":"Fri Apr 13 2018 20:05:32 GMT+0000 (UTC)","_score":1,"_source":{"time":" April 13, 2018 at 04:05PM","device":"Alexa","message":"Voice Activation","target":"lamp","timestamp":"2018-04-13T20:05:32.991Z"}}
{"_index":"ifttt-2018-04-13","_type":"webhook","_id":"Fri Apr 13 2018 20:08:47 GMT+0000 (UTC)","_score":1,"_source":{"device":"FrontLock1","status":"Unlocked","user":" Manny Kin","timestamp":"2018-04-13T20:08:47.601Z"}}
{"_index":"ifttt-2018-04-13","_type":"webhook","_id":"Fri Apr 13 2018 19:58:06 GMT+0000 (UTC)","_score":1,"_source":{"device":"FrontLock1","status":"Locked","user":"Manny Kin","timestamp":"2018-04-13T19:58:06.220Z"}}
{"_index":"ifttt-2018-04-13","_type":"webhook","_id":"Fri Apr 13 2018 20:02:58 GMT+0000 (UTC)","_score":1,"_source":{"device":"FrontLock1","status":"Locked","user":"Manny Kin","timestamp":"2018-04-13T20:02:58.941Z"}}
{"_index":"ifttt-2018-04-13","_type":"webhook","_id":"Fri Apr 13 2018 20:07:36 GMT+0000 (UTC)","_score":1,"_source":{"device":"FrontLock1","status":"Locked","user":"Manny Kin","timestamp":"2018-04-13T20:07:36.439Z"}}
{"_index":"ifttt-2018-04-13","_type":"webhook","_id":"Fri Apr 13 2018 20:21:08 GMT+0000 (UTC)","_score":1,"_source":{"time":"April 13, 2018","device":"miniCam","message":"motion","location":"Exterior-FrontDoor","timestamp":"2018-04-13T20:21:08.385Z"}}
{"_index":"ifttt-2018-04-13","_type":"webhook","_id":"Fri Apr 13 2018 20:41:17 GMT+0000 (UTC)","_score":1,"_source":{"time":"April 13, 2018","device":"miniCam","message":"motion","location":"Exterior-FrontDoor","timestamp":"2018-04-13T20:41:17.333Z"}}
{"_index":"ifttt-2018-04-13","_type":"webhook","_id":"Fri Apr 13 2018 20:56:20 GMT+0000 (UTC)","_score":1,"_source":{"time":"April 13, 2018","device":"miniCam","message":"motion","location":"Exterior-FrontDoor","timestamp":"2018-04-13T20:56:20.606Z"}}
{"_index":"ifttt-2018-04-13","_type":"webhook","_id":"Fri Apr 13 2018 21:01:33 GMT+0000 (UTC)","_score":1,"_source":{"time":"April 13, 2018","device":"miniCam","message":"motion","location":"Exterior-FrontDoor","timestamp":"2018-04-13T21:01:33.653Z"}}
{"_index":"ifttt-2018-04-13","_type":"webhook","_id":"Fri Apr 13 2018 21:11:20 GMT+0000 (UTC)","_score":1,"_source":{"time":"April 13, 2018","device":"miniCam","message":"motion","location":"Exterior-FrontDoor","timestamp":"2018-04-13T21:11:20.248Z"}}
{"_index":"ifttt-2018-04-13","_type":"webhook","_id":"Fri Apr 13 2018 21:31:20 GMT+0000 (UTC)","_score":1,"_source":{"time":"April 13, 2018","device":"miniCam","message":"motion","location":"Exterior-FrontDoor","timestamp":"2018-04-13T21:31:20.824Z"}}
{"_index":"ifttt-2018-04-13","_type":"webhook","_id":"Fri Apr 13 2018 21:31:21 GMT+0000 (UTC)","_score":1,"_source":{"time":"April 13, 2018","device":"miniCam","message":"motion","location":"Exterior-FrontDoor","timestamp":"2018-04-13T21:31:21.362Z"}}
{"_index":"ifttt-2018-04-13","_type":"webhook","_id":"Fri Apr 13 2018 23:19:02 GMT+0000 (UTC)","_score":1,"_source":{"device":"Plug1","message":"Activated","time":" ","timestamp":"2018-04-13T23:19:02.753Z"}}
{"_index":"ifttt-2018-04-13","_type":"webhook","_id":"Fri Apr 13 2018 16:46:10 GMT+0000 (UTC)","_score":1,"_source":{"time":" April 13, 2018 at 12:46PM","device":"Alexa","message":"Voice Activation","target":"lamp","timestamp":"2018-04-13T16:46:10.686Z"}}
{"_index":"ifttt-2018-04-13","_type":"webhook","_id":"Fri Apr 13 2018 09:04:16 GMT+0000 (UTC)","_score":1,"_source":{"time":"April 13, 2018","device":"miniCam","message":"motion","location":"Exterior-FrontDoor","timestamp":"2018-04-13T09:04:16.971Z"}}
{"_index":"ifttt-2018-04-13","_type":"webhook","_id":"Fri Apr 13 2018 13:54:34 GMT+0000 (UTC)","_score":1,"_source":{"time":"April 13, 2018","device":"miniCam","message":"motion","location":"Exterior-FrontDoor","timestamp":"2018-04-13T13:54:34.923Z"}}
{"_index":"ifttt-2018-04-13","_type":"webhook","_id":"Fri Apr 13 2018 14:44:32 GMT+0000 (UTC)","_score":1,"_source":{"time":"April 13, 2018","device":"miniCam","message":"motion","location":"Exterior-FrontDoor","timestamp":"2018-04-13T14:44:32.906Z"}}
{"_index":"ifttt-2018-04-13","_type":"webhook","_id":"Fri Apr 13 2018 16:43:54 GMT+0000 (UTC)","_score":1,"_source":{"device":"FrontLock1","status":"Unlocked","user":" Manny Kin","timestamp":"2018-04-13T16:43:54.275Z"}}
{"_index":"ifttt-2018-04-13","_type":"webhook","_id":"Fri Apr 13 2018 16:49:34 GMT+0000 (UTC)","_score":1,"_source":{"device":"FrontLock1","status":"Unlocked","user":" Manny Kin","timestamp":"2018-04-13T16:49:34.529Z"}}
{"_index":"ifttt-2018-04-13","_type":"webhook","_id":"Fri Apr 13 2018 16:49:20 GMT+0000 (UTC)","_score":1,"_source":{"device":"FrontLock1","status":"Locked","user":"Manny Kin","timestamp":"2018-04-13T16:49:20.139Z"}}
{"_index":"ifttt-2018-04-13","_type":"webhook","_id":"Fri Apr 13 2018 02:46:04 GMT+0000 (UTC)","_score":1,"_source":{"device":"Room1Plug1","message":"Activated","timestamp":"2018-04-13T02:46:04.860Z"}}
{"_index":"ifttt-2018-04-13","_type":"webhook","_id":"Fri Apr 13 2018 13:55:11 GMT+0000 (UTC)","_score":1,"_source":{"device":"Room1Plug1","message":"Activated","timestamp":"2018-04-13T13:55:11.275Z"}}
{"_index":"ifttt-2018-04-13","_type":"webhook","_id":"Fri Apr 13 2018 12:09:19 GMT+0000 (UTC)","_score":1,"_source":{"device":"Room1Lamp","message":"Off","timestamp":"2018-04-13T12:09:19.464Z"}}
{"_index":"ifttt-2018-04-13","_type":"webhook","_id":"Fri Apr 13 2018 17:21:36 GMT+0000 (UTC)","_score":1,"_source":{"time":"April 13, 2018 at 01:21PM","device":"Alexa","message":"Voice Deactivation","target":"lamp","timestamp":"2018-04-13T17:21:36.804Z"}}
{"_index":"ifttt-2018-04-13","_type":"webhook","_id":"Fri Apr 13 2018 18:16:09 GMT+0000 (UTC)","_score":1,"_source":{"time":"April 13, 2018","device":"miniCam","message":"motion","location":"Exterior-FrontDoor","timestamp":"2018-04-13T18:16:09.384Z"}}
{"_index":"ifttt-2018-04-13","_type":"webhook","_id":"Fri Apr 13 2018 18:36:12 GMT+0000 (UTC)","_score":1,"_source":{"time":"April 13, 2018","device":"miniCam","message":"motion","location":"Exterior-FrontDoor","timestamp":"2018-04-13T18:36:12.307Z"}}
{"_index":"ifttt-2018-04-13","_type":"webhook","_id":"Fri Apr 13 2018 17:27:44 GMT+0000 (UTC)","_score":1,"_source":{"device":"FrontLock1","status":"Unlocked","user":" Manny Kin","timestamp":"2018-04-13T17:27:44.173Z"}}
{"_index":"ifttt-2018-04-13","_type":"webhook","_id":"Fri Apr 13 2018 17:45:17 GMT+0000 (UTC)","_score":1,"_source":{"device":"FrontLock1","status":"Unlocked","user":" Manny Kin","timestamp":"2018-04-13T17:45:17.519Z"}}
{"_index":"ifttt-2018-04-13","_type":"webhook","_id":"Fri Apr 13 2018 17:24:23 GMT+0000 (UTC)","_score":1,"_source":{"device":"FrontLock1","status":"Locked","user":"Manny Kin","timestamp":"2018-04-13T17:24:23.204Z"}}
{"_index":"ifttt-2018-04-13","_type":"webhook","_id":"Fri Apr 13 2018 17:58:15 GMT+0000 (UTC)","_score":1,"_source":{"device":"Room1Plug1","message":"Activated","timestamp":"2018-04-13T17:58:15.151Z"}}
{"_index":"ifttt-2018-04-13","_type":"webhook","_id":"Fri Apr 13 2018 18:26:20 GMT+0000 (UTC)","_score":1,"_source":{"device":"Room1Lamp","message":"Off","timestamp":"2018-04-13T18:26:20.312Z"}}
{"_index":"ifttt-2018-04-13","_type":"webhook","_id":"Fri Apr 13 2018 17:26:26 GMT+0000 (UTC)","_score":1,"_source":{"time":"April 13, 2018","device":"miniCam","message":"motion","location":"Exterior-FrontDoor","timestamp":"2018-04-13T17:26:26.657Z"}}
{"_index":"ifttt-2018-04-13","_type":"webhook","_id":"Fri Apr 13 2018 18:56:05 GMT+0000 (UTC)","_score":1,"_source":{"time":"April 13, 2018","device":"miniCam","message":"motion","location":"Exterior-FrontDoor","timestamp":"2018-04-13T18:56:05.606Z"}}
{"_index":"ifttt-2018-04-13","_type":"webhook","_id":"Fri Apr 13 2018 18:56:06 GMT+0000 (UTC)","_score":1,"_source":{"time":"April 13, 2018","device":"miniCam","message":"motion","location":"Exterior-FrontDoor","timestamp":"2018-04-13T18:56:06.285Z"}}
{"_index":"ifttt-2018-04-13","_type":"webhook","_id":"Fri Apr 13 2018 19:01:16 GMT+0000 (UTC)","_score":1,"_source":{"time":"April 13, 2018","device":"miniCam","message":"motion","location":"Exterior-FrontDoor","timestamp":"2018-04-13T19:01:16.991Z"}}
{"_index":"ifttt-2018-04-13","_type":"webhook","_id":"Fri Apr 13 2018 18:38:43 GMT+0000 (UTC)","_score":1,"_source":{"device":"FrontLock1","status":"Unlocked","user":" Manual Unlock","timestamp":"2018-04-13T18:38:43.954Z"}}
{"_index":"ifttt-2018-04-13","_type":"webhook","_id":"Fri Apr 13 2018 18:42:04 GMT+0000 (UTC)","_score":1,"_source":{"device":"FrontLock1","status":"Unlocked","user":" Manual Unlock","timestamp":"2018-04-13T18:42:04.771Z"}}
{"_index":"ifttt-2018-04-13","_type":"webhook","_id":"Fri Apr 13 2018 19:11:44 GMT+0000 (UTC)","_score":1,"_source":{"device":"FrontLock1","status":"Unlocked","user":" Manny Kin","timestamp":"2018-04-13T19:11:44.194Z"}}
{"_index":"ifttt-2018-04-13","_type":"webhook","_id":"Fri Apr 13 2018 18:42:35 GMT+0000 (UTC)","_score":1,"_source":{"device":"FrontLock1","status":"Locked","user":"Manual Lock","timestamp":"2018-04-13T18:42:35.504Z"}}
{"_index":"ifttt-2018-04-13","_type":"webhook","_id":"Fri Apr 13 2018 18:41:15 GMT+0000 (UTC)","_score":1,"_source":{"time":"April 13, 2018","device":"miniCam","message":"motion","location":"Exterior-FrontDoor","timestamp":"2018-04-13T18:41:15.864Z"}}
{"_index":"ifttt-2018-04-13","_type":"webhook","_id":"Fri Apr 13 2018 18:41:16 GMT+0000 (UTC)","_score":1,"_source":{"time":"April 13, 2018","device":"miniCam","message":"motion","location":"Exterior-FrontDoor","timestamp":"2018-04-13T18:41:16.723Z"}}
{"_index":"ifttt-2018-04-13","_type":"webhook","_id":"Fri Apr 13 2018 19:23:46 GMT+0000 (UTC)","_score":1,"_source":{"time":"April 13, 2018 at 03:23PM","device":"Alexa","message":"Voice Deactivation","target":"lamp","timestamp":"2018-04-13T19:23:46.902Z"}}
{"_index":"ifttt-2018-04-13","_type":"webhook","_id":"Fri Apr 13 2018 19:22:11 GMT+0000 (UTC)","_score":1,"_source":{"time":"April 13, 2018 at 03:21PM","device":"Alexa","message":"Voice Deactivation","target":"lamp","timestamp":"2018-04-13T19:22:11.237Z"}}
{"_index":"ifttt-2018-04-13","_type":"webhook","_id":"Fri Apr 13 2018 19:26:12 GMT+0000 (UTC)","_score":1,"_source":{"time":" April 13, 2018 at 03:26PM","device":"Alexa","message":"Voice Activation","target":"lamp","timestamp":"2018-04-13T19:26:12.453Z"}}
{"_index":"ifttt-2018-04-13","_type":"webhook","_id":"Fri Apr 13 2018 19:12:12 GMT+0000 (UTC)","_score":1,"_source":{"time":" April 13, 2018 at 03:11PM","device":"Alexa","message":"Voice Activation","target":"lamp","timestamp":"2018-04-13T19:12:12.182Z"}}
{"_index":"ifttt-2018-04-13","_type":"webhook","_id":"Fri Apr 13 2018 19:26:01 GMT+0000 (UTC)","_score":1,"_source":{"device":"FrontLock1","status":"Unlocked","user":" Manny Kin","timestamp":"2018-04-13T19:26:01.836Z"}}
{"_index":"ifttt-2018-04-13","_type":"webhook","_id":"Fri Apr 13 2018 19:23:58 GMT+0000 (UTC)","_score":1,"_source":{"device":"FrontLock1","status":"Locked","user":"Manny Kin","timestamp":"2018-04-13T19:23:58.846Z"}}
{"_index":"ifttt-2018-04-13","_type":"webhook","_id":"Fri Apr 13 2018 19:25:34 GMT+0000 (UTC)","_score":1,"_source":{"device":"FrontLock1","status":"Locked","user":"Manny Kin","timestamp":"2018-04-13T19:25:34.117Z"}}
{"_index":"ifttt-2018-04-13","_type":"webhook","_id":"Fri Apr 13 2018 19:15:39 GMT+0000 (UTC)","_score":1,"_source":{"device":"FrontLock1","status":"Locked","user":"Manny Kin","timestamp":"2018-04-13T19:15:39.875Z"}}
{"_index":"ifttt-2018-04-13","_type":"webhook","_id":"Fri Apr 13 2018 19:14:12 GMT+0000 (UTC)","_score":1,"_source":{"device":"Plug1","message":"Activated","time":" ","timestamp":"2018-04-13T19:14:12.247Z"}}
{"_index":"ifttt-2018-04-13","_type":"webhook","_id":"Fri Apr 13 2018 19:39:44 GMT+0000 (UTC)","_score":1,"_source":{"time":" April 13, 2018 at 03:39PM","device":"Alexa","message":"Voice Activation","target":"lamp","timestamp":"2018-04-13T19:39:44.375Z"}}
{"_index":"ifttt-2018-04-13","_type":"webhook","_id":"Fri Apr 13 2018 19:45:41 GMT+0000 (UTC)","_score":1,"_source":{"time":" April 13, 2018 at 03:45PM","device":"Alexa","message":"Voice Activation","target":"lamp","timestamp":"2018-04-13T19:45:41.927Z"}}
{"_index":"ifttt-2018-04-13","_type":"webhook","_id":"Fri Apr 13 2018 19:29:55 GMT+0000 (UTC)","_score":1,"_source":{"device":"FrontLock1","status":"Unlocked","user":" Manny Kin","timestamp":"2018-04-13T19:29:55.480Z"}}
{"_index":"ifttt-2018-04-13","_type":"webhook","_id":"Fri Apr 13 2018 19:45:23 GMT+0000 (UTC)","_score":1,"_source":{"device":"FrontLock1","status":"Unlocked","user":" Manny Kin","timestamp":"2018-04-13T19:45:23.172Z"}}
{"_index":"ifttt-2018-04-13","_type":"webhook","_id":"Fri Apr 13 2018 19:39:09 GMT+0000 (UTC)","_score":1,"_source":{"device":"FrontLock1","status":"Locked","user":"Manny Kin","timestamp":"2018-04-13T19:39:09.066Z"}}
{"_index":"ifttt-2018-04-13","_type":"webhook","_id":"Fri Apr 13 2018 19:44:45 GMT+0000 (UTC)","_score":1,"_source":{"device":"FrontLock1","status":"Locked","user":"Manny Kin","timestamp":"2018-04-13T19:44:45.806Z"}}
{"_index":"ifttt-2018-04-13","_type":"webhook","_id":"Fri Apr 13 2018 19:46:17 GMT+0000 (UTC)","_score":1,"_source":{"device":"Room1Lamp","message":"Off","timestamp":"2018-04-13T19:46:17.104Z"}}
{"_index":"ifttt-2018-04-13","_type":"webhook","_id":"Fri Apr 13 2018 19:36:43 GMT+0000 (UTC)","_score":1,"_source":{"time":"April 13, 2018","device":"miniCam","message":"motion","location":"Exterior-FrontDoor","timestamp":"2018-04-13T19:36:43.787Z"}}
{"_index":"ifttt-2018-04-13","_type":"webhook","_id":"Fri Apr 13 2018 19:41:25 GMT+0000 (UTC)","_score":1,"_source":{"time":"April 13, 2018","device":"miniCam","message":"motion","location":"Exterior-FrontDoor","timestamp":"2018-04-13T19:41:25.828Z"}}
{"_index":"ifttt-2018-04-13","_type":"webhook","_id":"Fri Apr 13 2018 19:54:57 GMT+0000 (UTC)","_score":1,"_source":{"time":"April 13, 2018 at 03:54PM","device":"Alexa","message":"Voice Deactivation","target":"lamp","timestamp":"2018-04-13T19:54:57.556Z"}}
{"_index":"ifttt-2018-04-13","_type":"webhook","_id":"Fri Apr 13 2018 19:46:48 GMT+0000 (UTC)","_score":1,"_source":{"time":"April 13, 2018","device":"miniCam","message":"motion","location":"Exterior-FrontDoor","timestamp":"2018-04-13T19:46:48.826Z"}}
{"_index":"ifttt-2018-04-13","_type":"webhook","_id":"Fri Apr 13 2018 19:51:33 GMT+0000 (UTC)","_score":1,"_source":{"time":"April 13, 2018","device":"miniCam","message":"motion","location":"Exterior-FrontDoor","timestamp":"2018-04-13T19:51:33.955Z"}}
{"_index":"ifttt-2018-04-13","_type":"webhook","_id":"Fri Apr 13 2018 19:57:10 GMT+0000 (UTC)","_score":1,"_source":{"device":"FrontLock1","status":"Unlocked","user":" Manny Kin","timestamp":"2018-04-13T19:57:10.149Z"}}
{"_index":"ifttt-2018-04-13","_type":"webhook","_id":"Fri Apr 13 2018 19:47:24 GMT+0000 (UTC)","_score":1,"_source":{"device":"FrontLock1","status":"Locked","user":"Manny Kin","timestamp":"2018-04-13T19:47:24.694Z"}}
{"_index":"ifttt-2018-04-13","_type":"webhook","_id":"Fri Apr 13 2018 19:52:26 GMT+0000 (UTC)","_score":1,"_source":{"device":"FrontLock1","status":"Locked","user":"Manny Kin","timestamp":"2018-04-13T19:52:26.646Z"}}
{"_index":"ifttt-2018-04-13","_type":"webhook","_id":"Fri Apr 13 2018 19:56:40 GMT+0000 (UTC)","_score":1,"_source":{"device":"FrontLock1","status":"Locked","user":"Manny Kin","timestamp":"2018-04-13T19:56:40.293Z"}}
{"_index":"ifttt-2018-04-13","_type":"webhook","_id":"Fri Apr 13 2018 19:51:14 GMT+0000 (UTC)","_score":1,"_source":{"device":"Room1Lamp","message":"Off","timestamp":"2018-04-13T19:51:14.979Z"}}
{"_index":"ifttt-2018-04-13","_type":"webhook","_id":"Fri Apr 13 2018 20:01:24 GMT+0000 (UTC)","_score":1,"_source":{"time":"April 13, 2018","device":"miniCam","message":"motion","location":"Exterior-FrontDoor","timestamp":"2018-04-13T20:01:24.922Z"}}
{"_index":"ifttt-2018-04-13","_type":"webhook","_id":"Fri Apr 13 2018 20:11:20 GMT+0000 (UTC)","_score":1,"_source":{"time":"April 13, 2018","device":"miniCam","message":"motion","location":"Exterior-FrontDoor","timestamp":"2018-04-13T20:11:20.736Z"}}
{"_index":"ifttt-2018-04-13","_type":"webhook","_id":"Fri Apr 13 2018 20:36:13 GMT+0000 (UTC)","_score":1,"_source":{"time":"April 13, 2018","device":"miniCam","message":"motion","location":"Exterior-FrontDoor","timestamp":"2018-04-13T20:36:13.665Z"}}
{"_index":"ifttt-2018-04-13","_type":"webhook","_id":"Fri Apr 13 2018 20:56:19 GMT+0000 (UTC)","_score":1,"_source":{"time":"April 13, 2018","device":"miniCam","message":"motion","location":"Exterior-FrontDoor","timestamp":"2018-04-13T20:56:19.646Z"}}
{"_index":"ifttt-2018-04-13","_type":"webhook","_id":"Fri Apr 13 2018 20:05:12 GMT+0000 (UTC)","_score":1,"_source":{"device":"FrontLock1","status":"Unlocked","user":" Manny Kin","timestamp":"2018-04-13T20:05:12.967Z"}}
{"_index":"ifttt-2018-04-13","_type":"webhook","_id":"Fri Apr 13 2018 20:04:25 GMT+0000 (UTC)","_score":1,"_source":{"device":"FrontLock1","status":"Locked","user":"Manny Kin","timestamp":"2018-04-13T20:04:25.851Z"}}
{"_index":"ifttt-2018-04-13","_type":"webhook","_id":"Fri Apr 13 2018 20:03:15 GMT+0000 (UTC)","_score":1,"_source":{"device":"Room1Plug1","message":"Activated","timestamp":"2018-04-13T20:03:15.349Z"}}
{"_index":"ifttt-2018-04-13","_type":"webhook","_id":"Fri Apr 13 2018 20:06:03 GMT+0000 (UTC)","_score":1,"_source":{"device":"Room1Lamp","message":"Off","timestamp":"2018-04-13T20:06:03.109Z"}}
{"_index":"ifttt-2018-04-13","_type":"webhook","_id":"Fri Apr 13 2018 20:46:23 GMT+0000 (UTC)","_score":1,"_source":{"time":"April 13, 2018","device":"miniCam","message":"motion","location":"Exterior-FrontDoor","timestamp":"2018-04-13T20:46:23.769Z"}}
{"_index":"ifttt-2018-04-13","_type":"webhook","_id":"Fri Apr 13 2018 21:16:12 GMT+0000 (UTC)","_score":1,"_source":{"time":"April 13, 2018","device":"miniCam","message":"motion","location":"Exterior-FrontDoor","timestamp":"2018-04-13T21:16:12.744Z"}}
{"_index":"ifttt-2018-04-13","_type":"webhook","_id":"Fri Apr 13 2018 21:21:12 GMT+0000 (UTC)","_score":1,"_source":{"time":"April 13, 2018","device":"miniCam","message":"motion","location":"Exterior-FrontDoor","timestamp":"2018-04-13T21:21:12.287Z"}}
{"_index":"ifttt-2018-04-13","_type":"webhook","_id":"Fri Apr 13 2018 21:46:19 GMT+0000 (UTC)","_score":1,"_source":{"time":"April 13, 2018","device":"miniCam","message":"motion","location":"Exterior-FrontDoor","timestamp":"2018-04-13T21:46:19.888Z"}}
{"_index":"ifttt-2018-04-13","_type":"webhook","_id":"Fri Apr 13 2018 14:34:27 GMT+0000 (UTC)","_score":1,"_source":{"time":"April 13, 2018","device":"miniCam","message":"motion","location":"Exterior-FrontDoor","timestamp":"2018-04-13T14:34:27.256Z"}}
{"_index":"ifttt-2018-04-13","_type":"webhook","_id":"Fri Apr 13 2018 14:39:40 GMT+0000 (UTC)","_score":1,"_source":{"time":"April 13, 2018","device":"miniCam","message":"motion","location":"Exterior-FrontDoor","timestamp":"2018-04-13T14:39:40.064Z"}}
{"_index":"ifttt-2018-04-13","_type":"webhook","_id":"Fri Apr 13 2018 15:49:30 GMT+0000 (UTC)","_score":1,"_source":{"time":"April 13, 2018","device":"miniCam","message":"motion","location":"Exterior-FrontDoor","timestamp":"2018-04-13T15:49:30.524Z"}}
{"_index":"ifttt-2018-04-13","_type":"webhook","_id":"Fri Apr 13 2018 15:54:38 GMT+0000 (UTC)","_score":1,"_source":{"time":"April 13, 2018","device":"miniCam","message":"motion","location":"Exterior-FrontDoor","timestamp":"2018-04-13T15:54:38.378Z"}}
{"_index":"ifttt-2018-04-13","_type":"webhook","_id":"Fri Apr 13 2018 16:29:12 GMT+0000 (UTC)","_score":1,"_source":{"time":"April 13, 2018","device":"miniCam","message":"motion","location":"Exterior-FrontDoor","timestamp":"2018-04-13T16:29:12.980Z"}}
{"_index":"ifttt-2018-04-13","_type":"webhook","_id":"Fri Apr 13 2018 05:54:29 GMT+0000 (UTC)","_score":1,"_source":{"device":"Room1Lamp","message":"Off","timestamp":"2018-04-13T05:54:29.446Z"}}
{"_index":"ifttt-2018-04-13","_type":"webhook","_id":"Fri Apr 13 2018 15:34:22 GMT+0000 (UTC)","_score":1,"_source":{"time":"April 13, 2018","device":"miniCam","message":"motion","location":"Exterior-FrontDoor","timestamp":"2018-04-13T15:34:22.752Z"}}
{"_index":"ifttt-2018-04-13","_type":"webhook","_id":"Fri Apr 13 2018 15:39:16 GMT+0000 (UTC)","_score":1,"_source":{"time":"April 13, 2018","device":"miniCam","message":"motion","location":"Exterior-FrontDoor","timestamp":"2018-04-13T15:39:16.971Z"}}
{"_index":"ifttt-2018-04-13","_type":"webhook","_id":"Fri Apr 13 2018 16:46:51 GMT+0000 (UTC)","_score":1,"_source":{"time":"April 13, 2018","device":"miniCam","message":"motion","location":"Exterior-FrontDoor","timestamp":"2018-04-13T16:46:51.595Z"}}
{"_index":"ifttt-2018-04-13","_type":"webhook","_id":"Fri Apr 13 2018 16:46:55 GMT+0000 (UTC)","_score":1,"_source":{"time":"April 13, 2018","device":"miniCam","message":"motion","location":"Exterior-FrontDoor","timestamp":"2018-04-13T16:46:55.465Z"}}
{"_index":"ifttt-2018-04-13","_type":"webhook","_id":"Fri Apr 13 2018 17:46:03 GMT+0000 (UTC)","_score":1,"_source":{"time":"April 13, 2018 at 01:46PM","device":"Alexa","message":"Voice Deactivation","target":"lamp","timestamp":"2018-04-13T17:46:03.832Z"}}
{"_index":"ifttt-2018-04-13","_type":"webhook","_id":"Fri Apr 13 2018 17:22:42 GMT+0000 (UTC)","_score":1,"_source":{"time":" April 13, 2018 at 01:22PM","device":"Alexa","message":"Voice Activation","target":"lamp","timestamp":"2018-04-13T17:22:42.495Z"}}
{"_index":"ifttt-2018-04-13","_type":"webhook","_id":"Fri Apr 13 2018 17:24:49 GMT+0000 (UTC)","_score":1,"_source":{"time":" April 13, 2018 at 01:24PM","device":"Alexa","message":"Voice Activation","target":"lamp","timestamp":"2018-04-13T17:24:49.841Z"}}
{"_index":"ifttt-2018-04-13","_type":"webhook","_id":"Fri Apr 13 2018 17:45:43 GMT+0000 (UTC)","_score":1,"_source":{"time":" April 13, 2018 at 01:45PM","device":"Alexa","message":"Voice Activation","target":"lamp","timestamp":"2018-04-13T17:45:43.618Z"}}
{"_index":"ifttt-2018-04-13","_type":"webhook","_id":"Fri Apr 13 2018 17:06:18 GMT+0000 (UTC)","_score":1,"_source":{"time":"April 13, 2018","device":"miniCam","message":"motion","location":"Exterior-FrontDoor","timestamp":"2018-04-13T17:06:18.338Z"}}
{"_index":"ifttt-2018-04-13","_type":"webhook","_id":"Fri Apr 13 2018 17:46:24 GMT+0000 (UTC)","_score":1,"_source":{"time":"April 13, 2018","device":"miniCam","message":"motion","location":"Exterior-FrontDoor","timestamp":"2018-04-13T17:46:24.677Z"}}
{"_index":"ifttt-2018-04-13","_type":"webhook","_id":"Fri Apr 13 2018 17:27:45 GMT+0000 (UTC)","_score":1,"_source":{"device":"FrontLock1","status":"Locked","user":"Manny Kin","timestamp":"2018-04-13T17:27:45.688Z"}}
{"_index":"ifttt-2018-04-13","_type":"webhook","_id":"Fri Apr 13 2018 17:31:23 GMT+0000 (UTC)","_score":1,"_source":{"device":"Room1Lamp","message":"Off","timestamp":"2018-04-13T17:31:23.445Z"}}
{"_index":"ifttt-2018-04-13","_type":"webhook","_id":"Fri Apr 13 2018 17:36:39 GMT+0000 (UTC)","_score":1,"_source":{"time":"April 13, 2018","device":"miniCam","message":"motion","location":"Exterior-FrontDoor","timestamp":"2018-04-13T17:36:39.688Z"}}
{"_index":"ifttt-2018-04-13","_type":"webhook","_id":"Fri Apr 13 2018 19:13:58 GMT+0000 (UTC)","_score":1,"_source":{"time":"April 13, 2018 at 03:13PM","device":"Alexa","message":"Voice Deactivation","target":"lamp","timestamp":"2018-04-13T19:13:58.820Z"}}
{"_index":"ifttt-2018-04-13","_type":"webhook","_id":"Fri Apr 13 2018 19:15:40 GMT+0000 (UTC)","_score":1,"_source":{"time":"April 13, 2018 at 03:15PM","device":"Alexa","message":"Voice Deactivation","target":"lamp","timestamp":"2018-04-13T19:15:40.730Z"}}
{"_index":"ifttt-2018-04-13","_type":"webhook","_id":"Fri Apr 13 2018 18:31:31 GMT+0000 (UTC)","_score":1,"_source":{"time":"April 13, 2018","device":"miniCam","message":"motion","location":"Exterior-FrontDoor","timestamp":"2018-04-13T18:31:31.451Z"}}
{"_index":"ifttt-2018-04-13","_type":"webhook","_id":"Fri Apr 13 2018 19:16:28 GMT+0000 (UTC)","_score":1,"_source":{"time":"April 13, 2018","device":"miniCam","message":"motion","location":"Exterior-FrontDoor","timestamp":"2018-04-13T19:16:28.729Z"}}
{"_index":"ifttt-2018-04-13","_type":"webhook","_id":"Fri Apr 13 2018 19:13:31 GMT+0000 (UTC)","_score":1,"_source":{"device":"FrontLock1","status":"Unlocked","user":" Manny Kin","timestamp":"2018-04-13T19:13:31.880Z"}}
{"_index":"ifttt-2018-04-13","_type":"webhook","_id":"Fri Apr 13 2018 19:16:40 GMT+0000 (UTC)","_score":1,"_source":{"device":"FrontLock1","status":"Unlocked","user":" Manny Kin","timestamp":"2018-04-13T19:16:40.070Z"}}
{"_index":"ifttt-2018-04-13","_type":"webhook","_id":"Fri Apr 13 2018 18:31:32 GMT+0000 (UTC)","_score":1,"_source":{"time":"April 13, 2018","device":"miniCam","message":"motion","location":"Exterior-FrontDoor","timestamp":"2018-04-13T18:31:32.567Z"}}
{"_index":"ifttt-2018-04-13","_type":"webhook","_id":"Fri Apr 13 2018 18:36:11 GMT+0000 (UTC)","_score":1,"_source":{"time":"April 13, 2018","device":"miniCam","message":"motion","location":"Exterior-FrontDoor","timestamp":"2018-04-13T18:36:11.881Z"}}
{"_index":"ifttt-2018-04-13","_type":"webhook","_id":"Fri Apr 13 2018 19:16:27 GMT+0000 (UTC)","_score":1,"_source":{"time":"April 13, 2018","device":"miniCam","message":"motion","location":"Exterior-FrontDoor","timestamp":"2018-04-13T19:16:27.942Z"}}
{"_index":"ifttt-2018-04-13","_type":"webhook","_id":"Fri Apr 13 2018 19:28:21 GMT+0000 (UTC)","_score":1,"_source":{"time":"April 13, 2018 at 03:28PM","device":"Alexa","message":"Voice Deactivation","target":"lamp","timestamp":"2018-04-13T19:28:21.181Z"}}
{"_index":"ifttt-2018-04-13","_type":"webhook","_id":"Fri Apr 13 2018 19:17:22 GMT+0000 (UTC)","_score":1,"_source":{"time":"April 13, 2018 at 03:17PM","device":"Alexa","message":"Voice Deactivation","target":"lamp","timestamp":"2018-04-13T19:17:22.815Z"}}
{"_index":"ifttt-2018-04-13","_type":"webhook","_id":"Fri Apr 13 2018 19:17:02 GMT+0000 (UTC)","_score":1,"_source":{"time":" April 13, 2018 at 03:16PM","device":"Alexa","message":"Voice Activation","target":"lamp","timestamp":"2018-04-13T19:17:02.586Z"}}
{"_index":"ifttt-2018-04-13","_type":"webhook","_id":"Fri Apr 13 2018 19:21:46 GMT+0000 (UTC)","_score":1,"_source":{"time":" April 13, 2018 at 03:21PM","device":"Alexa","message":"Voice Activation","target":"lamp","timestamp":"2018-04-13T19:21:46.009Z"}}
{"_index":"ifttt-2018-04-13","_type":"webhook","_id":"Fri Apr 13 2018 19:23:26 GMT+0000 (UTC)","_score":1,"_source":{"time":" April 13, 2018 at 03:23PM","device":"Alexa","message":"Voice Activation","target":"lamp","timestamp":"2018-04-13T19:23:26.837Z"}}
{"_index":"ifttt-2018-04-13","_type":"webhook","_id":"Fri Apr 13 2018 19:26:09 GMT+0000 (UTC)","_score":1,"_source":{"time":"April 13, 2018","device":"miniCam","message":"motion","location":"Exterior-FrontDoor","timestamp":"2018-04-13T19:26:09.823Z"}}
{"_index":"ifttt-2018-04-13","_type":"webhook","_id":"Fri Apr 13 2018 19:31:19 GMT+0000 (UTC)","_score":1,"_source":{"time":"April 13, 2018","device":"miniCam","message":"motion","location":"Exterior-FrontDoor","timestamp":"2018-04-13T19:31:19.139Z"}}
{"_index":"ifttt-2018-04-13","_type":"webhook","_id":"Fri Apr 13 2018 19:23:07 GMT+0000 (UTC)","_score":1,"_source":{"device":"FrontLock1","status":"Locked","user":"Manny Kin","timestamp":"2018-04-13T19:23:07.998Z"}}
{"_index":"ifttt-2018-04-13","_type":"webhook","_id":"Fri Apr 13 2018 19:26:08 GMT+0000 (UTC)","_score":1,"_source":{"time":"April 13, 2018","device":"miniCam","message":"motion","location":"Exterior-FrontDoor","timestamp":"2018-04-13T19:26:08.968Z"}}
{"_index":"ifttt-2018-04-13","_type":"webhook","_id":"Fri Apr 13 2018 19:38:55 GMT+0000 (UTC)","_score":1,"_source":{"time":"April 13, 2018 at 03:38PM","device":"Alexa","message":"Voice Deactivation","target":"lamp","timestamp":"2018-04-13T19:38:55.917Z"}}
{"_index":"ifttt-2018-04-13","_type":"webhook","_id":"Fri Apr 13 2018 19:47:12 GMT+0000 (UTC)","_score":1,"_source":{"time":"April 13, 2018 at 03:46PM","device":"Alexa","message":"Voice Deactivation","target":"lamp","timestamp":"2018-04-13T19:47:12.836Z"}}
{"_index":"ifttt-2018-04-13","_type":"webhook","_id":"Fri Apr 13 2018 19:51:56 GMT+0000 (UTC)","_score":1,"_source":{"time":" April 13, 2018 at 03:51PM","device":"Alexa","message":"Voice Activation","target":"lamp","timestamp":"2018-04-13T19:51:56.335Z"}}
{"_index":"ifttt-2018-04-13","_type":"webhook","_id":"Fri Apr 13 2018 19:51:34 GMT+0000 (UTC)","_score":1,"_source":{"time":"April 13, 2018","device":"miniCam","message":"motion","location":"Exterior-FrontDoor","timestamp":"2018-04-13T19:51:34.569Z"}}
{"_index":"ifttt-2018-04-13","_type":"webhook","_id":"Fri Apr 13 2018 19:37:46 GMT+0000 (UTC)","_score":1,"_source":{"device":"FrontLock1","status":"Unlocked","user":" Manny Kin","timestamp":"2018-04-13T19:37:46.120Z"}}
{"_index":"ifttt-2018-04-13","_type":"webhook","_id":"Fri Apr 13 2018 19:43:55 GMT+0000 (UTC)","_score":1,"_source":{"device":"FrontLock1","status":"Unlocked","user":" Manny Kin","timestamp":"2018-04-13T19:43:55.226Z"}}
{"_index":"ifttt-2018-04-13","_type":"webhook","_id":"Fri Apr 13 2018 19:54:16 GMT+0000 (UTC)","_score":1,"_source":{"device":"FrontLock1","status":"Unlocked","user":" Manny Kin","timestamp":"2018-04-13T19:54:16.368Z"}}
{"_index":"ifttt-2018-04-13","_type":"webhook","_id":"Fri Apr 13 2018 19:46:06 GMT+0000 (UTC)","_score":1,"_source":{"device":"FrontLock1","status":"Locked","user":"Manny Kin","timestamp":"2018-04-13T19:46:06.424Z"}}
{"_index":"ifttt-2018-04-13","_type":"webhook","_id":"Fri Apr 13 2018 19:55:08 GMT+0000 (UTC)","_score":1,"_source":{"device":"FrontLock1","status":"Locked","user":"Manny Kin","timestamp":"2018-04-13T19:55:08.991Z"}}
{"_index":"ifttt-2018-04-13","_type":"webhook","_id":"Fri Apr 13 2018 20:02:23 GMT+0000 (UTC)","_score":1,"_source":{"time":"April 13, 2018 at 04:02PM","device":"Alexa","message":"Voice Deactivation","target":"lamp","timestamp":"2018-04-13T20:02:23.385Z"}}
{"_index":"ifttt-2018-04-13","_type":"webhook","_id":"Fri Apr 13 2018 19:57:51 GMT+0000 (UTC)","_score":1,"_source":{"time":"April 13, 2018 at 03:57PM","device":"Alexa","message":"Voice Deactivation","target":"lamp","timestamp":"2018-04-13T19:57:51.529Z"}}
{"_index":"ifttt-2018-04-13","_type":"webhook","_id":"Fri Apr 13 2018 20:04:03 GMT+0000 (UTC)","_score":1,"_source":{"time":" April 13, 2018 at 04:03PM","device":"Alexa","message":"Voice Activation","target":"lamp","timestamp":"2018-04-13T20:04:03.569Z"}}
{"_index":"ifttt-2018-04-13","_type":"webhook","_id":"Fri Apr 13 2018 19:55:38 GMT+0000 (UTC)","_score":1,"_source":{"device":"FrontLock1","status":"Unlocked","user":" Manny Kin","timestamp":"2018-04-13T19:55:38.318Z"}}
{"_index":"ifttt-2018-04-13","_type":"webhook","_id":"Fri Apr 13 2018 20:00:12 GMT+0000 (UTC)","_score":1,"_source":{"device":"FrontLock1","status":"Unlocked","user":" Manny Kin","timestamp":"2018-04-13T20:00:12.680Z"}}
{"_index":"ifttt-2018-04-13","_type":"webhook","_id":"Fri Apr 13 2018 20:03:40 GMT+0000 (UTC)","_score":1,"_source":{"device":"FrontLock1","status":"Unlocked","user":" Manny Kin","timestamp":"2018-04-13T20:03:40.837Z"}}
{"_index":"ifttt-2018-04-13","_type":"webhook","_id":"Fri Apr 13 2018 20:07:35 GMT+0000 (UTC)","_score":1,"_source":{"device":"FrontLock1","status":"Unlocked","user":" Manny Kin","timestamp":"2018-04-13T20:07:35.989Z"}}
{"_index":"ifttt-2018-04-13","_type":"webhook","_id":"Fri Apr 13 2018 20:01:03 GMT+0000 (UTC)","_score":1,"_source":{"device":"FrontLock1","status":"Locked","user":"Manny Kin","timestamp":"2018-04-13T20:01:03.107Z"}}
{"_index":"ifttt-2018-04-13","_type":"webhook","_id":"Fri Apr 13 2018 19:56:18 GMT+0000 (UTC)","_score":1,"_source":{"time":"April 13, 2018","device":"miniCam","message":"motion","location":"Exterior-FrontDoor","timestamp":"2018-04-13T19:56:18.700Z"}}
{"_index":"ifttt-2018-04-13","_type":"webhook","_id":"Fri Apr 13 2018 20:11:21 GMT+0000 (UTC)","_score":1,"_source":{"time":"April 13, 2018","device":"miniCam","message":"motion","location":"Exterior-FrontDoor","timestamp":"2018-04-13T20:11:21.225Z"}}
{"_index":"ifttt-2018-04-13","_type":"webhook","_id":"Fri Apr 13 2018 20:56:18 GMT+0000 (UTC)","_score":1,"_source":{"time":"April 13, 2018","device":"miniCam","message":"motion","location":"Exterior-FrontDoor","timestamp":"2018-04-13T20:56:18.978Z"}}
{"_index":"ifttt-2018-04-13","_type":"webhook","_id":"Fri Apr 13 2018 21:01:32 GMT+0000 (UTC)","_score":1,"_source":{"time":"April 13, 2018","device":"miniCam","message":"motion","location":"Exterior-FrontDoor","timestamp":"2018-04-13T21:01:32.337Z"}}
{"_index":"ifttt-2018-04-13","_type":"webhook","_id":"Fri Apr 13 2018 21:06:13 GMT+0000 (UTC)","_score":1,"_source":{"time":"April 13, 2018","device":"miniCam","message":"motion","location":"Exterior-FrontDoor","timestamp":"2018-04-13T21:06:13.960Z"}}
{"_index":"ifttt-2018-04-13","_type":"webhook","_id":"Fri Apr 13 2018 21:16:11 GMT+0000 (UTC)","_score":1,"_source":{"time":"April 13, 2018","device":"miniCam","message":"motion","location":"Exterior-FrontDoor","timestamp":"2018-04-13T21:16:11.979Z"}}
{"_index":"ifttt-2018-04-13","_type":"webhook","_id":"Fri Apr 13 2018 21:26:29 GMT+0000 (UTC)","_score":1,"_source":{"time":"April 13, 2018","device":"miniCam","message":"motion","location":"Exterior-FrontDoor","timestamp":"2018-04-13T21:26:29.356Z"}}
{"_index":"ifttt-2018-04-13","_type":"webhook","_id":"Fri Apr 13 2018 21:26:31 GMT+0000 (UTC)","_score":1,"_source":{"time":"April 13, 2018","device":"miniCam","message":"motion","location":"Exterior-FrontDoor","timestamp":"2018-04-13T21:26:31.769Z"}}
{"_index":"ifttt-2018-04-13","_type":"webhook","_id":"Fri Apr 13 2018 22:36:14 GMT+0000 (UTC)","_score":1,"_source":{"time":"April 13, 2018","device":"miniCam","message":"motion","location":"Exterior-FrontDoor","timestamp":"2018-04-13T22:36:14.762Z"}}
{"_index":"ifttt-2018-04-13","_type":"webhook","_id":"Fri Apr 13 2018 20:26:29 GMT+0000 (UTC)","_score":1,"_source":{"device":"Room1Lamp","message":"Off","timestamp":"2018-04-13T20:26:29.564Z"}}
