{"_index":"ifttt-2018-05-08","_type":"webhook","_id":"Tue May 08 2018 06:27:28 GMT+0000 (UTC)","_score":1,"_source":{"time":"May 8, 2018","device":"miniCam","message":"motion","location":"Exterior-FrontDoor","timestamp":"2018-05-08T06:27:28.556Z"}}
{"_index":"ifttt-2018-05-08","_type":"webhook","_id":"Tue May 08 2018 06:27:29 GMT+0000 (UTC)","_score":1,"_source":{"time":"May 8, 2018","device":"miniCam","message":"motion","location":"Exterior-FrontDoor","timestamp":"2018-05-08T06:27:29.307Z"}}
{"_index":"ifttt-2018-05-08","_type":"webhook","_id":"Tue May 08 2018 12:32:22 GMT+0000 (UTC)","_score":1,"_source":{"time":"May 8, 2018","device":"miniCam","message":"motion","location":"Exterior-FrontDoor","timestamp":"2018-05-08T12:32:22.451Z"}}
{"_index":"ifttt-2018-05-08","_type":"webhook","_id":"Tue May 08 2018 12:37:11 GMT+0000 (UTC)","_score":1,"_source":{"time":"May 8, 2018","device":"miniCam","message":"motion","location":"Exterior-FrontDoor","timestamp":"2018-05-08T12:37:11.332Z"}}
{"_index":"ifttt-2018-05-08","_type":"webhook","_id":"Tue May 08 2018 13:27:09 GMT+0000 (UTC)","_score":1,"_source":{"time":"May 8, 2018","device":"miniCam","message":"motion","location":"Exterior-FrontDoor","timestamp":"2018-05-08T13:27:09.820Z"}}
{"_index":"ifttt-2018-05-08","_type":"webhook","_id":"Tue May 08 2018 13:37:10 GMT+0000 (UTC)","_score":1,"_source":{"time":"May 8, 2018","device":"miniCam","message":"motion","location":"Exterior-FrontDoor","timestamp":"2018-05-08T13:37:10.516Z"}}
{"_index":"ifttt-2018-05-08","_type":"webhook","_id":"Tue May 08 2018 13:47:07 GMT+0000 (UTC)","_score":1,"_source":{"time":"May 8, 2018","device":"miniCam","message":"motion","location":"Exterior-FrontDoor","timestamp":"2018-05-08T13:47:07.922Z"}}
{"_index":"ifttt-2018-05-08","_type":"webhook","_id":"Tue May 08 2018 14:07:24 GMT+0000 (UTC)","_score":1,"_source":{"time":"May 8, 2018","device":"miniCam","message":"motion","location":"Exterior-FrontDoor","timestamp":"2018-05-08T14:07:24.467Z"}}
{"_index":"ifttt-2018-05-08","_type":"webhook","_id":"Tue May 08 2018 14:47:23 GMT+0000 (UTC)","_score":1,"_source":{"time":"May 8, 2018","device":"miniCam","message":"motion","location":"Exterior-FrontDoor","timestamp":"2018-05-08T14:47:23.264Z"}}
{"_index":"ifttt-2018-05-08","_type":"webhook","_id":"Tue May 08 2018 14:47:26 GMT+0000 (UTC)","_score":1,"_source":{"time":"May 8, 2018","device":"miniCam","message":"motion","location":"Exterior-FrontDoor","timestamp":"2018-05-08T14:47:26.440Z"}}
{"_index":"ifttt-2018-05-08","_type":"webhook","_id":"Tue May 08 2018 15:37:28 GMT+0000 (UTC)","_score":1,"_source":{"time":"May 8, 2018","device":"miniCam","message":"motion","location":"Exterior-FrontDoor","timestamp":"2018-05-08T15:37:28.386Z"}}
{"_index":"ifttt-2018-05-08","_type":"webhook","_id":"Tue May 08 2018 15:42:10 GMT+0000 (UTC)","_score":1,"_source":{"time":"May 8, 2018","device":"miniCam","message":"motion","location":"Exterior-FrontDoor","timestamp":"2018-05-08T15:42:10.096Z"}}
{"_index":"ifttt-2018-05-08","_type":"webhook","_id":"Tue May 08 2018 16:32:05 GMT+0000 (UTC)","_score":1,"_source":{"time":"May 8, 2018","device":"miniCam","message":"motion","location":"Exterior-FrontDoor","timestamp":"2018-05-08T16:32:05.304Z"}}
{"_index":"ifttt-2018-05-08","_type":"webhook","_id":"Tue May 08 2018 16:37:33 GMT+0000 (UTC)","_score":1,"_source":{"time":"May 8, 2018","device":"miniCam","message":"motion","location":"Exterior-FrontDoor","timestamp":"2018-05-08T16:37:33.389Z"}}
{"_index":"ifttt-2018-05-08","_type":"webhook","_id":"Tue May 08 2018 16:42:03 GMT+0000 (UTC)","_score":1,"_source":{"time":"May 8, 2018","device":"miniCam","message":"motion","location":"Exterior-FrontDoor","timestamp":"2018-05-08T16:42:03.295Z"}}
{"_index":"ifttt-2018-05-08","_type":"webhook","_id":"Tue May 08 2018 16:47:10 GMT+0000 (UTC)","_score":1,"_source":{"time":"May 8, 2018","device":"miniCam","message":"motion","location":"Exterior-FrontDoor","timestamp":"2018-05-08T16:47:10.500Z"}}
{"_index":"ifttt-2018-05-08","_type":"webhook","_id":"Tue May 08 2018 16:47:11 GMT+0000 (UTC)","_score":1,"_source":{"time":"May 8, 2018","device":"miniCam","message":"motion","location":"Exterior-FrontDoor","timestamp":"2018-05-08T16:47:11.321Z"}}
{"_index":"ifttt-2018-05-08","_type":"webhook","_id":"Tue May 08 2018 16:34:35 GMT+0000 (UTC)","_score":1,"_source":{"device":"Plug1","message":"Activated","time":" ","timestamp":"2018-05-08T16:34:35.289Z"}}
{"_index":"ifttt-2018-05-08","_type":"webhook","_id":"Tue May 08 2018 15:47:13 GMT+0000 (UTC)","_score":1,"_source":{"time":"May 8, 2018","device":"miniCam","message":"motion","location":"Exterior-FrontDoor","timestamp":"2018-05-08T15:47:13.970Z"}}
{"_index":"ifttt-2018-05-08","_type":"webhook","_id":"Tue May 08 2018 16:52:09 GMT+0000 (UTC)","_score":1,"_source":{"time":"May 8, 2018","device":"miniCam","message":"motion","location":"Exterior-FrontDoor","timestamp":"2018-05-08T16:52:09.413Z"}}
{"_index":"ifttt-2018-05-08","_type":"webhook","_id":"Tue May 08 2018 16:58:04 GMT+0000 (UTC)","_score":1,"_source":{"time":"May 8, 2018","device":"miniCam","message":"motion","location":"Exterior-FrontDoor","timestamp":"2018-05-08T16:58:04.134Z"}}
{"_index":"ifttt-2018-05-08","_type":"webhook","_id":"Tue May 08 2018 17:12:11 GMT+0000 (UTC)","_score":1,"_source":{"time":"May 8, 2018","device":"miniCam","message":"motion","location":"Exterior-FrontDoor","timestamp":"2018-05-08T17:12:11.703Z"}}
{"_index":"ifttt-2018-05-08","_type":"webhook","_id":"Tue May 08 2018 17:33:43 GMT+0000 (UTC)","_score":1,"_source":{"time":"May 8, 2018","device":"miniCam","message":"motion","location":"Exterior-FrontDoor","timestamp":"2018-05-08T17:33:43.957Z"}}
{"_index":"ifttt-2018-05-08","_type":"webhook","_id":"Tue May 08 2018 17:33:45 GMT+0000 (UTC)","_score":1,"_source":{"time":"May 8, 2018","device":"miniCam","message":"motion","location":"Exterior-FrontDoor","timestamp":"2018-05-08T17:33:45.497Z"}}
{"_index":"ifttt-2018-05-08","_type":"webhook","_id":"Tue May 08 2018 17:37:06 GMT+0000 (UTC)","_score":1,"_source":{"time":"May 8, 2018","device":"miniCam","message":"motion","location":"Exterior-FrontDoor","timestamp":"2018-05-08T17:37:06.403Z"}}
{"_index":"ifttt-2018-05-08","_type":"webhook","_id":"Tue May 08 2018 18:07:29 GMT+0000 (UTC)","_score":1,"_source":{"time":"May 8, 2018","device":"miniCam","message":"motion","location":"Exterior-FrontDoor","timestamp":"2018-05-08T18:07:29.680Z"}}
{"_index":"ifttt-2018-05-08","_type":"webhook","_id":"Tue May 08 2018 18:12:09 GMT+0000 (UTC)","_score":1,"_source":{"time":"May 8, 2018","device":"miniCam","message":"motion","location":"Exterior-FrontDoor","timestamp":"2018-05-08T18:12:09.743Z"}}
{"_index":"ifttt-2018-05-08","_type":"webhook","_id":"Tue May 08 2018 17:02:18 GMT+0000 (UTC)","_score":1,"_source":{"time":"May 8, 2018","device":"miniCam","message":"motion","location":"Exterior-FrontDoor","timestamp":"2018-05-08T17:02:18.820Z"}}
{"_index":"ifttt-2018-05-08","_type":"webhook","_id":"Tue May 08 2018 18:27:11 GMT+0000 (UTC)","_score":1,"_source":{"time":"May 8, 2018","device":"miniCam","message":"motion","location":"Exterior-FrontDoor","timestamp":"2018-05-08T18:27:11.919Z"}}
{"_index":"ifttt-2018-05-08","_type":"webhook","_id":"Tue May 08 2018 01:12:32 GMT+0000 (UTC)","_score":1,"_source":{"time":"May 8, 2018","device":"miniCam","message":"motion","location":"Exterior-FrontDoor","timestamp":"2018-05-08T01:12:32.522Z"}}
{"_index":"ifttt-2018-05-08","_type":"webhook","_id":"Tue May 08 2018 03:28:24 GMT+0000 (UTC)","_score":1,"_source":{"time":"May 8, 2018","device":"miniCam","message":"motion","location":"Exterior-FrontDoor","timestamp":"2018-05-08T03:28:24.206Z"}}
{"_index":"ifttt-2018-05-08","_type":"webhook","_id":"Tue May 08 2018 06:47:12 GMT+0000 (UTC)","_score":1,"_source":{"time":"May 8, 2018","device":"miniCam","message":"motion","location":"Exterior-FrontDoor","timestamp":"2018-05-08T06:47:12.535Z"}}
{"_index":"ifttt-2018-05-08","_type":"webhook","_id":"Tue May 08 2018 11:57:17 GMT+0000 (UTC)","_score":1,"_source":{"time":"May 8, 2018","device":"miniCam","message":"motion","location":"Exterior-FrontDoor","timestamp":"2018-05-08T11:57:17.373Z"}}
{"_index":"ifttt-2018-05-08","_type":"webhook","_id":"Tue May 08 2018 12:32:21 GMT+0000 (UTC)","_score":1,"_source":{"time":"May 8, 2018","device":"miniCam","message":"motion","location":"Exterior-FrontDoor","timestamp":"2018-05-08T12:32:21.735Z"}}
{"_index":"ifttt-2018-05-08","_type":"webhook","_id":"Tue May 08 2018 08:24:10 GMT+0000 (UTC)","_score":1,"_source":{"device":"Plug1","message":"Activated","time":" ","timestamp":"2018-05-08T08:24:10.617Z"}}
{"_index":"ifttt-2018-05-08","_type":"webhook","_id":"Tue May 08 2018 12:29:37 GMT+0000 (UTC)","_score":1,"_source":{"device":"Plug1","message":"Activated","time":" ","timestamp":"2018-05-08T12:29:37.896Z"}}
{"_index":"ifttt-2018-05-08","_type":"webhook","_id":"Tue May 08 2018 01:53:15 GMT+0000 (UTC)","_score":1,"_source":{"device":"Room1Plug1","message":"Activated","timestamp":"2018-05-08T01:53:15.198Z"}}
{"_index":"ifttt-2018-05-08","_type":"webhook","_id":"Tue May 08 2018 09:08:16 GMT+0000 (UTC)","_score":1,"_source":{"device":"Room1Plug1","message":"Activated","timestamp":"2018-05-08T09:08:16.482Z"}}
{"_index":"ifttt-2018-05-08","_type":"webhook","_id":"Tue May 08 2018 12:22:34 GMT+0000 (UTC)","_score":1,"_source":{"time":"May 8, 2018","device":"miniCam","message":"motion","location":"Exterior-FrontDoor","timestamp":"2018-05-08T12:22:34.846Z"}}
{"_index":"ifttt-2018-05-08","_type":"webhook","_id":"Tue May 08 2018 17:17:15 GMT+0000 (UTC)","_score":1,"_source":{"time":"May 8, 2018","device":"miniCam","message":"motion","location":"Exterior-FrontDoor","timestamp":"2018-05-08T17:17:15.258Z"}}
{"_index":"ifttt-2018-05-08","_type":"webhook","_id":"Tue May 08 2018 14:17:20 GMT+0000 (UTC)","_score":1,"_source":{"time":"May 8, 2018","device":"miniCam","message":"motion","location":"Exterior-FrontDoor","timestamp":"2018-05-08T14:17:20.824Z"}}
{"_index":"ifttt-2018-05-08","_type":"webhook","_id":"Tue May 08 2018 15:07:24 GMT+0000 (UTC)","_score":1,"_source":{"time":"May 8, 2018","device":"miniCam","message":"motion","location":"Exterior-FrontDoor","timestamp":"2018-05-08T15:07:24.966Z"}}
{"_index":"ifttt-2018-05-08","_type":"webhook","_id":"Tue May 08 2018 15:07:25 GMT+0000 (UTC)","_score":1,"_source":{"time":"May 8, 2018","device":"miniCam","message":"motion","location":"Exterior-FrontDoor","timestamp":"2018-05-08T15:07:25.684Z"}}
{"_index":"ifttt-2018-05-08","_type":"webhook","_id":"Tue May 08 2018 15:42:09 GMT+0000 (UTC)","_score":1,"_source":{"time":"May 8, 2018","device":"miniCam","message":"motion","location":"Exterior-FrontDoor","timestamp":"2018-05-08T15:42:09.484Z"}}
{"_index":"ifttt-2018-05-08","_type":"webhook","_id":"Tue May 08 2018 16:27:20 GMT+0000 (UTC)","_score":1,"_source":{"time":"May 8, 2018","device":"miniCam","message":"motion","location":"Exterior-FrontDoor","timestamp":"2018-05-08T16:27:20.285Z"}}
{"_index":"ifttt-2018-05-08","_type":"webhook","_id":"Tue May 08 2018 17:02:17 GMT+0000 (UTC)","_score":1,"_source":{"time":"May 8, 2018","device":"miniCam","message":"motion","location":"Exterior-FrontDoor","timestamp":"2018-05-08T17:02:17.690Z"}}
{"_index":"ifttt-2018-05-08","_type":"webhook","_id":"Tue May 08 2018 17:22:14 GMT+0000 (UTC)","_score":1,"_source":{"time":"May 8, 2018","device":"miniCam","message":"motion","location":"Exterior-FrontDoor","timestamp":"2018-05-08T17:22:14.578Z"}}
{"_index":"ifttt-2018-05-08","_type":"webhook","_id":"Tue May 08 2018 13:47:09 GMT+0000 (UTC)","_score":1,"_source":{"time":"May 8, 2018","device":"miniCam","message":"motion","location":"Exterior-FrontDoor","timestamp":"2018-05-08T13:47:09.866Z"}}
{"_index":"ifttt-2018-05-08","_type":"webhook","_id":"Tue May 08 2018 17:37:07 GMT+0000 (UTC)","_score":1,"_source":{"time":"May 8, 2018","device":"miniCam","message":"motion","location":"Exterior-FrontDoor","timestamp":"2018-05-08T17:37:07.118Z"}}
{"_index":"ifttt-2018-05-08","_type":"webhook","_id":"Tue May 08 2018 18:02:18 GMT+0000 (UTC)","_score":1,"_source":{"time":"May 8, 2018","device":"miniCam","message":"motion","location":"Exterior-FrontDoor","timestamp":"2018-05-08T18:02:18.984Z"}}
{"_index":"ifttt-2018-05-08","_type":"webhook","_id":"Tue May 08 2018 18:22:29 GMT+0000 (UTC)","_score":1,"_source":{"time":"May 8, 2018","device":"miniCam","message":"motion","location":"Exterior-FrontDoor","timestamp":"2018-05-08T18:22:29.992Z"}}
{"_index":"ifttt-2018-05-08","_type":"webhook","_id":"Tue May 08 2018 01:12:31 GMT+0000 (UTC)","_score":1,"_source":{"time":"May 8, 2018","device":"miniCam","message":"motion","location":"Exterior-FrontDoor","timestamp":"2018-05-08T01:12:31.994Z"}}
{"_index":"ifttt-2018-05-08","_type":"webhook","_id":"Tue May 08 2018 02:02:17 GMT+0000 (UTC)","_score":1,"_source":{"time":"May 8, 2018","device":"miniCam","message":"motion","location":"Exterior-FrontDoor","timestamp":"2018-05-08T02:02:17.534Z"}}
{"_index":"ifttt-2018-05-08","_type":"webhook","_id":"Tue May 08 2018 03:28:23 GMT+0000 (UTC)","_score":1,"_source":{"time":"May 8, 2018","device":"miniCam","message":"motion","location":"Exterior-FrontDoor","timestamp":"2018-05-08T03:28:23.599Z"}}
{"_index":"ifttt-2018-05-08","_type":"webhook","_id":"Tue May 08 2018 08:17:20 GMT+0000 (UTC)","_score":1,"_source":{"time":"May 8, 2018","device":"miniCam","message":"motion","location":"Exterior-FrontDoor","timestamp":"2018-05-08T08:17:20.567Z"}}
{"_index":"ifttt-2018-05-08","_type":"webhook","_id":"Tue May 08 2018 12:42:13 GMT+0000 (UTC)","_score":1,"_source":{"time":"May 8, 2018","device":"miniCam","message":"motion","location":"Exterior-FrontDoor","timestamp":"2018-05-08T12:42:13.428Z"}}
{"_index":"ifttt-2018-05-08","_type":"webhook","_id":"Tue May 08 2018 12:42:14 GMT+0000 (UTC)","_score":1,"_source":{"time":"May 8, 2018","device":"miniCam","message":"motion","location":"Exterior-FrontDoor","timestamp":"2018-05-08T12:42:14.071Z"}}
{"_index":"ifttt-2018-05-08","_type":"webhook","_id":"Tue May 08 2018 01:14:10 GMT+0000 (UTC)","_score":1,"_source":{"device":"Plug1","message":"Activated","time":" ","timestamp":"2018-05-08T01:14:10.423Z"}}
{"_index":"ifttt-2018-05-08","_type":"webhook","_id":"Tue May 08 2018 04:19:38 GMT+0000 (UTC)","_score":1,"_source":{"device":"Plug1","message":"Activated","time":" ","timestamp":"2018-05-08T04:19:38.904Z"}}
{"_index":"ifttt-2018-05-08","_type":"webhook","_id":"Tue May 08 2018 00:53:14 GMT+0000 (UTC)","_score":1,"_source":{"device":"Room1Plug1","message":"Activated","timestamp":"2018-05-08T00:53:14.512Z"}}
{"_index":"ifttt-2018-05-08","_type":"webhook","_id":"Tue May 08 2018 02:53:19 GMT+0000 (UTC)","_score":1,"_source":{"device":"Room1Plug1","message":"Activated","timestamp":"2018-05-08T02:53:19.469Z"}}
{"_index":"ifttt-2018-05-08","_type":"webhook","_id":"Tue May 08 2018 12:47:26 GMT+0000 (UTC)","_score":1,"_source":{"time":"May 8, 2018","device":"miniCam","message":"motion","location":"Exterior-FrontDoor","timestamp":"2018-05-08T12:47:26.983Z"}}
{"_index":"ifttt-2018-05-08","_type":"webhook","_id":"Tue May 08 2018 13:12:16 GMT+0000 (UTC)","_score":1,"_source":{"time":"May 8, 2018","device":"miniCam","message":"motion","location":"Exterior-FrontDoor","timestamp":"2018-05-08T13:12:16.549Z"}}
{"_index":"ifttt-2018-05-08","_type":"webhook","_id":"Tue May 08 2018 13:22:30 GMT+0000 (UTC)","_score":1,"_source":{"time":"May 8, 2018","device":"miniCam","message":"motion","location":"Exterior-FrontDoor","timestamp":"2018-05-08T13:22:30.714Z"}}
{"_index":"ifttt-2018-05-08","_type":"webhook","_id":"Tue May 08 2018 13:47:08 GMT+0000 (UTC)","_score":1,"_source":{"time":"May 8, 2018","device":"miniCam","message":"motion","location":"Exterior-FrontDoor","timestamp":"2018-05-08T13:47:08.636Z"}}
{"_index":"ifttt-2018-05-08","_type":"webhook","_id":"Tue May 08 2018 13:57:21 GMT+0000 (UTC)","_score":1,"_source":{"time":"May 8, 2018","device":"miniCam","message":"motion","location":"Exterior-FrontDoor","timestamp":"2018-05-08T13:57:21.417Z"}}
{"_index":"ifttt-2018-05-08","_type":"webhook","_id":"Tue May 08 2018 14:37:15 GMT+0000 (UTC)","_score":1,"_source":{"time":"May 8, 2018","device":"miniCam","message":"motion","location":"Exterior-FrontDoor","timestamp":"2018-05-08T14:37:15.712Z"}}
{"_index":"ifttt-2018-05-08","_type":"webhook","_id":"Tue May 08 2018 14:47:24 GMT+0000 (UTC)","_score":1,"_source":{"time":"May 8, 2018","device":"miniCam","message":"motion","location":"Exterior-FrontDoor","timestamp":"2018-05-08T14:47:24.802Z"}}
{"_index":"ifttt-2018-05-08","_type":"webhook","_id":"Tue May 08 2018 14:57:02 GMT+0000 (UTC)","_score":1,"_source":{"time":"May 8, 2018","device":"miniCam","message":"motion","location":"Exterior-FrontDoor","timestamp":"2018-05-08T14:57:02.967Z"}}
{"_index":"ifttt-2018-05-08","_type":"webhook","_id":"Tue May 08 2018 15:27:21 GMT+0000 (UTC)","_score":1,"_source":{"time":"May 8, 2018","device":"miniCam","message":"motion","location":"Exterior-FrontDoor","timestamp":"2018-05-08T15:27:21.652Z"}}
{"_index":"ifttt-2018-05-08","_type":"webhook","_id":"Tue May 08 2018 15:34:32 GMT+0000 (UTC)","_score":1,"_source":{"device":"Plug1","message":"Activated","time":" ","timestamp":"2018-05-08T15:34:32.765Z"}}
{"_index":"ifttt-2018-05-08","_type":"webhook","_id":"Tue May 08 2018 15:37:29 GMT+0000 (UTC)","_score":1,"_source":{"time":"May 8, 2018","device":"miniCam","message":"motion","location":"Exterior-FrontDoor","timestamp":"2018-05-08T15:37:29.923Z"}}
{"_index":"ifttt-2018-05-08","_type":"webhook","_id":"Tue May 08 2018 16:22:11 GMT+0000 (UTC)","_score":1,"_source":{"time":"May 8, 2018","device":"miniCam","message":"motion","location":"Exterior-FrontDoor","timestamp":"2018-05-08T16:22:11.853Z"}}
{"_index":"ifttt-2018-05-08","_type":"webhook","_id":"Tue May 08 2018 16:37:32 GMT+0000 (UTC)","_score":1,"_source":{"time":"May 8, 2018","device":"miniCam","message":"motion","location":"Exterior-FrontDoor","timestamp":"2018-05-08T16:37:32.820Z"}}
{"_index":"ifttt-2018-05-08","_type":"webhook","_id":"Tue May 08 2018 17:33:44 GMT+0000 (UTC)","_score":1,"_source":{"time":"May 8, 2018","device":"miniCam","message":"motion","location":"Exterior-FrontDoor","timestamp":"2018-05-08T17:33:44.571Z"}}
{"_index":"ifttt-2018-05-08","_type":"webhook","_id":"Tue May 08 2018 18:37:13 GMT+0000 (UTC)","_score":1,"_source":{"time":"May 8, 2018","device":"miniCam","message":"motion","location":"Exterior-FrontDoor","timestamp":"2018-05-08T18:37:13.756Z"}}
{"_index":"ifttt-2018-05-08","_type":"webhook","_id":"Tue May 08 2018 18:39:18 GMT+0000 (UTC)","_score":1,"_source":{"device":"Plug1","message":"Activated","time":" ","timestamp":"2018-05-08T18:39:18.312Z"}}
{"_index":"ifttt-2018-05-08","_type":"webhook","_id":"Tue May 08 2018 07:47:10 GMT+0000 (UTC)","_score":1,"_source":{"time":"May 8, 2018","device":"miniCam","message":"motion","location":"Exterior-FrontDoor","timestamp":"2018-05-08T07:47:10.627Z"}}
{"_index":"ifttt-2018-05-08","_type":"webhook","_id":"Tue May 08 2018 11:32:11 GMT+0000 (UTC)","_score":1,"_source":{"time":"May 8, 2018","device":"miniCam","message":"motion","location":"Exterior-FrontDoor","timestamp":"2018-05-08T11:32:11.639Z"}}
{"_index":"ifttt-2018-05-08","_type":"webhook","_id":"Tue May 08 2018 12:17:25 GMT+0000 (UTC)","_score":1,"_source":{"time":"May 8, 2018","device":"miniCam","message":"motion","location":"Exterior-FrontDoor","timestamp":"2018-05-08T12:17:25.374Z"}}
{"_index":"ifttt-2018-05-08","_type":"webhook","_id":"Tue May 08 2018 13:12:15 GMT+0000 (UTC)","_score":1,"_source":{"time":"May 8, 2018","device":"miniCam","message":"motion","location":"Exterior-FrontDoor","timestamp":"2018-05-08T13:12:15.932Z"}}
{"_index":"ifttt-2018-05-08","_type":"webhook","_id":"Tue May 08 2018 14:27:20 GMT+0000 (UTC)","_score":1,"_source":{"time":"May 8, 2018","device":"miniCam","message":"motion","location":"Exterior-FrontDoor","timestamp":"2018-05-08T14:27:20.436Z"}}
{"_index":"ifttt-2018-05-08","_type":"webhook","_id":"Tue May 08 2018 16:07:19 GMT+0000 (UTC)","_score":1,"_source":{"time":"May 8, 2018","device":"miniCam","message":"motion","location":"Exterior-FrontDoor","timestamp":"2018-05-08T16:07:19.212Z"}}
{"_index":"ifttt-2018-05-08","_type":"webhook","_id":"Tue May 08 2018 16:42:04 GMT+0000 (UTC)","_score":1,"_source":{"time":"May 8, 2018","device":"miniCam","message":"motion","location":"Exterior-FrontDoor","timestamp":"2018-05-08T16:42:04.627Z"}}
{"_index":"ifttt-2018-05-08","_type":"webhook","_id":"Tue May 08 2018 17:27:17 GMT+0000 (UTC)","_score":1,"_source":{"time":"May 8, 2018","device":"miniCam","message":"motion","location":"Exterior-FrontDoor","timestamp":"2018-05-08T17:27:17.495Z"}}
{"_index":"ifttt-2018-05-08","_type":"webhook","_id":"Tue May 08 2018 17:33:46 GMT+0000 (UTC)","_score":1,"_source":{"time":"May 8, 2018","device":"miniCam","message":"motion","location":"Exterior-FrontDoor","timestamp":"2018-05-08T17:33:46.003Z"}}
{"_index":"ifttt-2018-05-08","_type":"webhook","_id":"Tue May 08 2018 17:52:21 GMT+0000 (UTC)","_score":1,"_source":{"time":"May 8, 2018","device":"miniCam","message":"motion","location":"Exterior-FrontDoor","timestamp":"2018-05-08T17:52:21.176Z"}}
{"_index":"ifttt-2018-05-08","_type":"webhook","_id":"Tue May 08 2018 17:57:15 GMT+0000 (UTC)","_score":1,"_source":{"time":"May 8, 2018","device":"miniCam","message":"motion","location":"Exterior-FrontDoor","timestamp":"2018-05-08T17:57:15.651Z"}}
{"_index":"ifttt-2018-05-08","_type":"webhook","_id":"Tue May 08 2018 18:07:30 GMT+0000 (UTC)","_score":1,"_source":{"time":"May 8, 2018","device":"miniCam","message":"motion","location":"Exterior-FrontDoor","timestamp":"2018-05-08T18:07:30.857Z"}}
{"_index":"ifttt-2018-05-08","_type":"webhook","_id":"Tue May 08 2018 18:22:31 GMT+0000 (UTC)","_score":1,"_source":{"time":"May 8, 2018","device":"miniCam","message":"motion","location":"Exterior-FrontDoor","timestamp":"2018-05-08T18:22:31.225Z"}}
{"_index":"ifttt-2018-05-08","_type":"webhook","_id":"Tue May 08 2018 18:27:12 GMT+0000 (UTC)","_score":1,"_source":{"time":"May 8, 2018","device":"miniCam","message":"motion","location":"Exterior-FrontDoor","timestamp":"2018-05-08T18:27:12.532Z"}}
{"_index":"ifttt-2018-05-08","_type":"webhook","_id":"Tue May 08 2018 18:32:27 GMT+0000 (UTC)","_score":1,"_source":{"time":"May 8, 2018","device":"miniCam","message":"motion","location":"Exterior-FrontDoor","timestamp":"2018-05-08T18:32:27.842Z"}}
{"_index":"ifttt-2018-05-08","_type":"webhook","_id":"Tue May 08 2018 00:22:06 GMT+0000 (UTC)","_score":1,"_source":{"time":"May 8, 2018","device":"miniCam","message":"motion","location":"Exterior-FrontDoor","timestamp":"2018-05-08T00:22:06.281Z"}}
{"_index":"ifttt-2018-05-08","_type":"webhook","_id":"Tue May 08 2018 01:12:30 GMT+0000 (UTC)","_score":1,"_source":{"time":"May 8, 2018","device":"miniCam","message":"motion","location":"Exterior-FrontDoor","timestamp":"2018-05-08T01:12:30.926Z"}}
{"_index":"ifttt-2018-05-08","_type":"webhook","_id":"Tue May 08 2018 12:12:28 GMT+0000 (UTC)","_score":1,"_source":{"time":"May 8, 2018","device":"miniCam","message":"motion","location":"Exterior-FrontDoor","timestamp":"2018-05-08T12:12:28.590Z"}}
{"_index":"ifttt-2018-05-08","_type":"webhook","_id":"Tue May 08 2018 12:17:24 GMT+0000 (UTC)","_score":1,"_source":{"time":"May 8, 2018","device":"miniCam","message":"motion","location":"Exterior-FrontDoor","timestamp":"2018-05-08T12:17:24.681Z"}}
{"_index":"ifttt-2018-05-08","_type":"webhook","_id":"Tue May 08 2018 13:17:06 GMT+0000 (UTC)","_score":1,"_source":{"time":"May 8, 2018","device":"miniCam","message":"motion","location":"Exterior-FrontDoor","timestamp":"2018-05-08T13:17:06.758Z"}}
{"_index":"ifttt-2018-05-08","_type":"webhook","_id":"Tue May 08 2018 13:37:11 GMT+0000 (UTC)","_score":1,"_source":{"time":"May 8, 2018","device":"miniCam","message":"motion","location":"Exterior-FrontDoor","timestamp":"2018-05-08T13:37:11.845Z"}}
{"_index":"ifttt-2018-05-08","_type":"webhook","_id":"Tue May 08 2018 11:29:19 GMT+0000 (UTC)","_score":1,"_source":{"device":"Plug1","message":"Activated","time":" ","timestamp":"2018-05-08T11:29:19.439Z"}}
{"_index":"ifttt-2018-05-08","_type":"webhook","_id":"Tue May 08 2018 14:13:40 GMT+0000 (UTC)","_score":1,"_source":{"device":"Room1Plug1","message":"Activated","timestamp":"2018-05-08T14:13:40.190Z"}}
{"_index":"ifttt-2018-05-08","_type":"webhook","_id":"Tue May 08 2018 13:47:10 GMT+0000 (UTC)","_score":1,"_source":{"time":"May 8, 2018","device":"miniCam","message":"motion","location":"Exterior-FrontDoor","timestamp":"2018-05-08T13:47:10.997Z"}}
{"_index":"ifttt-2018-05-08","_type":"webhook","_id":"Tue May 08 2018 14:37:16 GMT+0000 (UTC)","_score":1,"_source":{"time":"May 8, 2018","device":"miniCam","message":"motion","location":"Exterior-FrontDoor","timestamp":"2018-05-08T14:37:16.932Z"}}
{"_index":"ifttt-2018-05-08","_type":"webhook","_id":"Tue May 08 2018 14:47:25 GMT+0000 (UTC)","_score":1,"_source":{"time":"May 8, 2018","device":"miniCam","message":"motion","location":"Exterior-FrontDoor","timestamp":"2018-05-08T14:47:25.928Z"}}
{"_index":"ifttt-2018-05-08","_type":"webhook","_id":"Tue May 08 2018 15:17:08 GMT+0000 (UTC)","_score":1,"_source":{"time":"May 8, 2018","device":"miniCam","message":"motion","location":"Exterior-FrontDoor","timestamp":"2018-05-08T15:17:08.868Z"}}
{"_index":"ifttt-2018-05-08","_type":"webhook","_id":"Tue May 08 2018 15:27:22 GMT+0000 (UTC)","_score":1,"_source":{"time":"May 8, 2018","device":"miniCam","message":"motion","location":"Exterior-FrontDoor","timestamp":"2018-05-08T15:27:22.330Z"}}
{"_index":"ifttt-2018-05-08","_type":"webhook","_id":"Tue May 08 2018 15:37:30 GMT+0000 (UTC)","_score":1,"_source":{"time":"May 8, 2018","device":"miniCam","message":"motion","location":"Exterior-FrontDoor","timestamp":"2018-05-08T15:37:30.607Z"}}
{"_index":"ifttt-2018-05-08","_type":"webhook","_id":"Tue May 08 2018 16:17:18 GMT+0000 (UTC)","_score":1,"_source":{"time":"May 8, 2018","device":"miniCam","message":"motion","location":"Exterior-FrontDoor","timestamp":"2018-05-08T16:17:18.983Z"}}
{"_index":"ifttt-2018-05-08","_type":"webhook","_id":"Tue May 08 2018 16:17:19 GMT+0000 (UTC)","_score":1,"_source":{"time":"May 8, 2018","device":"miniCam","message":"motion","location":"Exterior-FrontDoor","timestamp":"2018-05-08T16:17:19.592Z"}}
{"_index":"ifttt-2018-05-08","_type":"webhook","_id":"Tue May 08 2018 16:27:21 GMT+0000 (UTC)","_score":1,"_source":{"time":"May 8, 2018","device":"miniCam","message":"motion","location":"Exterior-FrontDoor","timestamp":"2018-05-08T16:27:21.622Z"}}
{"_index":"ifttt-2018-05-08","_type":"webhook","_id":"Tue May 08 2018 16:32:06 GMT+0000 (UTC)","_score":1,"_source":{"time":"May 8, 2018","device":"miniCam","message":"motion","location":"Exterior-FrontDoor","timestamp":"2018-05-08T16:32:06.193Z"}}
{"_index":"ifttt-2018-05-08","_type":"webhook","_id":"Tue May 08 2018 16:42:05 GMT+0000 (UTC)","_score":1,"_source":{"time":"May 8, 2018","device":"miniCam","message":"motion","location":"Exterior-FrontDoor","timestamp":"2018-05-08T16:42:05.342Z"}}
{"_index":"ifttt-2018-05-08","_type":"webhook","_id":"Tue May 08 2018 17:22:15 GMT+0000 (UTC)","_score":1,"_source":{"time":"May 8, 2018","device":"miniCam","message":"motion","location":"Exterior-FrontDoor","timestamp":"2018-05-08T17:22:15.296Z"}}
{"_index":"ifttt-2018-05-08","_type":"webhook","_id":"Tue May 08 2018 17:42:21 GMT+0000 (UTC)","_score":1,"_source":{"time":"May 8, 2018","device":"miniCam","message":"motion","location":"Exterior-FrontDoor","timestamp":"2018-05-08T17:42:21.129Z"}}
{"_index":"ifttt-2018-05-08","_type":"webhook","_id":"Tue May 08 2018 17:57:14 GMT+0000 (UTC)","_score":1,"_source":{"time":"May 8, 2018","device":"miniCam","message":"motion","location":"Exterior-FrontDoor","timestamp":"2018-05-08T17:57:14.919Z"}}
{"_index":"ifttt-2018-05-08","_type":"webhook","_id":"Tue May 08 2018 18:07:31 GMT+0000 (UTC)","_score":1,"_source":{"time":"May 8, 2018","device":"miniCam","message":"motion","location":"Exterior-FrontDoor","timestamp":"2018-05-08T18:07:31.567Z"}}
