{"_index":"ifttt-2018-04-26","_type":"webhook","_id":"Thu Apr 26 2018 13:59:08 GMT+0000 (UTC)","_score":1,"_source":{"time":"April 26, 2018","device":"miniCam","message":"motion","location":"Exterior-FrontDoor","timestamp":"2018-04-26T13:59:08.325Z"}}
{"_index":"ifttt-2018-04-26","_type":"webhook","_id":"Thu Apr 26 2018 07:49:16 GMT+0000 (UTC)","_score":1,"_source":{"device":"Plug1","message":"Activated","time":" ","timestamp":"2018-04-26T07:49:16.632Z"}}
{"_index":"ifttt-2018-04-26","_type":"webhook","_id":"Thu Apr 26 2018 00:54:05 GMT+0000 (UTC)","_score":1,"_source":{"device":"Room1Plug1","message":"Activated","timestamp":"2018-04-26T00:54:05.861Z"}}
{"_index":"ifttt-2018-04-26","_type":"webhook","_id":"Thu Apr 26 2018 01:54:07 GMT+0000 (UTC)","_score":1,"_source":{"device":"Room1Plug1","message":"Activated","timestamp":"2018-04-26T01:54:07.886Z"}}
{"_index":"ifttt-2018-04-26","_type":"webhook","_id":"Thu Apr 26 2018 03:59:04 GMT+0000 (UTC)","_score":1,"_source":{"device":"Room1Plug1","message":"Activated","timestamp":"2018-04-26T03:59:04.780Z"}}
{"_index":"ifttt-2018-04-26","_type":"webhook","_id":"Thu Apr 26 2018 13:14:07 GMT+0000 (UTC)","_score":1,"_source":{"device":"Room1Plug1","message":"Activated","timestamp":"2018-04-26T13:14:07.784Z"}}
{"_index":"ifttt-2018-04-26","_type":"webhook","_id":"Thu Apr 26 2018 07:28:16 GMT+0000 (UTC)","_score":1,"_source":{"device":"Room1Lamp","message":"Activated","timestamp":"2018-04-26T07:28:16.148Z"}}
{"_index":"ifttt-2018-04-26","_type":"webhook","_id":"Thu Apr 26 2018 10:29:23 GMT+0000 (UTC)","_score":1,"_source":{"device":"Room1Lamp","message":"Activated","timestamp":"2018-04-26T10:29:23.099Z"}}
{"_index":"ifttt-2018-04-26","_type":"webhook","_id":"Thu Apr 26 2018 12:33:11 GMT+0000 (UTC)","_score":1,"_source":{"device":"Room1Lamp","message":"Activated","timestamp":"2018-04-26T12:33:11.583Z"}}
{"_index":"ifttt-2018-04-26","_type":"webhook","_id":"Thu Apr 26 2018 13:39:11 GMT+0000 (UTC)","_score":1,"_source":{"time":"April 26, 2018","device":"miniCam","message":"motion","location":"Exterior-FrontDoor","timestamp":"2018-04-26T13:39:11.755Z"}}
{"_index":"ifttt-2018-04-26","_type":"webhook","_id":"Thu Apr 26 2018 17:53:37 GMT+0000 (UTC)","_score":1,"_source":{"time":"April 26, 2018 at 01:53PM","device":"Alexa","message":"Voice Deactivation","target":"lamp","timestamp":"2018-04-26T17:53:37.843Z"}}
{"_index":"ifttt-2018-04-26","_type":"webhook","_id":"Thu Apr 26 2018 14:59:04 GMT+0000 (UTC)","_score":1,"_source":{"time":"April 26, 2018","device":"miniCam","message":"motion","location":"Exterior-FrontDoor","timestamp":"2018-04-26T14:59:04.740Z"}}
{"_index":"ifttt-2018-04-26","_type":"webhook","_id":"Thu Apr 26 2018 15:44:12 GMT+0000 (UTC)","_score":1,"_source":{"time":"April 26, 2018","device":"miniCam","message":"motion","location":"Exterior-FrontDoor","timestamp":"2018-04-26T15:44:12.544Z"}}
{"_index":"ifttt-2018-04-26","_type":"webhook","_id":"Thu Apr 26 2018 16:14:04 GMT+0000 (UTC)","_score":1,"_source":{"time":"April 26, 2018","device":"miniCam","message":"motion","location":"Exterior-FrontDoor","timestamp":"2018-04-26T16:14:04.787Z"}}
{"_index":"ifttt-2018-04-26","_type":"webhook","_id":"Thu Apr 26 2018 17:19:27 GMT+0000 (UTC)","_score":1,"_source":{"time":"April 26, 2018","device":"miniCam","message":"motion","location":"Exterior-FrontDoor","timestamp":"2018-04-26T17:19:27.963Z"}}
{"_index":"ifttt-2018-04-26","_type":"webhook","_id":"Thu Apr 26 2018 17:44:06 GMT+0000 (UTC)","_score":1,"_source":{"time":"April 26, 2018","device":"miniCam","message":"motion","location":"Exterior-FrontDoor","timestamp":"2018-04-26T17:44:06.941Z"}}
{"_index":"ifttt-2018-04-26","_type":"webhook","_id":"Thu Apr 26 2018 17:59:18 GMT+0000 (UTC)","_score":1,"_source":{"device":"Plug1","message":"Activated","time":" ","timestamp":"2018-04-26T17:59:18.902Z"}}
{"_index":"ifttt-2018-04-26","_type":"webhook","_id":"Thu Apr 26 2018 14:14:10 GMT+0000 (UTC)","_score":1,"_source":{"device":"Room1Plug1","message":"Activated","timestamp":"2018-04-26T14:14:10.353Z"}}
{"_index":"ifttt-2018-04-26","_type":"webhook","_id":"Thu Apr 26 2018 15:14:15 GMT+0000 (UTC)","_score":1,"_source":{"device":"Room1Plug1","message":"Activated","timestamp":"2018-04-26T15:14:15.807Z"}}
{"_index":"ifttt-2018-04-26","_type":"webhook","_id":"Thu Apr 26 2018 18:34:27 GMT+0000 (UTC)","_score":1,"_source":{"time":"April 26, 2018","device":"miniCam","message":"motion","location":"Exterior-FrontDoor","timestamp":"2018-04-26T18:34:27.563Z"}}
{"_index":"ifttt-2018-04-26","_type":"webhook","_id":"Thu Apr 26 2018 19:09:23 GMT+0000 (UTC)","_score":1,"_source":{"time":"April 26, 2018","device":"miniCam","message":"motion","location":"Exterior-FrontDoor","timestamp":"2018-04-26T19:09:23.668Z"}}
{"_index":"ifttt-2018-04-26","_type":"webhook","_id":"Thu Apr 26 2018 19:54:16 GMT+0000 (UTC)","_score":1,"_source":{"time":"April 26, 2018","device":"miniCam","message":"motion","location":"Exterior-FrontDoor","timestamp":"2018-04-26T19:54:16.236Z"}}
{"_index":"ifttt-2018-04-26","_type":"webhook","_id":"Thu Apr 26 2018 20:14:21 GMT+0000 (UTC)","_score":1,"_source":{"time":"April 26, 2018","device":"miniCam","message":"motion","location":"Exterior-FrontDoor","timestamp":"2018-04-26T20:14:21.650Z"}}
{"_index":"ifttt-2018-04-26","_type":"webhook","_id":"Thu Apr 26 2018 21:04:37 GMT+0000 (UTC)","_score":1,"_source":{"time":"April 26, 2018","device":"miniCam","message":"motion","location":"Exterior-FrontDoor","timestamp":"2018-04-26T21:04:37.959Z"}}
{"_index":"ifttt-2018-04-26","_type":"webhook","_id":"Thu Apr 26 2018 21:54:18 GMT+0000 (UTC)","_score":1,"_source":{"time":"April 26, 2018","device":"miniCam","message":"motion","location":"Exterior-FrontDoor","timestamp":"2018-04-26T21:54:18.101Z"}}
{"_index":"ifttt-2018-04-26","_type":"webhook","_id":"Thu Apr 26 2018 19:04:37 GMT+0000 (UTC)","_score":1,"_source":{"device":"Plug1","message":"Activated","time":" ","timestamp":"2018-04-26T19:04:37.530Z"}}
{"_index":"ifttt-2018-04-26","_type":"webhook","_id":"Thu Apr 26 2018 18:49:20 GMT+0000 (UTC)","_score":1,"_source":{"device":"Room1Lamp","message":"Off","timestamp":"2018-04-26T18:49:20.658Z"}}
{"_index":"ifttt-2018-04-26","_type":"webhook","_id":"Thu Apr 26 2018 19:09:22 GMT+0000 (UTC)","_score":1,"_source":{"time":"April 26, 2018","device":"miniCam","message":"motion","location":"Exterior-FrontDoor","timestamp":"2018-04-26T19:09:22.663Z"}}
{"_index":"ifttt-2018-04-26","_type":"webhook","_id":"Thu Apr 26 2018 22:49:31 GMT+0000 (UTC)","_score":1,"_source":{"time":"April 26, 2018","device":"miniCam","message":"motion","location":"Exterior-FrontDoor","timestamp":"2018-04-26T22:49:31.940Z"}}
{"_index":"ifttt-2018-04-26","_type":"webhook","_id":"Thu Apr 26 2018 09:19:18 GMT+0000 (UTC)","_score":1,"_source":{"time":"April 26, 2018","device":"miniCam","message":"motion","location":"Exterior-FrontDoor","timestamp":"2018-04-26T09:19:18.306Z"}}
{"_index":"ifttt-2018-04-26","_type":"webhook","_id":"Thu Apr 26 2018 14:29:09 GMT+0000 (UTC)","_score":1,"_source":{"time":"April 26, 2018","device":"miniCam","message":"motion","location":"Exterior-FrontDoor","timestamp":"2018-04-26T14:29:09.703Z"}}
{"_index":"ifttt-2018-04-26","_type":"webhook","_id":"Thu Apr 26 2018 14:44:09 GMT+0000 (UTC)","_score":1,"_source":{"time":"April 26, 2018","device":"miniCam","message":"motion","location":"Exterior-FrontDoor","timestamp":"2018-04-26T14:44:09.298Z"}}
{"_index":"ifttt-2018-04-26","_type":"webhook","_id":"Thu Apr 26 2018 14:59:05 GMT+0000 (UTC)","_score":1,"_source":{"time":"April 26, 2018","device":"miniCam","message":"motion","location":"Exterior-FrontDoor","timestamp":"2018-04-26T14:59:05.419Z"}}
{"_index":"ifttt-2018-04-26","_type":"webhook","_id":"Thu Apr 26 2018 16:04:27 GMT+0000 (UTC)","_score":1,"_source":{"time":"April 26, 2018","device":"miniCam","message":"motion","location":"Exterior-FrontDoor","timestamp":"2018-04-26T16:04:27.853Z"}}
{"_index":"ifttt-2018-04-26","_type":"webhook","_id":"Thu Apr 26 2018 16:19:08 GMT+0000 (UTC)","_score":1,"_source":{"time":"April 26, 2018","device":"miniCam","message":"motion","location":"Exterior-FrontDoor","timestamp":"2018-04-26T16:19:08.244Z"}}
{"_index":"ifttt-2018-04-26","_type":"webhook","_id":"Thu Apr 26 2018 18:49:08 GMT+0000 (UTC)","_score":1,"_source":{"time":"April 26, 2018","device":"miniCam","message":"motion","location":"Exterior-FrontDoor","timestamp":"2018-04-26T18:49:08.166Z"}}
{"_index":"ifttt-2018-04-26","_type":"webhook","_id":"Thu Apr 26 2018 16:59:15 GMT+0000 (UTC)","_score":1,"_source":{"device":"Plug1","message":"Activated","time":" ","timestamp":"2018-04-26T16:59:15.824Z"}}
{"_index":"ifttt-2018-04-26","_type":"webhook","_id":"Thu Apr 26 2018 09:09:20 GMT+0000 (UTC)","_score":1,"_source":{"device":"Room1Plug1","message":"Activated","timestamp":"2018-04-26T09:09:20.246Z"}}
{"_index":"ifttt-2018-04-26","_type":"webhook","_id":"Thu Apr 26 2018 17:54:05 GMT+0000 (UTC)","_score":1,"_source":{"device":"Room1Lamp","message":"Off","timestamp":"2018-04-26T17:54:05.464Z"}}
{"_index":"ifttt-2018-04-26","_type":"webhook","_id":"Thu Apr 26 2018 18:54:17 GMT+0000 (UTC)","_score":1,"_source":{"time":"April 26, 2018","device":"miniCam","message":"motion","location":"Exterior-FrontDoor","timestamp":"2018-04-26T18:54:17.933Z"}}
{"_index":"ifttt-2018-04-26","_type":"webhook","_id":"Thu Apr 26 2018 18:54:18 GMT+0000 (UTC)","_score":1,"_source":{"time":"April 26, 2018","device":"miniCam","message":"motion","location":"Exterior-FrontDoor","timestamp":"2018-04-26T18:54:18.445Z"}}
{"_index":"ifttt-2018-04-26","_type":"webhook","_id":"Thu Apr 26 2018 19:09:21 GMT+0000 (UTC)","_score":1,"_source":{"time":"April 26, 2018","device":"miniCam","message":"motion","location":"Exterior-FrontDoor","timestamp":"2018-04-26T19:09:21.843Z"}}
{"_index":"ifttt-2018-04-26","_type":"webhook","_id":"Thu Apr 26 2018 19:09:24 GMT+0000 (UTC)","_score":1,"_source":{"time":"April 26, 2018","device":"miniCam","message":"motion","location":"Exterior-FrontDoor","timestamp":"2018-04-26T19:09:24.646Z"}}
{"_index":"ifttt-2018-04-26","_type":"webhook","_id":"Thu Apr 26 2018 19:39:13 GMT+0000 (UTC)","_score":1,"_source":{"time":"April 26, 2018","device":"miniCam","message":"motion","location":"Exterior-FrontDoor","timestamp":"2018-04-26T19:39:13.886Z"}}
{"_index":"ifttt-2018-04-26","_type":"webhook","_id":"Thu Apr 26 2018 19:49:19 GMT+0000 (UTC)","_score":1,"_source":{"time":"April 26, 2018","device":"miniCam","message":"motion","location":"Exterior-FrontDoor","timestamp":"2018-04-26T19:49:19.386Z"}}
{"_index":"ifttt-2018-04-26","_type":"webhook","_id":"Thu Apr 26 2018 20:14:22 GMT+0000 (UTC)","_score":1,"_source":{"time":"April 26, 2018","device":"miniCam","message":"motion","location":"Exterior-FrontDoor","timestamp":"2018-04-26T20:14:22.399Z"}}
{"_index":"ifttt-2018-04-26","_type":"webhook","_id":"Thu Apr 26 2018 20:59:08 GMT+0000 (UTC)","_score":1,"_source":{"time":"April 26, 2018","device":"miniCam","message":"motion","location":"Exterior-FrontDoor","timestamp":"2018-04-26T20:59:08.427Z"}}
{"_index":"ifttt-2018-04-26","_type":"webhook","_id":"Thu Apr 26 2018 19:24:40 GMT+0000 (UTC)","_score":1,"_source":{"time":"April 26, 2018","device":"miniCam","message":"motion","location":"Exterior-FrontDoor","timestamp":"2018-04-26T19:24:40.824Z"}}
{"_index":"ifttt-2018-04-26","_type":"webhook","_id":"Thu Apr 26 2018 19:54:17 GMT+0000 (UTC)","_score":1,"_source":{"time":"April 26, 2018","device":"miniCam","message":"motion","location":"Exterior-FrontDoor","timestamp":"2018-04-26T19:54:17.670Z"}}
{"_index":"ifttt-2018-04-26","_type":"webhook","_id":"Thu Apr 26 2018 21:24:16 GMT+0000 (UTC)","_score":1,"_source":{"device":"Room1Plug1","message":"Activated","timestamp":"2018-04-26T21:24:16.861Z"}}
{"_index":"ifttt-2018-04-26","_type":"webhook","_id":"Thu Apr 26 2018 10:54:18 GMT+0000 (UTC)","_score":1,"_source":{"time":"April 26, 2018","device":"miniCam","message":"motion","location":"Exterior-FrontDoor","timestamp":"2018-04-26T10:54:18.692Z"}}
{"_index":"ifttt-2018-04-26","_type":"webhook","_id":"Thu Apr 26 2018 13:44:19 GMT+0000 (UTC)","_score":1,"_source":{"time":"April 26, 2018","device":"miniCam","message":"motion","location":"Exterior-FrontDoor","timestamp":"2018-04-26T13:44:19.051Z"}}
{"_index":"ifttt-2018-04-26","_type":"webhook","_id":"Thu Apr 26 2018 14:34:08 GMT+0000 (UTC)","_score":1,"_source":{"time":"April 26, 2018","device":"miniCam","message":"motion","location":"Exterior-FrontDoor","timestamp":"2018-04-26T14:34:08.710Z"}}
{"_index":"ifttt-2018-04-26","_type":"webhook","_id":"Thu Apr 26 2018 15:19:06 GMT+0000 (UTC)","_score":1,"_source":{"time":"April 26, 2018","device":"miniCam","message":"motion","location":"Exterior-FrontDoor","timestamp":"2018-04-26T15:19:06.263Z"}}
{"_index":"ifttt-2018-04-26","_type":"webhook","_id":"Thu Apr 26 2018 15:44:13 GMT+0000 (UTC)","_score":1,"_source":{"time":"April 26, 2018","device":"miniCam","message":"motion","location":"Exterior-FrontDoor","timestamp":"2018-04-26T15:44:13.162Z"}}
{"_index":"ifttt-2018-04-26","_type":"webhook","_id":"Thu Apr 26 2018 17:04:21 GMT+0000 (UTC)","_score":1,"_source":{"time":"April 26, 2018","device":"miniCam","message":"motion","location":"Exterior-FrontDoor","timestamp":"2018-04-26T17:04:21.896Z"}}
{"_index":"ifttt-2018-04-26","_type":"webhook","_id":"Thu Apr 26 2018 06:49:09 GMT+0000 (UTC)","_score":1,"_source":{"device":"Plug1","message":"Activated","time":" ","timestamp":"2018-04-26T06:49:09.378Z"}}
{"_index":"ifttt-2018-04-26","_type":"webhook","_id":"Thu Apr 26 2018 15:59:08 GMT+0000 (UTC)","_score":1,"_source":{"device":"Plug1","message":"Activated","time":" ","timestamp":"2018-04-26T15:59:08.239Z"}}
{"_index":"ifttt-2018-04-26","_type":"webhook","_id":"Thu Apr 26 2018 12:14:06 GMT+0000 (UTC)","_score":1,"_source":{"device":"Room1Plug1","message":"Activated","timestamp":"2018-04-26T12:14:06.349Z"}}
{"_index":"ifttt-2018-04-26","_type":"webhook","_id":"Thu Apr 26 2018 15:09:33 GMT+0000 (UTC)","_score":1,"_source":{"time":"April 26, 2018","device":"miniCam","message":"motion","location":"Exterior-FrontDoor","timestamp":"2018-04-26T15:09:33.831Z"}}
{"_index":"ifttt-2018-04-26","_type":"webhook","_id":"Thu Apr 26 2018 17:53:11 GMT+0000 (UTC)","_score":1,"_source":{"time":"April 26, 2018 at 01:53PM","device":"Alexa","message":"Voice Deactivation","target":"lamp","timestamp":"2018-04-26T17:53:11.982Z"}}
{"_index":"ifttt-2018-04-26","_type":"webhook","_id":"Thu Apr 26 2018 17:59:14 GMT+0000 (UTC)","_score":1,"_source":{"time":"April 26, 2018","device":"miniCam","message":"motion","location":"Exterior-FrontDoor","timestamp":"2018-04-26T17:59:14.904Z"}}
{"_index":"ifttt-2018-04-26","_type":"webhook","_id":"Thu Apr 26 2018 18:54:16 GMT+0000 (UTC)","_score":1,"_source":{"time":"April 26, 2018","device":"miniCam","message":"motion","location":"Exterior-FrontDoor","timestamp":"2018-04-26T18:54:16.909Z"}}
{"_index":"ifttt-2018-04-26","_type":"webhook","_id":"Thu Apr 26 2018 19:19:40 GMT+0000 (UTC)","_score":1,"_source":{"device":"Room1Plug1","message":"Activated","timestamp":"2018-04-26T19:19:40.352Z"}}
{"_index":"ifttt-2018-04-26","_type":"webhook","_id":"Thu Apr 26 2018 19:24:41 GMT+0000 (UTC)","_score":1,"_source":{"time":"April 26, 2018","device":"miniCam","message":"motion","location":"Exterior-FrontDoor","timestamp":"2018-04-26T19:24:41.316Z"}}
{"_index":"ifttt-2018-04-26","_type":"webhook","_id":"Thu Apr 26 2018 19:54:18 GMT+0000 (UTC)","_score":1,"_source":{"time":"April 26, 2018","device":"miniCam","message":"motion","location":"Exterior-FrontDoor","timestamp":"2018-04-26T19:54:18.148Z"}}
{"_index":"ifttt-2018-04-26","_type":"webhook","_id":"Thu Apr 26 2018 20:59:09 GMT+0000 (UTC)","_score":1,"_source":{"time":"April 26, 2018","device":"miniCam","message":"motion","location":"Exterior-FrontDoor","timestamp":"2018-04-26T20:59:09.860Z"}}
{"_index":"ifttt-2018-04-26","_type":"webhook","_id":"Thu Apr 26 2018 21:04:38 GMT+0000 (UTC)","_score":1,"_source":{"time":"April 26, 2018","device":"miniCam","message":"motion","location":"Exterior-FrontDoor","timestamp":"2018-04-26T21:04:38.520Z"}}
{"_index":"ifttt-2018-04-26","_type":"webhook","_id":"Thu Apr 26 2018 02:29:03 GMT+0000 (UTC)","_score":1,"_source":{"time":"April 26, 2018","device":"miniCam","message":"motion","location":"Exterior-FrontDoor","timestamp":"2018-04-26T02:29:03.034Z"}}
{"_index":"ifttt-2018-04-26","_type":"webhook","_id":"Thu Apr 26 2018 13:39:10 GMT+0000 (UTC)","_score":1,"_source":{"time":"April 26, 2018","device":"miniCam","message":"motion","location":"Exterior-FrontDoor","timestamp":"2018-04-26T13:39:10.597Z"}}
{"_index":"ifttt-2018-04-26","_type":"webhook","_id":"Thu Apr 26 2018 13:49:21 GMT+0000 (UTC)","_score":1,"_source":{"time":"April 26, 2018","device":"miniCam","message":"motion","location":"Exterior-FrontDoor","timestamp":"2018-04-26T13:49:21.014Z"}}
{"_index":"ifttt-2018-04-26","_type":"webhook","_id":"Thu Apr 26 2018 15:29:17 GMT+0000 (UTC)","_score":1,"_source":{"time":"April 26, 2018","device":"miniCam","message":"motion","location":"Exterior-FrontDoor","timestamp":"2018-04-26T15:29:17.712Z"}}
{"_index":"ifttt-2018-04-26","_type":"webhook","_id":"Thu Apr 26 2018 17:54:20 GMT+0000 (UTC)","_score":1,"_source":{"time":"April 26, 2018","device":"miniCam","message":"motion","location":"Exterior-FrontDoor","timestamp":"2018-04-26T17:54:20.983Z"}}
{"_index":"ifttt-2018-04-26","_type":"webhook","_id":"Thu Apr 26 2018 19:09:25 GMT+0000 (UTC)","_score":1,"_source":{"time":"April 26, 2018","device":"miniCam","message":"motion","location":"Exterior-FrontDoor","timestamp":"2018-04-26T19:09:25.630Z"}}
{"_index":"ifttt-2018-04-26","_type":"webhook","_id":"Thu Apr 26 2018 19:29:17 GMT+0000 (UTC)","_score":1,"_source":{"time":"April 26, 2018","device":"miniCam","message":"motion","location":"Exterior-FrontDoor","timestamp":"2018-04-26T19:29:17.352Z"}}
{"_index":"ifttt-2018-04-26","_type":"webhook","_id":"Thu Apr 26 2018 16:14:20 GMT+0000 (UTC)","_score":1,"_source":{"device":"Room1Plug1","message":"Activated","timestamp":"2018-04-26T16:14:20.966Z"}}
{"_index":"ifttt-2018-04-26","_type":"webhook","_id":"Thu Apr 26 2018 15:38:12 GMT+0000 (UTC)","_score":1,"_source":{"device":"Room1Lamp","message":"Activated","timestamp":"2018-04-26T15:38:12.418Z"}}
{"_index":"ifttt-2018-04-26","_type":"webhook","_id":"Thu Apr 26 2018 16:38:15 GMT+0000 (UTC)","_score":1,"_source":{"device":"Room1Lamp","message":"Activated","timestamp":"2018-04-26T16:38:15.583Z"}}
{"_index":"ifttt-2018-04-26","_type":"webhook","_id":"Thu Apr 26 2018 19:59:06 GMT+0000 (UTC)","_score":1,"_source":{"time":"April 26, 2018","device":"miniCam","message":"motion","location":"Exterior-FrontDoor","timestamp":"2018-04-26T19:59:06.635Z"}}
{"_index":"ifttt-2018-04-26","_type":"webhook","_id":"Thu Apr 26 2018 19:59:07 GMT+0000 (UTC)","_score":1,"_source":{"time":"April 26, 2018","device":"miniCam","message":"motion","location":"Exterior-FrontDoor","timestamp":"2018-04-26T19:59:07.352Z"}}
{"_index":"ifttt-2018-04-26","_type":"webhook","_id":"Thu Apr 26 2018 23:09:18 GMT+0000 (UTC)","_score":1,"_source":{"time":"April 26, 2018","device":"miniCam","message":"motion","location":"Exterior-FrontDoor","timestamp":"2018-04-26T23:09:18.798Z"}}
{"_index":"ifttt-2018-04-26","_type":"webhook","_id":"Thu Apr 26 2018 23:09:19 GMT+0000 (UTC)","_score":1,"_source":{"time":"April 26, 2018","device":"miniCam","message":"motion","location":"Exterior-FrontDoor","timestamp":"2018-04-26T23:09:19.508Z"}}
{"_index":"ifttt-2018-04-26","_type":"webhook","_id":"Thu Apr 26 2018 09:19:17 GMT+0000 (UTC)","_score":1,"_source":{"time":"April 26, 2018","device":"miniCam","message":"motion","location":"Exterior-FrontDoor","timestamp":"2018-04-26T09:19:17.662Z"}}
{"_index":"ifttt-2018-04-26","_type":"webhook","_id":"Thu Apr 26 2018 11:44:05 GMT+0000 (UTC)","_score":1,"_source":{"time":"April 26, 2018","device":"miniCam","message":"motion","location":"Exterior-FrontDoor","timestamp":"2018-04-26T11:44:05.281Z"}}
{"_index":"ifttt-2018-04-26","_type":"webhook","_id":"Thu Apr 26 2018 13:39:09 GMT+0000 (UTC)","_score":1,"_source":{"time":"April 26, 2018","device":"miniCam","message":"motion","location":"Exterior-FrontDoor","timestamp":"2018-04-26T13:39:09.824Z"}}
{"_index":"ifttt-2018-04-26","_type":"webhook","_id":"Thu Apr 26 2018 13:44:18 GMT+0000 (UTC)","_score":1,"_source":{"time":"April 26, 2018","device":"miniCam","message":"motion","location":"Exterior-FrontDoor","timestamp":"2018-04-26T13:44:18.587Z"}}
{"_index":"ifttt-2018-04-26","_type":"webhook","_id":"Thu Apr 26 2018 15:39:35 GMT+0000 (UTC)","_score":1,"_source":{"time":"April 26, 2018","device":"miniCam","message":"motion","location":"Exterior-FrontDoor","timestamp":"2018-04-26T15:39:35.837Z"}}
{"_index":"ifttt-2018-04-26","_type":"webhook","_id":"Thu Apr 26 2018 16:39:11 GMT+0000 (UTC)","_score":1,"_source":{"time":"April 26, 2018","device":"miniCam","message":"motion","location":"Exterior-FrontDoor","timestamp":"2018-04-26T16:39:11.952Z"}}
{"_index":"ifttt-2018-04-26","_type":"webhook","_id":"Thu Apr 26 2018 17:04:13 GMT+0000 (UTC)","_score":1,"_source":{"time":"April 26, 2018","device":"miniCam","message":"motion","location":"Exterior-FrontDoor","timestamp":"2018-04-26T17:04:13.096Z"}}
{"_index":"ifttt-2018-04-26","_type":"webhook","_id":"Thu Apr 26 2018 17:34:26 GMT+0000 (UTC)","_score":1,"_source":{"time":"April 26, 2018","device":"miniCam","message":"motion","location":"Exterior-FrontDoor","timestamp":"2018-04-26T17:34:26.687Z"}}
{"_index":"ifttt-2018-04-26","_type":"webhook","_id":"Thu Apr 26 2018 05:23:23 GMT+0000 (UTC)","_score":1,"_source":{"device":"Room1Lamp","message":"Activated","timestamp":"2018-04-26T05:23:23.759Z"}}
{"_index":"ifttt-2018-04-26","_type":"webhook","_id":"Thu Apr 26 2018 13:44:17 GMT+0000 (UTC)","_score":1,"_source":{"time":"April 26, 2018","device":"miniCam","message":"motion","location":"Exterior-FrontDoor","timestamp":"2018-04-26T13:44:17.535Z"}}
{"_index":"ifttt-2018-04-26","_type":"webhook","_id":"Thu Apr 26 2018 17:53:33 GMT+0000 (UTC)","_score":1,"_source":{"time":" April 26, 2018 at 01:53PM","device":"Alexa","message":"Voice Activation","target":"lamp","timestamp":"2018-04-26T17:53:33.162Z"}}
{"_index":"ifttt-2018-04-26","_type":"webhook","_id":"Thu Apr 26 2018 17:59:15 GMT+0000 (UTC)","_score":1,"_source":{"time":"April 26, 2018","device":"miniCam","message":"motion","location":"Exterior-FrontDoor","timestamp":"2018-04-26T17:59:15.572Z"}}
{"_index":"ifttt-2018-04-26","_type":"webhook","_id":"Thu Apr 26 2018 18:39:19 GMT+0000 (UTC)","_score":1,"_source":{"time":"April 26, 2018","device":"miniCam","message":"motion","location":"Exterior-FrontDoor","timestamp":"2018-04-26T18:39:19.421Z"}}
{"_index":"ifttt-2018-04-26","_type":"webhook","_id":"Thu Apr 26 2018 18:51:49 GMT+0000 (UTC)","_score":1,"_source":{"time":" April 26, 2018 at 02:51PM","device":"Alexa","message":"Voice Activation","target":"lamp","timestamp":"2018-04-26T18:51:49.757Z"}}
{"_index":"ifttt-2018-04-26","_type":"webhook","_id":"Thu Apr 26 2018 19:29:18 GMT+0000 (UTC)","_score":1,"_source":{"time":"April 26, 2018","device":"miniCam","message":"motion","location":"Exterior-FrontDoor","timestamp":"2018-04-26T19:29:18.109Z"}}
{"_index":"ifttt-2018-04-26","_type":"webhook","_id":"Thu Apr 26 2018 20:14:23 GMT+0000 (UTC)","_score":1,"_source":{"time":"April 26, 2018","device":"miniCam","message":"motion","location":"Exterior-FrontDoor","timestamp":"2018-04-26T20:14:23.032Z"}}
