{"_index":"ifttt-2018-04-23","_type":"webhook","_id":"Mon Apr 23 2018 13:56:15 GMT+0000 (UTC)","_score":1,"_source":{"time":"April 23, 2018","device":"miniCam","message":"motion","location":"Exterior-FrontDoor","timestamp":"2018-04-23T13:56:15.650Z"}}
{"_index":"ifttt-2018-04-23","_type":"webhook","_id":"Mon Apr 23 2018 14:26:23 GMT+0000 (UTC)","_score":1,"_source":{"time":"April 23, 2018","device":"miniCam","message":"motion","location":"Exterior-FrontDoor","timestamp":"2018-04-23T14:26:23.828Z"}}
{"_index":"ifttt-2018-04-23","_type":"webhook","_id":"Mon Apr 23 2018 17:41:11 GMT+0000 (UTC)","_score":1,"_source":{"time":"April 23, 2018","device":"miniCam","message":"motion","location":"Exterior-FrontDoor","timestamp":"2018-04-23T17:41:11.463Z"}}
{"_index":"ifttt-2018-04-23","_type":"webhook","_id":"Mon Apr 23 2018 17:51:09 GMT+0000 (UTC)","_score":1,"_source":{"time":"April 23, 2018","device":"miniCam","message":"motion","location":"Exterior-FrontDoor","timestamp":"2018-04-23T17:51:09.498Z"}}
{"_index":"ifttt-2018-04-23","_type":"webhook","_id":"Mon Apr 23 2018 18:26:27 GMT+0000 (UTC)","_score":1,"_source":{"time":"April 23, 2018","device":"miniCam","message":"motion","location":"Exterior-FrontDoor","timestamp":"2018-04-23T18:26:27.000Z"}}
{"_index":"ifttt-2018-04-23","_type":"webhook","_id":"Mon Apr 23 2018 21:16:23 GMT+0000 (UTC)","_score":1,"_source":{"time":"April 23, 2018","device":"miniCam","message":"motion","location":"Exterior-FrontDoor","timestamp":"2018-04-23T21:16:23.505Z"}}
{"_index":"ifttt-2018-04-23","_type":"webhook","_id":"Mon Apr 23 2018 21:31:25 GMT+0000 (UTC)","_score":1,"_source":{"time":"April 23, 2018","device":"miniCam","message":"motion","location":"Exterior-FrontDoor","timestamp":"2018-04-23T21:31:25.377Z"}}
{"_index":"ifttt-2018-04-23","_type":"webhook","_id":"Mon Apr 23 2018 10:11:17 GMT+0000 (UTC)","_score":1,"_source":{"device":"Plug1","message":"Activated","time":" ","timestamp":"2018-04-23T10:11:17.756Z"}}
{"_index":"ifttt-2018-04-23","_type":"webhook","_id":"Mon Apr 23 2018 02:57:17 GMT+0000 (UTC)","_score":1,"_source":{"device":"Room1Lamp","message":"Activated","timestamp":"2018-04-23T02:57:17.763Z"}}
{"_index":"ifttt-2018-04-23","_type":"webhook","_id":"Mon Apr 23 2018 12:47:29 GMT+0000 (UTC)","_score":1,"_source":{"device":"Room1Lamp","message":"Activated","timestamp":"2018-04-23T12:47:29.026Z"}}
{"_index":"ifttt-2018-04-23","_type":"webhook","_id":"Mon Apr 23 2018 21:31:26 GMT+0000 (UTC)","_score":1,"_source":{"time":"April 23, 2018","device":"miniCam","message":"motion","location":"Exterior-FrontDoor","timestamp":"2018-04-23T21:31:26.609Z"}}
{"_index":"ifttt-2018-04-23","_type":"webhook","_id":"Mon Apr 23 2018 04:38:20 GMT+0000 (UTC)","_score":1,"_source":{"device":"Room1Plug1","message":"Activated","timestamp":"2018-04-23T04:38:20.775Z"}}
{"_index":"ifttt-2018-04-23","_type":"webhook","_id":"Mon Apr 23 2018 06:01:54 GMT+0000 (UTC)","_score":1,"_source":{"device":"Plug1","message":"Activated","time":" ","timestamp":"2018-04-23T06:01:54.178Z"}}
{"_index":"ifttt-2018-04-23","_type":"webhook","_id":"Mon Apr 23 2018 13:31:34 GMT+0000 (UTC)","_score":1,"_source":{"time":"April 23, 2018","device":"miniCam","message":"motion","location":"Exterior-FrontDoor","timestamp":"2018-04-23T13:31:34.629Z"}}
{"_index":"ifttt-2018-04-23","_type":"webhook","_id":"Mon Apr 23 2018 13:48:42 GMT+0000 (UTC)","_score":1,"_source":{"device":"Room1Plug1","message":"Activated","timestamp":"2018-04-23T13:48:42.993Z"}}
{"_index":"ifttt-2018-04-23","_type":"webhook","_id":"Mon Apr 23 2018 14:16:32 GMT+0000 (UTC)","_score":1,"_source":{"device":"Plug1","message":"Activated","time":" ","timestamp":"2018-04-23T14:16:32.690Z"}}
{"_index":"ifttt-2018-04-23","_type":"webhook","_id":"Mon Apr 23 2018 17:46:06 GMT+0000 (UTC)","_score":1,"_source":{"time":"April 23, 2018","device":"miniCam","message":"motion","location":"Exterior-FrontDoor","timestamp":"2018-04-23T17:46:06.597Z"}}
{"_index":"ifttt-2018-04-23","_type":"webhook","_id":"Mon Apr 23 2018 19:06:31 GMT+0000 (UTC)","_score":1,"_source":{"time":"April 23, 2018","device":"miniCam","message":"motion","location":"Exterior-FrontDoor","timestamp":"2018-04-23T19:06:31.134Z"}}
{"_index":"ifttt-2018-04-23","_type":"webhook","_id":"Mon Apr 23 2018 21:16:24 GMT+0000 (UTC)","_score":1,"_source":{"time":"April 23, 2018","device":"miniCam","message":"motion","location":"Exterior-FrontDoor","timestamp":"2018-04-23T21:16:24.427Z"}}
{"_index":"ifttt-2018-04-23","_type":"webhook","_id":"Mon Apr 23 2018 12:21:16 GMT+0000 (UTC)","_score":1,"_source":{"time":"April 23, 2018","device":"miniCam","message":"motion","location":"Exterior-FrontDoor","timestamp":"2018-04-23T12:21:16.512Z"}}
{"_index":"ifttt-2018-04-23","_type":"webhook","_id":"Mon Apr 23 2018 12:56:37 GMT+0000 (UTC)","_score":1,"_source":{"time":"April 23, 2018","device":"miniCam","message":"motion","location":"Exterior-FrontDoor","timestamp":"2018-04-23T12:56:37.945Z"}}
{"_index":"ifttt-2018-04-23","_type":"webhook","_id":"Mon Apr 23 2018 13:26:16 GMT+0000 (UTC)","_score":1,"_source":{"time":"April 23, 2018","device":"miniCam","message":"motion","location":"Exterior-FrontDoor","timestamp":"2018-04-23T13:26:16.943Z"}}
{"_index":"ifttt-2018-04-23","_type":"webhook","_id":"Mon Apr 23 2018 15:16:10 GMT+0000 (UTC)","_score":1,"_source":{"time":"April 23, 2018","device":"miniCam","message":"motion","location":"Exterior-FrontDoor","timestamp":"2018-04-23T15:16:10.841Z"}}
{"_index":"ifttt-2018-04-23","_type":"webhook","_id":"Mon Apr 23 2018 15:26:04 GMT+0000 (UTC)","_score":1,"_source":{"time":"April 23, 2018","device":"miniCam","message":"motion","location":"Exterior-FrontDoor","timestamp":"2018-04-23T15:26:04.586Z"}}
{"_index":"ifttt-2018-04-23","_type":"webhook","_id":"Mon Apr 23 2018 18:41:08 GMT+0000 (UTC)","_score":1,"_source":{"time":"April 23, 2018","device":"miniCam","message":"motion","location":"Exterior-FrontDoor","timestamp":"2018-04-23T18:41:08.367Z"}}
{"_index":"ifttt-2018-04-23","_type":"webhook","_id":"Mon Apr 23 2018 08:06:14 GMT+0000 (UTC)","_score":1,"_source":{"device":"Plug1","message":"Activated","time":" ","timestamp":"2018-04-23T08:06:14.633Z"}}
{"_index":"ifttt-2018-04-23","_type":"webhook","_id":"Mon Apr 23 2018 20:26:07 GMT+0000 (UTC)","_score":1,"_source":{"device":"Plug1","message":"Activated","time":" ","timestamp":"2018-04-23T20:26:07.662Z"}}
{"_index":"ifttt-2018-04-23","_type":"webhook","_id":"Mon Apr 23 2018 08:43:27 GMT+0000 (UTC)","_score":1,"_source":{"device":"Room1Plug1","message":"Activated","timestamp":"2018-04-23T08:43:27.060Z"}}
{"_index":"ifttt-2018-04-23","_type":"webhook","_id":"Mon Apr 23 2018 19:53:19 GMT+0000 (UTC)","_score":1,"_source":{"device":"Room1Plug1","message":"Activated","timestamp":"2018-04-23T19:53:19.907Z"}}
{"_index":"ifttt-2018-04-23","_type":"webhook","_id":"Mon Apr 23 2018 14:06:13 GMT+0000 (UTC)","_score":1,"_source":{"time":"April 23, 2018","device":"miniCam","message":"motion","location":"Exterior-FrontDoor","timestamp":"2018-04-23T14:06:13.029Z"}}
{"_index":"ifttt-2018-04-23","_type":"webhook","_id":"Mon Apr 23 2018 15:01:41 GMT+0000 (UTC)","_score":1,"_source":{"time":"April 23, 2018","device":"miniCam","message":"motion","location":"Exterior-FrontDoor","timestamp":"2018-04-23T15:01:41.941Z"}}
{"_index":"ifttt-2018-04-23","_type":"webhook","_id":"Mon Apr 23 2018 15:06:05 GMT+0000 (UTC)","_score":1,"_source":{"time":"April 23, 2018","device":"miniCam","message":"motion","location":"Exterior-FrontDoor","timestamp":"2018-04-23T15:06:05.348Z"}}
{"_index":"ifttt-2018-04-23","_type":"webhook","_id":"Mon Apr 23 2018 17:31:32 GMT+0000 (UTC)","_score":1,"_source":{"time":"April 23, 2018","device":"miniCam","message":"motion","location":"Exterior-FrontDoor","timestamp":"2018-04-23T17:31:32.053Z"}}
{"_index":"ifttt-2018-04-23","_type":"webhook","_id":"Mon Apr 23 2018 18:56:21 GMT+0000 (UTC)","_score":1,"_source":{"time":"April 23, 2018","device":"miniCam","message":"motion","location":"Exterior-FrontDoor","timestamp":"2018-04-23T18:56:21.596Z"}}
{"_index":"ifttt-2018-04-23","_type":"webhook","_id":"Mon Apr 23 2018 19:11:11 GMT+0000 (UTC)","_score":1,"_source":{"time":"April 23, 2018","device":"miniCam","message":"motion","location":"Exterior-FrontDoor","timestamp":"2018-04-23T19:11:11.926Z"}}
{"_index":"ifttt-2018-04-23","_type":"webhook","_id":"Mon Apr 23 2018 12:48:06 GMT+0000 (UTC)","_score":1,"_source":{"device":"Room1Plug1","message":"Activated","timestamp":"2018-04-23T12:48:06.632Z"}}
{"_index":"ifttt-2018-04-23","_type":"webhook","_id":"Mon Apr 23 2018 15:52:22 GMT+0000 (UTC)","_score":1,"_source":{"device":"Room1Lamp","message":"Activated","timestamp":"2018-04-23T15:52:22.440Z"}}
{"_index":"ifttt-2018-04-23","_type":"webhook","_id":"Mon Apr 23 2018 18:57:17 GMT+0000 (UTC)","_score":1,"_source":{"device":"Room1Lamp","message":"Activated","timestamp":"2018-04-23T18:57:17.095Z"}}
{"_index":"ifttt-2018-04-23","_type":"webhook","_id":"Mon Apr 23 2018 15:11:12 GMT+0000 (UTC)","_score":1,"_source":{"time":"April 23, 2018","device":"miniCam","message":"motion","location":"Exterior-FrontDoor","timestamp":"2018-04-23T15:11:12.843Z"}}
{"_index":"ifttt-2018-04-23","_type":"webhook","_id":"Mon Apr 23 2018 13:26:15 GMT+0000 (UTC)","_score":1,"_source":{"time":"April 23, 2018","device":"miniCam","message":"motion","location":"Exterior-FrontDoor","timestamp":"2018-04-23T13:26:15.392Z"}}
{"_index":"ifttt-2018-04-23","_type":"webhook","_id":"Mon Apr 23 2018 13:51:46 GMT+0000 (UTC)","_score":1,"_source":{"time":"April 23, 2018","device":"miniCam","message":"motion","location":"Exterior-FrontDoor","timestamp":"2018-04-23T13:51:46.286Z"}}
{"_index":"ifttt-2018-04-23","_type":"webhook","_id":"Mon Apr 23 2018 14:01:38 GMT+0000 (UTC)","_score":1,"_source":{"time":"April 23, 2018","device":"miniCam","message":"motion","location":"Exterior-FrontDoor","timestamp":"2018-04-23T14:01:38.996Z"}}
{"_index":"ifttt-2018-04-23","_type":"webhook","_id":"Mon Apr 23 2018 16:01:41 GMT+0000 (UTC)","_score":1,"_source":{"time":"April 23, 2018","device":"miniCam","message":"motion","location":"Exterior-FrontDoor","timestamp":"2018-04-23T16:01:41.189Z"}}
{"_index":"ifttt-2018-04-23","_type":"webhook","_id":"Mon Apr 23 2018 18:56:20 GMT+0000 (UTC)","_score":1,"_source":{"time":"April 23, 2018","device":"miniCam","message":"motion","location":"Exterior-FrontDoor","timestamp":"2018-04-23T18:56:20.992Z"}}
{"_index":"ifttt-2018-04-23","_type":"webhook","_id":"Mon Apr 23 2018 19:06:30 GMT+0000 (UTC)","_score":1,"_source":{"time":"April 23, 2018","device":"miniCam","message":"motion","location":"Exterior-FrontDoor","timestamp":"2018-04-23T19:06:30.419Z"}}
