{"_index":"ifttt-2018-04-17","_type":"webhook","_id":"Tue Apr 17 2018 14:43:44 GMT+0000 (UTC)","_score":1,"_source":{"time":" April 17, 2018 at 10:43AM","device":"Alexa","message":"Voice Activation","target":"lamp","timestamp":"2018-04-17T14:43:44.177Z"}}
{"_index":"ifttt-2018-04-17","_type":"webhook","_id":"Tue Apr 17 2018 14:27:33 GMT+0000 (UTC)","_score":1,"_source":{"time":"April 17, 2018","device":"miniCam","message":"motion","location":"Exterior-FrontDoor","timestamp":"2018-04-17T14:27:33.220Z"}}
{"_index":"ifttt-2018-04-17","_type":"webhook","_id":"Tue Apr 17 2018 14:32:24 GMT+0000 (UTC)","_score":1,"_source":{"time":"April 17, 2018","device":"miniCam","message":"motion","location":"Exterior-FrontDoor","timestamp":"2018-04-17T14:32:24.675Z"}}
{"_index":"ifttt-2018-04-17","_type":"webhook","_id":"Tue Apr 17 2018 14:42:08 GMT+0000 (UTC)","_score":1,"_source":{"time":"April 17, 2018","device":"miniCam","message":"motion","location":"Exterior-FrontDoor","timestamp":"2018-04-17T14:42:08.754Z"}}
{"_index":"ifttt-2018-04-17","_type":"webhook","_id":"Tue Apr 17 2018 14:42:09 GMT+0000 (UTC)","_score":1,"_source":{"time":"April 17, 2018","device":"miniCam","message":"motion","location":"Exterior-FrontDoor","timestamp":"2018-04-17T14:42:09.367Z"}}
{"_index":"ifttt-2018-04-17","_type":"webhook","_id":"Tue Apr 17 2018 14:44:36 GMT+0000 (UTC)","_score":1,"_source":{"device":"FrontLock1","status":"Locked","user":"Manny Kin","timestamp":"2018-04-17T14:44:36.501Z"}}
{"_index":"ifttt-2018-04-17","_type":"webhook","_id":"Tue Apr 17 2018 03:40:11 GMT+0000 (UTC)","_score":1,"_source":{"device":"Room1Lamp","message":"Off","timestamp":"2018-04-17T03:40:11.078Z"}}
{"_index":"ifttt-2018-04-17","_type":"webhook","_id":"Tue Apr 17 2018 08:55:21 GMT+0000 (UTC)","_score":1,"_source":{"device":"Room1Lamp","message":"Off","timestamp":"2018-04-17T08:55:21.279Z"}}
{"_index":"ifttt-2018-04-17","_type":"webhook","_id":"Tue Apr 17 2018 13:05:38 GMT+0000 (UTC)","_score":1,"_source":{"device":"Room1Lamp","message":"Off","timestamp":"2018-04-17T13:05:38.905Z"}}
{"_index":"ifttt-2018-04-17","_type":"webhook","_id":"Tue Apr 17 2018 15:22:33 GMT+0000 (UTC)","_score":1,"_source":{"time":"April 17, 2018","device":"miniCam","message":"motion","location":"Exterior-FrontDoor","timestamp":"2018-04-17T15:22:33.929Z"}}
{"_index":"ifttt-2018-04-17","_type":"webhook","_id":"Tue Apr 17 2018 15:27:28 GMT+0000 (UTC)","_score":1,"_source":{"time":"April 17, 2018","device":"miniCam","message":"motion","location":"Exterior-FrontDoor","timestamp":"2018-04-17T15:27:28.796Z"}}
{"_index":"ifttt-2018-04-17","_type":"webhook","_id":"Tue Apr 17 2018 15:37:12 GMT+0000 (UTC)","_score":1,"_source":{"time":"April 17, 2018","device":"miniCam","message":"motion","location":"Exterior-FrontDoor","timestamp":"2018-04-17T15:37:12.815Z"}}
{"_index":"ifttt-2018-04-17","_type":"webhook","_id":"Tue Apr 17 2018 16:02:06 GMT+0000 (UTC)","_score":1,"_source":{"time":"April 17, 2018","device":"miniCam","message":"motion","location":"Exterior-FrontDoor","timestamp":"2018-04-17T16:02:06.741Z"}}
{"_index":"ifttt-2018-04-17","_type":"webhook","_id":"Tue Apr 17 2018 16:32:05 GMT+0000 (UTC)","_score":1,"_source":{"time":"April 17, 2018","device":"miniCam","message":"motion","location":"Exterior-FrontDoor","timestamp":"2018-04-17T16:32:05.516Z"}}
{"_index":"ifttt-2018-04-17","_type":"webhook","_id":"Tue Apr 17 2018 17:27:24 GMT+0000 (UTC)","_score":1,"_source":{"time":"April 17, 2018","device":"miniCam","message":"motion","location":"Exterior-FrontDoor","timestamp":"2018-04-17T17:27:24.433Z"}}
{"_index":"ifttt-2018-04-17","_type":"webhook","_id":"Tue Apr 17 2018 17:08:18 GMT+0000 (UTC)","_score":1,"_source":{"device":"FrontLock1","status":"Locked","user":"Manny Kin","timestamp":"2018-04-17T17:08:18.190Z"}}
{"_index":"ifttt-2018-04-17","_type":"webhook","_id":"Tue Apr 17 2018 16:10:18 GMT+0000 (UTC)","_score":1,"_source":{"device":"Room1Lamp","message":"Off","timestamp":"2018-04-17T16:10:18.034Z"}}
{"_index":"ifttt-2018-04-17","_type":"webhook","_id":"Tue Apr 17 2018 17:22:15 GMT+0000 (UTC)","_score":1,"_source":{"time":"April 17, 2018","device":"miniCam","message":"motion","location":"Exterior-FrontDoor","timestamp":"2018-04-17T17:22:15.866Z"}}
{"_index":"ifttt-2018-04-17","_type":"webhook","_id":"Tue Apr 17 2018 17:07:06 GMT+0000 (UTC)","_score":1,"_source":{"device":"FrontLock1","status":"Unlocked","user":"Manny Kin","timestamp":"2018-04-17T17:07:06.971Z"}}
{"_index":"ifttt-2018-04-17","_type":"webhook","_id":"Tue Apr 17 2018 17:37:15 GMT+0000 (UTC)","_score":1,"_source":{"time":"April 17, 2018","device":"miniCam","message":"motion","location":"Exterior-FrontDoor","timestamp":"2018-04-17T17:37:15.986Z"}}
{"_index":"ifttt-2018-04-17","_type":"webhook","_id":"Tue Apr 17 2018 17:35:42 GMT+0000 (UTC)","_score":1,"_source":{"device":"FrontLock1","status":"Unlocked","user":"Manual Unlock","timestamp":"2018-04-17T17:35:42.956Z"}}
{"_index":"ifttt-2018-04-17","_type":"webhook","_id":"Tue Apr 17 2018 17:38:21 GMT+0000 (UTC)","_score":1,"_source":{"device":"FrontLock1","status":"Locked","user":"Manual Lock","timestamp":"2018-04-17T17:38:21.531Z"}}
{"_index":"ifttt-2018-04-17","_type":"webhook","_id":"Tue Apr 17 2018 17:37:13 GMT+0000 (UTC)","_score":1,"_source":{"device":"FrontLock1","status":"Unlocked","user":"Manual Unlock","timestamp":"2018-04-17T17:37:13.818Z"}}
{"_index":"ifttt-2018-04-17","_type":"webhook","_id":"Tue Apr 17 2018 17:37:20 GMT+0000 (UTC)","_score":1,"_source":{"device":"FrontLock1","status":"Unlocked","user":"Manual Unlock","timestamp":"2018-04-17T17:37:20.815Z"}}
{"_index":"ifttt-2018-04-17","_type":"webhook","_id":"Tue Apr 17 2018 17:37:23 GMT+0000 (UTC)","_score":1,"_source":{"device":"FrontLock1","status":"Unlocked","user":"Manual Unlock","timestamp":"2018-04-17T17:37:23.678Z"}}
{"_index":"ifttt-2018-04-17","_type":"webhook","_id":"Tue Apr 17 2018 17:38:13 GMT+0000 (UTC)","_score":1,"_source":{"device":"FrontLock1","status":"Locked","user":"Manual Lock","timestamp":"2018-04-17T17:38:13.799Z"}}
{"_index":"ifttt-2018-04-17","_type":"webhook","_id":"Tue Apr 17 2018 17:38:15 GMT+0000 (UTC)","_score":1,"_source":{"device":"FrontLock1","status":"Locked","user":"Manual Lock","timestamp":"2018-04-17T17:38:15.837Z"}}
{"_index":"ifttt-2018-04-17","_type":"webhook","_id":"Tue Apr 17 2018 17:38:17 GMT+0000 (UTC)","_score":1,"_source":{"device":"FrontLock1","status":"Locked","user":"Manual Lock","timestamp":"2018-04-17T17:38:17.910Z"}}
{"_index":"ifttt-2018-04-17","_type":"webhook","_id":"Tue Apr 17 2018 18:10:50 GMT+0000 (UTC)","_score":1,"_source":{"time":" April 17, 2018 at 02:10PM","device":"Alexa","message":"Voice Activation","target":"lamp","timestamp":"2018-04-17T18:10:50.929Z"}}
{"_index":"ifttt-2018-04-17","_type":"webhook","_id":"Tue Apr 17 2018 18:27:47 GMT+0000 (UTC)","_score":1,"_source":{"time":" April 17, 2018 at 02:27PM","device":"Alexa","message":"Voice Activation","target":"lamp","timestamp":"2018-04-17T18:27:47.646Z"}}
{"_index":"ifttt-2018-04-17","_type":"webhook","_id":"Tue Apr 17 2018 17:52:15 GMT+0000 (UTC)","_score":1,"_source":{"time":"April 17, 2018","device":"miniCam","message":"motion","location":"Exterior-FrontDoor","timestamp":"2018-04-17T17:52:15.159Z"}}
{"_index":"ifttt-2018-04-17","_type":"webhook","_id":"Tue Apr 17 2018 18:42:21 GMT+0000 (UTC)","_score":1,"_source":{"time":"April 17, 2018","device":"miniCam","message":"motion","location":"Exterior-FrontDoor","timestamp":"2018-04-17T18:42:21.199Z"}}
{"_index":"ifttt-2018-04-17","_type":"webhook","_id":"Tue Apr 17 2018 18:02:08 GMT+0000 (UTC)","_score":1,"_source":{"device":"FrontLock1","status":"Unlocked","user":"Manny Kin","timestamp":"2018-04-17T18:02:08.122Z"}}
{"_index":"ifttt-2018-04-17","_type":"webhook","_id":"Tue Apr 17 2018 18:28:19 GMT+0000 (UTC)","_score":1,"_source":{"device":"FrontLock1","status":"Locked","user":"Manny Kin","timestamp":"2018-04-17T18:28:19.559Z"}}
{"_index":"ifttt-2018-04-17","_type":"webhook","_id":"Tue Apr 17 2018 18:33:09 GMT+0000 (UTC)","_score":1,"_source":{"device":"FrontLock1","status":"Locked","user":"Manny Kin","timestamp":"2018-04-17T18:33:09.311Z"}}
{"_index":"ifttt-2018-04-17","_type":"webhook","_id":"Tue Apr 17 2018 18:15:40 GMT+0000 (UTC)","_score":1,"_source":{"device":"Room1Lamp","message":"Off","timestamp":"2018-04-17T18:15:40.605Z"}}
{"_index":"ifttt-2018-04-17","_type":"webhook","_id":"Tue Apr 17 2018 17:57:20 GMT+0000 (UTC)","_score":1,"_source":{"time":"April 17, 2018","device":"miniCam","message":"motion","location":"Exterior-FrontDoor","timestamp":"2018-04-17T17:57:20.870Z"}}
{"_index":"ifttt-2018-04-17","_type":"webhook","_id":"Tue Apr 17 2018 19:27:26 GMT+0000 (UTC)","_score":1,"_source":{"time":"April 17, 2018","device":"miniCam","message":"motion","location":"Exterior-FrontDoor","timestamp":"2018-04-17T19:27:26.519Z"}}
{"_index":"ifttt-2018-04-17","_type":"webhook","_id":"Tue Apr 17 2018 19:47:31 GMT+0000 (UTC)","_score":1,"_source":{"time":"April 17, 2018","device":"miniCam","message":"motion","location":"Exterior-FrontDoor","timestamp":"2018-04-17T19:47:31.544Z"}}
{"_index":"ifttt-2018-04-17","_type":"webhook","_id":"Tue Apr 17 2018 20:07:39 GMT+0000 (UTC)","_score":1,"_source":{"time":"April 17, 2018","device":"miniCam","message":"motion","location":"Exterior-FrontDoor","timestamp":"2018-04-17T20:07:39.980Z"}}
{"_index":"ifttt-2018-04-17","_type":"webhook","_id":"Tue Apr 17 2018 19:47:15 GMT+0000 (UTC)","_score":1,"_source":{"device":"FrontLock1","status":"Unlocked","user":"Manual Unlock","timestamp":"2018-04-17T19:47:15.921Z"}}
{"_index":"ifttt-2018-04-17","_type":"webhook","_id":"Tue Apr 17 2018 19:57:18 GMT+0000 (UTC)","_score":1,"_source":{"device":"FrontLock1","status":"Unlocked","user":"Manny Kin","timestamp":"2018-04-17T19:57:18.689Z"}}
{"_index":"ifttt-2018-04-17","_type":"webhook","_id":"Tue Apr 17 2018 18:48:22 GMT+0000 (UTC)","_score":1,"_source":{"device":"FrontLock1","status":"Locked","user":"Manual Lock","timestamp":"2018-04-17T18:48:22.553Z"}}
{"_index":"ifttt-2018-04-17","_type":"webhook","_id":"Tue Apr 17 2018 19:39:27 GMT+0000 (UTC)","_score":1,"_source":{"device":"Plug1","message":"Activated","time":" ","timestamp":"2018-04-17T19:39:27.674Z"}}
{"_index":"ifttt-2018-04-17","_type":"webhook","_id":"Tue Apr 17 2018 19:47:32 GMT+0000 (UTC)","_score":1,"_source":{"time":"April 17, 2018","device":"miniCam","message":"motion","location":"Exterior-FrontDoor","timestamp":"2018-04-17T19:47:32.556Z"}}
{"_index":"ifttt-2018-04-17","_type":"webhook","_id":"Tue Apr 17 2018 20:02:23 GMT+0000 (UTC)","_score":1,"_source":{"device":"FrontLock1","status":"Unlocked","user":"Manny Kin","timestamp":"2018-04-17T20:02:23.728Z"}}
{"_index":"ifttt-2018-04-17","_type":"webhook","_id":"Tue Apr 17 2018 20:12:29 GMT+0000 (UTC)","_score":1,"_source":{"time":"April 17, 2018","device":"miniCam","message":"motion","location":"Exterior-FrontDoor","timestamp":"2018-04-17T20:12:29.178Z"}}
{"_index":"ifttt-2018-04-17","_type":"webhook","_id":"Tue Apr 17 2018 20:32:36 GMT+0000 (UTC)","_score":1,"_source":{"time":"April 17, 2018","device":"miniCam","message":"motion","location":"Exterior-FrontDoor","timestamp":"2018-04-17T20:32:36.544Z"}}
{"_index":"ifttt-2018-04-17","_type":"webhook","_id":"Tue Apr 17 2018 20:44:10 GMT+0000 (UTC)","_score":1,"_source":{"device":"Plug1","message":"Activated","time":" ","timestamp":"2018-04-17T20:44:10.748Z"}}
{"_index":"ifttt-2018-04-17","_type":"webhook","_id":"Tue Apr 17 2018 21:12:48 GMT+0000 (UTC)","_score":1,"_source":{"time":"April 17, 2018","device":"miniCam","message":"motion","location":"Exterior-FrontDoor","timestamp":"2018-04-17T21:12:48.923Z"}}
{"_index":"ifttt-2018-04-17","_type":"webhook","_id":"Tue Apr 17 2018 21:20:07 GMT+0000 (UTC)","_score":1,"_source":{"device":"Room1Lamp","message":"Off","timestamp":"2018-04-17T21:20:07.891Z"}}
{"_index":"ifttt-2018-04-17","_type":"webhook","_id":"Tue Apr 17 2018 21:49:20 GMT+0000 (UTC)","_score":1,"_source":{"device":"Plug1","message":"Activated","time":" ","timestamp":"2018-04-17T21:49:20.332Z"}}
{"_index":"ifttt-2018-04-17","_type":"webhook","_id":"Tue Apr 17 2018 22:02:10 GMT+0000 (UTC)","_score":1,"_source":{"time":"April 17, 2018","device":"miniCam","message":"motion","location":"Exterior-FrontDoor","timestamp":"2018-04-17T22:02:10.656Z"}}
{"_index":"ifttt-2018-04-17","_type":"webhook","_id":"Tue Apr 17 2018 13:07:49 GMT+0000 (UTC)","_score":1,"_source":{"time":"April 17, 2018","device":"miniCam","message":"motion","location":"Exterior-FrontDoor","timestamp":"2018-04-17T13:07:49.856Z"}}
{"_index":"ifttt-2018-04-17","_type":"webhook","_id":"Tue Apr 17 2018 13:12:14 GMT+0000 (UTC)","_score":1,"_source":{"time":"April 17, 2018","device":"miniCam","message":"motion","location":"Exterior-FrontDoor","timestamp":"2018-04-17T13:12:14.959Z"}}
{"_index":"ifttt-2018-04-17","_type":"webhook","_id":"Tue Apr 17 2018 14:47:38 GMT+0000 (UTC)","_score":1,"_source":{"time":"April 17, 2018","device":"miniCam","message":"motion","location":"Exterior-FrontDoor","timestamp":"2018-04-17T14:47:38.856Z"}}
{"_index":"ifttt-2018-04-17","_type":"webhook","_id":"Tue Apr 17 2018 15:45:08 GMT+0000 (UTC)","_score":1,"_source":{"time":"April 17, 2018","device":"miniCam","message":"motion","location":"Exterior-FrontDoor","timestamp":"2018-04-17T15:45:08.435Z"}}
{"_index":"ifttt-2018-04-17","_type":"webhook","_id":"Tue Apr 17 2018 16:12:21 GMT+0000 (UTC)","_score":1,"_source":{"time":"April 17, 2018","device":"miniCam","message":"motion","location":"Exterior-FrontDoor","timestamp":"2018-04-17T16:12:21.571Z"}}
{"_index":"ifttt-2018-04-17","_type":"webhook","_id":"Tue Apr 17 2018 16:22:29 GMT+0000 (UTC)","_score":1,"_source":{"time":"April 17, 2018","device":"miniCam","message":"motion","location":"Exterior-FrontDoor","timestamp":"2018-04-17T16:22:29.229Z"}}
{"_index":"ifttt-2018-04-17","_type":"webhook","_id":"Tue Apr 17 2018 02:43:25 GMT+0000 (UTC)","_score":1,"_source":{"device":"Room1Plug1","message":"Activated","timestamp":"2018-04-17T02:43:25.076Z"}}
{"_index":"ifttt-2018-04-17","_type":"webhook","_id":"Tue Apr 17 2018 02:40:02 GMT+0000 (UTC)","_score":1,"_source":{"device":"Room1Lamp","message":"Off","timestamp":"2018-04-17T02:40:02.608Z"}}
{"_index":"ifttt-2018-04-17","_type":"webhook","_id":"Tue Apr 17 2018 06:50:24 GMT+0000 (UTC)","_score":1,"_source":{"device":"Room1Lamp","message":"Off","timestamp":"2018-04-17T06:50:24.845Z"}}
{"_index":"ifttt-2018-04-17","_type":"webhook","_id":"Tue Apr 17 2018 14:47:37 GMT+0000 (UTC)","_score":1,"_source":{"time":"April 17, 2018","device":"miniCam","message":"motion","location":"Exterior-FrontDoor","timestamp":"2018-04-17T14:47:37.966Z"}}
{"_index":"ifttt-2018-04-17","_type":"webhook","_id":"Tue Apr 17 2018 17:17:27 GMT+0000 (UTC)","_score":1,"_source":{"time":"April 17, 2018","device":"miniCam","message":"motion","location":"Exterior-FrontDoor","timestamp":"2018-04-17T17:17:27.792Z"}}
{"_index":"ifttt-2018-04-17","_type":"webhook","_id":"Tue Apr 17 2018 17:17:28 GMT+0000 (UTC)","_score":1,"_source":{"time":"April 17, 2018","device":"miniCam","message":"motion","location":"Exterior-FrontDoor","timestamp":"2018-04-17T17:17:28.294Z"}}
{"_index":"ifttt-2018-04-17","_type":"webhook","_id":"Tue Apr 17 2018 17:32:13 GMT+0000 (UTC)","_score":1,"_source":{"time":"April 17, 2018","device":"miniCam","message":"motion","location":"Exterior-FrontDoor","timestamp":"2018-04-17T17:32:13.461Z"}}
{"_index":"ifttt-2018-04-17","_type":"webhook","_id":"Tue Apr 17 2018 16:37:21 GMT+0000 (UTC)","_score":1,"_source":{"time":"April 17, 2018","device":"miniCam","message":"motion","location":"Exterior-FrontDoor","timestamp":"2018-04-17T16:37:21.773Z"}}
{"_index":"ifttt-2018-04-17","_type":"webhook","_id":"Tue Apr 17 2018 16:52:29 GMT+0000 (UTC)","_score":1,"_source":{"time":"April 17, 2018","device":"miniCam","message":"motion","location":"Exterior-FrontDoor","timestamp":"2018-04-17T16:52:29.560Z"}}
{"_index":"ifttt-2018-04-17","_type":"webhook","_id":"Tue Apr 17 2018 16:57:25 GMT+0000 (UTC)","_score":1,"_source":{"time":"April 17, 2018","device":"miniCam","message":"motion","location":"Exterior-FrontDoor","timestamp":"2018-04-17T16:57:25.449Z"}}
{"_index":"ifttt-2018-04-17","_type":"webhook","_id":"Tue Apr 17 2018 17:02:43 GMT+0000 (UTC)","_score":1,"_source":{"time":"April 17, 2018","device":"miniCam","message":"motion","location":"Exterior-FrontDoor","timestamp":"2018-04-17T17:02:43.228Z"}}
{"_index":"ifttt-2018-04-17","_type":"webhook","_id":"Tue Apr 17 2018 17:07:10 GMT+0000 (UTC)","_score":1,"_source":{"time":"April 17, 2018","device":"miniCam","message":"motion","location":"Exterior-FrontDoor","timestamp":"2018-04-17T17:07:10.486Z"}}
{"_index":"ifttt-2018-04-17","_type":"webhook","_id":"Tue Apr 17 2018 16:28:36 GMT+0000 (UTC)","_score":1,"_source":{"device":"FrontLock1","status":"Unlocked","user":"Manny Kin","timestamp":"2018-04-17T16:28:36.105Z"}}
{"_index":"ifttt-2018-04-17","_type":"webhook","_id":"Tue Apr 17 2018 16:28:38 GMT+0000 (UTC)","_score":1,"_source":{"device":"FrontLock1","status":"Unlocked","user":"Manny Kin","timestamp":"2018-04-17T16:28:38.092Z"}}
{"_index":"ifttt-2018-04-17","_type":"webhook","_id":"Tue Apr 17 2018 17:32:14 GMT+0000 (UTC)","_score":1,"_source":{"time":"April 17, 2018","device":"miniCam","message":"motion","location":"Exterior-FrontDoor","timestamp":"2018-04-17T17:32:14.669Z"}}
{"_index":"ifttt-2018-04-17","_type":"webhook","_id":"Tue Apr 17 2018 17:42:09 GMT+0000 (UTC)","_score":1,"_source":{"time":"April 17, 2018","device":"miniCam","message":"motion","location":"Exterior-FrontDoor","timestamp":"2018-04-17T17:42:09.314Z"}}
{"_index":"ifttt-2018-04-17","_type":"webhook","_id":"Tue Apr 17 2018 17:47:22 GMT+0000 (UTC)","_score":1,"_source":{"time":"April 17, 2018","device":"miniCam","message":"motion","location":"Exterior-FrontDoor","timestamp":"2018-04-17T17:47:22.441Z"}}
{"_index":"ifttt-2018-04-17","_type":"webhook","_id":"Tue Apr 17 2018 17:37:18 GMT+0000 (UTC)","_score":1,"_source":{"device":"FrontLock1","status":"Unlocked","user":"Manual Unlock","timestamp":"2018-04-17T17:37:18.987Z"}}
{"_index":"ifttt-2018-04-17","_type":"webhook","_id":"Tue Apr 17 2018 18:08:29 GMT+0000 (UTC)","_score":1,"_source":{"device":"FrontLock1","status":"Unlocked","user":"Manny Kin","timestamp":"2018-04-17T18:08:29.277Z"}}
{"_index":"ifttt-2018-04-17","_type":"webhook","_id":"Tue Apr 17 2018 17:58:24 GMT+0000 (UTC)","_score":1,"_source":{"device":"FrontLock1","status":"Locked","user":"Manny Kin","timestamp":"2018-04-17T17:58:24.323Z"}}
{"_index":"ifttt-2018-04-17","_type":"webhook","_id":"Tue Apr 17 2018 18:08:25 GMT+0000 (UTC)","_score":1,"_source":{"device":"FrontLock1","status":"Locked","user":"Manny Kin","timestamp":"2018-04-17T18:08:25.895Z"}}
{"_index":"ifttt-2018-04-17","_type":"webhook","_id":"Tue Apr 17 2018 17:35:38 GMT+0000 (UTC)","_score":1,"_source":{"device":"FrontLock1","status":"Unlocked","user":"Manual Unlock","timestamp":"2018-04-17T17:35:38.519Z"}}
{"_index":"ifttt-2018-04-17","_type":"webhook","_id":"Tue Apr 17 2018 17:35:40 GMT+0000 (UTC)","_score":1,"_source":{"device":"FrontLock1","status":"Unlocked","user":"Manual Unlock","timestamp":"2018-04-17T17:35:40.549Z"}}
{"_index":"ifttt-2018-04-17","_type":"webhook","_id":"Tue Apr 17 2018 18:17:19 GMT+0000 (UTC)","_score":1,"_source":{"time":"April 17, 2018 at 02:17PM","device":"Alexa","message":"Voice Deactivation","target":"lamp","timestamp":"2018-04-17T18:17:19.646Z"}}
{"_index":"ifttt-2018-04-17","_type":"webhook","_id":"Tue Apr 17 2018 18:22:07 GMT+0000 (UTC)","_score":1,"_source":{"time":"April 17, 2018","device":"miniCam","message":"motion","location":"Exterior-FrontDoor","timestamp":"2018-04-17T18:22:07.837Z"}}
{"_index":"ifttt-2018-04-17","_type":"webhook","_id":"Tue Apr 17 2018 18:37:31 GMT+0000 (UTC)","_score":1,"_source":{"time":"April 17, 2018","device":"miniCam","message":"motion","location":"Exterior-FrontDoor","timestamp":"2018-04-17T18:37:31.498Z"}}
{"_index":"ifttt-2018-04-17","_type":"webhook","_id":"Tue Apr 17 2018 18:42:23 GMT+0000 (UTC)","_score":1,"_source":{"time":"April 17, 2018","device":"miniCam","message":"motion","location":"Exterior-FrontDoor","timestamp":"2018-04-17T18:42:23.162Z"}}
{"_index":"ifttt-2018-04-17","_type":"webhook","_id":"Tue Apr 17 2018 18:52:18 GMT+0000 (UTC)","_score":1,"_source":{"time":"April 17, 2018","device":"miniCam","message":"motion","location":"Exterior-FrontDoor","timestamp":"2018-04-17T18:52:18.857Z"}}
{"_index":"ifttt-2018-04-17","_type":"webhook","_id":"Tue Apr 17 2018 18:42:40 GMT+0000 (UTC)","_score":1,"_source":{"device":"FrontLock1","status":"Unlocked","user":"Manny Kin","timestamp":"2018-04-17T18:42:40.950Z"}}
{"_index":"ifttt-2018-04-17","_type":"webhook","_id":"Tue Apr 17 2018 18:42:41 GMT+0000 (UTC)","_score":1,"_source":{"device":"FrontLock1","status":"Unlocked","user":"Manual Unlock","timestamp":"2018-04-17T18:42:41.385Z"}}
{"_index":"ifttt-2018-04-17","_type":"webhook","_id":"Tue Apr 17 2018 18:39:07 GMT+0000 (UTC)","_score":1,"_source":{"device":"Plug1","message":"Activated","time":" ","timestamp":"2018-04-17T18:39:07.739Z"}}
{"_index":"ifttt-2018-04-17","_type":"webhook","_id":"Tue Apr 17 2018 18:37:30 GMT+0000 (UTC)","_score":1,"_source":{"time":"April 17, 2018","device":"miniCam","message":"motion","location":"Exterior-FrontDoor","timestamp":"2018-04-17T18:37:30.888Z"}}
{"_index":"ifttt-2018-04-17","_type":"webhook","_id":"Tue Apr 17 2018 18:47:29 GMT+0000 (UTC)","_score":1,"_source":{"device":"FrontLock1","status":"Unlocked","user":"Manny Kin","timestamp":"2018-04-17T18:47:29.664Z"}}
{"_index":"ifttt-2018-04-17","_type":"webhook","_id":"Tue Apr 17 2018 18:57:28 GMT+0000 (UTC)","_score":1,"_source":{"time":"April 17, 2018","device":"miniCam","message":"motion","location":"Exterior-FrontDoor","timestamp":"2018-04-17T18:57:28.168Z"}}
{"_index":"ifttt-2018-04-17","_type":"webhook","_id":"Tue Apr 17 2018 19:12:25 GMT+0000 (UTC)","_score":1,"_source":{"time":"April 17, 2018","device":"miniCam","message":"motion","location":"Exterior-FrontDoor","timestamp":"2018-04-17T19:12:25.202Z"}}
{"_index":"ifttt-2018-04-17","_type":"webhook","_id":"Tue Apr 17 2018 19:47:33 GMT+0000 (UTC)","_score":1,"_source":{"time":"April 17, 2018","device":"miniCam","message":"motion","location":"Exterior-FrontDoor","timestamp":"2018-04-17T19:47:33.059Z"}}
{"_index":"ifttt-2018-04-17","_type":"webhook","_id":"Tue Apr 17 2018 19:52:09 GMT+0000 (UTC)","_score":1,"_source":{"time":"April 17, 2018","device":"miniCam","message":"motion","location":"Exterior-FrontDoor","timestamp":"2018-04-17T19:52:09.923Z"}}
{"_index":"ifttt-2018-04-17","_type":"webhook","_id":"Tue Apr 17 2018 19:57:45 GMT+0000 (UTC)","_score":1,"_source":{"time":"April 17, 2018","device":"miniCam","message":"motion","location":"Exterior-FrontDoor","timestamp":"2018-04-17T19:57:45.871Z"}}
{"_index":"ifttt-2018-04-17","_type":"webhook","_id":"Tue Apr 17 2018 20:07:09 GMT+0000 (UTC)","_score":1,"_source":{"device":"FrontLock1","status":"Unlocked","user":"Manny Kin","timestamp":"2018-04-17T20:07:09.393Z"}}
{"_index":"ifttt-2018-04-17","_type":"webhook","_id":"Tue Apr 17 2018 20:03:43 GMT+0000 (UTC)","_score":1,"_source":{"device":"FrontLock1","status":"Locked","user":"Manny Kin","timestamp":"2018-04-17T20:03:43.851Z"}}
{"_index":"ifttt-2018-04-17","_type":"webhook","_id":"Tue Apr 17 2018 20:03:44 GMT+0000 (UTC)","_score":1,"_source":{"device":"FrontLock1","status":"Locked","user":"Manny Kin","timestamp":"2018-04-17T20:03:44.755Z"}}
{"_index":"ifttt-2018-04-17","_type":"webhook","_id":"Tue Apr 17 2018 20:08:16 GMT+0000 (UTC)","_score":1,"_source":{"device":"FrontLock1","status":"Locked","user":"Manny Kin","timestamp":"2018-04-17T20:08:16.530Z"}}
{"_index":"ifttt-2018-04-17","_type":"webhook","_id":"Tue Apr 17 2018 20:08:17 GMT+0000 (UTC)","_score":1,"_source":{"device":"FrontLock1","status":"Locked","user":"Manny Kin","timestamp":"2018-04-17T20:08:17.086Z"}}
{"_index":"ifttt-2018-04-17","_type":"webhook","_id":"Tue Apr 17 2018 20:32:35 GMT+0000 (UTC)","_score":1,"_source":{"time":"April 17, 2018","device":"miniCam","message":"motion","location":"Exterior-FrontDoor","timestamp":"2018-04-17T20:32:35.650Z"}}
{"_index":"ifttt-2018-04-17","_type":"webhook","_id":"Tue Apr 17 2018 20:52:24 GMT+0000 (UTC)","_score":1,"_source":{"time":"April 17, 2018","device":"miniCam","message":"motion","location":"Exterior-FrontDoor","timestamp":"2018-04-17T20:52:24.495Z"}}
{"_index":"ifttt-2018-04-17","_type":"webhook","_id":"Tue Apr 17 2018 21:07:23 GMT+0000 (UTC)","_score":1,"_source":{"time":"April 17, 2018","device":"miniCam","message":"motion","location":"Exterior-FrontDoor","timestamp":"2018-04-17T21:07:23.904Z"}}
{"_index":"ifttt-2018-04-17","_type":"webhook","_id":"Tue Apr 17 2018 21:27:07 GMT+0000 (UTC)","_score":1,"_source":{"time":"April 17, 2018","device":"miniCam","message":"motion","location":"Exterior-FrontDoor","timestamp":"2018-04-17T21:27:07.907Z"}}
{"_index":"ifttt-2018-04-17","_type":"webhook","_id":"Tue Apr 17 2018 21:32:09 GMT+0000 (UTC)","_score":1,"_source":{"time":"April 17, 2018","device":"miniCam","message":"motion","location":"Exterior-FrontDoor","timestamp":"2018-04-17T21:32:09.866Z"}}
{"_index":"ifttt-2018-04-17","_type":"webhook","_id":"Tue Apr 17 2018 21:32:10 GMT+0000 (UTC)","_score":1,"_source":{"time":"April 17, 2018","device":"miniCam","message":"motion","location":"Exterior-FrontDoor","timestamp":"2018-04-17T21:32:10.495Z"}}
{"_index":"ifttt-2018-04-17","_type":"webhook","_id":"Tue Apr 17 2018 22:17:06 GMT+0000 (UTC)","_score":1,"_source":{"time":"April 17, 2018","device":"miniCam","message":"motion","location":"Exterior-FrontDoor","timestamp":"2018-04-17T22:17:06.402Z"}}
{"_index":"ifttt-2018-04-17","_type":"webhook","_id":"Tue Apr 17 2018 14:07:10 GMT+0000 (UTC)","_score":1,"_source":{"time":"April 17, 2018","device":"miniCam","message":"motion","location":"Exterior-FrontDoor","timestamp":"2018-04-17T14:07:10.179Z"}}
{"_index":"ifttt-2018-04-17","_type":"webhook","_id":"Tue Apr 17 2018 14:12:15 GMT+0000 (UTC)","_score":1,"_source":{"time":"April 17, 2018","device":"miniCam","message":"motion","location":"Exterior-FrontDoor","timestamp":"2018-04-17T14:12:15.307Z"}}
{"_index":"ifttt-2018-04-17","_type":"webhook","_id":"Tue Apr 17 2018 14:17:26 GMT+0000 (UTC)","_score":1,"_source":{"time":"April 17, 2018","device":"miniCam","message":"motion","location":"Exterior-FrontDoor","timestamp":"2018-04-17T14:17:26.832Z"}}
{"_index":"ifttt-2018-04-17","_type":"webhook","_id":"Tue Apr 17 2018 14:27:32 GMT+0000 (UTC)","_score":1,"_source":{"time":"April 17, 2018","device":"miniCam","message":"motion","location":"Exterior-FrontDoor","timestamp":"2018-04-17T14:27:32.788Z"}}
{"_index":"ifttt-2018-04-17","_type":"webhook","_id":"Tue Apr 17 2018 14:32:25 GMT+0000 (UTC)","_score":1,"_source":{"time":"April 17, 2018","device":"miniCam","message":"motion","location":"Exterior-FrontDoor","timestamp":"2018-04-17T14:32:25.814Z"}}
{"_index":"ifttt-2018-04-17","_type":"webhook","_id":"Tue Apr 17 2018 14:43:32 GMT+0000 (UTC)","_score":1,"_source":{"device":"FrontLock1","status":"Unlocked","user":" Manny Kin","timestamp":"2018-04-17T14:43:32.877Z"}}
{"_index":"ifttt-2018-04-17","_type":"webhook","_id":"Tue Apr 17 2018 14:42:05 GMT+0000 (UTC)","_score":1,"_source":{"device":"FrontLock1","status":"Locked","user":"Manny Kin","timestamp":"2018-04-17T14:42:05.154Z"}}
{"_index":"ifttt-2018-04-17","_type":"webhook","_id":"Tue Apr 17 2018 08:24:15 GMT+0000 (UTC)","_score":1,"_source":{"device":"Plug1","message":"Activated","time":" ","timestamp":"2018-04-17T08:24:15.548Z"}}
{"_index":"ifttt-2018-04-17","_type":"webhook","_id":"Tue Apr 17 2018 01:43:11 GMT+0000 (UTC)","_score":1,"_source":{"device":"Room1Plug1","message":"Activated","timestamp":"2018-04-17T01:43:11.751Z"}}
{"_index":"ifttt-2018-04-17","_type":"webhook","_id":"Tue Apr 17 2018 04:40:36 GMT+0000 (UTC)","_score":1,"_source":{"device":"Room1Lamp","message":"Off","timestamp":"2018-04-17T04:40:36.983Z"}}
{"_index":"ifttt-2018-04-17","_type":"webhook","_id":"Tue Apr 17 2018 14:52:25 GMT+0000 (UTC)","_score":1,"_source":{"time":"April 17, 2018","device":"miniCam","message":"motion","location":"Exterior-FrontDoor","timestamp":"2018-04-17T14:52:25.541Z"}}
{"_index":"ifttt-2018-04-17","_type":"webhook","_id":"Tue Apr 17 2018 15:02:20 GMT+0000 (UTC)","_score":1,"_source":{"time":"April 17, 2018","device":"miniCam","message":"motion","location":"Exterior-FrontDoor","timestamp":"2018-04-17T15:02:20.689Z"}}
{"_index":"ifttt-2018-04-17","_type":"webhook","_id":"Tue Apr 17 2018 15:07:08 GMT+0000 (UTC)","_score":1,"_source":{"time":"April 17, 2018","device":"miniCam","message":"motion","location":"Exterior-FrontDoor","timestamp":"2018-04-17T15:07:08.863Z"}}
{"_index":"ifttt-2018-04-17","_type":"webhook","_id":"Tue Apr 17 2018 15:17:39 GMT+0000 (UTC)","_score":1,"_source":{"time":"April 17, 2018","device":"miniCam","message":"motion","location":"Exterior-FrontDoor","timestamp":"2018-04-17T15:17:39.562Z"}}
{"_index":"ifttt-2018-04-17","_type":"webhook","_id":"Tue Apr 17 2018 15:57:22 GMT+0000 (UTC)","_score":1,"_source":{"time":"April 17, 2018","device":"miniCam","message":"motion","location":"Exterior-FrontDoor","timestamp":"2018-04-17T15:57:22.229Z"}}
{"_index":"ifttt-2018-04-17","_type":"webhook","_id":"Tue Apr 17 2018 16:32:04 GMT+0000 (UTC)","_score":1,"_source":{"time":"April 17, 2018","device":"miniCam","message":"motion","location":"Exterior-FrontDoor","timestamp":"2018-04-17T16:32:04.371Z"}}
{"_index":"ifttt-2018-04-17","_type":"webhook","_id":"Tue Apr 17 2018 16:27:09 GMT+0000 (UTC)","_score":1,"_source":{"device":"FrontLock1","status":"Unlocked","user":"Manny Kin","timestamp":"2018-04-17T16:27:09.175Z"}}
{"_index":"ifttt-2018-04-17","_type":"webhook","_id":"Tue Apr 17 2018 14:58:08 GMT+0000 (UTC)","_score":1,"_source":{"device":"Room1Plug1","message":"Activated","timestamp":"2018-04-17T14:58:08.606Z"}}
{"_index":"ifttt-2018-04-17","_type":"webhook","_id":"Tue Apr 17 2018 15:17:38 GMT+0000 (UTC)","_score":1,"_source":{"time":"April 17, 2018","device":"miniCam","message":"motion","location":"Exterior-FrontDoor","timestamp":"2018-04-17T15:17:38.521Z"}}
{"_index":"ifttt-2018-04-17","_type":"webhook","_id":"Tue Apr 17 2018 16:37:22 GMT+0000 (UTC)","_score":1,"_source":{"time":"April 17, 2018","device":"miniCam","message":"motion","location":"Exterior-FrontDoor","timestamp":"2018-04-17T16:37:22.405Z"}}
{"_index":"ifttt-2018-04-17","_type":"webhook","_id":"Tue Apr 17 2018 16:47:34 GMT+0000 (UTC)","_score":1,"_source":{"time":"April 17, 2018","device":"miniCam","message":"motion","location":"Exterior-FrontDoor","timestamp":"2018-04-17T16:47:34.865Z"}}
{"_index":"ifttt-2018-04-17","_type":"webhook","_id":"Tue Apr 17 2018 16:57:24 GMT+0000 (UTC)","_score":1,"_source":{"time":"April 17, 2018","device":"miniCam","message":"motion","location":"Exterior-FrontDoor","timestamp":"2018-04-17T16:57:24.744Z"}}
{"_index":"ifttt-2018-04-17","_type":"webhook","_id":"Tue Apr 17 2018 17:12:10 GMT+0000 (UTC)","_score":1,"_source":{"time":"April 17, 2018","device":"miniCam","message":"motion","location":"Exterior-FrontDoor","timestamp":"2018-04-17T17:12:10.580Z"}}
{"_index":"ifttt-2018-04-17","_type":"webhook","_id":"Tue Apr 17 2018 17:32:15 GMT+0000 (UTC)","_score":1,"_source":{"time":"April 17, 2018","device":"miniCam","message":"motion","location":"Exterior-FrontDoor","timestamp":"2018-04-17T17:32:15.148Z"}}
{"_index":"ifttt-2018-04-17","_type":"webhook","_id":"Tue Apr 17 2018 17:04:13 GMT+0000 (UTC)","_score":1,"_source":{"device":"FrontLock1","status":"Unlocked","user":"Manny Kin","timestamp":"2018-04-17T17:04:13.969Z"}}
{"_index":"ifttt-2018-04-17","_type":"webhook","_id":"Tue Apr 17 2018 17:04:14 GMT+0000 (UTC)","_score":1,"_source":{"device":"FrontLock1","status":"Unlocked","user":"Manny Kin","timestamp":"2018-04-17T17:04:14.533Z"}}
{"_index":"ifttt-2018-04-17","_type":"webhook","_id":"Tue Apr 17 2018 17:35:37 GMT+0000 (UTC)","_score":1,"_source":{"device":"FrontLock1","status":"Unlocked","user":"Manual Unlock","timestamp":"2018-04-17T17:35:37.508Z"}}
{"_index":"ifttt-2018-04-17","_type":"webhook","_id":"Tue Apr 17 2018 17:35:36 GMT+0000 (UTC)","_score":1,"_source":{"device":"FrontLock1","status":"Unlocked","user":"Manual Unlock","timestamp":"2018-04-17T17:35:36.677Z"}}
{"_index":"ifttt-2018-04-17","_type":"webhook","_id":"Tue Apr 17 2018 17:35:39 GMT+0000 (UTC)","_score":1,"_source":{"device":"FrontLock1","status":"Unlocked","user":"Manual Unlock","timestamp":"2018-04-17T17:35:39.557Z"}}
{"_index":"ifttt-2018-04-17","_type":"webhook","_id":"Tue Apr 17 2018 17:35:44 GMT+0000 (UTC)","_score":1,"_source":{"device":"FrontLock1","status":"Unlocked","user":"Manual Unlock","timestamp":"2018-04-17T17:35:44.897Z"}}
{"_index":"ifttt-2018-04-17","_type":"webhook","_id":"Tue Apr 17 2018 17:37:19 GMT+0000 (UTC)","_score":1,"_source":{"device":"FrontLock1","status":"Unlocked","user":"Manual Unlock","timestamp":"2018-04-17T17:37:19.858Z"}}
{"_index":"ifttt-2018-04-17","_type":"webhook","_id":"Tue Apr 17 2018 17:35:46 GMT+0000 (UTC)","_score":1,"_source":{"device":"FrontLock1","status":"Unlocked","user":"Manual Unlock","timestamp":"2018-04-17T17:35:46.720Z"}}
{"_index":"ifttt-2018-04-17","_type":"webhook","_id":"Tue Apr 17 2018 17:35:47 GMT+0000 (UTC)","_score":1,"_source":{"device":"FrontLock1","status":"Unlocked","user":"Manual Unlock","timestamp":"2018-04-17T17:35:47.675Z"}}
{"_index":"ifttt-2018-04-17","_type":"webhook","_id":"Tue Apr 17 2018 17:37:17 GMT+0000 (UTC)","_score":1,"_source":{"device":"FrontLock1","status":"Unlocked","user":"Manual Unlock","timestamp":"2018-04-17T17:37:17.778Z"}}
{"_index":"ifttt-2018-04-17","_type":"webhook","_id":"Tue Apr 17 2018 17:35:41 GMT+0000 (UTC)","_score":1,"_source":{"device":"FrontLock1","status":"Unlocked","user":"Manual Unlock","timestamp":"2018-04-17T17:35:41.531Z"}}
{"_index":"ifttt-2018-04-17","_type":"webhook","_id":"Tue Apr 17 2018 17:35:43 GMT+0000 (UTC)","_score":1,"_source":{"device":"FrontLock1","status":"Unlocked","user":"Manual Unlock","timestamp":"2018-04-17T17:35:43.974Z"}}
{"_index":"ifttt-2018-04-17","_type":"webhook","_id":"Tue Apr 17 2018 17:37:16 GMT+0000 (UTC)","_score":1,"_source":{"device":"FrontLock1","status":"Unlocked","user":"Manual Unlock","timestamp":"2018-04-17T17:37:16.734Z"}}
{"_index":"ifttt-2018-04-17","_type":"webhook","_id":"Tue Apr 17 2018 17:37:22 GMT+0000 (UTC)","_score":1,"_source":{"device":"FrontLock1","status":"Unlocked","user":"Manual Unlock","timestamp":"2018-04-17T17:37:22.872Z"}}
{"_index":"ifttt-2018-04-17","_type":"webhook","_id":"Tue Apr 17 2018 17:47:21 GMT+0000 (UTC)","_score":1,"_source":{"time":"April 17, 2018","device":"miniCam","message":"motion","location":"Exterior-FrontDoor","timestamp":"2018-04-17T17:47:21.278Z"}}
{"_index":"ifttt-2018-04-17","_type":"webhook","_id":"Tue Apr 17 2018 17:38:24 GMT+0000 (UTC)","_score":1,"_source":{"device":"FrontLock1","status":"Locked","user":"Manual Lock","timestamp":"2018-04-17T17:38:24.209Z"}}
{"_index":"ifttt-2018-04-17","_type":"webhook","_id":"Tue Apr 17 2018 17:48:23 GMT+0000 (UTC)","_score":1,"_source":{"device":"FrontLock1","status":"Locked","user":"Manual Lock","timestamp":"2018-04-17T17:48:23.601Z"}}
{"_index":"ifttt-2018-04-17","_type":"webhook","_id":"Tue Apr 17 2018 17:42:07 GMT+0000 (UTC)","_score":1,"_source":{"time":"April 17, 2018","device":"miniCam","message":"motion","location":"Exterior-FrontDoor","timestamp":"2018-04-17T17:42:07.950Z"}}
{"_index":"ifttt-2018-04-17","_type":"webhook","_id":"Tue Apr 17 2018 17:42:08 GMT+0000 (UTC)","_score":1,"_source":{"time":"April 17, 2018","device":"miniCam","message":"motion","location":"Exterior-FrontDoor","timestamp":"2018-04-17T17:42:08.920Z"}}
{"_index":"ifttt-2018-04-17","_type":"webhook","_id":"Tue Apr 17 2018 17:38:14 GMT+0000 (UTC)","_score":1,"_source":{"device":"FrontLock1","status":"Locked","user":"Manual Lock","timestamp":"2018-04-17T17:38:14.703Z"}}
{"_index":"ifttt-2018-04-17","_type":"webhook","_id":"Tue Apr 17 2018 17:38:16 GMT+0000 (UTC)","_score":1,"_source":{"device":"FrontLock1","status":"Locked","user":"Manual Lock","timestamp":"2018-04-17T17:38:16.686Z"}}
{"_index":"ifttt-2018-04-17","_type":"webhook","_id":"Tue Apr 17 2018 17:38:18 GMT+0000 (UTC)","_score":1,"_source":{"device":"FrontLock1","status":"Locked","user":"Manual Lock","timestamp":"2018-04-17T17:38:18.907Z"}}
{"_index":"ifttt-2018-04-17","_type":"webhook","_id":"Tue Apr 17 2018 17:38:23 GMT+0000 (UTC)","_score":1,"_source":{"device":"FrontLock1","status":"Locked","user":"Manual Lock","timestamp":"2018-04-17T17:38:23.822Z"}}
{"_index":"ifttt-2018-04-17","_type":"webhook","_id":"Tue Apr 17 2018 17:38:22 GMT+0000 (UTC)","_score":1,"_source":{"device":"FrontLock1","status":"Locked","user":"Manual Lock","timestamp":"2018-04-17T17:38:22.939Z"}}
{"_index":"ifttt-2018-04-17","_type":"webhook","_id":"Tue Apr 17 2018 18:17:00 GMT+0000 (UTC)","_score":1,"_source":{"time":" April 17, 2018 at 02:16PM","device":"Alexa","message":"Voice Activation","target":"lamp","timestamp":"2018-04-17T18:17:00.497Z"}}
{"_index":"ifttt-2018-04-17","_type":"webhook","_id":"Tue Apr 17 2018 17:52:14 GMT+0000 (UTC)","_score":1,"_source":{"time":"April 17, 2018","device":"miniCam","message":"motion","location":"Exterior-FrontDoor","timestamp":"2018-04-17T17:52:14.346Z"}}
{"_index":"ifttt-2018-04-17","_type":"webhook","_id":"Tue Apr 17 2018 18:07:21 GMT+0000 (UTC)","_score":1,"_source":{"time":"April 17, 2018","device":"miniCam","message":"motion","location":"Exterior-FrontDoor","timestamp":"2018-04-17T18:07:21.939Z"}}
{"_index":"ifttt-2018-04-17","_type":"webhook","_id":"Tue Apr 17 2018 18:17:07 GMT+0000 (UTC)","_score":1,"_source":{"time":"April 17, 2018","device":"miniCam","message":"motion","location":"Exterior-FrontDoor","timestamp":"2018-04-17T18:17:07.389Z"}}
{"_index":"ifttt-2018-04-17","_type":"webhook","_id":"Tue Apr 17 2018 18:47:16 GMT+0000 (UTC)","_score":1,"_source":{"time":"April 17, 2018","device":"miniCam","message":"motion","location":"Exterior-FrontDoor","timestamp":"2018-04-17T18:47:16.750Z"}}
{"_index":"ifttt-2018-04-17","_type":"webhook","_id":"Tue Apr 17 2018 18:52:20 GMT+0000 (UTC)","_score":1,"_source":{"time":"April 17, 2018","device":"miniCam","message":"motion","location":"Exterior-FrontDoor","timestamp":"2018-04-17T18:52:20.302Z"}}
{"_index":"ifttt-2018-04-17","_type":"webhook","_id":"Tue Apr 17 2018 18:17:16 GMT+0000 (UTC)","_score":1,"_source":{"device":"FrontLock1","status":"Unlocked","user":"Manny Kin","timestamp":"2018-04-17T18:17:16.561Z"}}
{"_index":"ifttt-2018-04-17","_type":"webhook","_id":"Tue Apr 17 2018 17:53:31 GMT+0000 (UTC)","_score":1,"_source":{"device":"FrontLock1","status":"Locked","user":"Manual Lock","timestamp":"2018-04-17T17:53:31.924Z"}}
{"_index":"ifttt-2018-04-17","_type":"webhook","_id":"Tue Apr 17 2018 18:43:18 GMT+0000 (UTC)","_score":1,"_source":{"device":"FrontLock1","status":"Locked","user":"Manny Kin","timestamp":"2018-04-17T18:43:18.039Z"}}
{"_index":"ifttt-2018-04-17","_type":"webhook","_id":"Tue Apr 17 2018 18:57:27 GMT+0000 (UTC)","_score":1,"_source":{"time":"April 17, 2018","device":"miniCam","message":"motion","location":"Exterior-FrontDoor","timestamp":"2018-04-17T18:57:27.425Z"}}
{"_index":"ifttt-2018-04-17","_type":"webhook","_id":"Tue Apr 17 2018 19:52:08 GMT+0000 (UTC)","_score":1,"_source":{"time":"April 17, 2018","device":"miniCam","message":"motion","location":"Exterior-FrontDoor","timestamp":"2018-04-17T19:52:08.720Z"}}
{"_index":"ifttt-2018-04-17","_type":"webhook","_id":"Tue Apr 17 2018 20:22:13 GMT+0000 (UTC)","_score":1,"_source":{"time":"April 17, 2018","device":"miniCam","message":"motion","location":"Exterior-FrontDoor","timestamp":"2018-04-17T20:22:13.183Z"}}
{"_index":"ifttt-2018-04-17","_type":"webhook","_id":"Tue Apr 17 2018 20:57:11 GMT+0000 (UTC)","_score":1,"_source":{"time":"April 17, 2018","device":"miniCam","message":"motion","location":"Exterior-FrontDoor","timestamp":"2018-04-17T20:57:11.534Z"}}
{"_index":"ifttt-2018-04-17","_type":"webhook","_id":"Tue Apr 17 2018 20:12:16 GMT+0000 (UTC)","_score":1,"_source":{"device":"FrontLock1","status":"Unlocked","user":"Manny Kin","timestamp":"2018-04-17T20:12:16.956Z"}}
{"_index":"ifttt-2018-04-17","_type":"webhook","_id":"Tue Apr 17 2018 20:02:24 GMT+0000 (UTC)","_score":1,"_source":{"device":"FrontLock1","status":"Unlocked","user":"Manny Kin","timestamp":"2018-04-17T20:02:24.414Z"}}
{"_index":"ifttt-2018-04-17","_type":"webhook","_id":"Tue Apr 17 2018 21:03:23 GMT+0000 (UTC)","_score":1,"_source":{"device":"Room1Plug1","message":"Activated","timestamp":"2018-04-17T21:03:23.907Z"}}
{"_index":"ifttt-2018-04-17","_type":"webhook","_id":"Tue Apr 17 2018 20:47:22 GMT+0000 (UTC)","_score":1,"_source":{"time":"April 17, 2018","device":"miniCam","message":"motion","location":"Exterior-FrontDoor","timestamp":"2018-04-17T20:47:22.955Z"}}
{"_index":"ifttt-2018-04-17","_type":"webhook","_id":"Tue Apr 17 2018 21:22:09 GMT+0000 (UTC)","_score":1,"_source":{"time":"April 17, 2018","device":"miniCam","message":"motion","location":"Exterior-FrontDoor","timestamp":"2018-04-17T21:22:09.780Z"}}
{"_index":"ifttt-2018-04-17","_type":"webhook","_id":"Tue Apr 17 2018 21:27:06 GMT+0000 (UTC)","_score":1,"_source":{"time":"April 17, 2018","device":"miniCam","message":"motion","location":"Exterior-FrontDoor","timestamp":"2018-04-17T21:27:06.855Z"}}
{"_index":"ifttt-2018-04-17","_type":"webhook","_id":"Tue Apr 17 2018 22:20:23 GMT+0000 (UTC)","_score":1,"_source":{"device":"Room1Lamp","message":"Off","timestamp":"2018-04-17T22:20:23.230Z"}}
{"_index":"ifttt-2018-04-17","_type":"webhook","_id":"Tue Apr 17 2018 14:44:16 GMT+0000 (UTC)","_score":1,"_source":{"time":"April 17, 2018 at 10:44AM","device":"Alexa","message":"Voice Deactivation","target":"lamp","timestamp":"2018-04-17T14:44:16.988Z"}}
{"_index":"ifttt-2018-04-17","_type":"webhook","_id":"Tue Apr 17 2018 10:47:13 GMT+0000 (UTC)","_score":1,"_source":{"time":"April 17, 2018","device":"miniCam","message":"motion","location":"Exterior-FrontDoor","timestamp":"2018-04-17T10:47:13.660Z"}}
{"_index":"ifttt-2018-04-17","_type":"webhook","_id":"Tue Apr 17 2018 12:07:16 GMT+0000 (UTC)","_score":1,"_source":{"time":"April 17, 2018","device":"miniCam","message":"motion","location":"Exterior-FrontDoor","timestamp":"2018-04-17T12:07:16.913Z"}}
{"_index":"ifttt-2018-04-17","_type":"webhook","_id":"Tue Apr 17 2018 12:17:22 GMT+0000 (UTC)","_score":1,"_source":{"time":"April 17, 2018","device":"miniCam","message":"motion","location":"Exterior-FrontDoor","timestamp":"2018-04-17T12:17:22.242Z"}}
{"_index":"ifttt-2018-04-17","_type":"webhook","_id":"Tue Apr 17 2018 13:02:07 GMT+0000 (UTC)","_score":1,"_source":{"time":"April 17, 2018","device":"miniCam","message":"motion","location":"Exterior-FrontDoor","timestamp":"2018-04-17T13:02:07.460Z"}}
{"_index":"ifttt-2018-04-17","_type":"webhook","_id":"Tue Apr 17 2018 13:27:41 GMT+0000 (UTC)","_score":1,"_source":{"time":"April 17, 2018","device":"miniCam","message":"motion","location":"Exterior-FrontDoor","timestamp":"2018-04-17T13:27:41.443Z"}}
{"_index":"ifttt-2018-04-17","_type":"webhook","_id":"Tue Apr 17 2018 15:22:34 GMT+0000 (UTC)","_score":1,"_source":{"time":"April 17, 2018","device":"miniCam","message":"motion","location":"Exterior-FrontDoor","timestamp":"2018-04-17T15:22:34.437Z"}}
{"_index":"ifttt-2018-04-17","_type":"webhook","_id":"Tue Apr 17 2018 15:32:15 GMT+0000 (UTC)","_score":1,"_source":{"time":"April 17, 2018","device":"miniCam","message":"motion","location":"Exterior-FrontDoor","timestamp":"2018-04-17T15:32:15.489Z"}}
{"_index":"ifttt-2018-04-17","_type":"webhook","_id":"Tue Apr 17 2018 00:35:38 GMT+0000 (UTC)","_score":1,"_source":{"device":"Room1Lamp","message":"Off","timestamp":"2018-04-17T00:35:38.284Z"}}
{"_index":"ifttt-2018-04-17","_type":"webhook","_id":"Tue Apr 17 2018 11:01:11 GMT+0000 (UTC)","_score":1,"_source":{"device":"Room1Lamp","message":"Off","timestamp":"2018-04-17T11:01:11.717Z"}}
{"_index":"ifttt-2018-04-17","_type":"webhook","_id":"Tue Apr 17 2018 15:45:07 GMT+0000 (UTC)","_score":1,"_source":{"time":"April 17, 2018","device":"miniCam","message":"motion","location":"Exterior-FrontDoor","timestamp":"2018-04-17T15:45:07.656Z"}}
{"_index":"ifttt-2018-04-17","_type":"webhook","_id":"Tue Apr 17 2018 15:52:16 GMT+0000 (UTC)","_score":1,"_source":{"time":"April 17, 2018","device":"miniCam","message":"motion","location":"Exterior-FrontDoor","timestamp":"2018-04-17T15:52:16.963Z"}}
{"_index":"ifttt-2018-04-17","_type":"webhook","_id":"Tue Apr 17 2018 15:52:32 GMT+0000 (UTC)","_score":1,"_source":{"time":"April 17, 2018","device":"miniCam","message":"motion","location":"Exterior-FrontDoor","timestamp":"2018-04-17T15:52:32.962Z"}}
{"_index":"ifttt-2018-04-17","_type":"webhook","_id":"Tue Apr 17 2018 16:27:16 GMT+0000 (UTC)","_score":1,"_source":{"time":"April 17, 2018","device":"miniCam","message":"motion","location":"Exterior-FrontDoor","timestamp":"2018-04-17T16:27:16.098Z"}}
{"_index":"ifttt-2018-04-17","_type":"webhook","_id":"Tue Apr 17 2018 16:20:16 GMT+0000 (UTC)","_score":1,"_source":{"device":"FrontLock1","status":"Unlocked","user":"Manny Kin","timestamp":"2018-04-17T16:20:16.331Z"}}
{"_index":"ifttt-2018-04-17","_type":"webhook","_id":"Tue Apr 17 2018 16:25:14 GMT+0000 (UTC)","_score":1,"_source":{"device":"FrontLock1","status":"Unlocked","user":"Manny Kin","timestamp":"2018-04-17T16:25:14.924Z"}}
{"_index":"ifttt-2018-04-17","_type":"webhook","_id":"Tue Apr 17 2018 16:20:22 GMT+0000 (UTC)","_score":1,"_source":{"device":"FrontLock1","status":"Locked","user":"Manny Kin","timestamp":"2018-04-17T16:20:22.474Z"}}
{"_index":"ifttt-2018-04-17","_type":"webhook","_id":"Tue Apr 17 2018 16:28:30 GMT+0000 (UTC)","_score":1,"_source":{"device":"FrontLock1","status":"Locked","user":"Manny Kin","timestamp":"2018-04-17T16:28:30.707Z"}}
{"_index":"ifttt-2018-04-17","_type":"webhook","_id":"Tue Apr 17 2018 15:58:23 GMT+0000 (UTC)","_score":1,"_source":{"device":"Room1Plug1","message":"Activated","timestamp":"2018-04-17T15:58:23.881Z"}}
{"_index":"ifttt-2018-04-17","_type":"webhook","_id":"Tue Apr 17 2018 16:52:30 GMT+0000 (UTC)","_score":1,"_source":{"time":"April 17, 2018","device":"miniCam","message":"motion","location":"Exterior-FrontDoor","timestamp":"2018-04-17T16:52:30.597Z"}}
{"_index":"ifttt-2018-04-17","_type":"webhook","_id":"Tue Apr 17 2018 17:07:09 GMT+0000 (UTC)","_score":1,"_source":{"time":"April 17, 2018","device":"miniCam","message":"motion","location":"Exterior-FrontDoor","timestamp":"2018-04-17T17:07:09.476Z"}}
{"_index":"ifttt-2018-04-17","_type":"webhook","_id":"Tue Apr 17 2018 17:47:23 GMT+0000 (UTC)","_score":1,"_source":{"time":"April 17, 2018","device":"miniCam","message":"motion","location":"Exterior-FrontDoor","timestamp":"2018-04-17T17:47:23.239Z"}}
{"_index":"ifttt-2018-04-17","_type":"webhook","_id":"Tue Apr 17 2018 17:35:45 GMT+0000 (UTC)","_score":1,"_source":{"device":"FrontLock1","status":"Unlocked","user":"Manual Unlock","timestamp":"2018-04-17T17:35:45.792Z"}}
{"_index":"ifttt-2018-04-17","_type":"webhook","_id":"Tue Apr 17 2018 17:35:48 GMT+0000 (UTC)","_score":1,"_source":{"device":"FrontLock1","status":"Unlocked","user":"Manual Unlock","timestamp":"2018-04-17T17:35:48.940Z"}}
{"_index":"ifttt-2018-04-17","_type":"webhook","_id":"Tue Apr 17 2018 17:37:25 GMT+0000 (UTC)","_score":1,"_source":{"device":"FrontLock1","status":"Unlocked","user":"Manual Unlock","timestamp":"2018-04-17T17:37:25.357Z"}}
{"_index":"ifttt-2018-04-17","_type":"webhook","_id":"Tue Apr 17 2018 17:38:12 GMT+0000 (UTC)","_score":1,"_source":{"device":"FrontLock1","status":"Locked","user":"Manual Lock","timestamp":"2018-04-17T17:38:12.609Z"}}
{"_index":"ifttt-2018-04-17","_type":"webhook","_id":"Tue Apr 17 2018 17:38:19 GMT+0000 (UTC)","_score":1,"_source":{"device":"FrontLock1","status":"Locked","user":"Manual Lock","timestamp":"2018-04-17T17:38:19.556Z"}}
{"_index":"ifttt-2018-04-17","_type":"webhook","_id":"Tue Apr 17 2018 17:08:19 GMT+0000 (UTC)","_score":1,"_source":{"device":"FrontLock1","status":"Locked","user":"Manny Kin","timestamp":"2018-04-17T17:08:19.630Z"}}
{"_index":"ifttt-2018-04-17","_type":"webhook","_id":"Tue Apr 17 2018 18:07:20 GMT+0000 (UTC)","_score":1,"_source":{"time":"April 17, 2018","device":"miniCam","message":"motion","location":"Exterior-FrontDoor","timestamp":"2018-04-17T18:07:20.939Z"}}
{"_index":"ifttt-2018-04-17","_type":"webhook","_id":"Tue Apr 17 2018 18:27:28 GMT+0000 (UTC)","_score":1,"_source":{"time":"April 17, 2018","device":"miniCam","message":"motion","location":"Exterior-FrontDoor","timestamp":"2018-04-17T18:27:28.436Z"}}
{"_index":"ifttt-2018-04-17","_type":"webhook","_id":"Tue Apr 17 2018 17:52:17 GMT+0000 (UTC)","_score":1,"_source":{"device":"FrontLock1","status":"Unlocked","user":"Manual Unlock","timestamp":"2018-04-17T17:52:17.345Z"}}
{"_index":"ifttt-2018-04-17","_type":"webhook","_id":"Tue Apr 17 2018 18:12:08 GMT+0000 (UTC)","_score":1,"_source":{"device":"FrontLock1","status":"Unlocked","user":"Manny Kin","timestamp":"2018-04-17T18:12:08.505Z"}}
{"_index":"ifttt-2018-04-17","_type":"webhook","_id":"Tue Apr 17 2018 18:13:22 GMT+0000 (UTC)","_score":1,"_source":{"device":"FrontLock1","status":"Locked","user":"Manny Kin","timestamp":"2018-04-17T18:13:22.388Z"}}
{"_index":"ifttt-2018-04-17","_type":"webhook","_id":"Tue Apr 17 2018 18:18:20 GMT+0000 (UTC)","_score":1,"_source":{"device":"FrontLock1","status":"Locked","user":"Manny Kin","timestamp":"2018-04-17T18:18:20.118Z"}}
{"_index":"ifttt-2018-04-17","_type":"webhook","_id":"Tue Apr 17 2018 18:02:31 GMT+0000 (UTC)","_score":1,"_source":{"time":"April 17, 2018","device":"miniCam","message":"motion","location":"Exterior-FrontDoor","timestamp":"2018-04-17T18:02:31.952Z"}}
{"_index":"ifttt-2018-04-17","_type":"webhook","_id":"Tue Apr 17 2018 18:12:47 GMT+0000 (UTC)","_score":1,"_source":{"time":"April 17, 2018","device":"miniCam","message":"motion","location":"Exterior-FrontDoor","timestamp":"2018-04-17T18:12:47.742Z"}}
{"_index":"ifttt-2018-04-17","_type":"webhook","_id":"Tue Apr 17 2018 18:12:48 GMT+0000 (UTC)","_score":1,"_source":{"time":"April 17, 2018","device":"miniCam","message":"motion","location":"Exterior-FrontDoor","timestamp":"2018-04-17T18:12:48.544Z"}}
{"_index":"ifttt-2018-04-17","_type":"webhook","_id":"Tue Apr 17 2018 18:28:12 GMT+0000 (UTC)","_score":1,"_source":{"time":"April 17, 2018 at 02:28PM","device":"Alexa","message":"Voice Deactivation","target":"lamp","timestamp":"2018-04-17T18:28:12.081Z"}}
{"_index":"ifttt-2018-04-17","_type":"webhook","_id":"Tue Apr 17 2018 18:42:22 GMT+0000 (UTC)","_score":1,"_source":{"time":"April 17, 2018","device":"miniCam","message":"motion","location":"Exterior-FrontDoor","timestamp":"2018-04-17T18:42:22.698Z"}}
{"_index":"ifttt-2018-04-17","_type":"webhook","_id":"Tue Apr 17 2018 19:22:25 GMT+0000 (UTC)","_score":1,"_source":{"time":"April 17, 2018","device":"miniCam","message":"motion","location":"Exterior-FrontDoor","timestamp":"2018-04-17T19:22:25.354Z"}}
{"_index":"ifttt-2018-04-17","_type":"webhook","_id":"Tue Apr 17 2018 19:42:02 GMT+0000 (UTC)","_score":1,"_source":{"time":"April 17, 2018","device":"miniCam","message":"motion","location":"Exterior-FrontDoor","timestamp":"2018-04-17T19:42:02.385Z"}}
{"_index":"ifttt-2018-04-17","_type":"webhook","_id":"Tue Apr 17 2018 19:42:03 GMT+0000 (UTC)","_score":1,"_source":{"time":"April 17, 2018","device":"miniCam","message":"motion","location":"Exterior-FrontDoor","timestamp":"2018-04-17T19:42:03.099Z"}}
{"_index":"ifttt-2018-04-17","_type":"webhook","_id":"Tue Apr 17 2018 18:37:27 GMT+0000 (UTC)","_score":1,"_source":{"device":"FrontLock1","status":"Unlocked","user":"Manual Unlock","timestamp":"2018-04-17T18:37:27.476Z"}}
{"_index":"ifttt-2018-04-17","_type":"webhook","_id":"Tue Apr 17 2018 18:32:12 GMT+0000 (UTC)","_score":1,"_source":{"device":"FrontLock1","status":"Unlocked","user":"Manny Kin","timestamp":"2018-04-17T18:32:12.948Z"}}
{"_index":"ifttt-2018-04-17","_type":"webhook","_id":"Tue Apr 17 2018 18:43:17 GMT+0000 (UTC)","_score":1,"_source":{"device":"FrontLock1","status":"Locked","user":"Manual Lock","timestamp":"2018-04-17T18:43:17.486Z"}}
{"_index":"ifttt-2018-04-17","_type":"webhook","_id":"Tue Apr 17 2018 19:15:44 GMT+0000 (UTC)","_score":1,"_source":{"device":"Room1Lamp","message":"Off","timestamp":"2018-04-17T19:15:44.472Z"}}
{"_index":"ifttt-2018-04-17","_type":"webhook","_id":"Tue Apr 17 2018 19:52:23 GMT+0000 (UTC)","_score":1,"_source":{"device":"FrontLock1","status":"Unlocked","user":"Manual Unlock","timestamp":"2018-04-17T19:52:23.750Z"}}
{"_index":"ifttt-2018-04-17","_type":"webhook","_id":"Tue Apr 17 2018 20:07:10 GMT+0000 (UTC)","_score":1,"_source":{"device":"FrontLock1","status":"Unlocked","user":"Manny Kin","timestamp":"2018-04-17T20:07:10.977Z"}}
{"_index":"ifttt-2018-04-17","_type":"webhook","_id":"Tue Apr 17 2018 20:52:22 GMT+0000 (UTC)","_score":1,"_source":{"time":"April 17, 2018","device":"miniCam","message":"motion","location":"Exterior-FrontDoor","timestamp":"2018-04-17T20:52:22.861Z"}}
{"_index":"ifttt-2018-04-17","_type":"webhook","_id":"Tue Apr 17 2018 20:57:12 GMT+0000 (UTC)","_score":1,"_source":{"time":"April 17, 2018","device":"miniCam","message":"motion","location":"Exterior-FrontDoor","timestamp":"2018-04-17T20:57:12.019Z"}}
{"_index":"ifttt-2018-04-17","_type":"webhook","_id":"Tue Apr 17 2018 13:02:08 GMT+0000 (UTC)","_score":1,"_source":{"time":"April 17, 2018","device":"miniCam","message":"motion","location":"Exterior-FrontDoor","timestamp":"2018-04-17T13:02:08.331Z"}}
{"_index":"ifttt-2018-04-17","_type":"webhook","_id":"Tue Apr 17 2018 14:22:18 GMT+0000 (UTC)","_score":1,"_source":{"time":"April 17, 2018","device":"miniCam","message":"motion","location":"Exterior-FrontDoor","timestamp":"2018-04-17T14:22:18.641Z"}}
{"_index":"ifttt-2018-04-17","_type":"webhook","_id":"Tue Apr 17 2018 14:27:31 GMT+0000 (UTC)","_score":1,"_source":{"time":"April 17, 2018","device":"miniCam","message":"motion","location":"Exterior-FrontDoor","timestamp":"2018-04-17T14:27:31.760Z"}}
{"_index":"ifttt-2018-04-17","_type":"webhook","_id":"Tue Apr 17 2018 14:37:07 GMT+0000 (UTC)","_score":1,"_source":{"time":"April 17, 2018","device":"miniCam","message":"motion","location":"Exterior-FrontDoor","timestamp":"2018-04-17T14:37:07.701Z"}}
{"_index":"ifttt-2018-04-17","_type":"webhook","_id":"Tue Apr 17 2018 15:52:33 GMT+0000 (UTC)","_score":1,"_source":{"time":"April 17, 2018","device":"miniCam","message":"motion","location":"Exterior-FrontDoor","timestamp":"2018-04-17T15:52:33.470Z"}}
{"_index":"ifttt-2018-04-17","_type":"webhook","_id":"Tue Apr 17 2018 16:37:23 GMT+0000 (UTC)","_score":1,"_source":{"time":"April 17, 2018","device":"miniCam","message":"motion","location":"Exterior-FrontDoor","timestamp":"2018-04-17T16:37:23.042Z"}}
{"_index":"ifttt-2018-04-17","_type":"webhook","_id":"Tue Apr 17 2018 16:42:14 GMT+0000 (UTC)","_score":1,"_source":{"time":"April 17, 2018","device":"miniCam","message":"motion","location":"Exterior-FrontDoor","timestamp":"2018-04-17T16:42:14.467Z"}}
{"_index":"ifttt-2018-04-17","_type":"webhook","_id":"Tue Apr 17 2018 14:42:49 GMT+0000 (UTC)","_score":1,"_source":{"device":"FrontLock1","status":"Locked","user":"Manny Kin","timestamp":"2018-04-17T14:42:49.540Z"}}
{"_index":"ifttt-2018-04-17","_type":"webhook","_id":"Tue Apr 17 2018 12:05:26 GMT+0000 (UTC)","_score":1,"_source":{"device":"Room1Lamp","message":"Off","timestamp":"2018-04-17T12:05:26.503Z"}}
{"_index":"ifttt-2018-04-17","_type":"webhook","_id":"Tue Apr 17 2018 14:52:26 GMT+0000 (UTC)","_score":1,"_source":{"time":"April 17, 2018","device":"miniCam","message":"motion","location":"Exterior-FrontDoor","timestamp":"2018-04-17T14:52:26.586Z"}}
{"_index":"ifttt-2018-04-17","_type":"webhook","_id":"Tue Apr 17 2018 17:12:11 GMT+0000 (UTC)","_score":1,"_source":{"time":"April 17, 2018","device":"miniCam","message":"motion","location":"Exterior-FrontDoor","timestamp":"2018-04-17T17:12:11.643Z"}}
{"_index":"ifttt-2018-04-17","_type":"webhook","_id":"Tue Apr 17 2018 17:12:12 GMT+0000 (UTC)","_score":1,"_source":{"time":"April 17, 2018","device":"miniCam","message":"motion","location":"Exterior-FrontDoor","timestamp":"2018-04-17T17:12:12.306Z"}}
{"_index":"ifttt-2018-04-17","_type":"webhook","_id":"Tue Apr 17 2018 17:52:13 GMT+0000 (UTC)","_score":1,"_source":{"time":"April 17, 2018","device":"miniCam","message":"motion","location":"Exterior-FrontDoor","timestamp":"2018-04-17T17:52:13.907Z"}}
{"_index":"ifttt-2018-04-17","_type":"webhook","_id":"Tue Apr 17 2018 17:37:24 GMT+0000 (UTC)","_score":1,"_source":{"device":"FrontLock1","status":"Unlocked","user":"Manual Unlock","timestamp":"2018-04-17T17:37:24.947Z"}}
{"_index":"ifttt-2018-04-17","_type":"webhook","_id":"Tue Apr 17 2018 17:22:14 GMT+0000 (UTC)","_score":1,"_source":{"time":"April 17, 2018","device":"miniCam","message":"motion","location":"Exterior-FrontDoor","timestamp":"2018-04-17T17:22:14.818Z"}}
{"_index":"ifttt-2018-04-17","_type":"webhook","_id":"Tue Apr 17 2018 17:27:25 GMT+0000 (UTC)","_score":1,"_source":{"time":"April 17, 2018","device":"miniCam","message":"motion","location":"Exterior-FrontDoor","timestamp":"2018-04-17T17:27:25.998Z"}}
{"_index":"ifttt-2018-04-17","_type":"webhook","_id":"Tue Apr 17 2018 17:37:14 GMT+0000 (UTC)","_score":1,"_source":{"device":"FrontLock1","status":"Unlocked","user":"Manual Unlock","timestamp":"2018-04-17T17:37:14.630Z"}}
{"_index":"ifttt-2018-04-17","_type":"webhook","_id":"Tue Apr 17 2018 17:37:21 GMT+0000 (UTC)","_score":1,"_source":{"device":"FrontLock1","status":"Unlocked","user":"Manual Unlock","timestamp":"2018-04-17T17:37:21.639Z"}}
{"_index":"ifttt-2018-04-17","_type":"webhook","_id":"Tue Apr 17 2018 17:38:20 GMT+0000 (UTC)","_score":1,"_source":{"device":"FrontLock1","status":"Locked","user":"Manual Lock","timestamp":"2018-04-17T17:38:20.750Z"}}
{"_index":"ifttt-2018-04-17","_type":"webhook","_id":"Tue Apr 17 2018 18:11:14 GMT+0000 (UTC)","_score":1,"_source":{"time":"April 17, 2018 at 02:11PM","device":"Alexa","message":"Voice Deactivation","target":"lamp","timestamp":"2018-04-17T18:11:14.478Z"}}
{"_index":"ifttt-2018-04-17","_type":"webhook","_id":"Tue Apr 17 2018 18:22:08 GMT+0000 (UTC)","_score":1,"_source":{"time":"April 17, 2018","device":"miniCam","message":"motion","location":"Exterior-FrontDoor","timestamp":"2018-04-17T18:22:08.437Z"}}
{"_index":"ifttt-2018-04-17","_type":"webhook","_id":"Tue Apr 17 2018 17:52:16 GMT+0000 (UTC)","_score":1,"_source":{"device":"FrontLock1","status":"Unlocked","user":"Manual Unlock","timestamp":"2018-04-17T17:52:16.854Z"}}
{"_index":"ifttt-2018-04-17","_type":"webhook","_id":"Tue Apr 17 2018 18:32:13 GMT+0000 (UTC)","_score":1,"_source":{"device":"FrontLock1","status":"Unlocked","user":"Manual Unlock","timestamp":"2018-04-17T18:32:13.713Z"}}
{"_index":"ifttt-2018-04-17","_type":"webhook","_id":"Tue Apr 17 2018 18:27:06 GMT+0000 (UTC)","_score":1,"_source":{"device":"FrontLock1","status":"Unlocked","user":"Manny Kin","timestamp":"2018-04-17T18:27:06.240Z"}}
{"_index":"ifttt-2018-04-17","_type":"webhook","_id":"Tue Apr 17 2018 17:53:32 GMT+0000 (UTC)","_score":1,"_source":{"device":"FrontLock1","status":"Locked","user":"Manual Lock","timestamp":"2018-04-17T17:53:32.621Z"}}
{"_index":"ifttt-2018-04-17","_type":"webhook","_id":"Tue Apr 17 2018 18:13:21 GMT+0000 (UTC)","_score":1,"_source":{"device":"FrontLock1","status":"Locked","user":"Manny Kin","timestamp":"2018-04-17T18:13:21.845Z"}}
{"_index":"ifttt-2018-04-17","_type":"webhook","_id":"Tue Apr 17 2018 18:27:29 GMT+0000 (UTC)","_score":1,"_source":{"time":"April 17, 2018","device":"miniCam","message":"motion","location":"Exterior-FrontDoor","timestamp":"2018-04-17T18:27:29.468Z"}}
{"_index":"ifttt-2018-04-17","_type":"webhook","_id":"Tue Apr 17 2018 18:32:26 GMT+0000 (UTC)","_score":1,"_source":{"time":"April 17, 2018","device":"miniCam","message":"motion","location":"Exterior-FrontDoor","timestamp":"2018-04-17T18:32:26.884Z"}}
{"_index":"ifttt-2018-04-17","_type":"webhook","_id":"Tue Apr 17 2018 18:32:27 GMT+0000 (UTC)","_score":1,"_source":{"time":"April 17, 2018","device":"miniCam","message":"motion","location":"Exterior-FrontDoor","timestamp":"2018-04-17T18:32:27.316Z"}}
{"_index":"ifttt-2018-04-17","_type":"webhook","_id":"Tue Apr 17 2018 18:47:17 GMT+0000 (UTC)","_score":1,"_source":{"time":"April 17, 2018","device":"miniCam","message":"motion","location":"Exterior-FrontDoor","timestamp":"2018-04-17T18:47:17.896Z"}}
{"_index":"ifttt-2018-04-17","_type":"webhook","_id":"Tue Apr 17 2018 19:07:13 GMT+0000 (UTC)","_score":1,"_source":{"time":"April 17, 2018","device":"miniCam","message":"motion","location":"Exterior-FrontDoor","timestamp":"2018-04-17T19:07:13.665Z"}}
{"_index":"ifttt-2018-04-17","_type":"webhook","_id":"Tue Apr 17 2018 19:22:26 GMT+0000 (UTC)","_score":1,"_source":{"time":"April 17, 2018","device":"miniCam","message":"motion","location":"Exterior-FrontDoor","timestamp":"2018-04-17T19:22:26.359Z"}}
{"_index":"ifttt-2018-04-17","_type":"webhook","_id":"Tue Apr 17 2018 18:38:27 GMT+0000 (UTC)","_score":1,"_source":{"device":"FrontLock1","status":"Locked","user":"Manual Lock","timestamp":"2018-04-17T18:38:27.400Z"}}
{"_index":"ifttt-2018-04-17","_type":"webhook","_id":"Tue Apr 17 2018 19:48:10 GMT+0000 (UTC)","_score":1,"_source":{"device":"FrontLock1","status":"Locked","user":"Manual Lock","timestamp":"2018-04-17T19:48:10.610Z"}}
{"_index":"ifttt-2018-04-17","_type":"webhook","_id":"Tue Apr 17 2018 18:38:26 GMT+0000 (UTC)","_score":1,"_source":{"device":"FrontLock1","status":"Locked","user":"Manny Kin","timestamp":"2018-04-17T18:38:26.762Z"}}
{"_index":"ifttt-2018-04-17","_type":"webhook","_id":"Tue Apr 17 2018 19:43:20 GMT+0000 (UTC)","_score":1,"_source":{"device":"FrontLock1","status":"Locked","user":"Manny Kin","timestamp":"2018-04-17T19:43:20.603Z"}}
{"_index":"ifttt-2018-04-17","_type":"webhook","_id":"Tue Apr 17 2018 20:07:40 GMT+0000 (UTC)","_score":1,"_source":{"time":"April 17, 2018","device":"miniCam","message":"motion","location":"Exterior-FrontDoor","timestamp":"2018-04-17T20:07:40.562Z"}}
{"_index":"ifttt-2018-04-17","_type":"webhook","_id":"Tue Apr 17 2018 20:17:29 GMT+0000 (UTC)","_score":1,"_source":{"time":"April 17, 2018","device":"miniCam","message":"motion","location":"Exterior-FrontDoor","timestamp":"2018-04-17T20:17:29.933Z"}}
{"_index":"ifttt-2018-04-17","_type":"webhook","_id":"Tue Apr 17 2018 20:27:20 GMT+0000 (UTC)","_score":1,"_source":{"time":"April 17, 2018","device":"miniCam","message":"motion","location":"Exterior-FrontDoor","timestamp":"2018-04-17T20:27:20.152Z"}}
{"_index":"ifttt-2018-04-17","_type":"webhook","_id":"Tue Apr 17 2018 20:47:21 GMT+0000 (UTC)","_score":1,"_source":{"time":"April 17, 2018","device":"miniCam","message":"motion","location":"Exterior-FrontDoor","timestamp":"2018-04-17T20:47:21.875Z"}}
{"_index":"ifttt-2018-04-17","_type":"webhook","_id":"Tue Apr 17 2018 20:52:23 GMT+0000 (UTC)","_score":1,"_source":{"time":"April 17, 2018","device":"miniCam","message":"motion","location":"Exterior-FrontDoor","timestamp":"2018-04-17T20:52:23.611Z"}}
{"_index":"ifttt-2018-04-17","_type":"webhook","_id":"Tue Apr 17 2018 20:57:10 GMT+0000 (UTC)","_score":1,"_source":{"time":"April 17, 2018","device":"miniCam","message":"motion","location":"Exterior-FrontDoor","timestamp":"2018-04-17T20:57:10.879Z"}}
{"_index":"ifttt-2018-04-17","_type":"webhook","_id":"Tue Apr 17 2018 21:37:23 GMT+0000 (UTC)","_score":1,"_source":{"time":"April 17, 2018","device":"miniCam","message":"motion","location":"Exterior-FrontDoor","timestamp":"2018-04-17T21:37:23.919Z"}}
{"_index":"ifttt-2018-04-17","_type":"webhook","_id":"Tue Apr 17 2018 20:13:23 GMT+0000 (UTC)","_score":1,"_source":{"device":"FrontLock1","status":"Locked","user":"Manny Kin","timestamp":"2018-04-17T20:13:23.471Z"}}
{"_index":"ifttt-2018-04-17","_type":"webhook","_id":"Tue Apr 17 2018 19:53:34 GMT+0000 (UTC)","_score":1,"_source":{"device":"FrontLock1","status":"Locked","user":"Manny Ken","timestamp":"2018-04-17T19:53:34.788Z"}}
{"_index":"ifttt-2018-04-17","_type":"webhook","_id":"Tue Apr 17 2018 21:57:43 GMT+0000 (UTC)","_score":1,"_source":{"time":"April 17, 2018","device":"miniCam","message":"motion","location":"Exterior-FrontDoor","timestamp":"2018-04-17T21:57:43.154Z"}}
{"_index":"ifttt-2018-04-17","_type":"webhook","_id":"Tue Apr 17 2018 22:07:26 GMT+0000 (UTC)","_score":1,"_source":{"time":"April 17, 2018","device":"miniCam","message":"motion","location":"Exterior-FrontDoor","timestamp":"2018-04-17T22:07:26.027Z"}}
{"_index":"ifttt-2018-04-17","_type":"webhook","_id":"Tue Apr 17 2018 22:17:07 GMT+0000 (UTC)","_score":1,"_source":{"time":"April 17, 2018","device":"miniCam","message":"motion","location":"Exterior-FrontDoor","timestamp":"2018-04-17T22:17:07.211Z"}}
