{"_index":"ifttt-2018-04-02","_type":"webhook","_id":"Mon Apr 02 2018 18:13:24 GMT+0000 (UTC)","_score":1,"_source":{"device":"Alexa","deviceID":"10","action":"Voice Activation","target":"Room1Lamp","target-deviceID":"7","timestamp":"2018-04-02T18:13:24.915Z"}}
{"_index":"ifttt-2018-04-02","_type":"webhook","_id":"Mon Apr 02 2018 16:19:19 GMT+0000 (UTC)","_score":1,"_source":{"device":"Room1Plug2","status":"Activated","time":" ","timestamp":"2018-04-02T16:19:19.231Z"}}
{"_index":"ifttt-2018-04-02","_type":"webhook","_id":"Mon Apr 02 2018 05:01:53 GMT+0000 (UTC)","_score":1,"_source":{"alert":"motion","location":"Exterior-Front Door","timestamp":"2018-04-02T05:01:53.564Z"}}
{"_index":"ifttt-2018-04-02","_type":"webhook","_id":"Mon Apr 02 2018 01:01:49 GMT+0000 (UTC)","_score":1,"_source":{"alert":"motion","location":"Exterior-Front Door","timestamp":"2018-04-02T01:01:49.068Z"}}
{"_index":"ifttt-2018-04-02","_type":"webhook","_id":"Mon Apr 02 2018 03:01:15 GMT+0000 (UTC)","_score":1,"_source":{"alert":"motion","location":"Exterior-Front Door","timestamp":"2018-04-02T03:01:15.800Z"}}
{"_index":"ifttt-2018-04-02","_type":"webhook","_id":"Mon Apr 02 2018 03:01:17 GMT+0000 (UTC)","_score":1,"_source":{"alert":"motion","location":"Exterior-Front Door","timestamp":"2018-04-02T03:01:17.419Z"}}
{"_index":"ifttt-2018-04-02","_type":"webhook","_id":"Mon Apr 02 2018 15:31:18 GMT+0000 (UTC)","_score":1,"_source":{"alert":"motion","location":"Exterior-Front Door","timestamp":"2018-04-02T15:31:18.643Z"}}
{"_index":"ifttt-2018-04-02","_type":"webhook","_id":"Mon Apr 02 2018 15:46:41 GMT+0000 (UTC)","_score":1,"_source":{"alert":"motion","location":"Exterior-Front Door","timestamp":"2018-04-02T15:46:41.989Z"}}
{"_index":"ifttt-2018-04-02","_type":"webhook","_id":"Mon Apr 02 2018 18:36:08 GMT+0000 (UTC)","_score":1,"_source":{"alert":"motion","location":"Exterior-Front Door","timestamp":"2018-04-02T18:36:08.104Z"}}
{"_index":"ifttt-2018-04-02","_type":"webhook","_id":"Mon Apr 02 2018 05:53:15 GMT+0000 (UTC)","_score":1,"_source":{"device":"Room1Plug1","status":"Activated","timestamp":"2018-04-02T05:53:15.280Z"}}
{"_index":"ifttt-2018-04-02","_type":"webhook","_id":"Mon Apr 02 2018 18:46:10 GMT+0000 (UTC)","_score":1,"_source":{"alert":"motion","location":"Exterior-Front Door","timestamp":"2018-04-02T18:46:10.184Z"}}
{"_index":"ifttt-2018-04-02","_type":"webhook","_id":"Mon Apr 02 2018 19:06:09 GMT+0000 (UTC)","_score":1,"_source":{"alert":"motion","location":"Exterior-Front Door","timestamp":"2018-04-02T19:06:09.877Z"}}
{"_index":"ifttt-2018-04-02","_type":"webhook","_id":"Mon Apr 02 2018 22:26:24 GMT+0000 (UTC)","_score":1,"_source":{"alert":"motion","location":"Exterior-Front Door","timestamp":"2018-04-02T22:26:24.056Z"}}
{"_index":"ifttt-2018-04-02","_type":"webhook","_id":"Mon Apr 02 2018 22:56:20 GMT+0000 (UTC)","_score":1,"_source":{"alert":"motion","location":"Exterior-Front Door","timestamp":"2018-04-02T22:56:20.838Z"}}
{"_index":"ifttt-2018-04-02","_type":"webhook","_id":"Mon Apr 02 2018 23:39:21 GMT+0000 (UTC)","_score":1,"_source":{"device":"Room1Plug2","status":"Activated","time":" ","timestamp":"2018-04-02T23:39:21.319Z"}}
{"_index":"ifttt-2018-04-02","_type":"webhook","_id":"Mon Apr 02 2018 04:04:09 GMT+0000 (UTC)","_score":1,"_source":{"device":"Room1Plug2","status":"Activated","time":" ","timestamp":"2018-04-02T04:04:09.329Z"}}
{"_index":"ifttt-2018-04-02","_type":"webhook","_id":"Mon Apr 02 2018 08:09:09 GMT+0000 (UTC)","_score":1,"_source":{"device":"Room1Plug2","status":"Activated","time":" ","timestamp":"2018-04-02T08:09:09.509Z"}}
{"_index":"ifttt-2018-04-02","_type":"webhook","_id":"Mon Apr 02 2018 03:01:16 GMT+0000 (UTC)","_score":1,"_source":{"alert":"motion","location":"Exterior-Front Door","timestamp":"2018-04-02T03:01:16.917Z"}}
{"_index":"ifttt-2018-04-02","_type":"webhook","_id":"Mon Apr 02 2018 03:16:14 GMT+0000 (UTC)","_score":1,"_source":{"alert":"motion","location":"Exterior-Front Door","timestamp":"2018-04-02T03:16:14.380Z"}}
{"_index":"ifttt-2018-04-02","_type":"webhook","_id":"Mon Apr 02 2018 12:01:41 GMT+0000 (UTC)","_score":1,"_source":{"alert":"motion","location":"Exterior-Front Door","timestamp":"2018-04-02T12:01:41.482Z"}}
{"_index":"ifttt-2018-04-02","_type":"webhook","_id":"Mon Apr 02 2018 13:01:38 GMT+0000 (UTC)","_score":1,"_source":{"alert":"motion","location":"Exterior-Front Door","timestamp":"2018-04-02T13:01:38.043Z"}}
{"_index":"ifttt-2018-04-02","_type":"webhook","_id":"Mon Apr 02 2018 14:01:42 GMT+0000 (UTC)","_score":1,"_source":{"alert":"motion","location":"Exterior-Front Door","timestamp":"2018-04-02T14:01:42.620Z"}}
{"_index":"ifttt-2018-04-02","_type":"webhook","_id":"Mon Apr 02 2018 14:31:16 GMT+0000 (UTC)","_score":1,"_source":{"alert":"motion","location":"Exterior-Front Door","timestamp":"2018-04-02T14:31:16.458Z"}}
{"_index":"ifttt-2018-04-02","_type":"webhook","_id":"Mon Apr 02 2018 08:58:18 GMT+0000 (UTC)","_score":1,"_source":{"device":"Room1Plug1","status":"Activated","timestamp":"2018-04-02T08:58:18.184Z"}}
{"_index":"ifttt-2018-04-02","_type":"webhook","_id":"Mon Apr 02 2018 03:16:15 GMT+0000 (UTC)","_score":1,"_source":{"alert":"motion","location":"Exterior-Front Door","timestamp":"2018-04-02T03:16:15.926Z"}}
{"_index":"ifttt-2018-04-02","_type":"webhook","_id":"Mon Apr 02 2018 15:16:22 GMT+0000 (UTC)","_score":1,"_source":{"alert":"motion","location":"Exterior-Front Door","timestamp":"2018-04-02T15:16:22.991Z"}}
{"_index":"ifttt-2018-04-02","_type":"webhook","_id":"Mon Apr 02 2018 15:16:23 GMT+0000 (UTC)","_score":1,"_source":{"alert":"motion","location":"Exterior-Front Door","timestamp":"2018-04-02T15:16:23.605Z"}}
{"_index":"ifttt-2018-04-02","_type":"webhook","_id":"Mon Apr 02 2018 15:01:25 GMT+0000 (UTC)","_score":1,"_source":{"alert":"motion","location":"Exterior-Front Door","timestamp":"2018-04-02T15:01:25.115Z"}}
{"_index":"ifttt-2018-04-02","_type":"webhook","_id":"Mon Apr 02 2018 15:16:24 GMT+0000 (UTC)","_score":1,"_source":{"alert":"motion","location":"Exterior-Front Door","timestamp":"2018-04-02T15:16:24.140Z"}}
{"_index":"ifttt-2018-04-02","_type":"webhook","_id":"Mon Apr 02 2018 15:17:06 GMT+0000 (UTC)","_score":1,"_source":{"alert":"motion","location":"Exterior-Front Door","timestamp":"2018-04-02T15:17:06.581Z"}}
{"_index":"ifttt-2018-04-02","_type":"webhook","_id":"Mon Apr 02 2018 15:31:20 GMT+0000 (UTC)","_score":1,"_source":{"alert":"motion","location":"Exterior-Front Door","timestamp":"2018-04-02T15:31:20.643Z"}}
{"_index":"ifttt-2018-04-02","_type":"webhook","_id":"Mon Apr 02 2018 17:31:27 GMT+0000 (UTC)","_score":1,"_source":{"alert":"motion","location":"Exterior-Front Door","timestamp":"2018-04-02T17:31:27.015Z"}}
{"_index":"ifttt-2018-04-02","_type":"webhook","_id":"Mon Apr 02 2018 18:07:14 GMT+0000 (UTC)","_score":1,"_source":{"alert":"motion","location":"Exterior-Front Door","timestamp":"2018-04-02T18:07:14.317Z"}}
{"_index":"ifttt-2018-04-02","_type":"webhook","_id":"Mon Apr 02 2018 19:01:33 GMT+0000 (UTC)","_score":1,"_source":{"alert":"motion","location":"Exterior-Front Door","timestamp":"2018-04-02T19:01:33.286Z"}}
{"_index":"ifttt-2018-04-02","_type":"webhook","_id":"Mon Apr 02 2018 17:08:24 GMT+0000 (UTC)","_score":1,"_source":{"device":"Room1Plug1","status":"Activated","timestamp":"2018-04-02T17:08:24.152Z"}}
{"_index":"ifttt-2018-04-02","_type":"webhook","_id":"Mon Apr 02 2018 19:41:22 GMT+0000 (UTC)","_score":1,"_source":{"alert":"motion","location":"Exterior-Front Door","timestamp":"2018-04-02T19:41:22.644Z"}}
{"_index":"ifttt-2018-04-02","_type":"webhook","_id":"Mon Apr 02 2018 19:41:24 GMT+0000 (UTC)","_score":1,"_source":{"alert":"motion","location":"Exterior-Front Door","timestamp":"2018-04-02T19:41:24.485Z"}}
{"_index":"ifttt-2018-04-02","_type":"webhook","_id":"Mon Apr 02 2018 19:41:25 GMT+0000 (UTC)","_score":1,"_source":{"alert":"motion","location":"Exterior-Front Door","timestamp":"2018-04-02T19:41:25.103Z"}}
{"_index":"ifttt-2018-04-02","_type":"webhook","_id":"Mon Apr 02 2018 20:21:30 GMT+0000 (UTC)","_score":1,"_source":{"alert":"motion","location":"Exterior-Front Door","timestamp":"2018-04-02T20:21:30.025Z"}}
{"_index":"ifttt-2018-04-02","_type":"webhook","_id":"Mon Apr 02 2018 20:56:03 GMT+0000 (UTC)","_score":1,"_source":{"alert":"motion","location":"Exterior-Front Door","timestamp":"2018-04-02T20:56:03.277Z"}}
{"_index":"ifttt-2018-04-02","_type":"webhook","_id":"Mon Apr 02 2018 22:36:37 GMT+0000 (UTC)","_score":1,"_source":{"alert":"motion","location":"Exterior-Front Door","timestamp":"2018-04-02T22:36:37.704Z"}}
{"_index":"ifttt-2018-04-02","_type":"webhook","_id":"Mon Apr 02 2018 03:04:08 GMT+0000 (UTC)","_score":1,"_source":{"device":"Room1Plug2","status":"Activated","time":" ","timestamp":"2018-04-02T03:04:08.229Z"}}
{"_index":"ifttt-2018-04-02","_type":"webhook","_id":"Mon Apr 02 2018 12:14:30 GMT+0000 (UTC)","_score":1,"_source":{"device":"Room1Plug2","status":"Activated","time":" ","timestamp":"2018-04-02T12:14:30.320Z"}}
{"_index":"ifttt-2018-04-02","_type":"webhook","_id":"Mon Apr 02 2018 05:16:20 GMT+0000 (UTC)","_score":1,"_source":{"alert":"motion","location":"Exterior-Front Door","timestamp":"2018-04-02T05:16:20.999Z"}}
{"_index":"ifttt-2018-04-02","_type":"webhook","_id":"Mon Apr 02 2018 06:01:37 GMT+0000 (UTC)","_score":1,"_source":{"alert":"motion","location":"Exterior-Front Door","timestamp":"2018-04-02T06:01:37.547Z"}}
{"_index":"ifttt-2018-04-02","_type":"webhook","_id":"Mon Apr 02 2018 10:01:18 GMT+0000 (UTC)","_score":1,"_source":{"alert":"motion","location":"Exterior-Front Door","timestamp":"2018-04-02T10:01:18.777Z"}}
{"_index":"ifttt-2018-04-02","_type":"webhook","_id":"Mon Apr 02 2018 15:31:17 GMT+0000 (UTC)","_score":1,"_source":{"alert":"motion","location":"Exterior-Front Door","timestamp":"2018-04-02T15:31:17.900Z"}}
{"_index":"ifttt-2018-04-02","_type":"webhook","_id":"Mon Apr 02 2018 17:31:26 GMT+0000 (UTC)","_score":1,"_source":{"alert":"motion","location":"Exterior-Front Door","timestamp":"2018-04-02T17:31:26.198Z"}}
{"_index":"ifttt-2018-04-02","_type":"webhook","_id":"Mon Apr 02 2018 18:21:26 GMT+0000 (UTC)","_score":1,"_source":{"alert":"motion","location":"Exterior-Front Door","timestamp":"2018-04-02T18:21:26.008Z"}}
{"_index":"ifttt-2018-04-02","_type":"webhook","_id":"Mon Apr 02 2018 16:01:50 GMT+0000 (UTC)","_score":1,"_source":{"alert":"motion","location":"Exterior-Front Door","timestamp":"2018-04-02T16:01:50.818Z"}}
{"_index":"ifttt-2018-04-02","_type":"webhook","_id":"Mon Apr 02 2018 18:07:11 GMT+0000 (UTC)","_score":1,"_source":{"alert":"motion","location":"Exterior-Front Door","timestamp":"2018-04-02T18:07:11.861Z"}}
{"_index":"ifttt-2018-04-02","_type":"webhook","_id":"Mon Apr 02 2018 21:29:28 GMT+0000 (UTC)","_score":1,"_source":{"device":"Room1Plug2","status":"Activated","time":" ","timestamp":"2018-04-02T21:29:28.888Z"}}
{"_index":"ifttt-2018-04-02","_type":"webhook","_id":"Mon Apr 02 2018 22:36:38 GMT+0000 (UTC)","_score":1,"_source":{"alert":"motion","location":"Exterior-Front Door","timestamp":"2018-04-02T22:36:38.538Z"}}
{"_index":"ifttt-2018-04-02","_type":"webhook","_id":"Mon Apr 02 2018 05:04:21 GMT+0000 (UTC)","_score":1,"_source":{"device":"Room1Plug2","status":"Activated","time":" ","timestamp":"2018-04-02T05:04:21.727Z"}}
{"_index":"ifttt-2018-04-02","_type":"webhook","_id":"Mon Apr 02 2018 10:09:30 GMT+0000 (UTC)","_score":1,"_source":{"device":"Room1Plug2","status":"Activated","time":" ","timestamp":"2018-04-02T10:09:30.179Z"}}
{"_index":"ifttt-2018-04-02","_type":"webhook","_id":"Mon Apr 02 2018 11:09:30 GMT+0000 (UTC)","_score":1,"_source":{"device":"Room1Plug2","status":"Activated","time":" ","timestamp":"2018-04-02T11:09:30.460Z"}}
{"_index":"ifttt-2018-04-02","_type":"webhook","_id":"Mon Apr 02 2018 13:01:37 GMT+0000 (UTC)","_score":1,"_source":{"alert":"motion","location":"Exterior-Front Door","timestamp":"2018-04-02T13:01:37.083Z"}}
{"_index":"ifttt-2018-04-02","_type":"webhook","_id":"Mon Apr 02 2018 14:01:41 GMT+0000 (UTC)","_score":1,"_source":{"alert":"motion","location":"Exterior-Front Door","timestamp":"2018-04-02T14:01:41.697Z"}}
{"_index":"ifttt-2018-04-02","_type":"webhook","_id":"Mon Apr 02 2018 15:31:22 GMT+0000 (UTC)","_score":1,"_source":{"alert":"motion","location":"Exterior-Front Door","timestamp":"2018-04-02T15:31:22.708Z"}}
{"_index":"ifttt-2018-04-02","_type":"webhook","_id":"Mon Apr 02 2018 17:01:25 GMT+0000 (UTC)","_score":1,"_source":{"alert":"motion","location":"Exterior-Front Door","timestamp":"2018-04-02T17:01:25.218Z"}}
{"_index":"ifttt-2018-04-02","_type":"webhook","_id":"Mon Apr 02 2018 17:16:25 GMT+0000 (UTC)","_score":1,"_source":{"alert":"motion","location":"Exterior-Front Door","timestamp":"2018-04-02T17:16:25.452Z"}}
{"_index":"ifttt-2018-04-02","_type":"webhook","_id":"Mon Apr 02 2018 17:16:26 GMT+0000 (UTC)","_score":1,"_source":{"alert":"motion","location":"Exterior-Front Door","timestamp":"2018-04-02T17:16:26.270Z"}}
{"_index":"ifttt-2018-04-02","_type":"webhook","_id":"Mon Apr 02 2018 15:31:19 GMT+0000 (UTC)","_score":1,"_source":{"alert":"motion","location":"Exterior-Front Door","timestamp":"2018-04-02T15:31:19.710Z"}}
{"_index":"ifttt-2018-04-02","_type":"webhook","_id":"Mon Apr 02 2018 18:07:12 GMT+0000 (UTC)","_score":1,"_source":{"alert":"motion","location":"Exterior-Front Door","timestamp":"2018-04-02T18:07:12.746Z"}}
{"_index":"ifttt-2018-04-02","_type":"webhook","_id":"Mon Apr 02 2018 18:17:03 GMT+0000 (UTC)","_score":1,"_source":{"alert":"motion","location":"Exterior-Front Door","timestamp":"2018-04-02T18:17:03.240Z"}}
{"_index":"ifttt-2018-04-02","_type":"webhook","_id":"Mon Apr 02 2018 19:01:32 GMT+0000 (UTC)","_score":1,"_source":{"alert":"motion","location":"Exterior-Front Door","timestamp":"2018-04-02T19:01:32.569Z"}}
{"_index":"ifttt-2018-04-02","_type":"webhook","_id":"Mon Apr 02 2018 19:13:16 GMT+0000 (UTC)","_score":1,"_source":{"device":"Room1Plug1","status":"Activated","timestamp":"2018-04-02T19:13:16.381Z"}}
{"_index":"ifttt-2018-04-02","_type":"webhook","_id":"Mon Apr 02 2018 19:26:08 GMT+0000 (UTC)","_score":1,"_source":{"alert":"motion","location":"Exterior-Front Door","timestamp":"2018-04-02T19:26:08.579Z"}}
{"_index":"ifttt-2018-04-02","_type":"webhook","_id":"Mon Apr 02 2018 19:56:13 GMT+0000 (UTC)","_score":1,"_source":{"alert":"motion","location":"Exterior-Front Door","timestamp":"2018-04-02T19:56:13.476Z"}}
{"_index":"ifttt-2018-04-02","_type":"webhook","_id":"Mon Apr 02 2018 19:56:14 GMT+0000 (UTC)","_score":1,"_source":{"alert":"motion","location":"Exterior-Front Door","timestamp":"2018-04-02T19:56:14.367Z"}}
{"_index":"ifttt-2018-04-02","_type":"webhook","_id":"Mon Apr 02 2018 20:41:09 GMT+0000 (UTC)","_score":1,"_source":{"alert":"motion","location":"Exterior-Front Door","timestamp":"2018-04-02T20:41:09.114Z"}}
{"_index":"ifttt-2018-04-02","_type":"webhook","_id":"Mon Apr 02 2018 09:09:19 GMT+0000 (UTC)","_score":1,"_source":{"device":"Room1Plug2","status":"Activated","time":" ","timestamp":"2018-04-02T09:09:19.407Z"}}
{"_index":"ifttt-2018-04-02","_type":"webhook","_id":"Mon Apr 02 2018 08:01:09 GMT+0000 (UTC)","_score":1,"_source":{"alert":"motion","location":"Exterior-Front Door","timestamp":"2018-04-02T08:01:09.523Z"}}
{"_index":"ifttt-2018-04-02","_type":"webhook","_id":"Mon Apr 02 2018 09:01:16 GMT+0000 (UTC)","_score":1,"_source":{"alert":"motion","location":"Exterior-Front Door","timestamp":"2018-04-02T09:01:16.781Z"}}
{"_index":"ifttt-2018-04-02","_type":"webhook","_id":"Mon Apr 02 2018 12:01:43 GMT+0000 (UTC)","_score":1,"_source":{"alert":"motion","location":"Exterior-Front Door","timestamp":"2018-04-02T12:01:43.301Z"}}
{"_index":"ifttt-2018-04-02","_type":"webhook","_id":"Mon Apr 02 2018 15:17:05 GMT+0000 (UTC)","_score":1,"_source":{"alert":"motion","location":"Exterior-Front Door","timestamp":"2018-04-02T15:17:05.961Z"}}
{"_index":"ifttt-2018-04-02","_type":"webhook","_id":"Mon Apr 02 2018 15:31:21 GMT+0000 (UTC)","_score":1,"_source":{"alert":"motion","location":"Exterior-Front Door","timestamp":"2018-04-02T15:31:21.661Z"}}
{"_index":"ifttt-2018-04-02","_type":"webhook","_id":"Mon Apr 02 2018 15:31:23 GMT+0000 (UTC)","_score":1,"_source":{"alert":"motion","location":"Exterior-Front Door","timestamp":"2018-04-02T15:31:23.429Z"}}
{"_index":"ifttt-2018-04-02","_type":"webhook","_id":"Mon Apr 02 2018 12:01:42 GMT+0000 (UTC)","_score":1,"_source":{"alert":"motion","location":"Exterior-Front Door","timestamp":"2018-04-02T12:01:42.734Z"}}
{"_index":"ifttt-2018-04-02","_type":"webhook","_id":"Mon Apr 02 2018 14:31:15 GMT+0000 (UTC)","_score":1,"_source":{"alert":"motion","location":"Exterior-Front Door","timestamp":"2018-04-02T14:31:15.946Z"}}
{"_index":"ifttt-2018-04-02","_type":"webhook","_id":"Mon Apr 02 2018 18:16:41 GMT+0000 (UTC)","_score":1,"_source":{"device":"Alexa","deviceID":"10","action":"Voice Activation","target":"Room1Lamp","target-deviceID":"7","timestamp":"2018-04-02T18:16:41.120Z"}}
{"_index":"ifttt-2018-04-02","_type":"webhook","_id":"Mon Apr 02 2018 20:29:25 GMT+0000 (UTC)","_score":1,"_source":{"device":"Room1Plug2","status":"Activated","time":" ","timestamp":"2018-04-02T20:29:25.997Z"}}
{"_index":"ifttt-2018-04-02","_type":"webhook","_id":"Mon Apr 02 2018 15:46:40 GMT+0000 (UTC)","_score":1,"_source":{"alert":"motion","location":"Exterior-Front Door","timestamp":"2018-04-02T15:46:40.963Z"}}
{"_index":"ifttt-2018-04-02","_type":"webhook","_id":"Mon Apr 02 2018 17:16:27 GMT+0000 (UTC)","_score":1,"_source":{"alert":"motion","location":"Exterior-Front Door","timestamp":"2018-04-02T17:16:27.084Z"}}
{"_index":"ifttt-2018-04-02","_type":"webhook","_id":"Mon Apr 02 2018 18:07:13 GMT+0000 (UTC)","_score":1,"_source":{"alert":"motion","location":"Exterior-Front Door","timestamp":"2018-04-02T18:07:13.804Z"}}
{"_index":"ifttt-2018-04-02","_type":"webhook","_id":"Mon Apr 02 2018 19:26:07 GMT+0000 (UTC)","_score":1,"_source":{"alert":"motion","location":"Exterior-Front Door","timestamp":"2018-04-02T19:26:07.913Z"}}
{"_index":"ifttt-2018-04-02","_type":"webhook","_id":"Mon Apr 02 2018 19:41:23 GMT+0000 (UTC)","_score":1,"_source":{"alert":"motion","location":"Exterior-Front Door","timestamp":"2018-04-02T19:41:23.979Z"}}
{"_index":"ifttt-2018-04-02","_type":"webhook","_id":"Mon Apr 02 2018 19:51:04 GMT+0000 (UTC)","_score":1,"_source":{"alert":"motion","location":"Exterior-Front Door","timestamp":"2018-04-02T19:51:04.597Z"}}
{"_index":"ifttt-2018-04-02","_type":"webhook","_id":"Mon Apr 02 2018 20:21:29 GMT+0000 (UTC)","_score":1,"_source":{"alert":"motion","location":"Exterior-Front Door","timestamp":"2018-04-02T20:21:29.309Z"}}
{"_index":"ifttt-2018-04-02","_type":"webhook","_id":"Mon Apr 02 2018 21:56:21 GMT+0000 (UTC)","_score":1,"_source":{"alert":"motion","location":"Exterior-Front Door","timestamp":"2018-04-02T21:56:21.533Z"}}
{"_index":"ifttt-2018-04-02","_type":"webhook","_id":"Mon Apr 02 2018 22:36:36 GMT+0000 (UTC)","_score":1,"_source":{"alert":"motion","location":"Exterior-Front Door","timestamp":"2018-04-02T22:36:36.598Z"}}
{"_index":"ifttt-2018-04-02","_type":"webhook","_id":"Mon Apr 02 2018 23:16:19 GMT+0000 (UTC)","_score":1,"_source":{"alert":"motion","location":"Exterior-Front Door","timestamp":"2018-04-02T23:16:19.143Z"}}
