{"_index":"ifttt-2018-04-11","_type":"webhook","_id":"Wed Apr 11 2018 14:14:30 GMT+0000 (UTC)","_score":1,"_source":{"time":"April 11, 2018","device":"miniCam","message":"motion","location":"Exterior-FrontDoor","timestamp":"2018-04-11T14:14:30.805Z"}}
{"_index":"ifttt-2018-04-11","_type":"webhook","_id":"Wed Apr 11 2018 14:14:31 GMT+0000 (UTC)","_score":1,"_source":{"time":"April 11, 2018","device":"miniCam","message":"motion","location":"Exterior-FrontDoor","timestamp":"2018-04-11T14:14:31.574Z"}}
{"_index":"ifttt-2018-04-11","_type":"webhook","_id":"Wed Apr 11 2018 14:54:24 GMT+0000 (UTC)","_score":1,"_source":{"time":"April 11, 2018","device":"miniCam","message":"motion","location":"Exterior-FrontDoor","timestamp":"2018-04-11T14:54:24.116Z"}}
{"_index":"ifttt-2018-04-11","_type":"webhook","_id":"Wed Apr 11 2018 15:04:11 GMT+0000 (UTC)","_score":1,"_source":{"time":"April 11, 2018","device":"miniCam","message":"motion","location":"Exterior-FrontDoor","timestamp":"2018-04-11T15:04:11.378Z"}}
{"_index":"ifttt-2018-04-11","_type":"webhook","_id":"Wed Apr 11 2018 14:23:00 GMT+0000 (UTC)","_score":1,"_source":{"device":"FrontLock1","status":"Unlocked","user":" Manual Unlock","timestamp":"2018-04-11T14:23:00.606Z"}}
{"_index":"ifttt-2018-04-11","_type":"webhook","_id":"Wed Apr 11 2018 14:13:13 GMT+0000 (UTC)","_score":1,"_source":{"device":"FrontLock1","status":"Locked","user":"Manual Lock","timestamp":"2018-04-11T14:13:13.766Z"}}
{"_index":"ifttt-2018-04-11","_type":"webhook","_id":"Wed Apr 11 2018 14:18:30 GMT+0000 (UTC)","_score":1,"_source":{"device":"FrontLock1","status":"Locked","user":"Manual Lock","timestamp":"2018-04-11T14:18:30.292Z"}}
{"_index":"ifttt-2018-04-11","_type":"webhook","_id":"Wed Apr 11 2018 15:02:27 GMT+0000 (UTC)","_score":1,"_source":{"device":"FrontLock1","status":"Locked","user":"Manual Lock","timestamp":"2018-04-11T15:02:27.065Z"}}
{"_index":"ifttt-2018-04-11","_type":"webhook","_id":"Wed Apr 11 2018 11:29:31 GMT+0000 (UTC)","_score":1,"_source":{"device":"Room1Lamp","message":"Off","timestamp":"2018-04-11T11:29:31.526Z"}}
{"_index":"ifttt-2018-04-11","_type":"webhook","_id":"Wed Apr 11 2018 14:19:04 GMT+0000 (UTC)","_score":1,"_source":{"time":"April 11, 2018","device":"miniCam","message":"motion","location":"Exterior-FrontDoor","timestamp":"2018-04-11T14:19:04.638Z"}}
{"_index":"ifttt-2018-04-11","_type":"webhook","_id":"Wed Apr 11 2018 15:14:12 GMT+0000 (UTC)","_score":1,"_source":{"time":"April 11, 2018","device":"miniCam","message":"motion","location":"Exterior-FrontDoor","timestamp":"2018-04-11T15:14:12.056Z"}}
{"_index":"ifttt-2018-04-11","_type":"webhook","_id":"Wed Apr 11 2018 15:54:38 GMT+0000 (UTC)","_score":1,"_source":{"time":"April 11, 2018","device":"miniCam","message":"motion","location":"Exterior-FrontDoor","timestamp":"2018-04-11T15:54:38.504Z"}}
{"_index":"ifttt-2018-04-11","_type":"webhook","_id":"Wed Apr 11 2018 15:14:55 GMT+0000 (UTC)","_score":1,"_source":{"device":"FrontLock1","status":"Unlocked","user":" Manual Unlock","timestamp":"2018-04-11T15:14:55.580Z"}}
{"_index":"ifttt-2018-04-11","_type":"webhook","_id":"Wed Apr 11 2018 15:56:45 GMT+0000 (UTC)","_score":1,"_source":{"device":"FrontLock1","status":"Unlocked","user":" Manual Unlock","timestamp":"2018-04-11T15:56:45.476Z"}}
{"_index":"ifttt-2018-04-11","_type":"webhook","_id":"Wed Apr 11 2018 15:58:40 GMT+0000 (UTC)","_score":1,"_source":{"device":"FrontLock1","status":"Unlocked","user":" Manual Unlock","timestamp":"2018-04-11T15:58:40.133Z"}}
{"_index":"ifttt-2018-04-11","_type":"webhook","_id":"Wed Apr 11 2018 15:59:03 GMT+0000 (UTC)","_score":1,"_source":{"device":"FrontLock1","status":"Locked","user":"Manual Lock","timestamp":"2018-04-11T15:59:03.448Z"}}
{"_index":"ifttt-2018-04-11","_type":"webhook","_id":"Wed Apr 11 2018 15:44:20 GMT+0000 (UTC)","_score":1,"_source":{"device":"Room1Lamp","message":"Off","timestamp":"2018-04-11T15:44:20.986Z"}}
{"_index":"ifttt-2018-04-11","_type":"webhook","_id":"Wed Apr 11 2018 15:19:08 GMT+0000 (UTC)","_score":1,"_source":{"time":"April 11, 2018","device":"miniCam","message":"motion","location":"Exterior-FrontDoor","timestamp":"2018-04-11T15:19:08.769Z"}}
{"_index":"ifttt-2018-04-11","_type":"webhook","_id":"Wed Apr 11 2018 16:04:15 GMT+0000 (UTC)","_score":1,"_source":{"time":"April 11, 2018","device":"miniCam","message":"motion","location":"Exterior-FrontDoor","timestamp":"2018-04-11T16:04:15.739Z"}}
{"_index":"ifttt-2018-04-11","_type":"webhook","_id":"Wed Apr 11 2018 16:29:31 GMT+0000 (UTC)","_score":1,"_source":{"time":"April 11, 2018","device":"miniCam","message":"motion","location":"Exterior-FrontDoor","timestamp":"2018-04-11T16:29:31.946Z"}}
{"_index":"ifttt-2018-04-11","_type":"webhook","_id":"Wed Apr 11 2018 16:54:09 GMT+0000 (UTC)","_score":1,"_source":{"time":"April 11, 2018","device":"miniCam","message":"motion","location":"Exterior-FrontDoor","timestamp":"2018-04-11T16:54:09.279Z"}}
{"_index":"ifttt-2018-04-11","_type":"webhook","_id":"Wed Apr 11 2018 16:59:15 GMT+0000 (UTC)","_score":1,"_source":{"time":"April 11, 2018","device":"miniCam","message":"motion","location":"Exterior-FrontDoor","timestamp":"2018-04-11T16:59:15.400Z"}}
{"_index":"ifttt-2018-04-11","_type":"webhook","_id":"Wed Apr 11 2018 17:04:15 GMT+0000 (UTC)","_score":1,"_source":{"time":"April 11, 2018","device":"miniCam","message":"motion","location":"Exterior-FrontDoor","timestamp":"2018-04-11T17:04:15.841Z"}}
{"_index":"ifttt-2018-04-11","_type":"webhook","_id":"Wed Apr 11 2018 17:19:20 GMT+0000 (UTC)","_score":1,"_source":{"time":"April 11, 2018","device":"miniCam","message":"motion","location":"Exterior-FrontDoor","timestamp":"2018-04-11T17:19:20.076Z"}}
{"_index":"ifttt-2018-04-11","_type":"webhook","_id":"Wed Apr 11 2018 16:24:45 GMT+0000 (UTC)","_score":1,"_source":{"device":"FrontLock1","status":"Unlocked","user":" Manual Unlock","timestamp":"2018-04-11T16:24:45.135Z"}}
{"_index":"ifttt-2018-04-11","_type":"webhook","_id":"Wed Apr 11 2018 17:40:48 GMT+0000 (UTC)","_score":1,"_source":{"device":"FrontLock1","status":"Unlocked","user":" Manual Unlock","timestamp":"2018-04-11T17:40:48.148Z"}}
{"_index":"ifttt-2018-04-11","_type":"webhook","_id":"Wed Apr 11 2018 17:34:29 GMT+0000 (UTC)","_score":1,"_source":{"device":"FrontLock1","status":"Locked","user":"Manual Lock","timestamp":"2018-04-11T17:34:29.325Z"}}
{"_index":"ifttt-2018-04-11","_type":"webhook","_id":"Wed Apr 11 2018 17:34:39 GMT+0000 (UTC)","_score":1,"_source":{"time":"April 11, 2018","device":"miniCam","message":"motion","location":"Exterior-FrontDoor","timestamp":"2018-04-11T17:34:39.858Z"}}
{"_index":"ifttt-2018-04-11","_type":"webhook","_id":"Wed Apr 11 2018 17:34:40 GMT+0000 (UTC)","_score":1,"_source":{"time":"April 11, 2018","device":"miniCam","message":"motion","location":"Exterior-FrontDoor","timestamp":"2018-04-11T17:34:40.683Z"}}
{"_index":"ifttt-2018-04-11","_type":"webhook","_id":"Wed Apr 11 2018 20:09:05 GMT+0000 (UTC)","_score":1,"_source":{"time":"April 11, 2018","device":"miniCam","message":"motion","location":"Exterior-FrontDoor","timestamp":"2018-04-11T20:09:05.959Z"}}
{"_index":"ifttt-2018-04-11","_type":"webhook","_id":"Wed Apr 11 2018 17:54:20 GMT+0000 (UTC)","_score":1,"_source":{"time":"April 11, 2018","device":"miniCam","message":"motion","location":"Exterior-FrontDoor","timestamp":"2018-04-11T17:54:20.152Z"}}
{"_index":"ifttt-2018-04-11","_type":"webhook","_id":"Wed Apr 11 2018 18:49:09 GMT+0000 (UTC)","_score":1,"_source":{"time":"April 11, 2018","device":"miniCam","message":"motion","location":"Exterior-FrontDoor","timestamp":"2018-04-11T18:49:09.993Z"}}
{"_index":"ifttt-2018-04-11","_type":"webhook","_id":"Wed Apr 11 2018 19:09:16 GMT+0000 (UTC)","_score":1,"_source":{"time":"April 11, 2018","device":"miniCam","message":"motion","location":"Exterior-FrontDoor","timestamp":"2018-04-11T19:09:16.975Z"}}
{"_index":"ifttt-2018-04-11","_type":"webhook","_id":"Wed Apr 11 2018 20:03:28 GMT+0000 (UTC)","_score":1,"_source":{"device":"FrontLock1","status":"Unlocked","user":" Manual Unlock","timestamp":"2018-04-11T20:03:28.982Z"}}
{"_index":"ifttt-2018-04-11","_type":"webhook","_id":"Wed Apr 11 2018 19:58:02 GMT+0000 (UTC)","_score":1,"_source":{"device":"FrontLock1","status":"Locked","user":"Manual Lock","timestamp":"2018-04-11T19:58:02.112Z"}}
{"_index":"ifttt-2018-04-11","_type":"webhook","_id":"Wed Apr 11 2018 19:59:56 GMT+0000 (UTC)","_score":1,"_source":{"device":"FrontLock1","status":"Locked","user":"Manual Lock","timestamp":"2018-04-11T19:59:56.008Z"}}
{"_index":"ifttt-2018-04-11","_type":"webhook","_id":"Wed Apr 11 2018 20:05:48 GMT+0000 (UTC)","_score":1,"_source":{"device":"FrontLock1","status":"Locked","user":"Manual Lock","timestamp":"2018-04-11T20:05:48.312Z"}}
{"_index":"ifttt-2018-04-11","_type":"webhook","_id":"Wed Apr 11 2018 19:49:08 GMT+0000 (UTC)","_score":1,"_source":{"device":"Room1Lamp","message":"Off","timestamp":"2018-04-11T19:49:08.531Z"}}
{"_index":"ifttt-2018-04-11","_type":"webhook","_id":"Wed Apr 11 2018 20:09:07 GMT+0000 (UTC)","_score":1,"_source":{"time":"April 11, 2018","device":"miniCam","message":"motion","location":"Exterior-FrontDoor","timestamp":"2018-04-11T20:09:07.229Z"}}
{"_index":"ifttt-2018-04-11","_type":"webhook","_id":"Wed Apr 11 2018 20:11:35 GMT+0000 (UTC)","_score":1,"_source":{"device":"FrontLock1","status":"Locked","user":"Manual Lock","timestamp":"2018-04-11T20:11:35.826Z"}}
{"_index":"ifttt-2018-04-11","_type":"webhook","_id":"Wed Apr 11 2018 20:14:20 GMT+0000 (UTC)","_score":1,"_source":{"time":"April 11, 2018","device":"miniCam","message":"motion","location":"Exterior-FrontDoor","timestamp":"2018-04-11T20:14:20.265Z"}}
{"_index":"ifttt-2018-04-11","_type":"webhook","_id":"Wed Apr 11 2018 20:34:41 GMT+0000 (UTC)","_score":1,"_source":{"device":"Plug1","message":"Activated","time":" ","timestamp":"2018-04-11T20:34:41.311Z"}}
{"_index":"ifttt-2018-04-11","_type":"webhook","_id":"Wed Apr 11 2018 20:49:29 GMT+0000 (UTC)","_score":1,"_source":{"device":"Room1Lamp","message":"Off","timestamp":"2018-04-11T20:49:29.912Z"}}
{"_index":"ifttt-2018-04-11","_type":"webhook","_id":"Wed Apr 11 2018 20:54:22 GMT+0000 (UTC)","_score":1,"_source":{"time":"April 11, 2018","device":"miniCam","message":"motion","location":"Exterior-FrontDoor","timestamp":"2018-04-11T20:54:22.782Z"}}
{"_index":"ifttt-2018-04-11","_type":"webhook","_id":"Wed Apr 11 2018 20:54:23 GMT+0000 (UTC)","_score":1,"_source":{"time":"April 11, 2018","device":"miniCam","message":"motion","location":"Exterior-FrontDoor","timestamp":"2018-04-11T20:54:23.416Z"}}
{"_index":"ifttt-2018-04-11","_type":"webhook","_id":"Wed Apr 11 2018 10:54:09 GMT+0000 (UTC)","_score":1,"_source":{"time":"April 11, 2018","device":"miniCam","message":"motion","location":"Exterior-FrontDoor","timestamp":"2018-04-11T10:54:09.332Z"}}
{"_index":"ifttt-2018-04-11","_type":"webhook","_id":"Wed Apr 11 2018 12:24:06 GMT+0000 (UTC)","_score":1,"_source":{"time":"April 11, 2018","device":"miniCam","message":"motion","location":"Exterior-FrontDoor","timestamp":"2018-04-11T12:24:06.433Z"}}
{"_index":"ifttt-2018-04-11","_type":"webhook","_id":"Wed Apr 11 2018 14:04:50 GMT+0000 (UTC)","_score":1,"_source":{"device":"FrontLock1","status":"Unlocked","user":" Manual Unlock","timestamp":"2018-04-11T14:04:50.149Z"}}
{"_index":"ifttt-2018-04-11","_type":"webhook","_id":"Wed Apr 11 2018 14:24:55 GMT+0000 (UTC)","_score":1,"_source":{"device":"FrontLock1","status":"Unlocked","user":" Manual Unlock","timestamp":"2018-04-11T14:24:55.313Z"}}
{"_index":"ifttt-2018-04-11","_type":"webhook","_id":"Wed Apr 11 2018 14:21:47 GMT+0000 (UTC)","_score":1,"_source":{"device":"FrontLock1","status":"Locked","user":"Manual Lock","timestamp":"2018-04-11T14:21:47.578Z"}}
{"_index":"ifttt-2018-04-11","_type":"webhook","_id":"Wed Apr 11 2018 14:23:33 GMT+0000 (UTC)","_score":1,"_source":{"device":"FrontLock1","status":"Locked","user":"Manual Lock","timestamp":"2018-04-11T14:23:33.256Z"}}
{"_index":"ifttt-2018-04-11","_type":"webhook","_id":"Wed Apr 11 2018 14:26:58 GMT+0000 (UTC)","_score":1,"_source":{"device":"FrontLock1","status":"Locked","user":"Manual Lock","timestamp":"2018-04-11T14:26:58.266Z"}}
{"_index":"ifttt-2018-04-11","_type":"webhook","_id":"Wed Apr 11 2018 15:31:43 GMT+0000 (UTC)","_score":1,"_source":{"device":"FrontLock1","status":"Locked","user":"Manual Lock","timestamp":"2018-04-11T15:31:43.443Z"}}
{"_index":"ifttt-2018-04-11","_type":"webhook","_id":"Wed Apr 11 2018 09:09:17 GMT+0000 (UTC)","_score":1,"_source":{"device":"Plug1","message":"Activated","time":" ","timestamp":"2018-04-11T09:09:17.357Z"}}
{"_index":"ifttt-2018-04-11","_type":"webhook","_id":"Wed Apr 11 2018 16:24:12 GMT+0000 (UTC)","_score":1,"_source":{"time":"April 11, 2018","device":"miniCam","message":"motion","location":"Exterior-FrontDoor","timestamp":"2018-04-11T16:24:12.978Z"}}
{"_index":"ifttt-2018-04-11","_type":"webhook","_id":"Wed Apr 11 2018 16:24:13 GMT+0000 (UTC)","_score":1,"_source":{"time":"April 11, 2018","device":"miniCam","message":"motion","location":"Exterior-FrontDoor","timestamp":"2018-04-11T16:24:13.424Z"}}
{"_index":"ifttt-2018-04-11","_type":"webhook","_id":"Wed Apr 11 2018 15:59:21 GMT+0000 (UTC)","_score":1,"_source":{"time":"April 11, 2018","device":"miniCam","message":"motion","location":"Exterior-FrontDoor","timestamp":"2018-04-11T15:59:21.845Z"}}
{"_index":"ifttt-2018-04-11","_type":"webhook","_id":"Wed Apr 11 2018 16:04:16 GMT+0000 (UTC)","_score":1,"_source":{"time":"April 11, 2018","device":"miniCam","message":"motion","location":"Exterior-FrontDoor","timestamp":"2018-04-11T16:04:16.177Z"}}
{"_index":"ifttt-2018-04-11","_type":"webhook","_id":"Wed Apr 11 2018 16:21:10 GMT+0000 (UTC)","_score":1,"_source":{"device":"FrontLock1","status":"Unlocked","user":" Manual Unlock","timestamp":"2018-04-11T16:21:10.446Z"}}
{"_index":"ifttt-2018-04-11","_type":"webhook","_id":"Wed Apr 11 2018 16:21:31 GMT+0000 (UTC)","_score":1,"_source":{"device":"FrontLock1","status":"Unlocked","user":" Manual Unlock","timestamp":"2018-04-11T16:21:31.013Z"}}
{"_index":"ifttt-2018-04-11","_type":"webhook","_id":"Wed Apr 11 2018 16:23:00 GMT+0000 (UTC)","_score":1,"_source":{"device":"FrontLock1","status":"Unlocked","user":" Manual Unlock","timestamp":"2018-04-11T16:23:00.313Z"}}
{"_index":"ifttt-2018-04-11","_type":"webhook","_id":"Wed Apr 11 2018 16:26:24 GMT+0000 (UTC)","_score":1,"_source":{"device":"FrontLock1","status":"Unlocked","user":" Manual Unlock","timestamp":"2018-04-11T16:26:24.269Z"}}
{"_index":"ifttt-2018-04-11","_type":"webhook","_id":"Wed Apr 11 2018 16:02:58 GMT+0000 (UTC)","_score":1,"_source":{"device":"FrontLock1","status":"Locked","user":"Manual Lock","timestamp":"2018-04-11T16:02:58.572Z"}}
{"_index":"ifttt-2018-04-11","_type":"webhook","_id":"Wed Apr 11 2018 16:23:36 GMT+0000 (UTC)","_score":1,"_source":{"device":"FrontLock1","status":"Locked","user":"Manual Lock","timestamp":"2018-04-11T16:23:36.072Z"}}
{"_index":"ifttt-2018-04-11","_type":"webhook","_id":"Wed Apr 11 2018 16:59:14 GMT+0000 (UTC)","_score":1,"_source":{"time":"April 11, 2018","device":"miniCam","message":"motion","location":"Exterior-FrontDoor","timestamp":"2018-04-11T16:59:14.643Z"}}
{"_index":"ifttt-2018-04-11","_type":"webhook","_id":"Wed Apr 11 2018 17:32:45 GMT+0000 (UTC)","_score":1,"_source":{"device":"FrontLock1","status":"Unlocked","user":" Manual Unlock","timestamp":"2018-04-11T17:32:45.454Z"}}
{"_index":"ifttt-2018-04-11","_type":"webhook","_id":"Wed Apr 11 2018 17:35:56 GMT+0000 (UTC)","_score":1,"_source":{"device":"FrontLock1","status":"Unlocked","user":" Manual Unlock","timestamp":"2018-04-11T17:35:56.110Z"}}
{"_index":"ifttt-2018-04-11","_type":"webhook","_id":"Wed Apr 11 2018 17:37:53 GMT+0000 (UTC)","_score":1,"_source":{"device":"FrontLock1","status":"Unlocked","user":" Manual Unlock","timestamp":"2018-04-11T17:37:53.918Z"}}
{"_index":"ifttt-2018-04-11","_type":"webhook","_id":"Wed Apr 11 2018 17:36:28 GMT+0000 (UTC)","_score":1,"_source":{"device":"FrontLock1","status":"Locked","user":"Manual Lock","timestamp":"2018-04-11T17:36:28.012Z"}}
{"_index":"ifttt-2018-04-11","_type":"webhook","_id":"Wed Apr 11 2018 17:39:56 GMT+0000 (UTC)","_score":1,"_source":{"device":"FrontLock1","status":"Locked","user":"Manual Lock","timestamp":"2018-04-11T17:39:56.610Z"}}
{"_index":"ifttt-2018-04-11","_type":"webhook","_id":"Wed Apr 11 2018 16:49:12 GMT+0000 (UTC)","_score":1,"_source":{"time":"April 11, 2018","device":"miniCam","message":"motion","location":"Exterior-FrontDoor","timestamp":"2018-04-11T16:49:12.657Z"}}
{"_index":"ifttt-2018-04-11","_type":"webhook","_id":"Wed Apr 11 2018 17:44:31 GMT+0000 (UTC)","_score":1,"_source":{"time":"April 11, 2018","device":"miniCam","message":"motion","location":"Exterior-FrontDoor","timestamp":"2018-04-11T17:44:31.940Z"}}
{"_index":"ifttt-2018-04-11","_type":"webhook","_id":"Wed Apr 11 2018 17:44:30 GMT+0000 (UTC)","_score":1,"_source":{"time":"April 11, 2018","device":"miniCam","message":"motion","location":"Exterior-FrontDoor","timestamp":"2018-04-11T17:44:30.529Z"}}
{"_index":"ifttt-2018-04-11","_type":"webhook","_id":"Wed Apr 11 2018 19:54:12 GMT+0000 (UTC)","_score":1,"_source":{"time":"April 11, 2018","device":"miniCam","message":"motion","location":"Exterior-FrontDoor","timestamp":"2018-04-11T19:54:12.689Z"}}
{"_index":"ifttt-2018-04-11","_type":"webhook","_id":"Wed Apr 11 2018 20:54:10 GMT+0000 (UTC)","_score":1,"_source":{"time":"April 11, 2018","device":"miniCam","message":"motion","location":"Exterior-FrontDoor","timestamp":"2018-04-11T20:54:10.365Z"}}
{"_index":"ifttt-2018-04-11","_type":"webhook","_id":"Wed Apr 11 2018 21:14:17 GMT+0000 (UTC)","_score":1,"_source":{"time":"April 11, 2018","device":"miniCam","message":"motion","location":"Exterior-FrontDoor","timestamp":"2018-04-11T21:14:17.678Z"}}
{"_index":"ifttt-2018-04-11","_type":"webhook","_id":"Wed Apr 11 2018 19:04:07 GMT+0000 (UTC)","_score":1,"_source":{"time":"April 11, 2018","device":"miniCam","message":"motion","location":"Exterior-FrontDoor","timestamp":"2018-04-11T19:04:07.894Z"}}
{"_index":"ifttt-2018-04-11","_type":"webhook","_id":"Wed Apr 11 2018 20:01:26 GMT+0000 (UTC)","_score":1,"_source":{"device":"FrontLock1","status":"Unlocked","user":" Manual Unlock","timestamp":"2018-04-11T20:01:26.538Z"}}
{"_index":"ifttt-2018-04-11","_type":"webhook","_id":"Wed Apr 11 2018 19:54:00 GMT+0000 (UTC)","_score":1,"_source":{"device":"FrontLock1","status":"Locked","user":"Manual Lock","timestamp":"2018-04-11T19:54:00.924Z"}}
{"_index":"ifttt-2018-04-11","_type":"webhook","_id":"Wed Apr 11 2018 20:07:49 GMT+0000 (UTC)","_score":1,"_source":{"device":"FrontLock1","status":"Locked","user":"Manual Lock","timestamp":"2018-04-11T20:07:49.756Z"}}
{"_index":"ifttt-2018-04-11","_type":"webhook","_id":"Wed Apr 11 2018 19:34:12 GMT+0000 (UTC)","_score":1,"_source":{"device":"Plug1","message":"Activated","time":" ","timestamp":"2018-04-11T19:34:12.635Z"}}
{"_index":"ifttt-2018-04-11","_type":"webhook","_id":"Wed Apr 11 2018 18:16:22 GMT+0000 (UTC)","_score":1,"_source":{"device":"FrontLock1","status":"Unlocked","user":" Manual Unlock","timestamp":"2018-04-11T18:16:22.381Z"}}
{"_index":"ifttt-2018-04-11","_type":"webhook","_id":"Wed Apr 11 2018 22:04:21 GMT+0000 (UTC)","_score":1,"_source":{"time":"April 11, 2018","device":"miniCam","message":"motion","location":"Exterior-FrontDoor","timestamp":"2018-04-11T22:04:21.680Z"}}
{"_index":"ifttt-2018-04-11","_type":"webhook","_id":"Wed Apr 11 2018 07:04:13 GMT+0000 (UTC)","_score":1,"_source":{"time":"April 11, 2018","device":"miniCam","message":"motion","location":"Exterior-FrontDoor","timestamp":"2018-04-11T07:04:13.248Z"}}
{"_index":"ifttt-2018-04-11","_type":"webhook","_id":"Wed Apr 11 2018 13:24:19 GMT+0000 (UTC)","_score":1,"_source":{"time":"April 11, 2018","device":"miniCam","message":"motion","location":"Exterior-FrontDoor","timestamp":"2018-04-11T13:24:19.750Z"}}
{"_index":"ifttt-2018-04-11","_type":"webhook","_id":"Wed Apr 11 2018 14:19:03 GMT+0000 (UTC)","_score":1,"_source":{"time":"April 11, 2018","device":"miniCam","message":"motion","location":"Exterior-FrontDoor","timestamp":"2018-04-11T14:19:03.743Z"}}
{"_index":"ifttt-2018-04-11","_type":"webhook","_id":"Wed Apr 11 2018 14:24:12 GMT+0000 (UTC)","_score":1,"_source":{"time":"April 11, 2018","device":"miniCam","message":"motion","location":"Exterior-FrontDoor","timestamp":"2018-04-11T14:24:12.730Z"}}
{"_index":"ifttt-2018-04-11","_type":"webhook","_id":"Wed Apr 11 2018 14:17:26 GMT+0000 (UTC)","_score":1,"_source":{"device":"FrontLock1","status":"Unlocked","user":" Manual Unlock","timestamp":"2018-04-11T14:17:26.688Z"}}
{"_index":"ifttt-2018-04-11","_type":"webhook","_id":"Wed Apr 11 2018 14:28:50 GMT+0000 (UTC)","_score":1,"_source":{"device":"FrontLock1","status":"Unlocked","user":" Manual Unlock","timestamp":"2018-04-11T14:28:50.344Z"}}
{"_index":"ifttt-2018-04-11","_type":"webhook","_id":"Wed Apr 11 2018 03:35:11 GMT+0000 (UTC)","_score":1,"_source":{"device":"Room1Plug1","message":"Activated","timestamp":"2018-04-11T03:35:11.471Z"}}
{"_index":"ifttt-2018-04-11","_type":"webhook","_id":"Wed Apr 11 2018 07:24:34 GMT+0000 (UTC)","_score":1,"_source":{"device":"Room1Lamp","message":"Off","timestamp":"2018-04-11T07:24:34.483Z"}}
{"_index":"ifttt-2018-04-11","_type":"webhook","_id":"Wed Apr 11 2018 14:14:22 GMT+0000 (UTC)","_score":1,"_source":{"device":"Room1Lamp","message":"Off","timestamp":"2018-04-11T14:14:22.127Z"}}
{"_index":"ifttt-2018-04-11","_type":"webhook","_id":"Wed Apr 11 2018 14:14:32 GMT+0000 (UTC)","_score":1,"_source":{"time":"April 11, 2018","device":"miniCam","message":"motion","location":"Exterior-FrontDoor","timestamp":"2018-04-11T14:14:32.938Z"}}
{"_index":"ifttt-2018-04-11","_type":"webhook","_id":"Wed Apr 11 2018 14:54:23 GMT+0000 (UTC)","_score":1,"_source":{"time":"April 11, 2018","device":"miniCam","message":"motion","location":"Exterior-FrontDoor","timestamp":"2018-04-11T14:54:23.343Z"}}
{"_index":"ifttt-2018-04-11","_type":"webhook","_id":"Wed Apr 11 2018 15:09:13 GMT+0000 (UTC)","_score":1,"_source":{"time":"April 11, 2018","device":"miniCam","message":"motion","location":"Exterior-FrontDoor","timestamp":"2018-04-11T15:09:13.181Z"}}
{"_index":"ifttt-2018-04-11","_type":"webhook","_id":"Wed Apr 11 2018 16:09:24 GMT+0000 (UTC)","_score":1,"_source":{"time":"April 11, 2018","device":"miniCam","message":"motion","location":"Exterior-FrontDoor","timestamp":"2018-04-11T16:09:24.153Z"}}
{"_index":"ifttt-2018-04-11","_type":"webhook","_id":"Wed Apr 11 2018 16:24:14 GMT+0000 (UTC)","_score":1,"_source":{"time":"April 11, 2018","device":"miniCam","message":"motion","location":"Exterior-FrontDoor","timestamp":"2018-04-11T16:24:14.047Z"}}
{"_index":"ifttt-2018-04-11","_type":"webhook","_id":"Wed Apr 11 2018 15:55:00 GMT+0000 (UTC)","_score":1,"_source":{"device":"FrontLock1","status":"Unlocked","user":" Manual Unlock","timestamp":"2018-04-11T15:55:00.045Z"}}
{"_index":"ifttt-2018-04-11","_type":"webhook","_id":"Wed Apr 11 2018 16:02:26 GMT+0000 (UTC)","_score":1,"_source":{"device":"FrontLock1","status":"Unlocked","user":" Manual Unlock","timestamp":"2018-04-11T16:02:26.167Z"}}
{"_index":"ifttt-2018-04-11","_type":"webhook","_id":"Wed Apr 11 2018 16:04:14 GMT+0000 (UTC)","_score":1,"_source":{"device":"FrontLock1","status":"Unlocked","user":" Manual Unlock","timestamp":"2018-04-11T16:04:14.929Z"}}
{"_index":"ifttt-2018-04-11","_type":"webhook","_id":"Wed Apr 11 2018 15:13:52 GMT+0000 (UTC)","_score":1,"_source":{"device":"FrontLock1","status":"Locked","user":"Manual Lock","timestamp":"2018-04-11T15:13:52.972Z"}}
{"_index":"ifttt-2018-04-11","_type":"webhook","_id":"Wed Apr 11 2018 16:25:41 GMT+0000 (UTC)","_score":1,"_source":{"device":"FrontLock1","status":"Locked","user":"Manual Lock","timestamp":"2018-04-11T16:25:41.317Z"}}
{"_index":"ifttt-2018-04-11","_type":"webhook","_id":"Wed Apr 11 2018 17:39:26 GMT+0000 (UTC)","_score":1,"_source":{"time":"April 11, 2018","device":"miniCam","message":"motion","location":"Exterior-FrontDoor","timestamp":"2018-04-11T17:39:26.986Z"}}
{"_index":"ifttt-2018-04-11","_type":"webhook","_id":"Wed Apr 11 2018 17:39:27 GMT+0000 (UTC)","_score":1,"_source":{"time":"April 11, 2018","device":"miniCam","message":"motion","location":"Exterior-FrontDoor","timestamp":"2018-04-11T17:39:27.629Z"}}
{"_index":"ifttt-2018-04-11","_type":"webhook","_id":"Wed Apr 11 2018 17:59:20 GMT+0000 (UTC)","_score":1,"_source":{"time":"April 11, 2018","device":"miniCam","message":"motion","location":"Exterior-FrontDoor","timestamp":"2018-04-11T17:59:20.611Z"}}
{"_index":"ifttt-2018-04-11","_type":"webhook","_id":"Wed Apr 11 2018 18:34:38 GMT+0000 (UTC)","_score":1,"_source":{"time":"April 11, 2018","device":"miniCam","message":"motion","location":"Exterior-FrontDoor","timestamp":"2018-04-11T18:34:38.317Z"}}
{"_index":"ifttt-2018-04-11","_type":"webhook","_id":"Wed Apr 11 2018 17:42:27 GMT+0000 (UTC)","_score":1,"_source":{"device":"FrontLock1","status":"Unlocked","user":" Manual Unlock","timestamp":"2018-04-11T17:42:27.638Z"}}
{"_index":"ifttt-2018-04-11","_type":"webhook","_id":"Wed Apr 11 2018 17:50:24 GMT+0000 (UTC)","_score":1,"_source":{"device":"FrontLock1","status":"Unlocked","user":" Manual Unlock","timestamp":"2018-04-11T17:50:24.834Z"}}
{"_index":"ifttt-2018-04-11","_type":"webhook","_id":"Wed Apr 11 2018 18:36:47 GMT+0000 (UTC)","_score":1,"_source":{"device":"FrontLock1","status":"Unlocked","user":" Manual Unlock","timestamp":"2018-04-11T18:36:47.805Z"}}
{"_index":"ifttt-2018-04-11","_type":"webhook","_id":"Wed Apr 11 2018 18:47:54 GMT+0000 (UTC)","_score":1,"_source":{"device":"FrontLock1","status":"Unlocked","user":" Manual Unlock","timestamp":"2018-04-11T18:47:54.426Z"}}
{"_index":"ifttt-2018-04-11","_type":"webhook","_id":"Wed Apr 11 2018 17:32:56 GMT+0000 (UTC)","_score":1,"_source":{"device":"FrontLock1","status":"Locked","user":"Manual Lock","timestamp":"2018-04-11T17:32:56.832Z"}}
{"_index":"ifttt-2018-04-11","_type":"webhook","_id":"Wed Apr 11 2018 18:30:29 GMT+0000 (UTC)","_score":1,"_source":{"device":"FrontLock1","status":"Locked","user":"Manual Lock","timestamp":"2018-04-11T18:30:29.710Z"}}
{"_index":"ifttt-2018-04-11","_type":"webhook","_id":"Wed Apr 11 2018 18:59:03 GMT+0000 (UTC)","_score":1,"_source":{"time":"April 11, 2018","device":"miniCam","message":"motion","location":"Exterior-FrontDoor","timestamp":"2018-04-11T18:59:03.194Z"}}
{"_index":"ifttt-2018-04-11","_type":"webhook","_id":"Wed Apr 11 2018 19:54:14 GMT+0000 (UTC)","_score":1,"_source":{"time":"April 11, 2018","device":"miniCam","message":"motion","location":"Exterior-FrontDoor","timestamp":"2018-04-11T19:54:14.052Z"}}
{"_index":"ifttt-2018-04-11","_type":"webhook","_id":"Wed Apr 11 2018 19:59:22 GMT+0000 (UTC)","_score":1,"_source":{"time":"April 11, 2018","device":"miniCam","message":"motion","location":"Exterior-FrontDoor","timestamp":"2018-04-11T19:59:22.860Z"}}
{"_index":"ifttt-2018-04-11","_type":"webhook","_id":"Wed Apr 11 2018 20:04:32 GMT+0000 (UTC)","_score":1,"_source":{"time":"April 11, 2018","device":"miniCam","message":"motion","location":"Exterior-FrontDoor","timestamp":"2018-04-11T20:04:32.560Z"}}
{"_index":"ifttt-2018-04-11","_type":"webhook","_id":"Wed Apr 11 2018 18:54:10 GMT+0000 (UTC)","_score":1,"_source":{"time":"April 11, 2018","device":"miniCam","message":"motion","location":"Exterior-FrontDoor","timestamp":"2018-04-11T18:54:10.213Z"}}
{"_index":"ifttt-2018-04-11","_type":"webhook","_id":"Wed Apr 11 2018 19:50:44 GMT+0000 (UTC)","_score":1,"_source":{"device":"FrontLock1","status":"Locked","user":"Manual Lock","timestamp":"2018-04-11T19:50:44.388Z"}}
{"_index":"ifttt-2018-04-11","_type":"webhook","_id":"Wed Apr 11 2018 19:55:42 GMT+0000 (UTC)","_score":1,"_source":{"device":"Room1Plug1","message":"Activated","timestamp":"2018-04-11T19:55:42.856Z"}}
{"_index":"ifttt-2018-04-11","_type":"webhook","_id":"Wed Apr 11 2018 19:54:13 GMT+0000 (UTC)","_score":1,"_source":{"time":"April 11, 2018","device":"miniCam","message":"motion","location":"Exterior-FrontDoor","timestamp":"2018-04-11T19:54:13.495Z"}}
{"_index":"ifttt-2018-04-11","_type":"webhook","_id":"Wed Apr 11 2018 20:04:33 GMT+0000 (UTC)","_score":1,"_source":{"time":"April 11, 2018","device":"miniCam","message":"motion","location":"Exterior-FrontDoor","timestamp":"2018-04-11T20:04:33.677Z"}}
{"_index":"ifttt-2018-04-11","_type":"webhook","_id":"Wed Apr 11 2018 20:08:45 GMT+0000 (UTC)","_score":1,"_source":{"device":"FrontLock1","status":"Unlocked","user":" Manual Unlock","timestamp":"2018-04-11T20:08:45.176Z"}}
{"_index":"ifttt-2018-04-11","_type":"webhook","_id":"Wed Apr 11 2018 20:09:08 GMT+0000 (UTC)","_score":1,"_source":{"time":"April 11, 2018","device":"miniCam","message":"motion","location":"Exterior-FrontDoor","timestamp":"2018-04-11T20:09:08.869Z"}}
{"_index":"ifttt-2018-04-11","_type":"webhook","_id":"Wed Apr 11 2018 20:09:25 GMT+0000 (UTC)","_score":1,"_source":{"device":"FrontLock1","status":"Locked","user":"Manual Lock","timestamp":"2018-04-11T20:09:25.085Z"}}
{"_index":"ifttt-2018-04-11","_type":"webhook","_id":"Wed Apr 11 2018 20:14:19 GMT+0000 (UTC)","_score":1,"_source":{"time":"April 11, 2018","device":"miniCam","message":"motion","location":"Exterior-FrontDoor","timestamp":"2018-04-11T20:14:19.592Z"}}
{"_index":"ifttt-2018-04-11","_type":"webhook","_id":"Wed Apr 11 2018 20:45:07 GMT+0000 (UTC)","_score":1,"_source":{"time":"April 11, 2018","device":"miniCam","message":"motion","location":"Exterior-FrontDoor","timestamp":"2018-04-11T20:45:07.343Z"}}
{"_index":"ifttt-2018-04-11","_type":"webhook","_id":"Wed Apr 11 2018 11:34:22 GMT+0000 (UTC)","_score":1,"_source":{"time":"April 11, 2018","device":"miniCam","message":"motion","location":"Exterior-FrontDoor","timestamp":"2018-04-11T11:34:22.484Z"}}
{"_index":"ifttt-2018-04-11","_type":"webhook","_id":"Wed Apr 11 2018 14:24:11 GMT+0000 (UTC)","_score":1,"_source":{"time":"April 11, 2018","device":"miniCam","message":"motion","location":"Exterior-FrontDoor","timestamp":"2018-04-11T14:24:11.785Z"}}
{"_index":"ifttt-2018-04-11","_type":"webhook","_id":"Wed Apr 11 2018 14:49:12 GMT+0000 (UTC)","_score":1,"_source":{"time":"April 11, 2018","device":"miniCam","message":"motion","location":"Exterior-FrontDoor","timestamp":"2018-04-11T14:49:12.723Z"}}
{"_index":"ifttt-2018-04-11","_type":"webhook","_id":"Wed Apr 11 2018 15:04:09 GMT+0000 (UTC)","_score":1,"_source":{"time":"April 11, 2018","device":"miniCam","message":"motion","location":"Exterior-FrontDoor","timestamp":"2018-04-11T15:04:09.836Z"}}
{"_index":"ifttt-2018-04-11","_type":"webhook","_id":"Wed Apr 11 2018 14:10:39 GMT+0000 (UTC)","_score":1,"_source":{"device":"FrontLock1","status":"Unlocked","user":" Manual Unlock","timestamp":"2018-04-11T14:10:39.428Z"}}
{"_index":"ifttt-2018-04-11","_type":"webhook","_id":"Wed Apr 11 2018 15:04:00 GMT+0000 (UTC)","_score":1,"_source":{"device":"FrontLock1","status":"Unlocked","user":" Manual Unlock","timestamp":"2018-04-11T15:04:00.941Z"}}
{"_index":"ifttt-2018-04-11","_type":"webhook","_id":"Wed Apr 11 2018 06:04:31 GMT+0000 (UTC)","_score":1,"_source":{"device":"Plug1","message":"Activated","time":" ","timestamp":"2018-04-11T06:04:31.839Z"}}
{"_index":"ifttt-2018-04-11","_type":"webhook","_id":"Wed Apr 11 2018 00:14:17 GMT+0000 (UTC)","_score":1,"_source":{"device":"Room1Lamp","message":"Off","timestamp":"2018-04-11T00:14:17.883Z"}}
{"_index":"ifttt-2018-04-11","_type":"webhook","_id":"Wed Apr 11 2018 10:29:14 GMT+0000 (UTC)","_score":1,"_source":{"device":"Room1Lamp","message":"Off","timestamp":"2018-04-11T10:29:14.985Z"}}
{"_index":"ifttt-2018-04-11","_type":"webhook","_id":"Wed Apr 11 2018 14:29:08 GMT+0000 (UTC)","_score":1,"_source":{"time":"April 11, 2018","device":"miniCam","message":"motion","location":"Exterior-FrontDoor","timestamp":"2018-04-11T14:29:08.582Z"}}
{"_index":"ifttt-2018-04-11","_type":"webhook","_id":"Wed Apr 11 2018 15:29:18 GMT+0000 (UTC)","_score":1,"_source":{"time":"April 11, 2018","device":"miniCam","message":"motion","location":"Exterior-FrontDoor","timestamp":"2018-04-11T15:29:18.388Z"}}
{"_index":"ifttt-2018-04-11","_type":"webhook","_id":"Wed Apr 11 2018 15:49:19 GMT+0000 (UTC)","_score":1,"_source":{"time":"April 11, 2018","device":"miniCam","message":"motion","location":"Exterior-FrontDoor","timestamp":"2018-04-11T15:49:19.775Z"}}
{"_index":"ifttt-2018-04-11","_type":"webhook","_id":"Wed Apr 11 2018 16:19:08 GMT+0000 (UTC)","_score":1,"_source":{"time":"April 11, 2018","device":"miniCam","message":"motion","location":"Exterior-FrontDoor","timestamp":"2018-04-11T16:19:08.480Z"}}
{"_index":"ifttt-2018-04-11","_type":"webhook","_id":"Wed Apr 11 2018 15:13:51 GMT+0000 (UTC)","_score":1,"_source":{"device":"FrontLock1","status":"Unlocked","user":" Manual Unlock","timestamp":"2018-04-11T15:13:51.928Z"}}
{"_index":"ifttt-2018-04-11","_type":"webhook","_id":"Wed Apr 11 2018 16:00:21 GMT+0000 (UTC)","_score":1,"_source":{"device":"FrontLock1","status":"Unlocked","user":" Manual Unlock","timestamp":"2018-04-11T16:00:21.540Z"}}
{"_index":"ifttt-2018-04-11","_type":"webhook","_id":"Wed Apr 11 2018 15:55:53 GMT+0000 (UTC)","_score":1,"_source":{"device":"FrontLock1","status":"Locked","user":"Manual Lock","timestamp":"2018-04-11T15:55:53.571Z"}}
{"_index":"ifttt-2018-04-11","_type":"webhook","_id":"Wed Apr 11 2018 15:57:27 GMT+0000 (UTC)","_score":1,"_source":{"device":"FrontLock1","status":"Locked","user":"Manual Lock","timestamp":"2018-04-11T15:57:27.196Z"}}
{"_index":"ifttt-2018-04-11","_type":"webhook","_id":"Wed Apr 11 2018 16:21:15 GMT+0000 (UTC)","_score":1,"_source":{"device":"FrontLock1","status":"Locked","user":"Manual Lock","timestamp":"2018-04-11T16:21:15.304Z"}}
{"_index":"ifttt-2018-04-11","_type":"webhook","_id":"Wed Apr 11 2018 15:04:10 GMT+0000 (UTC)","_score":1,"_source":{"time":"April 11, 2018","device":"miniCam","message":"motion","location":"Exterior-FrontDoor","timestamp":"2018-04-11T15:04:10.912Z"}}
{"_index":"ifttt-2018-04-11","_type":"webhook","_id":"Wed Apr 11 2018 16:29:32 GMT+0000 (UTC)","_score":1,"_source":{"time":"April 11, 2018","device":"miniCam","message":"motion","location":"Exterior-FrontDoor","timestamp":"2018-04-11T16:29:32.419Z"}}
{"_index":"ifttt-2018-04-11","_type":"webhook","_id":"Wed Apr 11 2018 17:29:15 GMT+0000 (UTC)","_score":1,"_source":{"time":"April 11, 2018","device":"miniCam","message":"motion","location":"Exterior-FrontDoor","timestamp":"2018-04-11T17:29:15.923Z"}}
{"_index":"ifttt-2018-04-11","_type":"webhook","_id":"Wed Apr 11 2018 18:09:19 GMT+0000 (UTC)","_score":1,"_source":{"time":"April 11, 2018","device":"miniCam","message":"motion","location":"Exterior-FrontDoor","timestamp":"2018-04-11T18:09:19.351Z"}}
{"_index":"ifttt-2018-04-11","_type":"webhook","_id":"Wed Apr 11 2018 17:33:41 GMT+0000 (UTC)","_score":1,"_source":{"device":"FrontLock1","status":"Unlocked","user":" Manual Unlock","timestamp":"2018-04-11T17:33:41.645Z"}}
{"_index":"ifttt-2018-04-11","_type":"webhook","_id":"Wed Apr 11 2018 19:55:03 GMT+0000 (UTC)","_score":1,"_source":{"device":"FrontLock1","status":"Unlocked","user":" Manual Unlock","timestamp":"2018-04-11T19:55:03.913Z"}}
{"_index":"ifttt-2018-04-11","_type":"webhook","_id":"Wed Apr 11 2018 17:41:18 GMT+0000 (UTC)","_score":1,"_source":{"device":"FrontLock1","status":"Locked","user":"Manual Lock","timestamp":"2018-04-11T17:41:18.783Z"}}
{"_index":"ifttt-2018-04-11","_type":"webhook","_id":"Wed Apr 11 2018 17:42:52 GMT+0000 (UTC)","_score":1,"_source":{"device":"FrontLock1","status":"Locked","user":"Manual Lock","timestamp":"2018-04-11T17:42:52.767Z"}}
{"_index":"ifttt-2018-04-11","_type":"webhook","_id":"Wed Apr 11 2018 18:37:36 GMT+0000 (UTC)","_score":1,"_source":{"device":"FrontLock1","status":"Locked","user":"Manual Lock","timestamp":"2018-04-11T18:37:36.562Z"}}
{"_index":"ifttt-2018-04-11","_type":"webhook","_id":"Wed Apr 11 2018 19:55:43 GMT+0000 (UTC)","_score":1,"_source":{"device":"FrontLock1","status":"Locked","user":"Manual Lock","timestamp":"2018-04-11T19:55:43.997Z"}}
{"_index":"ifttt-2018-04-11","_type":"webhook","_id":"Wed Apr 11 2018 19:59:23 GMT+0000 (UTC)","_score":1,"_source":{"time":"April 11, 2018","device":"miniCam","message":"motion","location":"Exterior-FrontDoor","timestamp":"2018-04-11T19:59:23.394Z"}}
{"_index":"ifttt-2018-04-11","_type":"webhook","_id":"Wed Apr 11 2018 20:04:34 GMT+0000 (UTC)","_score":1,"_source":{"time":"April 11, 2018","device":"miniCam","message":"motion","location":"Exterior-FrontDoor","timestamp":"2018-04-11T20:04:34.155Z"}}
{"_index":"ifttt-2018-04-11","_type":"webhook","_id":"Wed Apr 11 2018 20:07:17 GMT+0000 (UTC)","_score":1,"_source":{"device":"FrontLock1","status":"Unlocked","user":" Manual Unlock","timestamp":"2018-04-11T20:07:17.825Z"}}
{"_index":"ifttt-2018-04-11","_type":"webhook","_id":"Wed Apr 11 2018 20:45:08 GMT+0000 (UTC)","_score":1,"_source":{"time":"April 11, 2018","device":"miniCam","message":"motion","location":"Exterior-FrontDoor","timestamp":"2018-04-11T20:45:08.485Z"}}
{"_index":"ifttt-2018-04-11","_type":"webhook","_id":"Wed Apr 11 2018 14:12:13 GMT+0000 (UTC)","_score":1,"_source":{"time":"April 11, 2018 at 10:12AM","device":"Alexa","message":"Voice Deactivation","target":"lamp","timestamp":"2018-04-11T14:12:13.318Z"}}
{"_index":"ifttt-2018-04-11","_type":"webhook","_id":"Wed Apr 11 2018 14:12:05 GMT+0000 (UTC)","_score":1,"_source":{"time":" April 11, 2018 at 10:12AM","device":"Alexa","message":"Voice Activation","target":"lamp","timestamp":"2018-04-11T14:12:05.964Z"}}
{"_index":"ifttt-2018-04-11","_type":"webhook","_id":"Wed Apr 11 2018 12:24:07 GMT+0000 (UTC)","_score":1,"_source":{"time":"April 11, 2018","device":"miniCam","message":"motion","location":"Exterior-FrontDoor","timestamp":"2018-04-11T12:24:07.066Z"}}
{"_index":"ifttt-2018-04-11","_type":"webhook","_id":"Wed Apr 11 2018 14:04:12 GMT+0000 (UTC)","_score":1,"_source":{"time":"April 11, 2018","device":"miniCam","message":"motion","location":"Exterior-FrontDoor","timestamp":"2018-04-11T14:04:12.738Z"}}
{"_index":"ifttt-2018-04-11","_type":"webhook","_id":"Wed Apr 11 2018 14:06:37 GMT+0000 (UTC)","_score":1,"_source":{"device":"FrontLock1","status":"Locked","user":"Manual Lock","timestamp":"2018-04-11T14:06:37.247Z"}}
{"_index":"ifttt-2018-04-11","_type":"webhook","_id":"Wed Apr 11 2018 10:09:26 GMT+0000 (UTC)","_score":1,"_source":{"device":"Plug1","message":"Activated","time":" ","timestamp":"2018-04-11T10:09:26.066Z"}}
{"_index":"ifttt-2018-04-11","_type":"webhook","_id":"Wed Apr 11 2018 01:14:21 GMT+0000 (UTC)","_score":1,"_source":{"device":"Room1Lamp","message":"Off","timestamp":"2018-04-11T01:14:21.240Z"}}
{"_index":"ifttt-2018-04-11","_type":"webhook","_id":"Wed Apr 11 2018 04:19:32 GMT+0000 (UTC)","_score":1,"_source":{"device":"Room1Lamp","message":"Off","timestamp":"2018-04-11T04:19:32.622Z"}}
{"_index":"ifttt-2018-04-11","_type":"webhook","_id":"Wed Apr 11 2018 06:24:17 GMT+0000 (UTC)","_score":1,"_source":{"device":"Room1Lamp","message":"Off","timestamp":"2018-04-11T06:24:17.695Z"}}
{"_index":"ifttt-2018-04-11","_type":"webhook","_id":"Wed Apr 11 2018 12:34:40 GMT+0000 (UTC)","_score":1,"_source":{"device":"Room1Lamp","message":"Off","timestamp":"2018-04-11T12:34:40.676Z"}}
{"_index":"ifttt-2018-04-11","_type":"webhook","_id":"Wed Apr 11 2018 14:44:21 GMT+0000 (UTC)","_score":1,"_source":{"time":"April 11, 2018","device":"miniCam","message":"motion","location":"Exterior-FrontDoor","timestamp":"2018-04-11T14:44:21.848Z"}}
{"_index":"ifttt-2018-04-11","_type":"webhook","_id":"Wed Apr 11 2018 14:59:14 GMT+0000 (UTC)","_score":1,"_source":{"time":"April 11, 2018","device":"miniCam","message":"motion","location":"Exterior-FrontDoor","timestamp":"2018-04-11T14:59:14.565Z"}}
{"_index":"ifttt-2018-04-11","_type":"webhook","_id":"Wed Apr 11 2018 15:19:09 GMT+0000 (UTC)","_score":1,"_source":{"time":"April 11, 2018","device":"miniCam","message":"motion","location":"Exterior-FrontDoor","timestamp":"2018-04-11T15:19:09.345Z"}}
{"_index":"ifttt-2018-04-11","_type":"webhook","_id":"Wed Apr 11 2018 15:59:20 GMT+0000 (UTC)","_score":1,"_source":{"time":"April 11, 2018","device":"miniCam","message":"motion","location":"Exterior-FrontDoor","timestamp":"2018-04-11T15:59:20.941Z"}}
{"_index":"ifttt-2018-04-11","_type":"webhook","_id":"Wed Apr 11 2018 14:20:48 GMT+0000 (UTC)","_score":1,"_source":{"device":"FrontLock1","status":"Unlocked","user":" Manual Unlock","timestamp":"2018-04-11T14:20:48.812Z"}}
{"_index":"ifttt-2018-04-11","_type":"webhook","_id":"Wed Apr 11 2018 15:04:42 GMT+0000 (UTC)","_score":1,"_source":{"device":"FrontLock1","status":"Locked","user":"Manual Lock","timestamp":"2018-04-11T15:04:42.448Z"}}
{"_index":"ifttt-2018-04-11","_type":"webhook","_id":"Wed Apr 11 2018 16:01:47 GMT+0000 (UTC)","_score":1,"_source":{"device":"FrontLock1","status":"Locked","user":"Manual Lock","timestamp":"2018-04-11T16:01:47.171Z"}}
{"_index":"ifttt-2018-04-11","_type":"webhook","_id":"Wed Apr 11 2018 16:04:42 GMT+0000 (UTC)","_score":1,"_source":{"device":"FrontLock1","status":"Locked","user":"Manual Lock","timestamp":"2018-04-11T16:04:42.511Z"}}
{"_index":"ifttt-2018-04-11","_type":"webhook","_id":"Wed Apr 11 2018 15:34:11 GMT+0000 (UTC)","_score":1,"_source":{"time":"April 11, 2018","device":"miniCam","message":"motion","location":"Exterior-FrontDoor","timestamp":"2018-04-11T15:34:11.989Z"}}
{"_index":"ifttt-2018-04-11","_type":"webhook","_id":"Wed Apr 11 2018 16:54:08 GMT+0000 (UTC)","_score":1,"_source":{"time":"April 11, 2018","device":"miniCam","message":"motion","location":"Exterior-FrontDoor","timestamp":"2018-04-11T16:54:08.583Z"}}
{"_index":"ifttt-2018-04-11","_type":"webhook","_id":"Wed Apr 11 2018 17:39:28 GMT+0000 (UTC)","_score":1,"_source":{"time":"April 11, 2018","device":"miniCam","message":"motion","location":"Exterior-FrontDoor","timestamp":"2018-04-11T17:39:28.212Z"}}
{"_index":"ifttt-2018-04-11","_type":"webhook","_id":"Wed Apr 11 2018 18:19:17 GMT+0000 (UTC)","_score":1,"_source":{"time":"April 11, 2018","device":"miniCam","message":"motion","location":"Exterior-FrontDoor","timestamp":"2018-04-11T18:19:17.475Z"}}
{"_index":"ifttt-2018-04-11","_type":"webhook","_id":"Wed Apr 11 2018 16:05:02 GMT+0000 (UTC)","_score":1,"_source":{"device":"FrontLock1","status":"Unlocked","user":" Manual Unlock","timestamp":"2018-04-11T16:05:02.509Z"}}
{"_index":"ifttt-2018-04-11","_type":"webhook","_id":"Wed Apr 11 2018 18:30:23 GMT+0000 (UTC)","_score":1,"_source":{"device":"FrontLock1","status":"Unlocked","user":" Manual Unlock","timestamp":"2018-04-11T18:30:23.709Z"}}
{"_index":"ifttt-2018-04-11","_type":"webhook","_id":"Wed Apr 11 2018 16:05:14 GMT+0000 (UTC)","_score":1,"_source":{"device":"FrontLock1","status":"Locked","user":"Manual Lock","timestamp":"2018-04-11T16:05:14.154Z"}}
{"_index":"ifttt-2018-04-11","_type":"webhook","_id":"Wed Apr 11 2018 16:23:02 GMT+0000 (UTC)","_score":1,"_source":{"device":"FrontLock1","status":"Locked","user":"Manual Lock","timestamp":"2018-04-11T16:23:02.300Z"}}
{"_index":"ifttt-2018-04-11","_type":"webhook","_id":"Wed Apr 11 2018 17:32:43 GMT+0000 (UTC)","_score":1,"_source":{"device":"FrontLock1","status":"Locked","user":"Manual Lock","timestamp":"2018-04-11T17:32:43.775Z"}}
{"_index":"ifttt-2018-04-11","_type":"webhook","_id":"Wed Apr 11 2018 17:50:26 GMT+0000 (UTC)","_score":1,"_source":{"device":"FrontLock1","status":"Locked","user":"Manual Lock","timestamp":"2018-04-11T17:50:26.709Z"}}
{"_index":"ifttt-2018-04-11","_type":"webhook","_id":"Wed Apr 11 2018 19:59:21 GMT+0000 (UTC)","_score":1,"_source":{"time":"April 11, 2018","device":"miniCam","message":"motion","location":"Exterior-FrontDoor","timestamp":"2018-04-11T19:59:21.400Z"}}
{"_index":"ifttt-2018-04-11","_type":"webhook","_id":"Wed Apr 11 2018 18:39:08 GMT+0000 (UTC)","_score":1,"_source":{"time":"April 11, 2018","device":"miniCam","message":"motion","location":"Exterior-FrontDoor","timestamp":"2018-04-11T18:39:08.110Z"}}
{"_index":"ifttt-2018-04-11","_type":"webhook","_id":"Wed Apr 11 2018 18:44:32 GMT+0000 (UTC)","_score":1,"_source":{"time":"April 11, 2018","device":"miniCam","message":"motion","location":"Exterior-FrontDoor","timestamp":"2018-04-11T18:44:32.030Z"}}
{"_index":"ifttt-2018-04-11","_type":"webhook","_id":"Wed Apr 11 2018 19:57:27 GMT+0000 (UTC)","_score":1,"_source":{"device":"FrontLock1","status":"Unlocked","user":" Manual Unlock","timestamp":"2018-04-11T19:57:27.818Z"}}
{"_index":"ifttt-2018-04-11","_type":"webhook","_id":"Wed Apr 11 2018 19:59:28 GMT+0000 (UTC)","_score":1,"_source":{"device":"FrontLock1","status":"Unlocked","user":" Manual Unlock","timestamp":"2018-04-11T19:59:28.386Z"}}
{"_index":"ifttt-2018-04-11","_type":"webhook","_id":"Wed Apr 11 2018 20:05:23 GMT+0000 (UTC)","_score":1,"_source":{"device":"FrontLock1","status":"Unlocked","user":" Manual Unlock","timestamp":"2018-04-11T20:05:23.182Z"}}
{"_index":"ifttt-2018-04-11","_type":"webhook","_id":"Wed Apr 11 2018 19:52:35 GMT+0000 (UTC)","_score":1,"_source":{"device":"FrontLock1","status":"Unlocked","user":" Manual Unlock","timestamp":"2018-04-11T19:52:35.651Z"}}
{"_index":"ifttt-2018-04-11","_type":"webhook","_id":"Wed Apr 11 2018 20:01:55 GMT+0000 (UTC)","_score":1,"_source":{"device":"FrontLock1","status":"Locked","user":"Manual Lock","timestamp":"2018-04-11T20:01:55.203Z"}}
{"_index":"ifttt-2018-04-11","_type":"webhook","_id":"Wed Apr 11 2018 20:03:51 GMT+0000 (UTC)","_score":1,"_source":{"device":"FrontLock1","status":"Locked","user":"Manual Lock","timestamp":"2018-04-11T20:03:51.825Z"}}
{"_index":"ifttt-2018-04-11","_type":"webhook","_id":"Wed Apr 11 2018 20:11:13 GMT+0000 (UTC)","_score":1,"_source":{"device":"FrontLock1","status":"Unlocked","user":" Manual Unlock","timestamp":"2018-04-11T20:11:13.047Z"}}
{"_index":"ifttt-2018-04-11","_type":"webhook","_id":"Wed Apr 11 2018 20:59:09 GMT+0000 (UTC)","_score":1,"_source":{"time":"April 11, 2018","device":"miniCam","message":"motion","location":"Exterior-FrontDoor","timestamp":"2018-04-11T20:59:09.532Z"}}
