{"_index":"ifttt-2018-03-28","_type":"webhook","_id":"Wed Mar 28 2018 15:30:43 GMT+0000 (UTC)","_score":1,"_source":{"device":"Alexa","deviceID":"10","action":"Voice Deactivation","target":"Room1Lamp","target-deviceID":"7","timestamp":"2018-03-28T15:30:43.976Z"}}
{"_index":"ifttt-2018-03-28","_type":"webhook","_id":"Wed Mar 28 2018 15:52:29 GMT+0000 (UTC)","_score":1,"_source":{"device":"Alexa","deviceID":"10","action":"Voice Deactivation","target":"Room1Lamp","target-deviceID":"7","timestamp":"2018-03-28T15:52:29.816Z"}}
{"_index":"ifttt-2018-03-28","_type":"webhook","_id":"Wed Mar 28 2018 15:53:09 GMT+0000 (UTC)","_score":1,"_source":{"device":"Alexa","deviceID":"10","action":"Voice Deactivation","target":"Room1Lamp","target-deviceID":"7","timestamp":"2018-03-28T15:53:09.036Z"}}
{"_index":"ifttt-2018-03-28","_type":"webhook","_id":"Wed Mar 28 2018 16:00:32 GMT+0000 (UTC)","_score":1,"_source":{"device":"Alexa","deviceID":"10","action":"Voice Deactivation","target":"Room1Lamp","target-deviceID":"7","timestamp":"2018-03-28T16:00:32.953Z"}}
{"_index":"ifttt-2018-03-28","_type":"webhook","_id":"Wed Mar 28 2018 15:26:52 GMT+0000 (UTC)","_score":1,"_source":{"device":"Alexa","deviceID":"10","action":"Voice Deactivation","target":"Room1Lamp","target-deviceID":"7","timestamp":"2018-03-28T15:26:52.650Z"}}
{"_index":"ifttt-2018-03-28","_type":"webhook","_id":"Wed Mar 28 2018 15:29:55 GMT+0000 (UTC)","_score":1,"_source":{"device":"Alexa","deviceID":"10","action":"Voice Deactivation","target":"Room1Lamp","target-deviceID":"7","timestamp":"2018-03-28T15:29:55.329Z"}}
{"_index":"ifttt-2018-03-28","_type":"webhook","_id":"Wed Mar 28 2018 15:31:42 GMT+0000 (UTC)","_score":1,"_source":{"device":"Alexa","deviceID":"10","action":"Voice Deactivation","target":"Room1Lamp","target-deviceID":"7","timestamp":"2018-03-28T15:31:42.959Z"}}
{"_index":"ifttt-2018-03-28","_type":"webhook","_id":"Wed Mar 28 2018 15:32:15 GMT+0000 (UTC)","_score":1,"_source":{"device":"Alexa","deviceID":"10","action":"Voice Deactivation","target":"Room1Lamp","target-deviceID":"7","timestamp":"2018-03-28T15:32:15.324Z"}}
{"_index":"ifttt-2018-03-28","_type":"webhook","_id":"Wed Mar 28 2018 15:54:51 GMT+0000 (UTC)","_score":1,"_source":{"device":"Alexa","deviceID":"10","action":"Voice Deactivation","target":"Room1Lamp","target-deviceID":"7","timestamp":"2018-03-28T15:54:51.617Z"}}
{"_index":"ifttt-2018-03-28","_type":"webhook","_id":"Wed Mar 28 2018 17:22:22 GMT+0000 (UTC)","_score":1,"_source":{"device":"FrontLock1","status":"Locked","User":"Manual Lock","timestamp":"2018-03-28T17:22:22.866Z"}}
{"_index":"ifttt-2018-03-28","_type":"webhook","_id":"Wed Mar 28 2018 17:51:41 GMT+0000 (UTC)","_score":1,"_source":{"device":"FrontLock1","status":"Locked","User":"Manny Kin","timestamp":"2018-03-28T17:51:41.080Z"}}
{"_index":"ifttt-2018-03-28","_type":"webhook","_id":"Wed Mar 28 2018 17:56:02 GMT+0000 (UTC)","_score":1,"_source":{"device":"FrontLock1","status":"Locked","User":"Manny Kin","timestamp":"2018-03-28T17:56:02.409Z"}}
{"_index":"ifttt-2018-03-28","_type":"webhook","_id":"Wed Mar 28 2018 17:56:39 GMT+0000 (UTC)","_score":1,"_source":{"device":"FrontLock1","status":"Locked","User":"Manny Kin","timestamp":"2018-03-28T17:56:39.481Z"}}
{"_index":"ifttt-2018-03-28","_type":"webhook","_id":"Wed Mar 28 2018 15:38:35 GMT+0000 (UTC)","_score":1,"_source":{"device":"Room1Lamp","status":"Activated","timestamp":"2018-03-28T15:38:35.133Z"}}
{"_index":"ifttt-2018-03-28","_type":"webhook","_id":"Wed Mar 28 2018 15:26:38 GMT+0000 (UTC)","_score":1,"_source":{"device":"Alexa","deviceID":"10","action":"Voice Deactivation","target":"Room1Lamp","target-deviceID":"7","timestamp":"2018-03-28T15:26:38.650Z"}}
{"_index":"ifttt-2018-03-28","_type":"webhook","_id":"Wed Mar 28 2018 15:27:34 GMT+0000 (UTC)","_score":1,"_source":{"device":"Alexa","deviceID":"10","action":"Voice Deactivation","target":"Room1Lamp","target-deviceID":"7","timestamp":"2018-03-28T15:27:34.427Z"}}
{"_index":"ifttt-2018-03-28","_type":"webhook","_id":"Wed Mar 28 2018 15:28:33 GMT+0000 (UTC)","_score":1,"_source":{"device":"Alexa","deviceID":"10","action":"Voice Deactivation","target":"Room1Lamp","target-deviceID":"7","timestamp":"2018-03-28T15:28:33.002Z"}}
{"_index":"ifttt-2018-03-28","_type":"webhook","_id":"Wed Mar 28 2018 15:31:43 GMT+0000 (UTC)","_score":1,"_source":{"device":"Alexa","deviceID":"10","action":"Voice Deactivation","target":"Room1Lamp","target-deviceID":"7","timestamp":"2018-03-28T15:31:43.471Z"}}
{"_index":"ifttt-2018-03-28","_type":"webhook","_id":"Wed Mar 28 2018 15:52:00 GMT+0000 (UTC)","_score":1,"_source":{"device":"Alexa","deviceID":"10","action":"Voice Deactivation","target":"Room1Lamp","target-deviceID":"7","timestamp":"2018-03-28T15:52:00.858Z"}}
{"_index":"ifttt-2018-03-28","_type":"webhook","_id":"Wed Mar 28 2018 15:52:01 GMT+0000 (UTC)","_score":1,"_source":{"device":"Alexa","deviceID":"10","action":"Voice Deactivation","target":"Room1Lamp","target-deviceID":"7","timestamp":"2018-03-28T15:52:01.456Z"}}
{"_index":"ifttt-2018-03-28","_type":"webhook","_id":"Wed Mar 28 2018 16:20:41 GMT+0000 (UTC)","_score":1,"_source":{"device":"Alexa","deviceID":"10","action":"Voice Deactivation","target":"Room1Lamp","target-deviceID":"7","timestamp":"2018-03-28T16:20:41.503Z"}}
{"_index":"ifttt-2018-03-28","_type":"webhook","_id":"Wed Mar 28 2018 17:22:43 GMT+0000 (UTC)","_score":1,"_source":{"device":"FrontLock1","status":"Unlocked","user":" Manual Unlock","timestamp":"2018-03-28T17:22:43.087Z"}}
{"_index":"ifttt-2018-03-28","_type":"webhook","_id":"Wed Mar 28 2018 15:38:20 GMT+0000 (UTC)","_score":1,"_source":{"device":"Room1Plug2","status":"Activated","time":" ","timestamp":"2018-03-28T15:38:20.711Z"}}
{"_index":"ifttt-2018-03-28","_type":"webhook","_id":"Wed Mar 28 2018 15:44:22 GMT+0000 (UTC)","_score":1,"_source":{"device":"Room1Plug2","status":"Activated","time":" ","timestamp":"2018-03-28T15:44:22.916Z"}}
{"_index":"ifttt-2018-03-28","_type":"webhook","_id":"Wed Mar 28 2018 17:51:47 GMT+0000 (UTC)","_score":1,"_source":{"device":"FrontLock1","status":"Unlocked","user":" Manny Kin","timestamp":"2018-03-28T17:51:47.529Z"}}
{"_index":"ifttt-2018-03-28","_type":"webhook","_id":"Wed Mar 28 2018 17:52:29 GMT+0000 (UTC)","_score":1,"_source":{"device":"Alexa","deviceID":"10","action":"Voice Deactivation","target":"Room1Lamp","target-deviceID":"7","timestamp":"2018-03-28T17:52:29.108Z"}}
{"_index":"ifttt-2018-03-28","_type":"webhook","_id":"Wed Mar 28 2018 17:56:26 GMT+0000 (UTC)","_score":1,"_source":{"device":"FrontLock1","status":"Unlocked","user":" Manual Unlock","timestamp":"2018-03-28T17:56:26.783Z"}}
{"_index":"ifttt-2018-03-28","_type":"webhook","_id":"Wed Mar 28 2018 15:16:08 GMT+0000 (UTC)","_score":1,"_source":{"device":"Room1Plug1","status":"Activated","timestamp":"2018-03-28T15:16:08.774Z"}}
{"_index":"ifttt-2018-03-28","_type":"webhook","_id":"Wed Mar 28 2018 15:27:50 GMT+0000 (UTC)","_score":1,"_source":{"device":"Alexa","deviceID":"10","action":"Voice Deactivation","target":"Room1Lamp","target-deviceID":"7","timestamp":"2018-03-28T15:27:50.007Z"}}
{"_index":"ifttt-2018-03-28","_type":"webhook","_id":"Wed Mar 28 2018 15:56:05 GMT+0000 (UTC)","_score":1,"_source":{"device":"Alexa","deviceID":"10","action":"Voice Deactivation","target":"Room1Lamp","target-deviceID":"7","timestamp":"2018-03-28T15:56:05.475Z"}}
{"_index":"ifttt-2018-03-28","_type":"webhook","_id":"Wed Mar 28 2018 15:57:09 GMT+0000 (UTC)","_score":1,"_source":{"device":"Alexa","deviceID":"10","action":"Voice Deactivation","target":"Room1Lamp","target-deviceID":"7","timestamp":"2018-03-28T15:57:09.889Z"}}
{"_index":"ifttt-2018-03-28","_type":"webhook","_id":"Wed Mar 28 2018 16:18:26 GMT+0000 (UTC)","_score":1,"_source":{"device":"Room1Plug1","status":"Activated","timestamp":"2018-03-28T16:18:26.689Z"}}
{"_index":"ifttt-2018-03-28","_type":"webhook","_id":"Wed Mar 28 2018 17:05:27 GMT+0000 (UTC)","_score":1,"_source":{"device":"Room1Lamp","status":"Activated","timestamp":"2018-03-28T17:05:27.945Z"}}
{"_index":"ifttt-2018-03-28","_type":"webhook","_id":"Wed Mar 28 2018 17:55:23 GMT+0000 (UTC)","_score":1,"_source":{"device":"Alexa","deviceID":"10","action":"Voice Deactivation","target":"Room1Lamp","target-deviceID":"7","timestamp":"2018-03-28T17:55:23.741Z"}}
{"_index":"ifttt-2018-03-28","_type":"webhook","_id":"Wed Mar 28 2018 19:53:34 GMT+0000 (UTC)","_score":1,"_source":{"device":"Room1Plug2","status":"Activated","time":" ","timestamp":"2018-03-28T19:53:34.989Z"}}
{"_index":"ifttt-2018-03-28","_type":"webhook","_id":"Wed Mar 28 2018 15:25:48 GMT+0000 (UTC)","_score":1,"_source":{"device":"Alexa","deviceID":"10","action":"Voice Deactivation","target":"Room1Lamp","target-deviceID":"7","timestamp":"2018-03-28T15:25:48.060Z"}}
{"_index":"ifttt-2018-03-28","_type":"webhook","_id":"Wed Mar 28 2018 15:28:43 GMT+0000 (UTC)","_score":1,"_source":{"device":"Alexa","deviceID":"10","action":"Voice Deactivation","target":"Room1Lamp","target-deviceID":"7","timestamp":"2018-03-28T15:28:43.857Z"}}
{"_index":"ifttt-2018-03-28","_type":"webhook","_id":"Wed Mar 28 2018 15:31:08 GMT+0000 (UTC)","_score":1,"_source":{"device":"Alexa","deviceID":"10","action":"Voice Deactivation","target":"Room1Lamp","target-deviceID":"7","timestamp":"2018-03-28T15:31:08.253Z"}}
{"_index":"ifttt-2018-03-28","_type":"webhook","_id":"Wed Mar 28 2018 15:55:16 GMT+0000 (UTC)","_score":1,"_source":{"device":"Alexa","deviceID":"10","action":"Voice Deactivation","target":"Room1Lamp","target-deviceID":"7","timestamp":"2018-03-28T15:55:16.528Z"}}
{"_index":"ifttt-2018-03-28","_type":"webhook","_id":"Wed Mar 28 2018 16:45:43 GMT+0000 (UTC)","_score":1,"_source":{"device":"Room1Plug2","status":"Activated","time":" ","timestamp":"2018-03-28T16:45:43.054Z"}}
{"_index":"ifttt-2018-03-28","_type":"webhook","_id":"Wed Mar 28 2018 17:19:31 GMT+0000 (UTC)","_score":1,"_source":{"device":"Room1Plug1","status":"Activated","timestamp":"2018-03-28T17:19:31.488Z"}}
{"_index":"ifttt-2018-03-28","_type":"webhook","_id":"Wed Mar 28 2018 17:56:49 GMT+0000 (UTC)","_score":1,"_source":{"device":"FrontLock1","status":"Unlocked","user":" Manual Unlock","timestamp":"2018-03-28T17:56:49.254Z"}}
{"_index":"ifttt-2018-03-28","_type":"webhook","_id":"Wed Mar 28 2018 19:04:19 GMT+0000 (UTC)","_score":1,"_source":{"device":"Alexa","deviceID":"10","action":"Voice Deactivation","target":"Room1Lamp","target-deviceID":"7","timestamp":"2018-03-28T19:04:19.749Z"}}
