{"_index":"ifttt-2018-03-31","_type":"webhook","_id":"Sat Mar 31 2018 02:16:10 GMT+0000 (UTC)","_score":1,"_source":{"alert":"motion","location":"Exterior-Front Door","timestamp":"2018-03-31T02:16:10.670Z"}}
{"_index":"ifttt-2018-03-31","_type":"webhook","_id":"Sat Mar 31 2018 03:16:57 GMT+0000 (UTC)","_score":1,"_source":{"alert":"motion","location":"Exterior-Front Door","timestamp":"2018-03-31T03:16:57.512Z"}}
{"_index":"ifttt-2018-03-31","_type":"webhook","_id":"Sat Mar 31 2018 10:47:12 GMT+0000 (UTC)","_score":1,"_source":{"device":"Room1Plug2","status":"Activated","time":" ","timestamp":"2018-03-31T10:47:12.061Z"}}
{"_index":"ifttt-2018-03-31","_type":"webhook","_id":"Sat Mar 31 2018 11:02:28 GMT+0000 (UTC)","_score":1,"_source":{"alert":"motion","location":"Exterior-Front Door","timestamp":"2018-03-31T11:02:28.318Z"}}
{"_index":"ifttt-2018-03-31","_type":"webhook","_id":"Sat Mar 31 2018 13:51:20 GMT+0000 (UTC)","_score":1,"_source":{"device":"Room1Plug2","status":"Activated","time":" ","timestamp":"2018-03-31T13:51:20.541Z"}}
{"_index":"ifttt-2018-03-31","_type":"webhook","_id":"Sat Mar 31 2018 14:31:36 GMT+0000 (UTC)","_score":1,"_source":{"alert":"motion","location":"Exterior-Front Door","timestamp":"2018-03-31T14:31:36.776Z"}}
{"_index":"ifttt-2018-03-31","_type":"webhook","_id":"Sat Mar 31 2018 15:16:24 GMT+0000 (UTC)","_score":1,"_source":{"alert":"motion","location":"Exterior-Front Door","timestamp":"2018-03-31T15:16:24.931Z"}}
{"_index":"ifttt-2018-03-31","_type":"webhook","_id":"Sat Mar 31 2018 18:01:26 GMT+0000 (UTC)","_score":1,"_source":{"alert":"motion","location":"Exterior-Front Door","timestamp":"2018-03-31T18:01:26.959Z"}}
{"_index":"ifttt-2018-03-31","_type":"webhook","_id":"Sat Mar 31 2018 18:47:15 GMT+0000 (UTC)","_score":1,"_source":{"device":"Room1Plug1","status":"Activated","timestamp":"2018-03-31T18:47:15.038Z"}}
{"_index":"ifttt-2018-03-31","_type":"webhook","_id":"Sat Mar 31 2018 04:36:27 GMT+0000 (UTC)","_score":1,"_source":{"device":"Room1Plug2","status":"Activated","time":" ","timestamp":"2018-03-31T04:36:27.688Z"}}
{"_index":"ifttt-2018-03-31","_type":"webhook","_id":"Sat Mar 31 2018 11:51:08 GMT+0000 (UTC)","_score":1,"_source":{"device":"Room1Plug2","status":"Activated","time":" ","timestamp":"2018-03-31T11:51:08.000Z"}}
{"_index":"ifttt-2018-03-31","_type":"webhook","_id":"Sat Mar 31 2018 02:01:29 GMT+0000 (UTC)","_score":1,"_source":{"alert":"motion","location":"Exterior-Front Door","timestamp":"2018-03-31T02:01:29.891Z"}}
{"_index":"ifttt-2018-03-31","_type":"webhook","_id":"Sat Mar 31 2018 02:01:30 GMT+0000 (UTC)","_score":1,"_source":{"alert":"motion","location":"Exterior-Front Door","timestamp":"2018-03-31T02:01:30.404Z"}}
{"_index":"ifttt-2018-03-31","_type":"webhook","_id":"Sat Mar 31 2018 06:16:25 GMT+0000 (UTC)","_score":1,"_source":{"alert":"motion","location":"Exterior-Front Door","timestamp":"2018-03-31T06:16:25.815Z"}}
{"_index":"ifttt-2018-03-31","_type":"webhook","_id":"Sat Mar 31 2018 08:01:02 GMT+0000 (UTC)","_score":1,"_source":{"alert":"motion","location":"Exterior-Front Door","timestamp":"2018-03-31T08:01:02.317Z"}}
{"_index":"ifttt-2018-03-31","_type":"webhook","_id":"Sat Mar 31 2018 10:02:29 GMT+0000 (UTC)","_score":1,"_source":{"alert":"motion","location":"Exterior-Front Door","timestamp":"2018-03-31T10:02:29.091Z"}}
{"_index":"ifttt-2018-03-31","_type":"webhook","_id":"Sat Mar 31 2018 16:01:33 GMT+0000 (UTC)","_score":1,"_source":{"alert":"motion","location":"Exterior-Front Door","timestamp":"2018-03-31T16:01:33.985Z"}}
{"_index":"ifttt-2018-03-31","_type":"webhook","_id":"Sat Mar 31 2018 05:22:16 GMT+0000 (UTC)","_score":1,"_source":{"device":"Room1Plug1","status":"Activated","timestamp":"2018-03-31T05:22:16.244Z"}}
{"_index":"ifttt-2018-03-31","_type":"webhook","_id":"Sat Mar 31 2018 08:27:15 GMT+0000 (UTC)","_score":1,"_source":{"device":"Room1Plug1","status":"Activated","timestamp":"2018-03-31T08:27:15.957Z"}}
{"_index":"ifttt-2018-03-31","_type":"webhook","_id":"Sat Mar 31 2018 09:27:22 GMT+0000 (UTC)","_score":1,"_source":{"device":"Room1Plug1","status":"Activated","timestamp":"2018-03-31T09:27:22.158Z"}}
{"_index":"ifttt-2018-03-31","_type":"webhook","_id":"Sat Mar 31 2018 02:31:39 GMT+0000 (UTC)","_score":1,"_source":{"device":"Room1Plug2","status":"Activated","time":" ","timestamp":"2018-03-31T02:31:39.001Z"}}
{"_index":"ifttt-2018-03-31","_type":"webhook","_id":"Sat Mar 31 2018 07:41:18 GMT+0000 (UTC)","_score":1,"_source":{"device":"Room1Plug2","status":"Activated","time":" ","timestamp":"2018-03-31T07:41:18.842Z"}}
{"_index":"ifttt-2018-03-31","_type":"webhook","_id":"Sat Mar 31 2018 05:02:10 GMT+0000 (UTC)","_score":1,"_source":{"alert":"motion","location":"Exterior-Front Door","timestamp":"2018-03-31T05:02:10.196Z"}}
{"_index":"ifttt-2018-03-31","_type":"webhook","_id":"Sat Mar 31 2018 03:01:49 GMT+0000 (UTC)","_score":1,"_source":{"alert":"motion","location":"Exterior-Front Door","timestamp":"2018-03-31T03:01:49.655Z"}}
{"_index":"ifttt-2018-03-31","_type":"webhook","_id":"Sat Mar 31 2018 03:16:55 GMT+0000 (UTC)","_score":1,"_source":{"alert":"motion","location":"Exterior-Front Door","timestamp":"2018-03-31T03:16:55.874Z"}}
{"_index":"ifttt-2018-03-31","_type":"webhook","_id":"Sat Mar 31 2018 03:16:58 GMT+0000 (UTC)","_score":1,"_source":{"alert":"motion","location":"Exterior-Front Door","timestamp":"2018-03-31T03:16:58.127Z"}}
{"_index":"ifttt-2018-03-31","_type":"webhook","_id":"Sat Mar 31 2018 06:16:26 GMT+0000 (UTC)","_score":1,"_source":{"alert":"motion","location":"Exterior-Front Door","timestamp":"2018-03-31T06:16:26.531Z"}}
{"_index":"ifttt-2018-03-31","_type":"webhook","_id":"Sat Mar 31 2018 06:16:27 GMT+0000 (UTC)","_score":1,"_source":{"alert":"motion","location":"Exterior-Front Door","timestamp":"2018-03-31T06:16:27.123Z"}}
{"_index":"ifttt-2018-03-31","_type":"webhook","_id":"Sat Mar 31 2018 14:01:36 GMT+0000 (UTC)","_score":1,"_source":{"alert":"motion","location":"Exterior-Front Door","timestamp":"2018-03-31T14:01:36.600Z"}}
{"_index":"ifttt-2018-03-31","_type":"webhook","_id":"Sat Mar 31 2018 06:22:22 GMT+0000 (UTC)","_score":1,"_source":{"device":"Room1Plug1","status":"Activated","timestamp":"2018-03-31T06:22:22.747Z"}}
{"_index":"ifttt-2018-03-31","_type":"webhook","_id":"Sat Mar 31 2018 15:01:46 GMT+0000 (UTC)","_score":1,"_source":{"alert":"motion","location":"Exterior-Front Door","timestamp":"2018-03-31T15:01:46.392Z"}}
{"_index":"ifttt-2018-03-31","_type":"webhook","_id":"Sat Mar 31 2018 15:16:25 GMT+0000 (UTC)","_score":1,"_source":{"alert":"motion","location":"Exterior-Front Door","timestamp":"2018-03-31T15:16:25.954Z"}}
{"_index":"ifttt-2018-03-31","_type":"webhook","_id":"Sat Mar 31 2018 20:01:21 GMT+0000 (UTC)","_score":1,"_source":{"device":"Room1Plug2","status":"Activated","time":" ","timestamp":"2018-03-31T20:01:21.398Z"}}
{"_index":"ifttt-2018-03-31","_type":"webhook","_id":"Sat Mar 31 2018 23:01:34 GMT+0000 (UTC)","_score":1,"_source":{"alert":"motion","location":"Exterior-Front Door","timestamp":"2018-03-31T23:01:34.501Z"}}
{"_index":"ifttt-2018-03-31","_type":"webhook","_id":"Sat Mar 31 2018 23:06:21 GMT+0000 (UTC)","_score":1,"_source":{"device":"Room1Plug2","status":"Activated","time":" ","timestamp":"2018-03-31T23:06:21.952Z"}}
{"_index":"ifttt-2018-03-31","_type":"webhook","_id":"Sat Mar 31 2018 06:41:15 GMT+0000 (UTC)","_score":1,"_source":{"device":"Room1Plug2","status":"Activated","time":" ","timestamp":"2018-03-31T06:41:15.469Z"}}
{"_index":"ifttt-2018-03-31","_type":"webhook","_id":"Sat Mar 31 2018 12:51:14 GMT+0000 (UTC)","_score":1,"_source":{"device":"Room1Plug2","status":"Activated","time":" ","timestamp":"2018-03-31T12:51:14.654Z"}}
{"_index":"ifttt-2018-03-31","_type":"webhook","_id":"Sat Mar 31 2018 00:01:19 GMT+0000 (UTC)","_score":1,"_source":{"alert":"motion","location":"Exterior-Front Door","timestamp":"2018-03-31T00:01:19.551Z"}}
{"_index":"ifttt-2018-03-31","_type":"webhook","_id":"Sat Mar 31 2018 02:16:09 GMT+0000 (UTC)","_score":1,"_source":{"alert":"motion","location":"Exterior-Front Door","timestamp":"2018-03-31T02:16:09.860Z"}}
{"_index":"ifttt-2018-03-31","_type":"webhook","_id":"Sat Mar 31 2018 02:16:11 GMT+0000 (UTC)","_score":1,"_source":{"alert":"motion","location":"Exterior-Front Door","timestamp":"2018-03-31T02:16:11.191Z"}}
{"_index":"ifttt-2018-03-31","_type":"webhook","_id":"Sat Mar 31 2018 03:01:51 GMT+0000 (UTC)","_score":1,"_source":{"alert":"motion","location":"Exterior-Front Door","timestamp":"2018-03-31T03:01:51.443Z"}}
{"_index":"ifttt-2018-03-31","_type":"webhook","_id":"Sat Mar 31 2018 04:02:15 GMT+0000 (UTC)","_score":1,"_source":{"alert":"motion","location":"Exterior-Front Door","timestamp":"2018-03-31T04:02:15.801Z"}}
{"_index":"ifttt-2018-03-31","_type":"webhook","_id":"Sat Mar 31 2018 06:01:24 GMT+0000 (UTC)","_score":1,"_source":{"alert":"motion","location":"Exterior-Front Door","timestamp":"2018-03-31T06:01:24.429Z"}}
{"_index":"ifttt-2018-03-31","_type":"webhook","_id":"Sat Mar 31 2018 08:46:44 GMT+0000 (UTC)","_score":1,"_source":{"alert":"motion","location":"Exterior-Front Door","timestamp":"2018-03-31T08:46:44.374Z"}}
{"_index":"ifttt-2018-03-31","_type":"webhook","_id":"Sat Mar 31 2018 14:46:38 GMT+0000 (UTC)","_score":1,"_source":{"alert":"motion","location":"Exterior-Front Door","timestamp":"2018-03-31T14:46:38.831Z"}}
{"_index":"ifttt-2018-03-31","_type":"webhook","_id":"Sat Mar 31 2018 17:01:46 GMT+0000 (UTC)","_score":1,"_source":{"alert":"motion","location":"Exterior-Front Door","timestamp":"2018-03-31T17:01:46.436Z"}}
{"_index":"ifttt-2018-03-31","_type":"webhook","_id":"Sat Mar 31 2018 17:01:47 GMT+0000 (UTC)","_score":1,"_source":{"alert":"motion","location":"Exterior-Front Door","timestamp":"2018-03-31T17:01:47.334Z"}}
{"_index":"ifttt-2018-03-31","_type":"webhook","_id":"Sat Mar 31 2018 18:51:42 GMT+0000 (UTC)","_score":1,"_source":{"alert":"motion","location":"Exterior-Front Door","timestamp":"2018-03-31T18:51:42.509Z"}}
{"_index":"ifttt-2018-03-31","_type":"webhook","_id":"Sat Mar 31 2018 19:01:09 GMT+0000 (UTC)","_score":1,"_source":{"device":"Room1Plug2","status":"Activated","time":" ","timestamp":"2018-03-31T19:01:09.795Z"}}
{"_index":"ifttt-2018-03-31","_type":"webhook","_id":"Sat Mar 31 2018 19:52:29 GMT+0000 (UTC)","_score":1,"_source":{"alert":"motion","location":"Exterior-Front Door","timestamp":"2018-03-31T19:52:29.431Z"}}
{"_index":"ifttt-2018-03-31","_type":"webhook","_id":"Sat Mar 31 2018 03:01:50 GMT+0000 (UTC)","_score":1,"_source":{"alert":"motion","location":"Exterior-Front Door","timestamp":"2018-03-31T03:01:50.845Z"}}
{"_index":"ifttt-2018-03-31","_type":"webhook","_id":"Sat Mar 31 2018 03:16:56 GMT+0000 (UTC)","_score":1,"_source":{"alert":"motion","location":"Exterior-Front Door","timestamp":"2018-03-31T03:16:56.795Z"}}
{"_index":"ifttt-2018-03-31","_type":"webhook","_id":"Sat Mar 31 2018 05:16:39 GMT+0000 (UTC)","_score":1,"_source":{"alert":"motion","location":"Exterior-Front Door","timestamp":"2018-03-31T05:16:39.439Z"}}
{"_index":"ifttt-2018-03-31","_type":"webhook","_id":"Sat Mar 31 2018 08:31:30 GMT+0000 (UTC)","_score":1,"_source":{"alert":"motion","location":"Exterior-Front Door","timestamp":"2018-03-31T08:31:30.429Z"}}
{"_index":"ifttt-2018-03-31","_type":"webhook","_id":"Sat Mar 31 2018 08:46:56 GMT+0000 (UTC)","_score":1,"_source":{"device":"Room1Plug2","status":"Activated","time":" ","timestamp":"2018-03-31T08:46:56.761Z"}}
{"_index":"ifttt-2018-03-31","_type":"webhook","_id":"Sat Mar 31 2018 09:47:02 GMT+0000 (UTC)","_score":1,"_source":{"device":"Room1Plug2","status":"Activated","time":" ","timestamp":"2018-03-31T09:47:02.249Z"}}
{"_index":"ifttt-2018-03-31","_type":"webhook","_id":"Sat Mar 31 2018 12:02:31 GMT+0000 (UTC)","_score":1,"_source":{"alert":"motion","location":"Exterior-Front Door","timestamp":"2018-03-31T12:02:31.735Z"}}
{"_index":"ifttt-2018-03-31","_type":"webhook","_id":"Sat Mar 31 2018 15:42:17 GMT+0000 (UTC)","_score":1,"_source":{"device":"Room1Plug1","status":"Activated","timestamp":"2018-03-31T15:42:17.796Z"}}
