{"_index":"ifttt-2018-04-29","_type":"webhook","_id":"Sun Apr 29 2018 01:13:38 GMT+0000 (UTC)","_score":1,"_source":{"time":"April 29, 2018","device":"miniCam","message":"motion","location":"Exterior-FrontDoor","timestamp":"2018-04-29T01:13:38.268Z"}}
{"_index":"ifttt-2018-04-29","_type":"webhook","_id":"Sun Apr 29 2018 06:38:07 GMT+0000 (UTC)","_score":1,"_source":{"time":"April 29, 2018","device":"miniCam","message":"motion","location":"Exterior-FrontDoor","timestamp":"2018-04-29T06:38:07.717Z"}}
{"_index":"ifttt-2018-04-29","_type":"webhook","_id":"Sun Apr 29 2018 08:38:13 GMT+0000 (UTC)","_score":1,"_source":{"time":"April 29, 2018","device":"miniCam","message":"motion","location":"Exterior-FrontDoor","timestamp":"2018-04-29T08:38:13.699Z"}}
{"_index":"ifttt-2018-04-29","_type":"webhook","_id":"Sun Apr 29 2018 11:38:03 GMT+0000 (UTC)","_score":1,"_source":{"time":"April 29, 2018","device":"miniCam","message":"motion","location":"Exterior-FrontDoor","timestamp":"2018-04-29T11:38:03.444Z"}}
{"_index":"ifttt-2018-04-29","_type":"webhook","_id":"Sun Apr 29 2018 13:08:14 GMT+0000 (UTC)","_score":1,"_source":{"time":"April 29, 2018","device":"miniCam","message":"motion","location":"Exterior-FrontDoor","timestamp":"2018-04-29T13:08:14.092Z"}}
{"_index":"ifttt-2018-04-29","_type":"webhook","_id":"Sun Apr 29 2018 15:43:21 GMT+0000 (UTC)","_score":1,"_source":{"time":"April 29, 2018","device":"miniCam","message":"motion","location":"Exterior-FrontDoor","timestamp":"2018-04-29T15:43:21.658Z"}}
{"_index":"ifttt-2018-04-29","_type":"webhook","_id":"Sun Apr 29 2018 08:42:22 GMT+0000 (UTC)","_score":1,"_source":{"device":"Plug1","message":"Activated","time":" ","timestamp":"2018-04-29T08:42:22.260Z"}}
{"_index":"ifttt-2018-04-29","_type":"webhook","_id":"Sun Apr 29 2018 18:04:06 GMT+0000 (UTC)","_score":1,"_source":{"device":"Room1Plug1","message":"Activated","timestamp":"2018-04-29T18:04:06.331Z"}}
{"_index":"ifttt-2018-04-29","_type":"webhook","_id":"Sun Apr 29 2018 08:38:17 GMT+0000 (UTC)","_score":1,"_source":{"time":"April 29, 2018","device":"miniCam","message":"motion","location":"Exterior-FrontDoor","timestamp":"2018-04-29T08:38:17.854Z"}}
{"_index":"ifttt-2018-04-29","_type":"webhook","_id":"Sun Apr 29 2018 08:38:18 GMT+0000 (UTC)","_score":1,"_source":{"time":"April 29, 2018","device":"miniCam","message":"motion","location":"Exterior-FrontDoor","timestamp":"2018-04-29T08:38:18.758Z"}}
{"_index":"ifttt-2018-04-29","_type":"webhook","_id":"Sun Apr 29 2018 19:04:22 GMT+0000 (UTC)","_score":1,"_source":{"device":"Room1Plug1","message":"Activated","timestamp":"2018-04-29T19:04:22.028Z"}}
{"_index":"ifttt-2018-04-29","_type":"webhook","_id":"Sun Apr 29 2018 20:53:07 GMT+0000 (UTC)","_score":1,"_source":{"time":"April 29, 2018","device":"miniCam","message":"motion","location":"Exterior-FrontDoor","timestamp":"2018-04-29T20:53:07.814Z"}}
{"_index":"ifttt-2018-04-29","_type":"webhook","_id":"Sun Apr 29 2018 21:08:20 GMT+0000 (UTC)","_score":1,"_source":{"time":"April 29, 2018","device":"miniCam","message":"motion","location":"Exterior-FrontDoor","timestamp":"2018-04-29T21:08:20.473Z"}}
{"_index":"ifttt-2018-04-29","_type":"webhook","_id":"Sun Apr 29 2018 21:48:14 GMT+0000 (UTC)","_score":1,"_source":{"time":"April 29, 2018","device":"miniCam","message":"motion","location":"Exterior-FrontDoor","timestamp":"2018-04-29T21:48:14.912Z"}}
{"_index":"ifttt-2018-04-29","_type":"webhook","_id":"Sun Apr 29 2018 22:09:22 GMT+0000 (UTC)","_score":1,"_source":{"device":"Room1Plug1","message":"Activated","timestamp":"2018-04-29T22:09:22.921Z"}}
{"_index":"ifttt-2018-04-29","_type":"webhook","_id":"Sun Apr 29 2018 23:33:19 GMT+0000 (UTC)","_score":1,"_source":{"time":"April 29, 2018","device":"miniCam","message":"motion","location":"Exterior-FrontDoor","timestamp":"2018-04-29T23:33:19.085Z"}}
{"_index":"ifttt-2018-04-29","_type":"webhook","_id":"Sun Apr 29 2018 02:38:07 GMT+0000 (UTC)","_score":1,"_source":{"time":"April 29, 2018","device":"miniCam","message":"motion","location":"Exterior-FrontDoor","timestamp":"2018-04-29T02:38:07.769Z"}}
{"_index":"ifttt-2018-04-29","_type":"webhook","_id":"Sun Apr 29 2018 02:38:09 GMT+0000 (UTC)","_score":1,"_source":{"time":"April 29, 2018","device":"miniCam","message":"motion","location":"Exterior-FrontDoor","timestamp":"2018-04-29T02:38:09.038Z"}}
{"_index":"ifttt-2018-04-29","_type":"webhook","_id":"Sun Apr 29 2018 04:38:12 GMT+0000 (UTC)","_score":1,"_source":{"time":"April 29, 2018","device":"miniCam","message":"motion","location":"Exterior-FrontDoor","timestamp":"2018-04-29T04:38:12.282Z"}}
{"_index":"ifttt-2018-04-29","_type":"webhook","_id":"Sun Apr 29 2018 04:38:21 GMT+0000 (UTC)","_score":1,"_source":{"time":"April 29, 2018","device":"miniCam","message":"motion","location":"Exterior-FrontDoor","timestamp":"2018-04-29T04:38:21.872Z"}}
{"_index":"ifttt-2018-04-29","_type":"webhook","_id":"Sun Apr 29 2018 01:32:15 GMT+0000 (UTC)","_score":1,"_source":{"device":"Plug1","message":"Activated","time":" ","timestamp":"2018-04-29T01:32:15.555Z"}}
{"_index":"ifttt-2018-04-29","_type":"webhook","_id":"Sun Apr 29 2018 02:32:29 GMT+0000 (UTC)","_score":1,"_source":{"device":"Plug1","message":"Activated","time":" ","timestamp":"2018-04-29T02:32:29.627Z"}}
{"_index":"ifttt-2018-04-29","_type":"webhook","_id":"Sun Apr 29 2018 06:37:22 GMT+0000 (UTC)","_score":1,"_source":{"device":"Plug1","message":"Activated","time":" ","timestamp":"2018-04-29T06:37:22.318Z"}}
{"_index":"ifttt-2018-04-29","_type":"webhook","_id":"Sun Apr 29 2018 04:38:20 GMT+0000 (UTC)","_score":1,"_source":{"time":"April 29, 2018","device":"miniCam","message":"motion","location":"Exterior-FrontDoor","timestamp":"2018-04-29T04:38:20.900Z"}}
{"_index":"ifttt-2018-04-29","_type":"webhook","_id":"Sun Apr 29 2018 04:38:16 GMT+0000 (UTC)","_score":1,"_source":{"time":"April 29, 2018","device":"miniCam","message":"motion","location":"Exterior-FrontDoor","timestamp":"2018-04-29T04:38:16.707Z"}}
{"_index":"ifttt-2018-04-29","_type":"webhook","_id":"Sun Apr 29 2018 08:38:16 GMT+0000 (UTC)","_score":1,"_source":{"time":"April 29, 2018","device":"miniCam","message":"motion","location":"Exterior-FrontDoor","timestamp":"2018-04-29T08:38:16.591Z"}}
{"_index":"ifttt-2018-04-29","_type":"webhook","_id":"Sun Apr 29 2018 10:38:28 GMT+0000 (UTC)","_score":1,"_source":{"time":"April 29, 2018","device":"miniCam","message":"motion","location":"Exterior-FrontDoor","timestamp":"2018-04-29T10:38:28.589Z"}}
{"_index":"ifttt-2018-04-29","_type":"webhook","_id":"Sun Apr 29 2018 13:23:07 GMT+0000 (UTC)","_score":1,"_source":{"time":"April 29, 2018","device":"miniCam","message":"motion","location":"Exterior-FrontDoor","timestamp":"2018-04-29T13:23:07.772Z"}}
{"_index":"ifttt-2018-04-29","_type":"webhook","_id":"Sun Apr 29 2018 14:33:20 GMT+0000 (UTC)","_score":1,"_source":{"time":"April 29, 2018","device":"miniCam","message":"motion","location":"Exterior-FrontDoor","timestamp":"2018-04-29T14:33:20.071Z"}}
{"_index":"ifttt-2018-04-29","_type":"webhook","_id":"Sun Apr 29 2018 15:38:09 GMT+0000 (UTC)","_score":1,"_source":{"time":"April 29, 2018","device":"miniCam","message":"motion","location":"Exterior-FrontDoor","timestamp":"2018-04-29T15:38:09.310Z"}}
{"_index":"ifttt-2018-04-29","_type":"webhook","_id":"Sun Apr 29 2018 18:13:22 GMT+0000 (UTC)","_score":1,"_source":{"time":"April 29, 2018","device":"miniCam","message":"motion","location":"Exterior-FrontDoor","timestamp":"2018-04-29T18:13:22.288Z"}}
{"_index":"ifttt-2018-04-29","_type":"webhook","_id":"Sun Apr 29 2018 10:40:18 GMT+0000 (UTC)","_score":1,"_source":{"device":"Room1Lamp","message":"Activated","timestamp":"2018-04-29T10:40:18.004Z"}}
{"_index":"ifttt-2018-04-29","_type":"webhook","_id":"Sun Apr 29 2018 08:38:15 GMT+0000 (UTC)","_score":1,"_source":{"time":"April 29, 2018","device":"miniCam","message":"motion","location":"Exterior-FrontDoor","timestamp":"2018-04-29T08:38:15.776Z"}}
{"_index":"ifttt-2018-04-29","_type":"webhook","_id":"Sun Apr 29 2018 12:18:24 GMT+0000 (UTC)","_score":1,"_source":{"time":"April 29, 2018","device":"miniCam","message":"motion","location":"Exterior-FrontDoor","timestamp":"2018-04-29T12:18:24.873Z"}}
{"_index":"ifttt-2018-04-29","_type":"webhook","_id":"Sun Apr 29 2018 21:23:29 GMT+0000 (UTC)","_score":1,"_source":{"time":"April 29, 2018","device":"miniCam","message":"motion","location":"Exterior-FrontDoor","timestamp":"2018-04-29T21:23:29.872Z"}}
{"_index":"ifttt-2018-04-29","_type":"webhook","_id":"Sun Apr 29 2018 23:33:17 GMT+0000 (UTC)","_score":1,"_source":{"time":"April 29, 2018","device":"miniCam","message":"motion","location":"Exterior-FrontDoor","timestamp":"2018-04-29T23:33:17.527Z"}}
{"_index":"ifttt-2018-04-29","_type":"webhook","_id":"Sun Apr 29 2018 01:13:37 GMT+0000 (UTC)","_score":1,"_source":{"time":"April 29, 2018","device":"miniCam","message":"motion","location":"Exterior-FrontDoor","timestamp":"2018-04-29T01:13:37.354Z"}}
{"_index":"ifttt-2018-04-29","_type":"webhook","_id":"Sun Apr 29 2018 01:53:16 GMT+0000 (UTC)","_score":1,"_source":{"time":"April 29, 2018","device":"miniCam","message":"motion","location":"Exterior-FrontDoor","timestamp":"2018-04-29T01:53:16.849Z"}}
{"_index":"ifttt-2018-04-29","_type":"webhook","_id":"Sun Apr 29 2018 04:38:19 GMT+0000 (UTC)","_score":1,"_source":{"time":"April 29, 2018","device":"miniCam","message":"motion","location":"Exterior-FrontDoor","timestamp":"2018-04-29T04:38:19.850Z"}}
{"_index":"ifttt-2018-04-29","_type":"webhook","_id":"Sun Apr 29 2018 10:38:27 GMT+0000 (UTC)","_score":1,"_source":{"time":"April 29, 2018","device":"miniCam","message":"motion","location":"Exterior-FrontDoor","timestamp":"2018-04-29T10:38:27.144Z"}}
{"_index":"ifttt-2018-04-29","_type":"webhook","_id":"Sun Apr 29 2018 10:38:30 GMT+0000 (UTC)","_score":1,"_source":{"time":"April 29, 2018","device":"miniCam","message":"motion","location":"Exterior-FrontDoor","timestamp":"2018-04-29T10:38:30.771Z"}}
{"_index":"ifttt-2018-04-29","_type":"webhook","_id":"Sun Apr 29 2018 11:23:11 GMT+0000 (UTC)","_score":1,"_source":{"time":"April 29, 2018","device":"miniCam","message":"motion","location":"Exterior-FrontDoor","timestamp":"2018-04-29T11:23:11.894Z"}}
{"_index":"ifttt-2018-04-29","_type":"webhook","_id":"Sun Apr 29 2018 11:38:02 GMT+0000 (UTC)","_score":1,"_source":{"time":"April 29, 2018","device":"miniCam","message":"motion","location":"Exterior-FrontDoor","timestamp":"2018-04-29T11:38:02.337Z"}}
{"_index":"ifttt-2018-04-29","_type":"webhook","_id":"Sun Apr 29 2018 14:58:08 GMT+0000 (UTC)","_score":1,"_source":{"time":"April 29, 2018","device":"miniCam","message":"motion","location":"Exterior-FrontDoor","timestamp":"2018-04-29T14:58:08.603Z"}}
{"_index":"ifttt-2018-04-29","_type":"webhook","_id":"Sun Apr 29 2018 09:42:45 GMT+0000 (UTC)","_score":1,"_source":{"device":"Plug1","message":"Activated","time":" ","timestamp":"2018-04-29T09:42:45.546Z"}}
{"_index":"ifttt-2018-04-29","_type":"webhook","_id":"Sun Apr 29 2018 08:36:20 GMT+0000 (UTC)","_score":1,"_source":{"device":"Room1Lamp","message":"Activated","timestamp":"2018-04-29T08:36:20.852Z"}}
{"_index":"ifttt-2018-04-29","_type":"webhook","_id":"Sun Apr 29 2018 18:43:16 GMT+0000 (UTC)","_score":1,"_source":{"time":"April 29, 2018","device":"miniCam","message":"motion","location":"Exterior-FrontDoor","timestamp":"2018-04-29T18:43:16.391Z"}}
{"_index":"ifttt-2018-04-29","_type":"webhook","_id":"Sun Apr 29 2018 18:43:17 GMT+0000 (UTC)","_score":1,"_source":{"time":"April 29, 2018","device":"miniCam","message":"motion","location":"Exterior-FrontDoor","timestamp":"2018-04-29T18:43:17.047Z"}}
{"_index":"ifttt-2018-04-29","_type":"webhook","_id":"Sun Apr 29 2018 16:18:05 GMT+0000 (UTC)","_score":1,"_source":{"time":"April 29, 2018","device":"miniCam","message":"motion","location":"Exterior-FrontDoor","timestamp":"2018-04-29T16:18:05.928Z"}}
{"_index":"ifttt-2018-04-29","_type":"webhook","_id":"Sun Apr 29 2018 16:23:20 GMT+0000 (UTC)","_score":1,"_source":{"time":"April 29, 2018","device":"miniCam","message":"motion","location":"Exterior-FrontDoor","timestamp":"2018-04-29T16:23:20.780Z"}}
{"_index":"ifttt-2018-04-29","_type":"webhook","_id":"Sun Apr 29 2018 17:13:26 GMT+0000 (UTC)","_score":1,"_source":{"time":"April 29, 2018","device":"miniCam","message":"motion","location":"Exterior-FrontDoor","timestamp":"2018-04-29T17:13:26.747Z"}}
{"_index":"ifttt-2018-04-29","_type":"webhook","_id":"Sun Apr 29 2018 17:18:36 GMT+0000 (UTC)","_score":1,"_source":{"time":"April 29, 2018","device":"miniCam","message":"motion","location":"Exterior-FrontDoor","timestamp":"2018-04-29T17:18:36.028Z"}}
{"_index":"ifttt-2018-04-29","_type":"webhook","_id":"Sun Apr 29 2018 18:03:12 GMT+0000 (UTC)","_score":1,"_source":{"time":"April 29, 2018","device":"miniCam","message":"motion","location":"Exterior-FrontDoor","timestamp":"2018-04-29T18:03:12.507Z"}}
{"_index":"ifttt-2018-04-29","_type":"webhook","_id":"Sun Apr 29 2018 18:33:24 GMT+0000 (UTC)","_score":1,"_source":{"time":"April 29, 2018","device":"miniCam","message":"motion","location":"Exterior-FrontDoor","timestamp":"2018-04-29T18:33:24.007Z"}}
{"_index":"ifttt-2018-04-29","_type":"webhook","_id":"Sun Apr 29 2018 20:08:22 GMT+0000 (UTC)","_score":1,"_source":{"time":"April 29, 2018","device":"miniCam","message":"motion","location":"Exterior-FrontDoor","timestamp":"2018-04-29T20:08:22.631Z"}}
{"_index":"ifttt-2018-04-29","_type":"webhook","_id":"Sun Apr 29 2018 21:28:16 GMT+0000 (UTC)","_score":1,"_source":{"time":"April 29, 2018","device":"miniCam","message":"motion","location":"Exterior-FrontDoor","timestamp":"2018-04-29T21:28:16.346Z"}}
{"_index":"ifttt-2018-04-29","_type":"webhook","_id":"Sun Apr 29 2018 23:08:13 GMT+0000 (UTC)","_score":1,"_source":{"time":"April 29, 2018","device":"miniCam","message":"motion","location":"Exterior-FrontDoor","timestamp":"2018-04-29T23:08:13.438Z"}}
{"_index":"ifttt-2018-04-29","_type":"webhook","_id":"Sun Apr 29 2018 01:23:08 GMT+0000 (UTC)","_score":1,"_source":{"time":"April 29, 2018","device":"miniCam","message":"motion","location":"Exterior-FrontDoor","timestamp":"2018-04-29T01:23:08.394Z"}}
{"_index":"ifttt-2018-04-29","_type":"webhook","_id":"Sun Apr 29 2018 04:38:17 GMT+0000 (UTC)","_score":1,"_source":{"time":"April 29, 2018","device":"miniCam","message":"motion","location":"Exterior-FrontDoor","timestamp":"2018-04-29T04:38:17.774Z"}}
{"_index":"ifttt-2018-04-29","_type":"webhook","_id":"Sun Apr 29 2018 08:38:14 GMT+0000 (UTC)","_score":1,"_source":{"time":"April 29, 2018","device":"miniCam","message":"motion","location":"Exterior-FrontDoor","timestamp":"2018-04-29T08:38:14.566Z"}}
{"_index":"ifttt-2018-04-29","_type":"webhook","_id":"Sun Apr 29 2018 08:38:19 GMT+0000 (UTC)","_score":1,"_source":{"time":"April 29, 2018","device":"miniCam","message":"motion","location":"Exterior-FrontDoor","timestamp":"2018-04-29T08:38:19.678Z"}}
{"_index":"ifttt-2018-04-29","_type":"webhook","_id":"Sun Apr 29 2018 10:38:29 GMT+0000 (UTC)","_score":1,"_source":{"time":"April 29, 2018","device":"miniCam","message":"motion","location":"Exterior-FrontDoor","timestamp":"2018-04-29T10:38:29.600Z"}}
{"_index":"ifttt-2018-04-29","_type":"webhook","_id":"Sun Apr 29 2018 11:23:12 GMT+0000 (UTC)","_score":1,"_source":{"time":"April 29, 2018","device":"miniCam","message":"motion","location":"Exterior-FrontDoor","timestamp":"2018-04-29T11:23:12.502Z"}}
{"_index":"ifttt-2018-04-29","_type":"webhook","_id":"Sun Apr 29 2018 05:37:12 GMT+0000 (UTC)","_score":1,"_source":{"device":"Plug1","message":"Activated","time":" ","timestamp":"2018-04-29T05:37:12.344Z"}}
{"_index":"ifttt-2018-04-29","_type":"webhook","_id":"Sun Apr 29 2018 05:25:28 GMT+0000 (UTC)","_score":1,"_source":{"device":"Room1Lamp","message":"Activated","timestamp":"2018-04-29T05:25:28.452Z"}}
{"_index":"ifttt-2018-04-29","_type":"webhook","_id":"Sun Apr 29 2018 04:38:15 GMT+0000 (UTC)","_score":1,"_source":{"time":"April 29, 2018","device":"miniCam","message":"motion","location":"Exterior-FrontDoor","timestamp":"2018-04-29T04:38:15.619Z"}}
{"_index":"ifttt-2018-04-29","_type":"webhook","_id":"Sun Apr 29 2018 10:38:32 GMT+0000 (UTC)","_score":1,"_source":{"time":"April 29, 2018","device":"miniCam","message":"motion","location":"Exterior-FrontDoor","timestamp":"2018-04-29T10:38:32.912Z"}}
{"_index":"ifttt-2018-04-29","_type":"webhook","_id":"Sun Apr 29 2018 11:48:26 GMT+0000 (UTC)","_score":1,"_source":{"time":"April 29, 2018","device":"miniCam","message":"motion","location":"Exterior-FrontDoor","timestamp":"2018-04-29T11:48:26.921Z"}}
{"_index":"ifttt-2018-04-29","_type":"webhook","_id":"Sun Apr 29 2018 12:08:25 GMT+0000 (UTC)","_score":1,"_source":{"time":"April 29, 2018","device":"miniCam","message":"motion","location":"Exterior-FrontDoor","timestamp":"2018-04-29T12:08:25.208Z"}}
{"_index":"ifttt-2018-04-29","_type":"webhook","_id":"Sun Apr 29 2018 12:58:04 GMT+0000 (UTC)","_score":1,"_source":{"time":"April 29, 2018","device":"miniCam","message":"motion","location":"Exterior-FrontDoor","timestamp":"2018-04-29T12:58:04.298Z"}}
{"_index":"ifttt-2018-04-29","_type":"webhook","_id":"Sun Apr 29 2018 15:13:14 GMT+0000 (UTC)","_score":1,"_source":{"time":"April 29, 2018","device":"miniCam","message":"motion","location":"Exterior-FrontDoor","timestamp":"2018-04-29T15:13:14.351Z"}}
{"_index":"ifttt-2018-04-29","_type":"webhook","_id":"Sun Apr 29 2018 16:38:02 GMT+0000 (UTC)","_score":1,"_source":{"time":"April 29, 2018","device":"miniCam","message":"motion","location":"Exterior-FrontDoor","timestamp":"2018-04-29T16:38:02.918Z"}}
{"_index":"ifttt-2018-04-29","_type":"webhook","_id":"Sun Apr 29 2018 17:43:09 GMT+0000 (UTC)","_score":1,"_source":{"time":"April 29, 2018","device":"miniCam","message":"motion","location":"Exterior-FrontDoor","timestamp":"2018-04-29T17:43:09.171Z"}}
{"_index":"ifttt-2018-04-29","_type":"webhook","_id":"Sun Apr 29 2018 13:59:34 GMT+0000 (UTC)","_score":1,"_source":{"device":"Room1Plug1","message":"Activated","timestamp":"2018-04-29T13:59:34.686Z"}}
{"_index":"ifttt-2018-04-29","_type":"webhook","_id":"Sun Apr 29 2018 13:45:29 GMT+0000 (UTC)","_score":1,"_source":{"device":"Room1Lamp","message":"Activated","timestamp":"2018-04-29T13:45:29.922Z"}}
{"_index":"ifttt-2018-04-29","_type":"webhook","_id":"Sun Apr 29 2018 16:50:32 GMT+0000 (UTC)","_score":1,"_source":{"device":"Room1Lamp","message":"Activated","timestamp":"2018-04-29T16:50:32.413Z"}}
{"_index":"ifttt-2018-04-29","_type":"webhook","_id":"Sun Apr 29 2018 20:57:21 GMT+0000 (UTC)","_score":1,"_source":{"device":"Plug1","message":"Activated","time":" ","timestamp":"2018-04-29T20:57:21.814Z"}}
{"_index":"ifttt-2018-04-29","_type":"webhook","_id":"Sun Apr 29 2018 21:09:08 GMT+0000 (UTC)","_score":1,"_source":{"device":"Room1Plug1","message":"Activated","timestamp":"2018-04-29T21:09:08.562Z"}}
{"_index":"ifttt-2018-04-29","_type":"webhook","_id":"Sun Apr 29 2018 21:13:09 GMT+0000 (UTC)","_score":1,"_source":{"time":"April 29, 2018","device":"miniCam","message":"motion","location":"Exterior-FrontDoor","timestamp":"2018-04-29T21:13:09.272Z"}}
{"_index":"ifttt-2018-04-29","_type":"webhook","_id":"Sun Apr 29 2018 21:28:15 GMT+0000 (UTC)","_score":1,"_source":{"time":"April 29, 2018","device":"miniCam","message":"motion","location":"Exterior-FrontDoor","timestamp":"2018-04-29T21:28:15.756Z"}}
{"_index":"ifttt-2018-04-29","_type":"webhook","_id":"Sun Apr 29 2018 21:38:19 GMT+0000 (UTC)","_score":1,"_source":{"time":"April 29, 2018","device":"miniCam","message":"motion","location":"Exterior-FrontDoor","timestamp":"2018-04-29T21:38:19.580Z"}}
{"_index":"ifttt-2018-04-29","_type":"webhook","_id":"Sun Apr 29 2018 22:53:25 GMT+0000 (UTC)","_score":1,"_source":{"time":"April 29, 2018","device":"miniCam","message":"motion","location":"Exterior-FrontDoor","timestamp":"2018-04-29T22:53:25.200Z"}}
{"_index":"ifttt-2018-04-29","_type":"webhook","_id":"Sun Apr 29 2018 23:33:18 GMT+0000 (UTC)","_score":1,"_source":{"time":"April 29, 2018","device":"miniCam","message":"motion","location":"Exterior-FrontDoor","timestamp":"2018-04-29T23:33:18.644Z"}}
{"_index":"ifttt-2018-04-29","_type":"webhook","_id":"Sun Apr 29 2018 04:38:13 GMT+0000 (UTC)","_score":1,"_source":{"time":"April 29, 2018","device":"miniCam","message":"motion","location":"Exterior-FrontDoor","timestamp":"2018-04-29T04:38:13.795Z"}}
{"_index":"ifttt-2018-04-29","_type":"webhook","_id":"Sun Apr 29 2018 04:38:14 GMT+0000 (UTC)","_score":1,"_source":{"time":"April 29, 2018","device":"miniCam","message":"motion","location":"Exterior-FrontDoor","timestamp":"2018-04-29T04:38:14.431Z"}}
{"_index":"ifttt-2018-04-29","_type":"webhook","_id":"Sun Apr 29 2018 02:38:08 GMT+0000 (UTC)","_score":1,"_source":{"time":"April 29, 2018","device":"miniCam","message":"motion","location":"Exterior-FrontDoor","timestamp":"2018-04-29T02:38:08.616Z"}}
{"_index":"ifttt-2018-04-29","_type":"webhook","_id":"Sun Apr 29 2018 04:38:18 GMT+0000 (UTC)","_score":1,"_source":{"time":"April 29, 2018","device":"miniCam","message":"motion","location":"Exterior-FrontDoor","timestamp":"2018-04-29T04:38:18.849Z"}}
{"_index":"ifttt-2018-04-29","_type":"webhook","_id":"Sun Apr 29 2018 04:38:22 GMT+0000 (UTC)","_score":1,"_source":{"time":"April 29, 2018","device":"miniCam","message":"motion","location":"Exterior-FrontDoor","timestamp":"2018-04-29T04:38:22.482Z"}}
{"_index":"ifttt-2018-04-29","_type":"webhook","_id":"Sun Apr 29 2018 06:38:11 GMT+0000 (UTC)","_score":1,"_source":{"time":"April 29, 2018","device":"miniCam","message":"motion","location":"Exterior-FrontDoor","timestamp":"2018-04-29T06:38:11.236Z"}}
{"_index":"ifttt-2018-04-29","_type":"webhook","_id":"Sun Apr 29 2018 03:44:18 GMT+0000 (UTC)","_score":1,"_source":{"device":"Room1Plug1","message":"Activated","timestamp":"2018-04-29T03:44:18.951Z"}}
{"_index":"ifttt-2018-04-29","_type":"webhook","_id":"Sun Apr 29 2018 01:23:09 GMT+0000 (UTC)","_score":1,"_source":{"time":"April 29, 2018","device":"miniCam","message":"motion","location":"Exterior-FrontDoor","timestamp":"2018-04-29T01:23:09.889Z"}}
{"_index":"ifttt-2018-04-29","_type":"webhook","_id":"Sun Apr 29 2018 06:38:08 GMT+0000 (UTC)","_score":1,"_source":{"time":"April 29, 2018","device":"miniCam","message":"motion","location":"Exterior-FrontDoor","timestamp":"2018-04-29T06:38:08.805Z"}}
{"_index":"ifttt-2018-04-29","_type":"webhook","_id":"Sun Apr 29 2018 06:38:09 GMT+0000 (UTC)","_score":1,"_source":{"time":"April 29, 2018","device":"miniCam","message":"motion","location":"Exterior-FrontDoor","timestamp":"2018-04-29T06:38:09.865Z"}}
{"_index":"ifttt-2018-04-29","_type":"webhook","_id":"Sun Apr 29 2018 06:38:10 GMT+0000 (UTC)","_score":1,"_source":{"time":"April 29, 2018","device":"miniCam","message":"motion","location":"Exterior-FrontDoor","timestamp":"2018-04-29T06:38:10.743Z"}}
{"_index":"ifttt-2018-04-29","_type":"webhook","_id":"Sun Apr 29 2018 10:38:31 GMT+0000 (UTC)","_score":1,"_source":{"time":"April 29, 2018","device":"miniCam","message":"motion","location":"Exterior-FrontDoor","timestamp":"2018-04-29T10:38:31.836Z"}}
{"_index":"ifttt-2018-04-29","_type":"webhook","_id":"Sun Apr 29 2018 11:03:15 GMT+0000 (UTC)","_score":1,"_source":{"time":"April 29, 2018","device":"miniCam","message":"motion","location":"Exterior-FrontDoor","timestamp":"2018-04-29T11:03:15.033Z"}}
{"_index":"ifttt-2018-04-29","_type":"webhook","_id":"Sun Apr 29 2018 12:33:20 GMT+0000 (UTC)","_score":1,"_source":{"time":"April 29, 2018","device":"miniCam","message":"motion","location":"Exterior-FrontDoor","timestamp":"2018-04-29T12:33:20.977Z"}}
{"_index":"ifttt-2018-04-29","_type":"webhook","_id":"Sun Apr 29 2018 13:43:05 GMT+0000 (UTC)","_score":1,"_source":{"time":"April 29, 2018","device":"miniCam","message":"motion","location":"Exterior-FrontDoor","timestamp":"2018-04-29T13:43:05.366Z"}}
{"_index":"ifttt-2018-04-29","_type":"webhook","_id":"Sun Apr 29 2018 17:28:09 GMT+0000 (UTC)","_score":1,"_source":{"time":"April 29, 2018","device":"miniCam","message":"motion","location":"Exterior-FrontDoor","timestamp":"2018-04-29T17:28:09.997Z"}}
{"_index":"ifttt-2018-04-29","_type":"webhook","_id":"Sun Apr 29 2018 20:03:07 GMT+0000 (UTC)","_score":1,"_source":{"time":"April 29, 2018","device":"miniCam","message":"motion","location":"Exterior-FrontDoor","timestamp":"2018-04-29T20:03:07.325Z"}}
{"_index":"ifttt-2018-04-29","_type":"webhook","_id":"Sun Apr 29 2018 16:52:23 GMT+0000 (UTC)","_score":1,"_source":{"device":"Plug1","message":"Activated","time":" ","timestamp":"2018-04-29T16:52:23.322Z"}}
{"_index":"ifttt-2018-04-29","_type":"webhook","_id":"Sun Apr 29 2018 17:52:27 GMT+0000 (UTC)","_score":1,"_source":{"device":"Plug1","message":"Activated","time":" ","timestamp":"2018-04-29T17:52:27.419Z"}}
{"_index":"ifttt-2018-04-29","_type":"webhook","_id":"Sun Apr 29 2018 17:50:34 GMT+0000 (UTC)","_score":1,"_source":{"device":"Room1Lamp","message":"Activated","timestamp":"2018-04-29T17:50:34.952Z"}}
{"_index":"ifttt-2018-04-29","_type":"webhook","_id":"Sun Apr 29 2018 20:33:06 GMT+0000 (UTC)","_score":1,"_source":{"time":"April 29, 2018","device":"miniCam","message":"motion","location":"Exterior-FrontDoor","timestamp":"2018-04-29T20:33:06.785Z"}}
