{"_index":"ifttt-2018-04-25","_type":"webhook","_id":"Wed Apr 25 2018 13:51:21 GMT+0000 (UTC)","_score":1,"_source":{"time":"April 25, 2018","device":"miniCam","message":"motion","location":"Exterior-FrontDoor","timestamp":"2018-04-25T13:51:21.209Z"}}
{"_index":"ifttt-2018-04-25","_type":"webhook","_id":"Wed Apr 25 2018 14:38:15 GMT+0000 (UTC)","_score":1,"_source":{"device":"Room1Plug1","message":"Activated","timestamp":"2018-04-25T14:38:15.493Z"}}
{"_index":"ifttt-2018-04-25","_type":"webhook","_id":"Wed Apr 25 2018 15:01:30 GMT+0000 (UTC)","_score":1,"_source":{"time":"April 25, 2018","device":"miniCam","message":"motion","location":"Exterior-FrontDoor","timestamp":"2018-04-25T15:01:30.604Z"}}
{"_index":"ifttt-2018-04-25","_type":"webhook","_id":"Wed Apr 25 2018 18:49:26 GMT+0000 (UTC)","_score":1,"_source":{"time":"April 25, 2018","device":"miniCam","message":"motion","location":"Exterior-FrontDoor","timestamp":"2018-04-25T18:49:26.758Z"}}
{"_index":"ifttt-2018-04-25","_type":"webhook","_id":"Wed Apr 25 2018 18:49:27 GMT+0000 (UTC)","_score":1,"_source":{"time":"April 25, 2018","device":"miniCam","message":"motion","location":"Exterior-FrontDoor","timestamp":"2018-04-25T18:49:27.382Z"}}
{"_index":"ifttt-2018-04-25","_type":"webhook","_id":"Wed Apr 25 2018 19:09:56 GMT+0000 (UTC)","_score":1,"_source":{"time":"April 25, 2018","device":"miniCam","message":"motion","location":"Exterior-FrontDoor","timestamp":"2018-04-25T19:09:56.852Z"}}
{"_index":"ifttt-2018-04-25","_type":"webhook","_id":"Wed Apr 25 2018 14:11:12 GMT+0000 (UTC)","_score":1,"_source":{"time":"April 25, 2018","device":"miniCam","message":"motion","location":"Exterior-FrontDoor","timestamp":"2018-04-25T14:11:12.139Z"}}
{"_index":"ifttt-2018-04-25","_type":"webhook","_id":"Wed Apr 25 2018 15:06:20 GMT+0000 (UTC)","_score":1,"_source":{"time":"April 25, 2018","device":"miniCam","message":"motion","location":"Exterior-FrontDoor","timestamp":"2018-04-25T15:06:20.530Z"}}
{"_index":"ifttt-2018-04-25","_type":"webhook","_id":"Wed Apr 25 2018 15:56:05 GMT+0000 (UTC)","_score":1,"_source":{"time":"April 25, 2018","device":"miniCam","message":"motion","location":"Exterior-FrontDoor","timestamp":"2018-04-25T15:56:05.666Z"}}
{"_index":"ifttt-2018-04-25","_type":"webhook","_id":"Wed Apr 25 2018 16:41:13 GMT+0000 (UTC)","_score":1,"_source":{"time":"April 25, 2018","device":"miniCam","message":"motion","location":"Exterior-FrontDoor","timestamp":"2018-04-25T16:41:13.054Z"}}
{"_index":"ifttt-2018-04-25","_type":"webhook","_id":"Wed Apr 25 2018 18:44:04 GMT+0000 (UTC)","_score":1,"_source":{"time":"April 25, 2018","device":"miniCam","message":"motion","location":"Exterior-FrontDoor","timestamp":"2018-04-25T18:44:04.386Z"}}
{"_index":"ifttt-2018-04-25","_type":"webhook","_id":"Wed Apr 25 2018 18:54:25 GMT+0000 (UTC)","_score":1,"_source":{"time":"April 25, 2018","device":"miniCam","message":"motion","location":"Exterior-FrontDoor","timestamp":"2018-04-25T18:54:25.720Z"}}
{"_index":"ifttt-2018-04-25","_type":"webhook","_id":"Wed Apr 25 2018 06:16:39 GMT+0000 (UTC)","_score":1,"_source":{"device":"Plug1","message":"Activated","time":" ","timestamp":"2018-04-25T06:16:39.404Z"}}
{"_index":"ifttt-2018-04-25","_type":"webhook","_id":"Wed Apr 25 2018 05:33:22 GMT+0000 (UTC)","_score":1,"_source":{"device":"Room1Plug1","message":"Activated","timestamp":"2018-04-25T05:33:22.271Z"}}
{"_index":"ifttt-2018-04-25","_type":"webhook","_id":"Wed Apr 25 2018 17:39:21 GMT+0000 (UTC)","_score":1,"_source":{"device":"Room1Plug1","message":"Activated","timestamp":"2018-04-25T17:39:21.780Z"}}
{"_index":"ifttt-2018-04-25","_type":"webhook","_id":"Wed Apr 25 2018 13:02:07 GMT+0000 (UTC)","_score":1,"_source":{"device":"Room1Lamp","message":"Activated","timestamp":"2018-04-25T13:02:07.854Z"}}
{"_index":"ifttt-2018-04-25","_type":"webhook","_id":"Wed Apr 25 2018 18:59:37 GMT+0000 (UTC)","_score":1,"_source":{"time":"April 25, 2018","device":"miniCam","message":"motion","location":"Exterior-FrontDoor","timestamp":"2018-04-25T18:59:37.809Z"}}
{"_index":"ifttt-2018-04-25","_type":"webhook","_id":"Wed Apr 25 2018 20:31:34 GMT+0000 (UTC)","_score":1,"_source":{"time":"April 25, 2018","device":"miniCam","message":"motion","location":"Exterior-FrontDoor","timestamp":"2018-04-25T20:31:34.768Z"}}
{"_index":"ifttt-2018-04-25","_type":"webhook","_id":"Wed Apr 25 2018 20:39:11 GMT+0000 (UTC)","_score":1,"_source":{"time":"April 25, 2018","device":"miniCam","message":"motion","location":"Exterior-FrontDoor","timestamp":"2018-04-25T20:39:11.041Z"}}
{"_index":"ifttt-2018-04-25","_type":"webhook","_id":"Wed Apr 25 2018 20:44:11 GMT+0000 (UTC)","_score":1,"_source":{"device":"Room1Plug1","message":"Activated","timestamp":"2018-04-25T20:44:11.336Z"}}
{"_index":"ifttt-2018-04-25","_type":"webhook","_id":"Wed Apr 25 2018 21:39:24 GMT+0000 (UTC)","_score":1,"_source":{"time":"April 25, 2018","device":"miniCam","message":"motion","location":"Exterior-FrontDoor","timestamp":"2018-04-25T21:39:24.627Z"}}
{"_index":"ifttt-2018-04-25","_type":"webhook","_id":"Wed Apr 25 2018 21:39:25 GMT+0000 (UTC)","_score":1,"_source":{"time":"April 25, 2018","device":"miniCam","message":"motion","location":"Exterior-FrontDoor","timestamp":"2018-04-25T21:39:25.342Z"}}
{"_index":"ifttt-2018-04-25","_type":"webhook","_id":"Wed Apr 25 2018 21:44:30 GMT+0000 (UTC)","_score":1,"_source":{"device":"Room1Plug1","message":"Activated","timestamp":"2018-04-25T21:44:30.102Z"}}
{"_index":"ifttt-2018-04-25","_type":"webhook","_id":"Wed Apr 25 2018 13:51:20 GMT+0000 (UTC)","_score":1,"_source":{"time":"April 25, 2018","device":"miniCam","message":"motion","location":"Exterior-FrontDoor","timestamp":"2018-04-25T13:51:20.535Z"}}
{"_index":"ifttt-2018-04-25","_type":"webhook","_id":"Wed Apr 25 2018 14:21:26 GMT+0000 (UTC)","_score":1,"_source":{"time":"April 25, 2018","device":"miniCam","message":"motion","location":"Exterior-FrontDoor","timestamp":"2018-04-25T14:21:26.236Z"}}
{"_index":"ifttt-2018-04-25","_type":"webhook","_id":"Wed Apr 25 2018 16:54:10 GMT+0000 (UTC)","_score":1,"_source":{"time":"April 25, 2018","device":"miniCam","message":"motion","location":"Exterior-FrontDoor","timestamp":"2018-04-25T16:54:10.302Z"}}
{"_index":"ifttt-2018-04-25","_type":"webhook","_id":"Wed Apr 25 2018 17:09:09 GMT+0000 (UTC)","_score":1,"_source":{"time":"April 25, 2018","device":"miniCam","message":"motion","location":"Exterior-FrontDoor","timestamp":"2018-04-25T17:09:09.215Z"}}
{"_index":"ifttt-2018-04-25","_type":"webhook","_id":"Wed Apr 25 2018 17:14:55 GMT+0000 (UTC)","_score":1,"_source":{"time":"April 25, 2018","device":"miniCam","message":"motion","location":"Exterior-FrontDoor","timestamp":"2018-04-25T17:14:55.846Z"}}
{"_index":"ifttt-2018-04-25","_type":"webhook","_id":"Wed Apr 25 2018 19:14:18 GMT+0000 (UTC)","_score":1,"_source":{"time":"April 25, 2018","device":"miniCam","message":"motion","location":"Exterior-FrontDoor","timestamp":"2018-04-25T19:14:18.160Z"}}
{"_index":"ifttt-2018-04-25","_type":"webhook","_id":"Wed Apr 25 2018 12:26:21 GMT+0000 (UTC)","_score":1,"_source":{"device":"Plug1","message":"Activated","time":" ","timestamp":"2018-04-25T12:26:21.261Z"}}
{"_index":"ifttt-2018-04-25","_type":"webhook","_id":"Wed Apr 25 2018 14:02:17 GMT+0000 (UTC)","_score":1,"_source":{"device":"Room1Lamp","message":"Activated","timestamp":"2018-04-25T14:02:17.779Z"}}
{"_index":"ifttt-2018-04-25","_type":"webhook","_id":"Wed Apr 25 2018 15:02:35 GMT+0000 (UTC)","_score":1,"_source":{"device":"Room1Lamp","message":"Activated","timestamp":"2018-04-25T15:02:35.437Z"}}
{"_index":"ifttt-2018-04-25","_type":"webhook","_id":"Wed Apr 25 2018 17:07:16 GMT+0000 (UTC)","_score":1,"_source":{"device":"Room1Lamp","message":"Activated","timestamp":"2018-04-25T17:07:16.301Z"}}
{"_index":"ifttt-2018-04-25","_type":"webhook","_id":"Wed Apr 25 2018 19:14:19 GMT+0000 (UTC)","_score":1,"_source":{"time":"April 25, 2018","device":"miniCam","message":"motion","location":"Exterior-FrontDoor","timestamp":"2018-04-25T19:14:19.087Z"}}
{"_index":"ifttt-2018-04-25","_type":"webhook","_id":"Wed Apr 25 2018 19:34:11 GMT+0000 (UTC)","_score":1,"_source":{"device":"Plug1","message":"Activated","time":" ","timestamp":"2018-04-25T19:34:11.749Z"}}
{"_index":"ifttt-2018-04-25","_type":"webhook","_id":"Wed Apr 25 2018 20:31:33 GMT+0000 (UTC)","_score":1,"_source":{"time":"April 25, 2018","device":"miniCam","message":"motion","location":"Exterior-FrontDoor","timestamp":"2018-04-25T20:31:33.995Z"}}
{"_index":"ifttt-2018-04-25","_type":"webhook","_id":"Wed Apr 25 2018 20:34:12 GMT+0000 (UTC)","_score":1,"_source":{"device":"Plug1","message":"Activated","time":" ","timestamp":"2018-04-25T20:34:12.345Z"}}
{"_index":"ifttt-2018-04-25","_type":"webhook","_id":"Wed Apr 25 2018 07:21:30 GMT+0000 (UTC)","_score":1,"_source":{"device":"Plug1","message":"Activated","time":" ","timestamp":"2018-04-25T07:21:30.503Z"}}
{"_index":"ifttt-2018-04-25","_type":"webhook","_id":"Wed Apr 25 2018 09:46:20 GMT+0000 (UTC)","_score":1,"_source":{"time":"April 25, 2018","device":"miniCam","message":"motion","location":"Exterior-FrontDoor","timestamp":"2018-04-25T09:46:20.384Z"}}
{"_index":"ifttt-2018-04-25","_type":"webhook","_id":"Wed Apr 25 2018 14:11:11 GMT+0000 (UTC)","_score":1,"_source":{"time":"April 25, 2018","device":"miniCam","message":"motion","location":"Exterior-FrontDoor","timestamp":"2018-04-25T14:11:11.404Z"}}
{"_index":"ifttt-2018-04-25","_type":"webhook","_id":"Wed Apr 25 2018 15:01:29 GMT+0000 (UTC)","_score":1,"_source":{"time":"April 25, 2018","device":"miniCam","message":"motion","location":"Exterior-FrontDoor","timestamp":"2018-04-25T15:01:29.442Z"}}
{"_index":"ifttt-2018-04-25","_type":"webhook","_id":"Wed Apr 25 2018 15:38:16 GMT+0000 (UTC)","_score":1,"_source":{"device":"Room1Plug1","message":"Activated","timestamp":"2018-04-25T15:38:16.219Z"}}
{"_index":"ifttt-2018-04-25","_type":"webhook","_id":"Wed Apr 25 2018 17:49:17 GMT+0000 (UTC)","_score":1,"_source":{"time":"April 25, 2018","device":"miniCam","message":"motion","location":"Exterior-FrontDoor","timestamp":"2018-04-25T17:49:17.421Z"}}
{"_index":"ifttt-2018-04-25","_type":"webhook","_id":"Wed Apr 25 2018 19:04:57 GMT+0000 (UTC)","_score":1,"_source":{"time":"April 25, 2018","device":"miniCam","message":"motion","location":"Exterior-FrontDoor","timestamp":"2018-04-25T19:04:57.907Z"}}
{"_index":"ifttt-2018-04-25","_type":"webhook","_id":"Wed Apr 25 2018 15:51:14 GMT+0000 (UTC)","_score":1,"_source":{"time":"April 25, 2018","device":"miniCam","message":"motion","location":"Exterior-FrontDoor","timestamp":"2018-04-25T15:51:14.435Z"}}
{"_index":"ifttt-2018-04-25","_type":"webhook","_id":"Wed Apr 25 2018 16:16:27 GMT+0000 (UTC)","_score":1,"_source":{"time":"April 25, 2018","device":"miniCam","message":"motion","location":"Exterior-FrontDoor","timestamp":"2018-04-25T16:16:27.249Z"}}
{"_index":"ifttt-2018-04-25","_type":"webhook","_id":"Wed Apr 25 2018 17:09:11 GMT+0000 (UTC)","_score":1,"_source":{"time":"April 25, 2018","device":"miniCam","message":"motion","location":"Exterior-FrontDoor","timestamp":"2018-04-25T17:09:11.261Z"}}
{"_index":"ifttt-2018-04-25","_type":"webhook","_id":"Wed Apr 25 2018 18:44:03 GMT+0000 (UTC)","_score":1,"_source":{"time":"April 25, 2018","device":"miniCam","message":"motion","location":"Exterior-FrontDoor","timestamp":"2018-04-25T18:44:03.713Z"}}
{"_index":"ifttt-2018-04-25","_type":"webhook","_id":"Wed Apr 25 2018 18:49:25 GMT+0000 (UTC)","_score":1,"_source":{"time":"April 25, 2018","device":"miniCam","message":"motion","location":"Exterior-FrontDoor","timestamp":"2018-04-25T18:49:25.955Z"}}
{"_index":"ifttt-2018-04-25","_type":"webhook","_id":"Wed Apr 25 2018 01:11:14 GMT+0000 (UTC)","_score":1,"_source":{"device":"Plug1","message":"Activated","time":" ","timestamp":"2018-04-25T01:11:14.850Z"}}
{"_index":"ifttt-2018-04-25","_type":"webhook","_id":"Wed Apr 25 2018 10:26:07 GMT+0000 (UTC)","_score":1,"_source":{"device":"Plug1","message":"Activated","time":" ","timestamp":"2018-04-25T10:26:07.303Z"}}
{"_index":"ifttt-2018-04-25","_type":"webhook","_id":"Wed Apr 25 2018 16:38:18 GMT+0000 (UTC)","_score":1,"_source":{"device":"Room1Plug1","message":"Activated","timestamp":"2018-04-25T16:38:18.001Z"}}
{"_index":"ifttt-2018-04-25","_type":"webhook","_id":"Wed Apr 25 2018 18:39:28 GMT+0000 (UTC)","_score":1,"_source":{"device":"Room1Plug1","message":"Activated","timestamp":"2018-04-25T18:39:28.977Z"}}
{"_index":"ifttt-2018-04-25","_type":"webhook","_id":"Wed Apr 25 2018 19:04:58 GMT+0000 (UTC)","_score":1,"_source":{"time":"April 25, 2018","device":"miniCam","message":"motion","location":"Exterior-FrontDoor","timestamp":"2018-04-25T19:04:58.972Z"}}
{"_index":"ifttt-2018-04-25","_type":"webhook","_id":"Wed Apr 25 2018 19:09:57 GMT+0000 (UTC)","_score":1,"_source":{"time":"April 25, 2018","device":"miniCam","message":"motion","location":"Exterior-FrontDoor","timestamp":"2018-04-25T19:09:57.644Z"}}
{"_index":"ifttt-2018-04-25","_type":"webhook","_id":"Wed Apr 25 2018 20:31:32 GMT+0000 (UTC)","_score":1,"_source":{"time":"April 25, 2018","device":"miniCam","message":"motion","location":"Exterior-FrontDoor","timestamp":"2018-04-25T20:31:32.269Z"}}
