{"_index":"ifttt-2018-04-04","_type":"webhook","_id":"Wed Apr 04 2018 18:24:58 GMT+0000 (UTC)","_score":1,"_source":{"device":"FrontLock1","status":"Unlocked","user":" Manny Kin","timestamp":"2018-04-04T18:24:58.183Z"}}
{"_index":"ifttt-2018-04-04","_type":"webhook","_id":"Wed Apr 04 2018 19:41:28 GMT+0000 (UTC)","_score":1,"_source":{"device":"FrontLock1","status":"Locked","User":"Manual Lock","timestamp":"2018-04-04T19:41:28.934Z"}}
{"_index":"ifttt-2018-04-04","_type":"webhook","_id":"Wed Apr 04 2018 15:22:21 GMT+0000 (UTC)","_score":1,"_source":{"device":"FrontLock1","status":"Locked","User":"Manny Kin","timestamp":"2018-04-04T15:22:21.940Z"}}
{"_index":"ifttt-2018-04-04","_type":"webhook","_id":"Wed Apr 04 2018 19:38:33 GMT+0000 (UTC)","_score":1,"_source":{"device":"FrontLock1","status":"Locked","User":"Manny Kin","timestamp":"2018-04-04T19:38:33.042Z"}}
{"_index":"ifttt-2018-04-04","_type":"webhook","_id":"Wed Apr 04 2018 04:44:14 GMT+0000 (UTC)","_score":1,"_source":{"device":"Room1Plug2","status":"Activated","time":" ","timestamp":"2018-04-04T04:44:14.745Z"}}
{"_index":"ifttt-2018-04-04","_type":"webhook","_id":"Wed Apr 04 2018 01:01:29 GMT+0000 (UTC)","_score":1,"_source":{"alert":"motion","location":"Exterior-Front Door","timestamp":"2018-04-04T01:01:29.283Z"}}
{"_index":"ifttt-2018-04-04","_type":"webhook","_id":"Wed Apr 04 2018 08:01:47 GMT+0000 (UTC)","_score":1,"_source":{"alert":"motion","location":"Exterior-Front Door","timestamp":"2018-04-04T08:01:47.780Z"}}
{"_index":"ifttt-2018-04-04","_type":"webhook","_id":"Wed Apr 04 2018 09:02:00 GMT+0000 (UTC)","_score":1,"_source":{"alert":"motion","location":"Exterior-Front Door","timestamp":"2018-04-04T09:02:00.196Z"}}
{"_index":"ifttt-2018-04-04","_type":"webhook","_id":"Wed Apr 04 2018 12:01:37 GMT+0000 (UTC)","_score":1,"_source":{"alert":"motion","location":"Exterior-Front Door","timestamp":"2018-04-04T12:01:37.533Z"}}
{"_index":"ifttt-2018-04-04","_type":"webhook","_id":"Wed Apr 04 2018 10:17:10 GMT+0000 (UTC)","_score":1,"_source":{"device":"Room1Lamp","status":"Activated","timestamp":"2018-04-04T10:17:10.444Z"}}
{"_index":"ifttt-2018-04-04","_type":"webhook","_id":"Wed Apr 04 2018 19:59:20 GMT+0000 (UTC)","_score":1,"_source":{"device":"FrontLock1","status":"Unlocked","user":" Manual Unlock","timestamp":"2018-04-04T19:59:20.101Z"}}
{"_index":"ifttt-2018-04-04","_type":"webhook","_id":"Wed Apr 04 2018 19:59:59 GMT+0000 (UTC)","_score":1,"_source":{"device":"FrontLock1","status":"Unlocked","user":" Manual Unlock","timestamp":"2018-04-04T19:59:59.503Z"}}
{"_index":"ifttt-2018-04-04","_type":"webhook","_id":"Wed Apr 04 2018 19:42:55 GMT+0000 (UTC)","_score":1,"_source":{"device":"FrontLock1","status":"Unlocked","user":" Manny Kin","timestamp":"2018-04-04T19:42:55.881Z"}}
{"_index":"ifttt-2018-04-04","_type":"webhook","_id":"Wed Apr 04 2018 19:41:29 GMT+0000 (UTC)","_score":1,"_source":{"device":"FrontLock1","status":"Locked","User":"Manual Lock","timestamp":"2018-04-04T19:41:29.603Z"}}
{"_index":"ifttt-2018-04-04","_type":"webhook","_id":"Wed Apr 04 2018 19:43:21 GMT+0000 (UTC)","_score":1,"_source":{"device":"FrontLock1","status":"Locked","User":"Manny Kin","timestamp":"2018-04-04T19:43:21.329Z"}}
{"_index":"ifttt-2018-04-04","_type":"webhook","_id":"Wed Apr 04 2018 19:56:12 GMT+0000 (UTC)","_score":1,"_source":{"device":"FrontLock1","status":"Locked","User":"Manny Kin","timestamp":"2018-04-04T19:56:12.152Z"}}
{"_index":"ifttt-2018-04-04","_type":"webhook","_id":"Wed Apr 04 2018 20:00:39 GMT+0000 (UTC)","_score":1,"_source":{"device":"FrontLock1","status":"Locked","User":"Manny Kin","timestamp":"2018-04-04T20:00:39.432Z"}}
{"_index":"ifttt-2018-04-04","_type":"webhook","_id":"Wed Apr 04 2018 20:01:39 GMT+0000 (UTC)","_score":1,"_source":{"alert":"motion","location":"Exterior-Front Door","timestamp":"2018-04-04T20:01:39.257Z"}}
{"_index":"ifttt-2018-04-04","_type":"webhook","_id":"Wed Apr 04 2018 20:25:24 GMT+0000 (UTC)","_score":1,"_source":{"device":"Room1Plug1","status":"Activated","timestamp":"2018-04-04T20:25:24.685Z"}}
{"_index":"ifttt-2018-04-04","_type":"webhook","_id":"Wed Apr 04 2018 15:10:47 GMT+0000 (UTC)","_score":1,"_source":{"device":"FrontLock1","status":"Unlocked","user":" Manny Kin","timestamp":"2018-04-04T15:10:47.885Z"}}
{"_index":"ifttt-2018-04-04","_type":"webhook","_id":"Wed Apr 04 2018 06:44:24 GMT+0000 (UTC)","_score":1,"_source":{"device":"Room1Plug2","status":"Activated","time":" ","timestamp":"2018-04-04T06:44:24.046Z"}}
{"_index":"ifttt-2018-04-04","_type":"webhook","_id":"Wed Apr 04 2018 11:59:14 GMT+0000 (UTC)","_score":1,"_source":{"device":"Room1Plug2","status":"Activated","time":" ","timestamp":"2018-04-04T11:59:14.394Z"}}
{"_index":"ifttt-2018-04-04","_type":"webhook","_id":"Wed Apr 04 2018 00:21:09 GMT+0000 (UTC)","_score":1,"_source":{"alert":"motion","location":"Exterior-Front Door","timestamp":"2018-04-04T00:21:09.957Z"}}
{"_index":"ifttt-2018-04-04","_type":"webhook","_id":"Wed Apr 04 2018 07:02:00 GMT+0000 (UTC)","_score":1,"_source":{"alert":"motion","location":"Exterior-Front Door","timestamp":"2018-04-04T07:02:00.449Z"}}
{"_index":"ifttt-2018-04-04","_type":"webhook","_id":"Wed Apr 04 2018 14:01:47 GMT+0000 (UTC)","_score":1,"_source":{"alert":"motion","location":"Exterior-Front Door","timestamp":"2018-04-04T14:01:47.435Z"}}
{"_index":"ifttt-2018-04-04","_type":"webhook","_id":"Wed Apr 04 2018 14:51:43 GMT+0000 (UTC)","_score":1,"_source":{"alert":"motion","location":"Exterior-Front Door","timestamp":"2018-04-04T14:51:43.806Z"}}
{"_index":"ifttt-2018-04-04","_type":"webhook","_id":"Wed Apr 04 2018 15:11:13 GMT+0000 (UTC)","_score":1,"_source":{"alert":"motion","location":"Exterior-Front Door","timestamp":"2018-04-04T15:11:13.492Z"}}
{"_index":"ifttt-2018-04-04","_type":"webhook","_id":"Wed Apr 04 2018 04:46:50 GMT+0000 (UTC)","_score":1,"_source":{"device":"Room1Lamp","status":"Activated","timestamp":"2018-04-04T04:46:50.153Z"}}
{"_index":"ifttt-2018-04-04","_type":"webhook","_id":"Wed Apr 04 2018 11:17:15 GMT+0000 (UTC)","_score":1,"_source":{"device":"Room1Lamp","status":"Activated","timestamp":"2018-04-04T11:17:15.526Z"}}
{"_index":"ifttt-2018-04-04","_type":"webhook","_id":"Wed Apr 04 2018 17:06:46 GMT+0000 (UTC)","_score":1,"_source":{"device":"FrontLock1","status":"Unlocked","user":" Manual Unlock","timestamp":"2018-04-04T17:06:46.529Z"}}
{"_index":"ifttt-2018-04-04","_type":"webhook","_id":"Wed Apr 04 2018 15:11:48 GMT+0000 (UTC)","_score":1,"_source":{"device":"FrontLock1","status":"Unlocked","user":" Manny Kin","timestamp":"2018-04-04T15:11:48.853Z"}}
{"_index":"ifttt-2018-04-04","_type":"webhook","_id":"Wed Apr 04 2018 15:19:10 GMT+0000 (UTC)","_score":1,"_source":{"device":"FrontLock1","status":"Unlocked","user":" Manny Kin","timestamp":"2018-04-04T15:19:10.835Z"}}
{"_index":"ifttt-2018-04-04","_type":"webhook","_id":"Wed Apr 04 2018 17:10:56 GMT+0000 (UTC)","_score":1,"_source":{"device":"FrontLock1","status":"Locked","User":"Manny Kin","timestamp":"2018-04-04T17:10:56.282Z"}}
{"_index":"ifttt-2018-04-04","_type":"webhook","_id":"Wed Apr 04 2018 15:16:17 GMT+0000 (UTC)","_score":1,"_source":{"alert":"motion","location":"Exterior-Front Door","timestamp":"2018-04-04T15:16:17.653Z"}}
{"_index":"ifttt-2018-04-04","_type":"webhook","_id":"Wed Apr 04 2018 16:06:03 GMT+0000 (UTC)","_score":1,"_source":{"alert":"motion","location":"Exterior-Front Door","timestamp":"2018-04-04T16:06:03.965Z"}}
{"_index":"ifttt-2018-04-04","_type":"webhook","_id":"Wed Apr 04 2018 16:11:05 GMT+0000 (UTC)","_score":1,"_source":{"alert":"motion","location":"Exterior-Front Door","timestamp":"2018-04-04T16:11:05.994Z"}}
{"_index":"ifttt-2018-04-04","_type":"webhook","_id":"Wed Apr 04 2018 17:11:07 GMT+0000 (UTC)","_score":1,"_source":{"alert":"motion","location":"Exterior-Front Door","timestamp":"2018-04-04T17:11:07.823Z"}}
{"_index":"ifttt-2018-04-04","_type":"webhook","_id":"Wed Apr 04 2018 18:16:20 GMT+0000 (UTC)","_score":1,"_source":{"alert":"motion","location":"Exterior-Front Door","timestamp":"2018-04-04T18:16:20.249Z"}}
{"_index":"ifttt-2018-04-04","_type":"webhook","_id":"Wed Apr 04 2018 19:58:39 GMT+0000 (UTC)","_score":1,"_source":{"device":"FrontLock1","status":"Unlocked","user":" Manual Unlock","timestamp":"2018-04-04T19:58:39.698Z"}}
{"_index":"ifttt-2018-04-04","_type":"webhook","_id":"Wed Apr 04 2018 19:36:11 GMT+0000 (UTC)","_score":1,"_source":{"device":"FrontLock1","status":"Unlocked","user":" Manny Kin","timestamp":"2018-04-04T19:36:11.182Z"}}
{"_index":"ifttt-2018-04-04","_type":"webhook","_id":"Wed Apr 04 2018 19:38:50 GMT+0000 (UTC)","_score":1,"_source":{"device":"FrontLock1","status":"Unlocked","user":" Manny Kin","timestamp":"2018-04-04T19:38:50.254Z"}}
{"_index":"ifttt-2018-04-04","_type":"webhook","_id":"Wed Apr 04 2018 19:41:23 GMT+0000 (UTC)","_score":1,"_source":{"device":"FrontLock1","status":"Unlocked","user":" Manny Kin","timestamp":"2018-04-04T19:41:23.416Z"}}
{"_index":"ifttt-2018-04-04","_type":"webhook","_id":"Wed Apr 04 2018 19:37:49 GMT+0000 (UTC)","_score":1,"_source":{"device":"FrontLock1","status":"Locked","User":"Manny Kin","timestamp":"2018-04-04T19:37:49.462Z"}}
{"_index":"ifttt-2018-04-04","_type":"webhook","_id":"Wed Apr 04 2018 18:31:37 GMT+0000 (UTC)","_score":1,"_source":{"alert":"motion","location":"Exterior-Front Door","timestamp":"2018-04-04T18:31:37.815Z"}}
{"_index":"ifttt-2018-04-04","_type":"webhook","_id":"Wed Apr 04 2018 19:26:29 GMT+0000 (UTC)","_score":1,"_source":{"alert":"motion","location":"Exterior-Front Door","timestamp":"2018-04-04T19:26:29.476Z"}}
{"_index":"ifttt-2018-04-04","_type":"webhook","_id":"Wed Apr 04 2018 19:26:30 GMT+0000 (UTC)","_score":1,"_source":{"alert":"motion","location":"Exterior-Front Door","timestamp":"2018-04-04T19:26:30.593Z"}}
{"_index":"ifttt-2018-04-04","_type":"webhook","_id":"Wed Apr 04 2018 19:46:12 GMT+0000 (UTC)","_score":1,"_source":{"alert":"motion","location":"Exterior-Front Door","timestamp":"2018-04-04T19:46:12.498Z"}}
{"_index":"ifttt-2018-04-04","_type":"webhook","_id":"Wed Apr 04 2018 19:59:02 GMT+0000 (UTC)","_score":1,"_source":{"device":"FrontLock1","status":"Locked","User":"Manny Kin","timestamp":"2018-04-04T19:59:02.060Z"}}
{"_index":"ifttt-2018-04-04","_type":"webhook","_id":"Wed Apr 04 2018 20:01:38 GMT+0000 (UTC)","_score":1,"_source":{"alert":"motion","location":"Exterior-Front Door","timestamp":"2018-04-04T20:01:38.812Z"}}
{"_index":"ifttt-2018-04-04","_type":"webhook","_id":"Wed Apr 04 2018 20:06:07 GMT+0000 (UTC)","_score":1,"_source":{"alert":"motion","location":"Exterior-Front Door","timestamp":"2018-04-04T20:06:07.995Z"}}
{"_index":"ifttt-2018-04-04","_type":"webhook","_id":"Wed Apr 04 2018 20:16:45 GMT+0000 (UTC)","_score":1,"_source":{"alert":"motion","location":"Exterior-Front Door","timestamp":"2018-04-04T20:16:45.980Z"}}
{"_index":"ifttt-2018-04-04","_type":"webhook","_id":"Wed Apr 04 2018 20:21:24 GMT+0000 (UTC)","_score":1,"_source":{"alert":"motion","location":"Exterior-Front Door","timestamp":"2018-04-04T20:21:24.642Z"}}
{"_index":"ifttt-2018-04-04","_type":"webhook","_id":"Wed Apr 04 2018 20:21:25 GMT+0000 (UTC)","_score":1,"_source":{"alert":"motion","location":"Exterior-Front Door","timestamp":"2018-04-04T20:21:25.392Z"}}
{"_index":"ifttt-2018-04-04","_type":"webhook","_id":"Wed Apr 04 2018 20:36:26 GMT+0000 (UTC)","_score":1,"_source":{"alert":"motion","location":"Exterior-Front Door","timestamp":"2018-04-04T20:36:26.445Z"}}
{"_index":"ifttt-2018-04-04","_type":"webhook","_id":"Wed Apr 04 2018 21:29:18 GMT+0000 (UTC)","_score":1,"_source":{"device":"Room1Plug2","status":"Activated","time":" ","timestamp":"2018-04-04T21:29:18.649Z"}}
{"_index":"ifttt-2018-04-04","_type":"webhook","_id":"Wed Apr 04 2018 05:44:22 GMT+0000 (UTC)","_score":1,"_source":{"device":"Room1Plug2","status":"Activated","time":" ","timestamp":"2018-04-04T05:44:22.929Z"}}
{"_index":"ifttt-2018-04-04","_type":"webhook","_id":"Wed Apr 04 2018 07:49:06 GMT+0000 (UTC)","_score":1,"_source":{"device":"Room1Plug2","status":"Activated","time":" ","timestamp":"2018-04-04T07:49:06.540Z"}}
{"_index":"ifttt-2018-04-04","_type":"webhook","_id":"Wed Apr 04 2018 08:54:06 GMT+0000 (UTC)","_score":1,"_source":{"device":"Room1Plug2","status":"Activated","time":" ","timestamp":"2018-04-04T08:54:06.016Z"}}
{"_index":"ifttt-2018-04-04","_type":"webhook","_id":"Wed Apr 04 2018 10:54:10 GMT+0000 (UTC)","_score":1,"_source":{"device":"Room1Plug2","status":"Activated","time":" ","timestamp":"2018-04-04T10:54:10.557Z"}}
{"_index":"ifttt-2018-04-04","_type":"webhook","_id":"Wed Apr 04 2018 03:01:37 GMT+0000 (UTC)","_score":1,"_source":{"alert":"motion","location":"Exterior-Front Door","timestamp":"2018-04-04T03:01:37.504Z"}}
{"_index":"ifttt-2018-04-04","_type":"webhook","_id":"Wed Apr 04 2018 11:11:20 GMT+0000 (UTC)","_score":1,"_source":{"alert":"motion","location":"Exterior-Front Door","timestamp":"2018-04-04T11:11:20.489Z"}}
{"_index":"ifttt-2018-04-04","_type":"webhook","_id":"Wed Apr 04 2018 06:58:17 GMT+0000 (UTC)","_score":1,"_source":{"device":"Room1Plug1","status":"Activated","timestamp":"2018-04-04T06:58:17.739Z"}}
{"_index":"ifttt-2018-04-04","_type":"webhook","_id":"Wed Apr 04 2018 03:46:15 GMT+0000 (UTC)","_score":1,"_source":{"device":"Room1Lamp","status":"Activated","timestamp":"2018-04-04T03:46:15.179Z"}}
{"_index":"ifttt-2018-04-04","_type":"webhook","_id":"Wed Apr 04 2018 07:06:13 GMT+0000 (UTC)","_score":1,"_source":{"device":"Room1Lamp","status":"Activated","timestamp":"2018-04-04T07:06:13.636Z"}}
{"_index":"ifttt-2018-04-04","_type":"webhook","_id":"Wed Apr 04 2018 09:16:50 GMT+0000 (UTC)","_score":1,"_source":{"device":"Room1Lamp","status":"Activated","timestamp":"2018-04-04T09:16:50.732Z"}}
{"_index":"ifttt-2018-04-04","_type":"webhook","_id":"Wed Apr 04 2018 13:04:20 GMT+0000 (UTC)","_score":1,"_source":{"device":"Room1Plug2","status":"Activated","time":" ","timestamp":"2018-04-04T13:04:20.403Z"}}
{"_index":"ifttt-2018-04-04","_type":"webhook","_id":"Wed Apr 04 2018 13:11:14 GMT+0000 (UTC)","_score":1,"_source":{"alert":"motion","location":"Exterior-Front Door","timestamp":"2018-04-04T13:11:14.784Z"}}
{"_index":"ifttt-2018-04-04","_type":"webhook","_id":"Wed Apr 04 2018 13:21:04 GMT+0000 (UTC)","_score":1,"_source":{"alert":"motion","location":"Exterior-Front Door","timestamp":"2018-04-04T13:21:04.827Z"}}
{"_index":"ifttt-2018-04-04","_type":"webhook","_id":"Wed Apr 04 2018 14:41:14 GMT+0000 (UTC)","_score":1,"_source":{"alert":"motion","location":"Exterior-Front Door","timestamp":"2018-04-04T14:41:14.711Z"}}
{"_index":"ifttt-2018-04-04","_type":"webhook","_id":"Wed Apr 04 2018 14:51:42 GMT+0000 (UTC)","_score":1,"_source":{"alert":"motion","location":"Exterior-Front Door","timestamp":"2018-04-04T14:51:42.945Z"}}
{"_index":"ifttt-2018-04-04","_type":"webhook","_id":"Wed Apr 04 2018 16:15:43 GMT+0000 (UTC)","_score":1,"_source":{"device":"Room1Plug1","status":"Activated","timestamp":"2018-04-04T16:15:43.195Z"}}
{"_index":"ifttt-2018-04-04","_type":"webhook","_id":"Wed Apr 04 2018 13:32:40 GMT+0000 (UTC)","_score":1,"_source":{"device":"Room1Lamp","status":"Activated","timestamp":"2018-04-04T13:32:40.234Z"}}
{"_index":"ifttt-2018-04-04","_type":"webhook","_id":"Wed Apr 04 2018 15:13:16 GMT+0000 (UTC)","_score":1,"_source":{"device":"FrontLock1","status":"Locked","User":"Manny Kin","timestamp":"2018-04-04T15:13:16.833Z"}}
{"_index":"ifttt-2018-04-04","_type":"webhook","_id":"Wed Apr 04 2018 17:07:52 GMT+0000 (UTC)","_score":1,"_source":{"device":"FrontLock1","status":"Locked","User":"Manual Lock","timestamp":"2018-04-04T17:07:52.711Z"}}
{"_index":"ifttt-2018-04-04","_type":"webhook","_id":"Wed Apr 04 2018 16:36:15 GMT+0000 (UTC)","_score":1,"_source":{"alert":"motion","location":"Exterior-Front Door","timestamp":"2018-04-04T16:36:15.642Z"}}
{"_index":"ifttt-2018-04-04","_type":"webhook","_id":"Wed Apr 04 2018 16:56:13 GMT+0000 (UTC)","_score":1,"_source":{"alert":"motion","location":"Exterior-Front Door","timestamp":"2018-04-04T16:56:13.943Z"}}
{"_index":"ifttt-2018-04-04","_type":"webhook","_id":"Wed Apr 04 2018 17:06:19 GMT+0000 (UTC)","_score":1,"_source":{"alert":"motion","location":"Exterior-Front Door","timestamp":"2018-04-04T17:06:19.510Z"}}
{"_index":"ifttt-2018-04-04","_type":"webhook","_id":"Wed Apr 04 2018 17:11:08 GMT+0000 (UTC)","_score":1,"_source":{"alert":"motion","location":"Exterior-Front Door","timestamp":"2018-04-04T17:11:08.440Z"}}
{"_index":"ifttt-2018-04-04","_type":"webhook","_id":"Wed Apr 04 2018 17:26:36 GMT+0000 (UTC)","_score":1,"_source":{"alert":"motion","location":"Exterior-Front Door","timestamp":"2018-04-04T17:26:36.443Z"}}
{"_index":"ifttt-2018-04-04","_type":"webhook","_id":"Wed Apr 04 2018 17:46:19 GMT+0000 (UTC)","_score":1,"_source":{"alert":"motion","location":"Exterior-Front Door","timestamp":"2018-04-04T17:46:19.056Z"}}
{"_index":"ifttt-2018-04-04","_type":"webhook","_id":"Wed Apr 04 2018 18:01:16 GMT+0000 (UTC)","_score":1,"_source":{"alert":"motion","location":"Exterior-Front Door","timestamp":"2018-04-04T18:01:16.634Z"}}
{"_index":"ifttt-2018-04-04","_type":"webhook","_id":"Wed Apr 04 2018 17:37:39 GMT+0000 (UTC)","_score":1,"_source":{"device":"Room1Lamp","status":"Activated","timestamp":"2018-04-04T17:37:39.942Z"}}
{"_index":"ifttt-2018-04-04","_type":"webhook","_id":"Wed Apr 04 2018 19:41:37 GMT+0000 (UTC)","_score":1,"_source":{"device":"FrontLock1","status":"Unlocked","user":" Manual Unlock","timestamp":"2018-04-04T19:41:37.727Z"}}
{"_index":"ifttt-2018-04-04","_type":"webhook","_id":"Wed Apr 04 2018 19:37:56 GMT+0000 (UTC)","_score":1,"_source":{"device":"FrontLock1","status":"Unlocked","user":" Manny Kin","timestamp":"2018-04-04T19:37:56.916Z"}}
{"_index":"ifttt-2018-04-04","_type":"webhook","_id":"Wed Apr 04 2018 19:38:14 GMT+0000 (UTC)","_score":1,"_source":{"device":"FrontLock1","status":"Unlocked","user":" Manny Kin","timestamp":"2018-04-04T19:38:14.610Z"}}
{"_index":"ifttt-2018-04-04","_type":"webhook","_id":"Wed Apr 04 2018 18:48:27 GMT+0000 (UTC)","_score":1,"_source":{"device":"FrontLock1","status":"Unlocked","user":" Manny Kin","timestamp":"2018-04-04T18:48:27.121Z"}}
{"_index":"ifttt-2018-04-04","_type":"webhook","_id":"Wed Apr 04 2018 19:41:45 GMT+0000 (UTC)","_score":1,"_source":{"device":"FrontLock1","status":"Locked","User":"Manual Lock","timestamp":"2018-04-04T19:41:45.204Z"}}
{"_index":"ifttt-2018-04-04","_type":"webhook","_id":"Wed Apr 04 2018 19:22:03 GMT+0000 (UTC)","_score":1,"_source":{"device":"Room1Plug2","status":"Activated","time":" ","timestamp":"2018-04-04T19:22:03.361Z"}}
{"_index":"ifttt-2018-04-04","_type":"webhook","_id":"Wed Apr 04 2018 18:21:29 GMT+0000 (UTC)","_score":1,"_source":{"alert":"motion","location":"Exterior-Front Door","timestamp":"2018-04-04T18:21:29.986Z"}}
{"_index":"ifttt-2018-04-04","_type":"webhook","_id":"Wed Apr 04 2018 19:41:22 GMT+0000 (UTC)","_score":1,"_source":{"device":"FrontLock1","status":"Locked","User":"Manual Lock","timestamp":"2018-04-04T19:41:22.927Z"}}
{"_index":"ifttt-2018-04-04","_type":"webhook","_id":"Wed Apr 04 2018 19:41:21 GMT+0000 (UTC)","_score":1,"_source":{"alert":"motion","location":"Exterior-Front Door","timestamp":"2018-04-04T19:41:21.706Z"}}
{"_index":"ifttt-2018-04-04","_type":"webhook","_id":"Wed Apr 04 2018 19:43:20 GMT+0000 (UTC)","_score":1,"_source":{"device":"FrontLock1","status":"Locked","User":"Manual Lock","timestamp":"2018-04-04T19:43:20.779Z"}}
{"_index":"ifttt-2018-04-04","_type":"webhook","_id":"Wed Apr 04 2018 19:46:11 GMT+0000 (UTC)","_score":1,"_source":{"alert":"motion","location":"Exterior-Front Door","timestamp":"2018-04-04T19:46:11.860Z"}}
{"_index":"ifttt-2018-04-04","_type":"webhook","_id":"Wed Apr 04 2018 19:56:13 GMT+0000 (UTC)","_score":1,"_source":{"alert":"motion","location":"Exterior-Front Door","timestamp":"2018-04-04T19:56:13.992Z"}}
{"_index":"ifttt-2018-04-04","_type":"webhook","_id":"Wed Apr 04 2018 19:57:06 GMT+0000 (UTC)","_score":1,"_source":{"device":"FrontLock1","status":"Unlocked","user":" Manny Kin","timestamp":"2018-04-04T19:57:06.827Z"}}
{"_index":"ifttt-2018-04-04","_type":"webhook","_id":"Wed Apr 04 2018 20:16:44 GMT+0000 (UTC)","_score":1,"_source":{"alert":"motion","location":"Exterior-Front Door","timestamp":"2018-04-04T20:16:44.945Z"}}
{"_index":"ifttt-2018-04-04","_type":"webhook","_id":"Wed Apr 04 2018 21:42:19 GMT+0000 (UTC)","_score":1,"_source":{"device":"Room1Lamp","status":"Activated","timestamp":"2018-04-04T21:42:19.936Z"}}
{"_index":"ifttt-2018-04-04","_type":"webhook","_id":"Wed Apr 04 2018 09:54:06 GMT+0000 (UTC)","_score":1,"_source":{"device":"Room1Plug2","status":"Activated","time":" ","timestamp":"2018-04-04T09:54:06.625Z"}}
{"_index":"ifttt-2018-04-04","_type":"webhook","_id":"Wed Apr 04 2018 04:16:33 GMT+0000 (UTC)","_score":1,"_source":{"alert":"motion","location":"Exterior-Front Door","timestamp":"2018-04-04T04:16:33.596Z"}}
{"_index":"ifttt-2018-04-04","_type":"webhook","_id":"Wed Apr 04 2018 10:11:30 GMT+0000 (UTC)","_score":1,"_source":{"alert":"motion","location":"Exterior-Front Door","timestamp":"2018-04-04T10:11:30.341Z"}}
{"_index":"ifttt-2018-04-04","_type":"webhook","_id":"Wed Apr 04 2018 12:41:40 GMT+0000 (UTC)","_score":1,"_source":{"alert":"motion","location":"Exterior-Front Door","timestamp":"2018-04-04T12:41:40.543Z"}}
{"_index":"ifttt-2018-04-04","_type":"webhook","_id":"Wed Apr 04 2018 13:41:16 GMT+0000 (UTC)","_score":1,"_source":{"alert":"motion","location":"Exterior-Front Door","timestamp":"2018-04-04T13:41:16.381Z"}}
{"_index":"ifttt-2018-04-04","_type":"webhook","_id":"Wed Apr 04 2018 00:53:13 GMT+0000 (UTC)","_score":1,"_source":{"device":"Room1Plug1","status":"Activated","timestamp":"2018-04-04T00:53:13.769Z"}}
{"_index":"ifttt-2018-04-04","_type":"webhook","_id":"Wed Apr 04 2018 11:05:29 GMT+0000 (UTC)","_score":1,"_source":{"device":"Room1Plug1","status":"Activated","timestamp":"2018-04-04T11:05:29.912Z"}}
{"_index":"ifttt-2018-04-04","_type":"webhook","_id":"Wed Apr 04 2018 08:16:37 GMT+0000 (UTC)","_score":1,"_source":{"device":"Room1Lamp","status":"Activated","timestamp":"2018-04-04T08:16:37.515Z"}}
{"_index":"ifttt-2018-04-04","_type":"webhook","_id":"Wed Apr 04 2018 12:32:15 GMT+0000 (UTC)","_score":1,"_source":{"device":"Room1Lamp","status":"Activated","timestamp":"2018-04-04T12:32:15.455Z"}}
{"_index":"ifttt-2018-04-04","_type":"webhook","_id":"Wed Apr 04 2018 15:10:11 GMT+0000 (UTC)","_score":1,"_source":{"device":"FrontLock1","status":"Unlocked","user":" Manny Kin","timestamp":"2018-04-04T15:10:11.583Z"}}
{"_index":"ifttt-2018-04-04","_type":"webhook","_id":"Wed Apr 04 2018 15:10:40 GMT+0000 (UTC)","_score":1,"_source":{"device":"FrontLock1","status":"Locked","User":"Manny Kin","timestamp":"2018-04-04T15:10:40.903Z"}}
{"_index":"ifttt-2018-04-04","_type":"webhook","_id":"Wed Apr 04 2018 14:04:23 GMT+0000 (UTC)","_score":1,"_source":{"device":"Room1Plug2","status":"Activated","time":" ","timestamp":"2018-04-04T14:04:23.267Z"}}
{"_index":"ifttt-2018-04-04","_type":"webhook","_id":"Wed Apr 04 2018 13:51:14 GMT+0000 (UTC)","_score":1,"_source":{"alert":"motion","location":"Exterior-Front Door","timestamp":"2018-04-04T13:51:14.967Z"}}
{"_index":"ifttt-2018-04-04","_type":"webhook","_id":"Wed Apr 04 2018 14:01:48 GMT+0000 (UTC)","_score":1,"_source":{"alert":"motion","location":"Exterior-Front Door","timestamp":"2018-04-04T14:01:48.097Z"}}
{"_index":"ifttt-2018-04-04","_type":"webhook","_id":"Wed Apr 04 2018 14:11:14 GMT+0000 (UTC)","_score":1,"_source":{"alert":"motion","location":"Exterior-Front Door","timestamp":"2018-04-04T14:11:14.604Z"}}
{"_index":"ifttt-2018-04-04","_type":"webhook","_id":"Wed Apr 04 2018 14:21:17 GMT+0000 (UTC)","_score":1,"_source":{"alert":"motion","location":"Exterior-Front Door","timestamp":"2018-04-04T14:21:17.108Z"}}
{"_index":"ifttt-2018-04-04","_type":"webhook","_id":"Wed Apr 04 2018 14:41:15 GMT+0000 (UTC)","_score":1,"_source":{"alert":"motion","location":"Exterior-Front Door","timestamp":"2018-04-04T14:41:15.160Z"}}
{"_index":"ifttt-2018-04-04","_type":"webhook","_id":"Wed Apr 04 2018 15:11:42 GMT+0000 (UTC)","_score":1,"_source":{"device":"FrontLock1","status":"Locked","User":"Manny Kin","timestamp":"2018-04-04T15:11:42.052Z"}}
{"_index":"ifttt-2018-04-04","_type":"webhook","_id":"Wed Apr 04 2018 19:38:03 GMT+0000 (UTC)","_score":1,"_source":{"device":"FrontLock1","status":"Locked","User":"Manny Kin","timestamp":"2018-04-04T19:38:03.549Z"}}
{"_index":"ifttt-2018-04-04","_type":"webhook","_id":"Wed Apr 04 2018 15:11:12 GMT+0000 (UTC)","_score":1,"_source":{"alert":"motion","location":"Exterior-Front Door","timestamp":"2018-04-04T15:11:12.976Z"}}
{"_index":"ifttt-2018-04-04","_type":"webhook","_id":"Wed Apr 04 2018 15:16:16 GMT+0000 (UTC)","_score":1,"_source":{"alert":"motion","location":"Exterior-Front Door","timestamp":"2018-04-04T15:16:16.952Z"}}
{"_index":"ifttt-2018-04-04","_type":"webhook","_id":"Wed Apr 04 2018 17:31:33 GMT+0000 (UTC)","_score":1,"_source":{"alert":"motion","location":"Exterior-Front Door","timestamp":"2018-04-04T17:31:33.791Z"}}
{"_index":"ifttt-2018-04-04","_type":"webhook","_id":"Wed Apr 04 2018 17:51:16 GMT+0000 (UTC)","_score":1,"_source":{"alert":"motion","location":"Exterior-Front Door","timestamp":"2018-04-04T17:51:16.958Z"}}
{"_index":"ifttt-2018-04-04","_type":"webhook","_id":"Wed Apr 04 2018 18:26:06 GMT+0000 (UTC)","_score":1,"_source":{"alert":"motion","location":"Exterior-Front Door","timestamp":"2018-04-04T18:26:06.738Z"}}
{"_index":"ifttt-2018-04-04","_type":"webhook","_id":"Wed Apr 04 2018 18:41:20 GMT+0000 (UTC)","_score":1,"_source":{"alert":"motion","location":"Exterior-Front Door","timestamp":"2018-04-04T18:41:20.835Z"}}
{"_index":"ifttt-2018-04-04","_type":"webhook","_id":"Wed Apr 04 2018 15:13:17 GMT+0000 (UTC)","_score":1,"_source":{"device":"FrontLock1","status":"Locked","User":"Manny Kin","timestamp":"2018-04-04T15:13:17.890Z"}}
{"_index":"ifttt-2018-04-04","_type":"webhook","_id":"Wed Apr 04 2018 15:13:18 GMT+0000 (UTC)","_score":1,"_source":{"device":"FrontLock1","status":"Locked","User":"Manny Kin","timestamp":"2018-04-04T15:13:18.292Z"}}
{"_index":"ifttt-2018-04-04","_type":"webhook","_id":"Wed Apr 04 2018 19:41:30 GMT+0000 (UTC)","_score":1,"_source":{"device":"FrontLock1","status":"Unlocked","user":" Manual Unlock","timestamp":"2018-04-04T19:41:30.196Z"}}
{"_index":"ifttt-2018-04-04","_type":"webhook","_id":"Wed Apr 04 2018 19:41:46 GMT+0000 (UTC)","_score":1,"_source":{"device":"FrontLock1","status":"Unlocked","user":" Manual Unlock","timestamp":"2018-04-04T19:41:46.365Z"}}
{"_index":"ifttt-2018-04-04","_type":"webhook","_id":"Wed Apr 04 2018 19:41:24 GMT+0000 (UTC)","_score":1,"_source":{"device":"FrontLock1","status":"Unlocked","user":" Manual Unlock","timestamp":"2018-04-04T19:41:24.096Z"}}
{"_index":"ifttt-2018-04-04","_type":"webhook","_id":"Wed Apr 04 2018 19:58:04 GMT+0000 (UTC)","_score":1,"_source":{"device":"FrontLock1","status":"Locked","User":"Manual Lock","timestamp":"2018-04-04T19:58:04.715Z"}}
{"_index":"ifttt-2018-04-04","_type":"webhook","_id":"Wed Apr 04 2018 19:59:43 GMT+0000 (UTC)","_score":1,"_source":{"device":"FrontLock1","status":"Locked","User":"Manny Kin","timestamp":"2018-04-04T19:59:43.117Z"}}
{"_index":"ifttt-2018-04-04","_type":"webhook","_id":"Wed Apr 04 2018 19:38:55 GMT+0000 (UTC)","_score":1,"_source":{"device":"FrontLock1","status":"Locked","User":"Manny Kin","timestamp":"2018-04-04T19:38:55.914Z"}}
{"_index":"ifttt-2018-04-04","_type":"webhook","_id":"Wed Apr 04 2018 19:56:14 GMT+0000 (UTC)","_score":1,"_source":{"alert":"motion","location":"Exterior-Front Door","timestamp":"2018-04-04T19:56:14.502Z"}}
{"_index":"ifttt-2018-04-04","_type":"webhook","_id":"Wed Apr 04 2018 20:11:21 GMT+0000 (UTC)","_score":1,"_source":{"alert":"motion","location":"Exterior-Front Door","timestamp":"2018-04-04T20:11:21.797Z"}}
{"_index":"ifttt-2018-04-04","_type":"webhook","_id":"Wed Apr 04 2018 20:26:06 GMT+0000 (UTC)","_score":1,"_source":{"alert":"motion","location":"Exterior-Front Door","timestamp":"2018-04-04T20:26:06.794Z"}}
{"_index":"ifttt-2018-04-04","_type":"webhook","_id":"Wed Apr 04 2018 20:31:23 GMT+0000 (UTC)","_score":1,"_source":{"alert":"motion","location":"Exterior-Front Door","timestamp":"2018-04-04T20:31:23.720Z"}}
{"_index":"ifttt-2018-04-04","_type":"webhook","_id":"Wed Apr 04 2018 21:16:16 GMT+0000 (UTC)","_score":1,"_source":{"alert":"motion","location":"Exterior-Front Door","timestamp":"2018-04-04T21:16:16.388Z"}}
{"_index":"ifttt-2018-04-04","_type":"webhook","_id":"Wed Apr 04 2018 21:31:12 GMT+0000 (UTC)","_score":1,"_source":{"alert":"motion","location":"Exterior-Front Door","timestamp":"2018-04-04T21:31:12.123Z"}}
{"_index":"ifttt-2018-04-04","_type":"webhook","_id":"Wed Apr 04 2018 17:10:49 GMT+0000 (UTC)","_score":1,"_source":{"device":"FrontLock1","status":"Unlocked","user":" Manual Unlock","timestamp":"2018-04-04T17:10:49.474Z"}}
{"_index":"ifttt-2018-04-04","_type":"webhook","_id":"Wed Apr 04 2018 15:13:23 GMT+0000 (UTC)","_score":1,"_source":{"device":"FrontLock1","status":"Unlocked","user":" Manny Kin","timestamp":"2018-04-04T15:13:23.862Z"}}
{"_index":"ifttt-2018-04-04","_type":"webhook","_id":"Wed Apr 04 2018 16:07:02 GMT+0000 (UTC)","_score":1,"_source":{"device":"FrontLock1","status":"Locked","User":"Manny Kin","timestamp":"2018-04-04T16:07:02.993Z"}}
{"_index":"ifttt-2018-04-04","_type":"webhook","_id":"Wed Apr 04 2018 03:44:06 GMT+0000 (UTC)","_score":1,"_source":{"device":"Room1Plug2","status":"Activated","time":" ","timestamp":"2018-04-04T03:44:06.180Z"}}
{"_index":"ifttt-2018-04-04","_type":"webhook","_id":"Wed Apr 04 2018 13:41:15 GMT+0000 (UTC)","_score":1,"_source":{"alert":"motion","location":"Exterior-Front Door","timestamp":"2018-04-04T13:41:15.777Z"}}
{"_index":"ifttt-2018-04-04","_type":"webhook","_id":"Wed Apr 04 2018 16:01:42 GMT+0000 (UTC)","_score":1,"_source":{"alert":"motion","location":"Exterior-Front Door","timestamp":"2018-04-04T16:01:42.152Z"}}
{"_index":"ifttt-2018-04-04","_type":"webhook","_id":"Wed Apr 04 2018 17:01:39 GMT+0000 (UTC)","_score":1,"_source":{"alert":"motion","location":"Exterior-Front Door","timestamp":"2018-04-04T17:01:39.946Z"}}
{"_index":"ifttt-2018-04-04","_type":"webhook","_id":"Wed Apr 04 2018 17:41:10 GMT+0000 (UTC)","_score":1,"_source":{"alert":"motion","location":"Exterior-Front Door","timestamp":"2018-04-04T17:41:10.957Z"}}
{"_index":"ifttt-2018-04-04","_type":"webhook","_id":"Wed Apr 04 2018 05:56:16 GMT+0000 (UTC)","_score":1,"_source":{"device":"Room1Lamp","status":"Activated","timestamp":"2018-04-04T05:56:16.981Z"}}
{"_index":"ifttt-2018-04-04","_type":"webhook","_id":"Wed Apr 04 2018 17:16:16 GMT+0000 (UTC)","_score":1,"_source":{"alert":"motion","location":"Exterior-Front Door","timestamp":"2018-04-04T17:16:16.779Z"}}
{"_index":"ifttt-2018-04-04","_type":"webhook","_id":"Wed Apr 04 2018 18:26:32 GMT+0000 (UTC)","_score":1,"_source":{"device":"FrontLock1","status":"Locked","User":"Manny Kin","timestamp":"2018-04-04T18:26:32.945Z"}}
{"_index":"ifttt-2018-04-04","_type":"webhook","_id":"Wed Apr 04 2018 18:48:32 GMT+0000 (UTC)","_score":1,"_source":{"device":"FrontLock1","status":"Locked","User":"Manny Kin","timestamp":"2018-04-04T18:48:32.403Z"}}
{"_index":"ifttt-2018-04-04","_type":"webhook","_id":"Wed Apr 04 2018 20:24:23 GMT+0000 (UTC)","_score":1,"_source":{"device":"Room1Plug2","status":"Activated","time":" ","timestamp":"2018-04-04T20:24:23.611Z"}}
{"_index":"ifttt-2018-04-04","_type":"webhook","_id":"Wed Apr 04 2018 17:46:18 GMT+0000 (UTC)","_score":1,"_source":{"alert":"motion","location":"Exterior-Front Door","timestamp":"2018-04-04T17:46:18.421Z"}}
{"_index":"ifttt-2018-04-04","_type":"webhook","_id":"Wed Apr 04 2018 18:36:30 GMT+0000 (UTC)","_score":1,"_source":{"alert":"motion","location":"Exterior-Front Door","timestamp":"2018-04-04T18:36:30.893Z"}}
{"_index":"ifttt-2018-04-04","_type":"webhook","_id":"Wed Apr 04 2018 19:21:31 GMT+0000 (UTC)","_score":1,"_source":{"alert":"motion","location":"Exterior-Front Door","timestamp":"2018-04-04T19:21:31.427Z"}}
{"_index":"ifttt-2018-04-04","_type":"webhook","_id":"Wed Apr 04 2018 19:36:18 GMT+0000 (UTC)","_score":1,"_source":{"alert":"motion","location":"Exterior-Front Door","timestamp":"2018-04-04T19:36:18.877Z"}}
{"_index":"ifttt-2018-04-04","_type":"webhook","_id":"Wed Apr 04 2018 20:06:08 GMT+0000 (UTC)","_score":1,"_source":{"alert":"motion","location":"Exterior-Front Door","timestamp":"2018-04-04T20:06:08.376Z"}}
{"_index":"ifttt-2018-04-04","_type":"webhook","_id":"Wed Apr 04 2018 18:20:31 GMT+0000 (UTC)","_score":1,"_source":{"device":"Room1Plug1","status":"Activated","timestamp":"2018-04-04T18:20:31.059Z"}}
{"_index":"ifttt-2018-04-04","_type":"webhook","_id":"Wed Apr 04 2018 21:26:28 GMT+0000 (UTC)","_score":1,"_source":{"alert":"motion","location":"Exterior-Front Door","timestamp":"2018-04-04T21:26:28.894Z"}}
