{"_index":"ifttt-2018-04-10","_type":"webhook","_id":"Tue Apr 10 2018 12:47:12 GMT+0000 (UTC)","_score":1,"_source":{"time":"April 10, 2018","device":"miniCam","message":"motion","location":"Exterior-FrontDoor","timestamp":"2018-04-10T12:47:12.580Z"}}
{"_index":"ifttt-2018-04-10","_type":"webhook","_id":"Tue Apr 10 2018 13:47:15 GMT+0000 (UTC)","_score":1,"_source":{"time":"April 10, 2018","device":"miniCam","message":"motion","location":"Exterior-FrontDoor","timestamp":"2018-04-10T13:47:15.868Z"}}
{"_index":"ifttt-2018-04-10","_type":"webhook","_id":"Tue Apr 10 2018 17:29:04 GMT+0000 (UTC)","_score":1,"_source":{"time":"April 10, 2018","device":"miniCam","message":"motion","location":"Exterior-FrontDoor","timestamp":"2018-04-10T17:29:04.389Z"}}
{"_index":"ifttt-2018-04-10","_type":"webhook","_id":"Tue Apr 10 2018 18:29:09 GMT+0000 (UTC)","_score":1,"_source":{"time":"April 10, 2018","device":"miniCam","message":"motion","location":"Exterior-FrontDoor","timestamp":"2018-04-10T18:29:09.970Z"}}
{"_index":"ifttt-2018-04-10","_type":"webhook","_id":"Tue Apr 10 2018 18:54:16 GMT+0000 (UTC)","_score":1,"_source":{"time":"April 10, 2018","device":"miniCam","message":"motion","location":"Exterior-FrontDoor","timestamp":"2018-04-10T18:54:16.282Z"}}
{"_index":"ifttt-2018-04-10","_type":"webhook","_id":"Tue Apr 10 2018 09:25:06 GMT+0000 (UTC)","_score":1,"_source":{"device":"Plug1","message":"Activated","time":" ","timestamp":"2018-04-10T09:25:06.015Z"}}
{"_index":"ifttt-2018-04-10","_type":"webhook","_id":"Tue Apr 10 2018 01:12:06 GMT+0000 (UTC)","_score":1,"_source":{"device":"Room1Plug1","message":"Activated","timestamp":"2018-04-10T01:12:06.813Z"}}
{"_index":"ifttt-2018-04-10","_type":"webhook","_id":"Tue Apr 10 2018 18:34:30 GMT+0000 (UTC)","_score":1,"_source":{"device":"Room1Lamp","message":"Off","timestamp":"2018-04-10T18:34:30.962Z"}}
{"_index":"ifttt-2018-04-10","_type":"webhook","_id":"Tue Apr 10 2018 12:32:14 GMT+0000 (UTC)","_score":1,"_source":{"time":"April 10, 2018","device":"miniCam","message":"motion","location":"Exterior-FrontDoor","timestamp":"2018-04-10T12:32:14.577Z"}}
{"_index":"ifttt-2018-04-10","_type":"webhook","_id":"Tue Apr 10 2018 19:09:07 GMT+0000 (UTC)","_score":1,"_source":{"time":"April 10, 2018","device":"miniCam","message":"motion","location":"Exterior-FrontDoor","timestamp":"2018-04-10T19:09:07.652Z"}}
{"_index":"ifttt-2018-04-10","_type":"webhook","_id":"Tue Apr 10 2018 19:14:33 GMT+0000 (UTC)","_score":1,"_source":{"time":"April 10, 2018","device":"miniCam","message":"motion","location":"Exterior-FrontDoor","timestamp":"2018-04-10T19:14:33.165Z"}}
{"_index":"ifttt-2018-04-10","_type":"webhook","_id":"Tue Apr 10 2018 19:24:08 GMT+0000 (UTC)","_score":1,"_source":{"time":"April 10, 2018","device":"miniCam","message":"motion","location":"Exterior-FrontDoor","timestamp":"2018-04-10T19:24:08.520Z"}}
{"_index":"ifttt-2018-04-10","_type":"webhook","_id":"Tue Apr 10 2018 19:34:24 GMT+0000 (UTC)","_score":1,"_source":{"time":"April 10, 2018","device":"miniCam","message":"motion","location":"Exterior-FrontDoor","timestamp":"2018-04-10T19:34:24.864Z"}}
{"_index":"ifttt-2018-04-10","_type":"webhook","_id":"Tue Apr 10 2018 19:18:11 GMT+0000 (UTC)","_score":1,"_source":{"device":"FrontLock1","status":"Unlocked","user":" Manny Kin","timestamp":"2018-04-10T19:18:11.019Z"}}
{"_index":"ifttt-2018-04-10","_type":"webhook","_id":"Tue Apr 10 2018 19:31:26 GMT+0000 (UTC)","_score":1,"_source":{"device":"FrontLock1","status":"Unlocked","user":" Manny Kin","timestamp":"2018-04-10T19:31:26.229Z"}}
{"_index":"ifttt-2018-04-10","_type":"webhook","_id":"Tue Apr 10 2018 19:30:31 GMT+0000 (UTC)","_score":1,"_source":{"device":"FrontLock1","status":"Locked","user":"Manny Kin","timestamp":"2018-04-10T19:30:31.312Z"}}
{"_index":"ifttt-2018-04-10","_type":"webhook","_id":"Tue Apr 10 2018 19:14:43 GMT+0000 (UTC)","_score":1,"_source":{"device":"Room1Lamp","message":"Off","timestamp":"2018-04-10T19:14:43.226Z"}}
{"_index":"ifttt-2018-04-10","_type":"webhook","_id":"Tue Apr 10 2018 19:34:37 GMT+0000 (UTC)","_score":1,"_source":{"device":"Room1Lamp","message":"Off","timestamp":"2018-04-10T19:34:37.130Z"}}
{"_index":"ifttt-2018-04-10","_type":"webhook","_id":"Tue Apr 10 2018 20:00:26 GMT+0000 (UTC)","_score":1,"_source":{"time":"April 10, 2018 at 04:00PM","device":"Alexa","message":"Voice Deactivation","target":"lamp","timestamp":"2018-04-10T20:00:26.091Z"}}
{"_index":"ifttt-2018-04-10","_type":"webhook","_id":"Tue Apr 10 2018 19:53:55 GMT+0000 (UTC)","_score":1,"_source":{"time":"April 10, 2018 at 03:53PM","device":"Alexa","message":"Voice Deactivation","target":"lamp","timestamp":"2018-04-10T19:53:55.078Z"}}
{"_index":"ifttt-2018-04-10","_type":"webhook","_id":"Tue Apr 10 2018 20:12:36 GMT+0000 (UTC)","_score":1,"_source":{"time":"April 10, 2018 at 04:12PM","device":"Alexa","message":"Voice Deactivation","target":"lamp","timestamp":"2018-04-10T20:12:36.327Z"}}
{"_index":"ifttt-2018-04-10","_type":"webhook","_id":"Tue Apr 10 2018 19:59:11 GMT+0000 (UTC)","_score":1,"_source":{"time":"April 10, 2018","device":"miniCam","message":"motion","location":"Exterior-FrontDoor","timestamp":"2018-04-10T19:59:11.009Z"}}
{"_index":"ifttt-2018-04-10","_type":"webhook","_id":"Tue Apr 10 2018 20:06:23 GMT+0000 (UTC)","_score":1,"_source":{"device":"FrontLock1","status":"Unlocked","user":" Manual Unlock","timestamp":"2018-04-10T20:06:23.364Z"}}
{"_index":"ifttt-2018-04-10","_type":"webhook","_id":"Tue Apr 10 2018 19:36:30 GMT+0000 (UTC)","_score":1,"_source":{"device":"FrontLock1","status":"Unlocked","user":" Manny Kin","timestamp":"2018-04-10T19:36:30.322Z"}}
{"_index":"ifttt-2018-04-10","_type":"webhook","_id":"Tue Apr 10 2018 20:15:19 GMT+0000 (UTC)","_score":1,"_source":{"device":"FrontLock1","status":"Locked","user":"Manual Lock","timestamp":"2018-04-10T20:15:19.238Z"}}
{"_index":"ifttt-2018-04-10","_type":"webhook","_id":"Tue Apr 10 2018 19:50:32 GMT+0000 (UTC)","_score":1,"_source":{"device":"FrontLock1","status":"Locked","user":"Manny Kin","timestamp":"2018-04-10T19:50:32.716Z"}}
{"_index":"ifttt-2018-04-10","_type":"webhook","_id":"Tue Apr 10 2018 20:04:01 GMT+0000 (UTC)","_score":1,"_source":{"device":"FrontLock1","status":"Locked","user":"Manny Kin","timestamp":"2018-04-10T20:04:01.905Z"}}
{"_index":"ifttt-2018-04-10","_type":"webhook","_id":"Tue Apr 10 2018 20:35:15 GMT+0000 (UTC)","_score":1,"_source":{"time":"April 10, 2018 at 04:35PM","device":"Alexa","message":"Voice Deactivation","target":"lamp","timestamp":"2018-04-10T20:35:15.542Z"}}
{"_index":"ifttt-2018-04-10","_type":"webhook","_id":"Tue Apr 10 2018 20:21:18 GMT+0000 (UTC)","_score":1,"_source":{"time":"April 10, 2018 at 04:21PM","device":"Alexa","message":"Voice Deactivation","target":"lamp","timestamp":"2018-04-10T20:21:18.529Z"}}
{"_index":"ifttt-2018-04-10","_type":"webhook","_id":"Tue Apr 10 2018 20:23:57 GMT+0000 (UTC)","_score":1,"_source":{"time":" April 10, 2018 at 04:23PM","device":"Alexa","message":"Voice Activation","target":"lamp","timestamp":"2018-04-10T20:23:57.643Z"}}
{"_index":"ifttt-2018-04-10","_type":"webhook","_id":"Tue Apr 10 2018 20:24:07 GMT+0000 (UTC)","_score":1,"_source":{"time":"April 10, 2018","device":"miniCam","message":"motion","location":"Exterior-FrontDoor","timestamp":"2018-04-10T20:24:07.438Z"}}
{"_index":"ifttt-2018-04-10","_type":"webhook","_id":"Tue Apr 10 2018 20:19:22 GMT+0000 (UTC)","_score":1,"_source":{"time":"April 10, 2018","device":"miniCam","message":"motion","location":"Exterior-FrontDoor","timestamp":"2018-04-10T20:19:22.352Z"}}
{"_index":"ifttt-2018-04-10","_type":"webhook","_id":"Tue Apr 10 2018 20:23:29 GMT+0000 (UTC)","_score":1,"_source":{"device":"FrontLock1","status":"Unlocked","user":" Manny Kin","timestamp":"2018-04-10T20:23:29.354Z"}}
{"_index":"ifttt-2018-04-10","_type":"webhook","_id":"Tue Apr 10 2018 20:30:13 GMT+0000 (UTC)","_score":1,"_source":{"device":"FrontLock1","status":"Locked","user":"Manny Kin","timestamp":"2018-04-10T20:30:13.476Z"}}
{"_index":"ifttt-2018-04-10","_type":"webhook","_id":"Tue Apr 10 2018 20:34:19 GMT+0000 (UTC)","_score":1,"_source":{"device":"Room1Lamp","message":"Off","timestamp":"2018-04-10T20:34:19.856Z"}}
{"_index":"ifttt-2018-04-10","_type":"webhook","_id":"Tue Apr 10 2018 20:29:09 GMT+0000 (UTC)","_score":1,"_source":{"time":"April 10, 2018","device":"miniCam","message":"motion","location":"Exterior-FrontDoor","timestamp":"2018-04-10T20:29:09.904Z"}}
{"_index":"ifttt-2018-04-10","_type":"webhook","_id":"Tue Apr 10 2018 20:39:07 GMT+0000 (UTC)","_score":1,"_source":{"time":"April 10, 2018","device":"miniCam","message":"motion","location":"Exterior-FrontDoor","timestamp":"2018-04-10T20:39:07.806Z"}}
{"_index":"ifttt-2018-04-10","_type":"webhook","_id":"Tue Apr 10 2018 20:41:32 GMT+0000 (UTC)","_score":1,"_source":{"time":"April 10, 2018 at 04:41PM","device":"Alexa","message":"Voice Deactivation","target":"lamp","timestamp":"2018-04-10T20:41:32.416Z"}}
{"_index":"ifttt-2018-04-10","_type":"webhook","_id":"Tue Apr 10 2018 20:47:26 GMT+0000 (UTC)","_score":1,"_source":{"device":"FrontLock1","status":"Unlocked","user":" Manny Kin","timestamp":"2018-04-10T20:47:26.074Z"}}
{"_index":"ifttt-2018-04-10","_type":"webhook","_id":"Tue Apr 10 2018 20:49:17 GMT+0000 (UTC)","_score":1,"_source":{"device":"FrontLock1","status":"Locked","user":"Manny Kin","timestamp":"2018-04-10T20:49:17.683Z"}}
{"_index":"ifttt-2018-04-10","_type":"webhook","_id":"Tue Apr 10 2018 20:59:18 GMT+0000 (UTC)","_score":1,"_source":{"time":"April 10, 2018","device":"miniCam","message":"motion","location":"Exterior-FrontDoor","timestamp":"2018-04-10T20:59:18.090Z"}}
{"_index":"ifttt-2018-04-10","_type":"webhook","_id":"Tue Apr 10 2018 21:09:19 GMT+0000 (UTC)","_score":1,"_source":{"device":"Room1Lamp","message":"Off","timestamp":"2018-04-10T21:09:19.630Z"}}
{"_index":"ifttt-2018-04-10","_type":"webhook","_id":"Tue Apr 10 2018 13:17:53 GMT+0000 (UTC)","_score":1,"_source":{"time":"April 10, 2018","device":"miniCam","message":"motion","location":"Exterior-FrontDoor","timestamp":"2018-04-10T13:17:53.237Z"}}
{"_index":"ifttt-2018-04-10","_type":"webhook","_id":"Tue Apr 10 2018 14:32:11 GMT+0000 (UTC)","_score":1,"_source":{"time":"April 10, 2018","device":"miniCam","message":"motion","location":"Exterior-FrontDoor","timestamp":"2018-04-10T14:32:11.164Z"}}
{"_index":"ifttt-2018-04-10","_type":"webhook","_id":"Tue Apr 10 2018 14:47:41 GMT+0000 (UTC)","_score":1,"_source":{"time":"April 10, 2018","device":"miniCam","message":"motion","location":"Exterior-FrontDoor","timestamp":"2018-04-10T14:47:41.970Z"}}
{"_index":"ifttt-2018-04-10","_type":"webhook","_id":"Tue Apr 10 2018 16:25:21 GMT+0000 (UTC)","_score":1,"_source":{"time":"April 10, 2018","device":"miniCam","message":"motion","location":"Exterior-FrontDoor","timestamp":"2018-04-10T16:25:21.891Z"}}
{"_index":"ifttt-2018-04-10","_type":"webhook","_id":"Tue Apr 10 2018 17:29:03 GMT+0000 (UTC)","_score":1,"_source":{"time":"April 10, 2018","device":"miniCam","message":"motion","location":"Exterior-FrontDoor","timestamp":"2018-04-10T17:29:03.640Z"}}
{"_index":"ifttt-2018-04-10","_type":"webhook","_id":"Tue Apr 10 2018 17:54:38 GMT+0000 (UTC)","_score":1,"_source":{"time":"April 10, 2018","device":"miniCam","message":"motion","location":"Exterior-FrontDoor","timestamp":"2018-04-10T17:54:38.004Z"}}
{"_index":"ifttt-2018-04-10","_type":"webhook","_id":"Tue Apr 10 2018 18:09:30 GMT+0000 (UTC)","_score":1,"_source":{"time":"April 10, 2018","device":"miniCam","message":"motion","location":"Exterior-FrontDoor","timestamp":"2018-04-10T18:09:30.099Z"}}
{"_index":"ifttt-2018-04-10","_type":"webhook","_id":"Tue Apr 10 2018 02:10:29 GMT+0000 (UTC)","_score":1,"_source":{"device":"Plug1","message":"Activated","time":" ","timestamp":"2018-04-10T02:10:29.201Z"}}
{"_index":"ifttt-2018-04-10","_type":"webhook","_id":"Tue Apr 10 2018 05:40:17 GMT+0000 (UTC)","_score":1,"_source":{"device":"Room1Lamp","message":"Activated","timestamp":"2018-04-10T05:40:17.049Z"}}
{"_index":"ifttt-2018-04-10","_type":"webhook","_id":"Tue Apr 10 2018 06:40:23 GMT+0000 (UTC)","_score":1,"_source":{"device":"Room1Lamp","message":"Activated","timestamp":"2018-04-10T06:40:23.675Z"}}
{"_index":"ifttt-2018-04-10","_type":"webhook","_id":"Tue Apr 10 2018 18:34:11 GMT+0000 (UTC)","_score":1,"_source":{"time":"April 10, 2018 at 02:34PM","device":"Alexa","message":"Voice Deactivation","target":"lamp","timestamp":"2018-04-10T18:34:11.727Z"}}
{"_index":"ifttt-2018-04-10","_type":"webhook","_id":"Tue Apr 10 2018 18:29:50 GMT+0000 (UTC)","_score":1,"_source":{"time":" April 10, 2018 at 02:29PM","device":"Alexa","message":"Voice Activation","target":"lamp","timestamp":"2018-04-10T18:29:50.435Z"}}
{"_index":"ifttt-2018-04-10","_type":"webhook","_id":"Tue Apr 10 2018 18:34:00 GMT+0000 (UTC)","_score":1,"_source":{"time":" April 10, 2018 at 02:33PM","device":"Alexa","message":"Voice Activation","target":"lamp","timestamp":"2018-04-10T18:34:00.620Z"}}
{"_index":"ifttt-2018-04-10","_type":"webhook","_id":"Tue Apr 10 2018 18:54:15 GMT+0000 (UTC)","_score":1,"_source":{"time":"April 10, 2018","device":"miniCam","message":"motion","location":"Exterior-FrontDoor","timestamp":"2018-04-10T18:54:15.679Z"}}
{"_index":"ifttt-2018-04-10","_type":"webhook","_id":"Tue Apr 10 2018 19:04:06 GMT+0000 (UTC)","_score":1,"_source":{"time":"April 10, 2018","device":"miniCam","message":"motion","location":"Exterior-FrontDoor","timestamp":"2018-04-10T19:04:06.568Z"}}
{"_index":"ifttt-2018-04-10","_type":"webhook","_id":"Tue Apr 10 2018 19:09:08 GMT+0000 (UTC)","_score":1,"_source":{"time":"April 10, 2018","device":"miniCam","message":"motion","location":"Exterior-FrontDoor","timestamp":"2018-04-10T19:09:08.236Z"}}
{"_index":"ifttt-2018-04-10","_type":"webhook","_id":"Tue Apr 10 2018 19:13:26 GMT+0000 (UTC)","_score":1,"_source":{"device":"FrontLock1","status":"Unlocked","user":" Manny Kin","timestamp":"2018-04-10T19:13:26.210Z"}}
{"_index":"ifttt-2018-04-10","_type":"webhook","_id":"Tue Apr 10 2018 19:09:06 GMT+0000 (UTC)","_score":1,"_source":{"device":"Room1Lamp","message":"Off","timestamp":"2018-04-10T19:09:06.582Z"}}
{"_index":"ifttt-2018-04-10","_type":"webhook","_id":"Tue Apr 10 2018 18:35:20 GMT+0000 (UTC)","_score":1,"_source":{"time":"April 10, 2018","device":"miniCam","message":"motion","location":"Exterior-FrontDoor","timestamp":"2018-04-10T18:35:20.846Z"}}
{"_index":"ifttt-2018-04-10","_type":"webhook","_id":"Tue Apr 10 2018 19:23:13 GMT+0000 (UTC)","_score":1,"_source":{"time":" April 10, 2018 at 03:22PM","device":"Alexa","message":"Voice Activation","target":"lamp","timestamp":"2018-04-10T19:23:13.057Z"}}
{"_index":"ifttt-2018-04-10","_type":"webhook","_id":"Tue Apr 10 2018 19:19:23 GMT+0000 (UTC)","_score":1,"_source":{"time":"April 10, 2018","device":"miniCam","message":"motion","location":"Exterior-FrontDoor","timestamp":"2018-04-10T19:19:23.258Z"}}
{"_index":"ifttt-2018-04-10","_type":"webhook","_id":"Tue Apr 10 2018 19:24:09 GMT+0000 (UTC)","_score":1,"_source":{"time":"April 10, 2018","device":"miniCam","message":"motion","location":"Exterior-FrontDoor","timestamp":"2018-04-10T19:24:09.048Z"}}
{"_index":"ifttt-2018-04-10","_type":"webhook","_id":"Tue Apr 10 2018 19:15:15 GMT+0000 (UTC)","_score":1,"_source":{"device":"FrontLock1","status":"Locked","user":"Manny Kin","timestamp":"2018-04-10T19:15:15.832Z"}}
{"_index":"ifttt-2018-04-10","_type":"webhook","_id":"Tue Apr 10 2018 19:21:29 GMT+0000 (UTC)","_score":1,"_source":{"device":"FrontLock1","status":"Locked","user":"Manny Kin","timestamp":"2018-04-10T19:21:29.102Z"}}
{"_index":"ifttt-2018-04-10","_type":"webhook","_id":"Tue Apr 10 2018 19:24:36 GMT+0000 (UTC)","_score":1,"_source":{"device":"FrontLock1","status":"Locked","user":"Manny Kin","timestamp":"2018-04-10T19:24:36.541Z"}}
{"_index":"ifttt-2018-04-10","_type":"webhook","_id":"Tue Apr 10 2018 19:19:17 GMT+0000 (UTC)","_score":1,"_source":{"device":"Room1Lamp","message":"Off","timestamp":"2018-04-10T19:19:17.166Z"}}
{"_index":"ifttt-2018-04-10","_type":"webhook","_id":"Tue Apr 10 2018 19:14:32 GMT+0000 (UTC)","_score":1,"_source":{"time":"April 10, 2018","device":"miniCam","message":"motion","location":"Exterior-FrontDoor","timestamp":"2018-04-10T19:14:32.548Z"}}
{"_index":"ifttt-2018-04-10","_type":"webhook","_id":"Tue Apr 10 2018 19:19:22 GMT+0000 (UTC)","_score":1,"_source":{"time":"April 10, 2018","device":"miniCam","message":"motion","location":"Exterior-FrontDoor","timestamp":"2018-04-10T19:19:22.776Z"}}
{"_index":"ifttt-2018-04-10","_type":"webhook","_id":"Tue Apr 10 2018 19:29:31 GMT+0000 (UTC)","_score":1,"_source":{"time":"April 10, 2018 at 03:29PM","device":"Alexa","message":"Voice Deactivation","target":"lamp","timestamp":"2018-04-10T19:29:31.595Z"}}
{"_index":"ifttt-2018-04-10","_type":"webhook","_id":"Tue Apr 10 2018 19:37:11 GMT+0000 (UTC)","_score":1,"_source":{"time":"April 10, 2018 at 03:37PM","device":"Alexa","message":"Voice Deactivation","target":"lamp","timestamp":"2018-04-10T19:37:11.664Z"}}
{"_index":"ifttt-2018-04-10","_type":"webhook","_id":"Tue Apr 10 2018 19:26:28 GMT+0000 (UTC)","_score":1,"_source":{"time":"April 10, 2018 at 03:26PM","device":"Alexa","message":"Voice Deactivation","target":"lamp","timestamp":"2018-04-10T19:26:28.988Z"}}
{"_index":"ifttt-2018-04-10","_type":"webhook","_id":"Tue Apr 10 2018 19:32:05 GMT+0000 (UTC)","_score":1,"_source":{"time":" April 10, 2018 at 03:31PM","device":"Alexa","message":"Voice Activation","target":"lamp","timestamp":"2018-04-10T19:32:05.236Z"}}
{"_index":"ifttt-2018-04-10","_type":"webhook","_id":"Tue Apr 10 2018 19:26:08 GMT+0000 (UTC)","_score":1,"_source":{"time":" April 10, 2018 at 03:25PM","device":"Alexa","message":"Voice Activation","target":"lamp","timestamp":"2018-04-10T19:26:08.991Z"}}
{"_index":"ifttt-2018-04-10","_type":"webhook","_id":"Tue Apr 10 2018 19:29:11 GMT+0000 (UTC)","_score":1,"_source":{"time":"April 10, 2018","device":"miniCam","message":"motion","location":"Exterior-FrontDoor","timestamp":"2018-04-10T19:29:11.595Z"}}
{"_index":"ifttt-2018-04-10","_type":"webhook","_id":"Tue Apr 10 2018 19:31:45 GMT+0000 (UTC)","_score":1,"_source":{"device":"FrontLock1","status":"Unlocked","user":" Manual Unlock","timestamp":"2018-04-10T19:31:45.857Z"}}
{"_index":"ifttt-2018-04-10","_type":"webhook","_id":"Tue Apr 10 2018 19:25:33 GMT+0000 (UTC)","_score":1,"_source":{"device":"FrontLock1","status":"Unlocked","user":" Manny Kin","timestamp":"2018-04-10T19:25:33.001Z"}}
{"_index":"ifttt-2018-04-10","_type":"webhook","_id":"Tue Apr 10 2018 19:35:38 GMT+0000 (UTC)","_score":1,"_source":{"device":"FrontLock1","status":"Locked","user":"Manny Kin","timestamp":"2018-04-10T19:35:38.660Z"}}
{"_index":"ifttt-2018-04-10","_type":"webhook","_id":"Tue Apr 10 2018 20:00:06 GMT+0000 (UTC)","_score":1,"_source":{"time":" April 10, 2018 at 04:00PM","device":"Alexa","message":"Voice Activation","target":"lamp","timestamp":"2018-04-10T20:00:06.200Z"}}
{"_index":"ifttt-2018-04-10","_type":"webhook","_id":"Tue Apr 10 2018 19:44:26 GMT+0000 (UTC)","_score":1,"_source":{"time":"April 10, 2018","device":"miniCam","message":"motion","location":"Exterior-FrontDoor","timestamp":"2018-04-10T19:44:26.476Z"}}
{"_index":"ifttt-2018-04-10","_type":"webhook","_id":"Tue Apr 10 2018 19:40:26 GMT+0000 (UTC)","_score":1,"_source":{"device":"FrontLock1","status":"Unlocked","user":" Manny Kin","timestamp":"2018-04-10T19:40:26.526Z"}}
{"_index":"ifttt-2018-04-10","_type":"webhook","_id":"Tue Apr 10 2018 19:56:38 GMT+0000 (UTC)","_score":1,"_source":{"device":"FrontLock1","status":"Unlocked","user":" Manny Kin","timestamp":"2018-04-10T19:56:38.876Z"}}
{"_index":"ifttt-2018-04-10","_type":"webhook","_id":"Tue Apr 10 2018 19:38:25 GMT+0000 (UTC)","_score":1,"_source":{"device":"FrontLock1","status":"Locked","user":"Manny Kin","timestamp":"2018-04-10T19:38:25.163Z"}}
{"_index":"ifttt-2018-04-10","_type":"webhook","_id":"Tue Apr 10 2018 19:42:24 GMT+0000 (UTC)","_score":1,"_source":{"device":"FrontLock1","status":"Locked","user":"Manny Kin","timestamp":"2018-04-10T19:42:24.918Z"}}
{"_index":"ifttt-2018-04-10","_type":"webhook","_id":"Tue Apr 10 2018 19:58:06 GMT+0000 (UTC)","_score":1,"_source":{"device":"FrontLock1","status":"Locked","user":"Manny Kin","timestamp":"2018-04-10T19:58:06.688Z"}}
{"_index":"ifttt-2018-04-10","_type":"webhook","_id":"Tue Apr 10 2018 19:39:18 GMT+0000 (UTC)","_score":1,"_source":{"device":"Room1Lamp","message":"Off","timestamp":"2018-04-10T19:39:18.754Z"}}
{"_index":"ifttt-2018-04-10","_type":"webhook","_id":"Tue Apr 10 2018 19:54:35 GMT+0000 (UTC)","_score":1,"_source":{"device":"Room1Lamp","message":"Off","timestamp":"2018-04-10T19:54:35.277Z"}}
{"_index":"ifttt-2018-04-10","_type":"webhook","_id":"Tue Apr 10 2018 20:03:12 GMT+0000 (UTC)","_score":1,"_source":{"time":"April 10, 2018 at 04:03PM","device":"Alexa","message":"Voice Deactivation","target":"lamp","timestamp":"2018-04-10T20:03:12.413Z"}}
{"_index":"ifttt-2018-04-10","_type":"webhook","_id":"Tue Apr 10 2018 20:09:35 GMT+0000 (UTC)","_score":1,"_source":{"time":"April 10, 2018 at 04:09PM","device":"Alexa","message":"Voice Deactivation","target":"lamp","timestamp":"2018-04-10T20:09:35.588Z"}}
{"_index":"ifttt-2018-04-10","_type":"webhook","_id":"Tue Apr 10 2018 20:15:16 GMT+0000 (UTC)","_score":1,"_source":{"time":"April 10, 2018 at 04:15PM","device":"Alexa","message":"Voice Deactivation","target":"lamp","timestamp":"2018-04-10T20:15:16.731Z"}}
{"_index":"ifttt-2018-04-10","_type":"webhook","_id":"Tue Apr 10 2018 20:08:51 GMT+0000 (UTC)","_score":1,"_source":{"time":" April 10, 2018 at 04:08PM","device":"Alexa","message":"Voice Activation","target":"lamp","timestamp":"2018-04-10T20:08:51.449Z"}}
{"_index":"ifttt-2018-04-10","_type":"webhook","_id":"Tue Apr 10 2018 20:09:27 GMT+0000 (UTC)","_score":1,"_source":{"time":"April 10, 2018","device":"miniCam","message":"motion","location":"Exterior-FrontDoor","timestamp":"2018-04-10T20:09:27.587Z"}}
{"_index":"ifttt-2018-04-10","_type":"webhook","_id":"Tue Apr 10 2018 20:11:34 GMT+0000 (UTC)","_score":1,"_source":{"device":"FrontLock1","status":"Unlocked","user":" Manny Kin","timestamp":"2018-04-10T20:11:34.376Z"}}
{"_index":"ifttt-2018-04-10","_type":"webhook","_id":"Tue Apr 10 2018 20:02:34 GMT+0000 (UTC)","_score":1,"_source":{"device":"FrontLock1","status":"Unlocked","user":" Manny Kin","timestamp":"2018-04-10T20:02:34.946Z"}}
{"_index":"ifttt-2018-04-10","_type":"webhook","_id":"Tue Apr 10 2018 20:05:36 GMT+0000 (UTC)","_score":1,"_source":{"device":"FrontLock1","status":"Unlocked","user":" Manny Kin","timestamp":"2018-04-10T20:05:36.926Z"}}
{"_index":"ifttt-2018-04-10","_type":"webhook","_id":"Tue Apr 10 2018 20:04:59 GMT+0000 (UTC)","_score":1,"_source":{"device":"Room1Lamp","message":"Off","timestamp":"2018-04-10T20:04:59.010Z"}}
{"_index":"ifttt-2018-04-10","_type":"webhook","_id":"Tue Apr 10 2018 20:17:54 GMT+0000 (UTC)","_score":1,"_source":{"time":" April 10, 2018 at 04:17PM","device":"Alexa","message":"Voice Activation","target":"lamp","timestamp":"2018-04-10T20:17:54.014Z"}}
{"_index":"ifttt-2018-04-10","_type":"webhook","_id":"Tue Apr 10 2018 20:35:06 GMT+0000 (UTC)","_score":1,"_source":{"time":" April 10, 2018 at 04:34PM","device":"Alexa","message":"Voice Activation","target":"lamp","timestamp":"2018-04-10T20:35:06.801Z"}}
{"_index":"ifttt-2018-04-10","_type":"webhook","_id":"Tue Apr 10 2018 20:19:21 GMT+0000 (UTC)","_score":1,"_source":{"time":"April 10, 2018","device":"miniCam","message":"motion","location":"Exterior-FrontDoor","timestamp":"2018-04-10T20:19:21.930Z"}}
{"_index":"ifttt-2018-04-10","_type":"webhook","_id":"Tue Apr 10 2018 20:15:18 GMT+0000 (UTC)","_score":1,"_source":{"device":"FrontLock1","status":"Unlocked","user":" Manual Unlock","timestamp":"2018-04-10T20:15:18.271Z"}}
{"_index":"ifttt-2018-04-10","_type":"webhook","_id":"Tue Apr 10 2018 20:34:32 GMT+0000 (UTC)","_score":1,"_source":{"device":"FrontLock1","status":"Unlocked","user":" Manny Kin","timestamp":"2018-04-10T20:34:32.773Z"}}
{"_index":"ifttt-2018-04-10","_type":"webhook","_id":"Tue Apr 10 2018 20:22:07 GMT+0000 (UTC)","_score":1,"_source":{"device":"FrontLock1","status":"Locked","user":"Manny Kin","timestamp":"2018-04-10T20:22:07.293Z"}}
{"_index":"ifttt-2018-04-10","_type":"webhook","_id":"Tue Apr 10 2018 20:25:03 GMT+0000 (UTC)","_score":1,"_source":{"device":"FrontLock1","status":"Locked","user":"Manny Kin","timestamp":"2018-04-10T20:25:03.629Z"}}
{"_index":"ifttt-2018-04-10","_type":"webhook","_id":"Tue Apr 10 2018 20:36:20 GMT+0000 (UTC)","_score":1,"_source":{"device":"FrontLock1","status":"Locked","user":"Manny Kin","timestamp":"2018-04-10T20:36:20.837Z"}}
{"_index":"ifttt-2018-04-10","_type":"webhook","_id":"Tue Apr 10 2018 20:27:17 GMT+0000 (UTC)","_score":1,"_source":{"device":"FrontLock1","status":"Locked","user":"Manual Lock","timestamp":"2018-04-10T20:27:17.376Z"}}
{"_index":"ifttt-2018-04-10","_type":"webhook","_id":"Tue Apr 10 2018 20:38:16 GMT+0000 (UTC)","_score":1,"_source":{"time":" April 10, 2018 at 04:38PM","device":"Alexa","message":"Voice Activation","target":"lamp","timestamp":"2018-04-10T20:38:16.453Z"}}
{"_index":"ifttt-2018-04-10","_type":"webhook","_id":"Tue Apr 10 2018 20:39:06 GMT+0000 (UTC)","_score":1,"_source":{"time":"April 10, 2018","device":"miniCam","message":"motion","location":"Exterior-FrontDoor","timestamp":"2018-04-10T20:39:06.857Z"}}
{"_index":"ifttt-2018-04-10","_type":"webhook","_id":"Tue Apr 10 2018 20:44:14 GMT+0000 (UTC)","_score":1,"_source":{"time":"April 10, 2018 at 04:44PM","device":"Alexa","message":"Voice Deactivation","target":"lamp","timestamp":"2018-04-10T20:44:14.097Z"}}
{"_index":"ifttt-2018-04-10","_type":"webhook","_id":"Tue Apr 10 2018 20:44:17 GMT+0000 (UTC)","_score":1,"_source":{"time":"April 10, 2018","device":"miniCam","message":"motion","location":"Exterior-FrontDoor","timestamp":"2018-04-10T20:44:17.452Z"}}
{"_index":"ifttt-2018-04-10","_type":"webhook","_id":"Tue Apr 10 2018 20:44:31 GMT+0000 (UTC)","_score":1,"_source":{"device":"Plug1","message":"Activated","time":" ","timestamp":"2018-04-10T20:44:31.827Z"}}
{"_index":"ifttt-2018-04-10","_type":"webhook","_id":"Tue Apr 10 2018 20:47:43 GMT+0000 (UTC)","_score":1,"_source":{"device":"FrontLock1","status":"Unlocked","user":" Manual Unlock","timestamp":"2018-04-10T20:47:43.877Z"}}
{"_index":"ifttt-2018-04-10","_type":"webhook","_id":"Tue Apr 10 2018 20:48:06 GMT+0000 (UTC)","_score":1,"_source":{"time":" April 10, 2018 at 04:47PM","device":"Alexa","message":"Voice Activation","target":"lamp","timestamp":"2018-04-10T20:48:06.034Z"}}
{"_index":"ifttt-2018-04-10","_type":"webhook","_id":"Tue Apr 10 2018 20:49:25 GMT+0000 (UTC)","_score":1,"_source":{"time":"April 10, 2018","device":"miniCam","message":"motion","location":"Exterior-FrontDoor","timestamp":"2018-04-10T20:49:25.052Z"}}
{"_index":"ifttt-2018-04-10","_type":"webhook","_id":"Tue Apr 10 2018 19:14:13 GMT+0000 (UTC)","_score":1,"_source":{"time":"April 10, 2018 at 03:14PM","device":"Alexa","message":"Voice Deactivation","target":"lamp","timestamp":"2018-04-10T19:14:13.464Z"}}
{"_index":"ifttt-2018-04-10","_type":"webhook","_id":"Tue Apr 10 2018 19:17:03 GMT+0000 (UTC)","_score":1,"_source":{"time":" April 10, 2018 at 03:16PM","device":"Alexa","message":"Voice Activation","target":"lamp","timestamp":"2018-04-10T19:17:03.872Z"}}
{"_index":"ifttt-2018-04-10","_type":"webhook","_id":"Tue Apr 10 2018 12:32:13 GMT+0000 (UTC)","_score":1,"_source":{"time":"April 10, 2018","device":"miniCam","message":"motion","location":"Exterior-FrontDoor","timestamp":"2018-04-10T12:32:13.575Z"}}
{"_index":"ifttt-2018-04-10","_type":"webhook","_id":"Tue Apr 10 2018 17:34:15 GMT+0000 (UTC)","_score":1,"_source":{"time":"April 10, 2018","device":"miniCam","message":"motion","location":"Exterior-FrontDoor","timestamp":"2018-04-10T17:34:15.293Z"}}
{"_index":"ifttt-2018-04-10","_type":"webhook","_id":"Tue Apr 10 2018 17:44:21 GMT+0000 (UTC)","_score":1,"_source":{"time":"April 10, 2018","device":"miniCam","message":"motion","location":"Exterior-FrontDoor","timestamp":"2018-04-10T17:44:21.331Z"}}
{"_index":"ifttt-2018-04-10","_type":"webhook","_id":"Tue Apr 10 2018 18:35:21 GMT+0000 (UTC)","_score":1,"_source":{"time":"April 10, 2018","device":"miniCam","message":"motion","location":"Exterior-FrontDoor","timestamp":"2018-04-10T18:35:21.244Z"}}
{"_index":"ifttt-2018-04-10","_type":"webhook","_id":"Tue Apr 10 2018 19:18:10 GMT+0000 (UTC)","_score":1,"_source":{"device":"FrontLock1","status":"Locked","user":"Manny Kin","timestamp":"2018-04-10T19:18:10.540Z"}}
{"_index":"ifttt-2018-04-10","_type":"webhook","_id":"Tue Apr 10 2018 03:12:16 GMT+0000 (UTC)","_score":1,"_source":{"device":"Room1Plug1","message":"Activated","timestamp":"2018-04-10T03:12:16.790Z"}}
{"_index":"ifttt-2018-04-10","_type":"webhook","_id":"Tue Apr 10 2018 01:25:32 GMT+0000 (UTC)","_score":1,"_source":{"device":"Room1Lamp","message":"Activated","timestamp":"2018-04-10T01:25:32.026Z"}}
{"_index":"ifttt-2018-04-10","_type":"webhook","_id":"Tue Apr 10 2018 18:59:09 GMT+0000 (UTC)","_score":1,"_source":{"time":"April 10, 2018","device":"miniCam","message":"motion","location":"Exterior-FrontDoor","timestamp":"2018-04-10T18:59:09.916Z"}}
{"_index":"ifttt-2018-04-10","_type":"webhook","_id":"Tue Apr 10 2018 19:20:29 GMT+0000 (UTC)","_score":1,"_source":{"time":"April 10, 2018 at 03:20PM","device":"Alexa","message":"Voice Deactivation","target":"lamp","timestamp":"2018-04-10T19:20:29.225Z"}}
{"_index":"ifttt-2018-04-10","_type":"webhook","_id":"Tue Apr 10 2018 19:40:50 GMT+0000 (UTC)","_score":1,"_source":{"time":" April 10, 2018 at 03:40PM","device":"Alexa","message":"Voice Activation","target":"lamp","timestamp":"2018-04-10T19:40:50.425Z"}}
{"_index":"ifttt-2018-04-10","_type":"webhook","_id":"Tue Apr 10 2018 19:29:12 GMT+0000 (UTC)","_score":1,"_source":{"time":"April 10, 2018","device":"miniCam","message":"motion","location":"Exterior-FrontDoor","timestamp":"2018-04-10T19:29:12.486Z"}}
{"_index":"ifttt-2018-04-10","_type":"webhook","_id":"Tue Apr 10 2018 19:44:27 GMT+0000 (UTC)","_score":1,"_source":{"time":"April 10, 2018","device":"miniCam","message":"motion","location":"Exterior-FrontDoor","timestamp":"2018-04-10T19:44:27.266Z"}}
{"_index":"ifttt-2018-04-10","_type":"webhook","_id":"Tue Apr 10 2018 19:22:26 GMT+0000 (UTC)","_score":1,"_source":{"device":"FrontLock1","status":"Unlocked","user":" Manny Kin","timestamp":"2018-04-10T19:22:26.274Z"}}
{"_index":"ifttt-2018-04-10","_type":"webhook","_id":"Tue Apr 10 2018 19:35:29 GMT+0000 (UTC)","_score":1,"_source":{"device":"FrontLock1","status":"Unlocked","user":" Manny Kin","timestamp":"2018-04-10T19:35:29.944Z"}}
{"_index":"ifttt-2018-04-10","_type":"webhook","_id":"Tue Apr 10 2018 19:33:29 GMT+0000 (UTC)","_score":1,"_source":{"device":"FrontLock1","status":"Locked","user":"Manny Kin","timestamp":"2018-04-10T19:33:29.303Z"}}
{"_index":"ifttt-2018-04-10","_type":"webhook","_id":"Tue Apr 10 2018 19:44:39 GMT+0000 (UTC)","_score":1,"_source":{"device":"Room1Lamp","message":"Off","timestamp":"2018-04-10T19:44:39.633Z"}}
{"_index":"ifttt-2018-04-10","_type":"webhook","_id":"Tue Apr 10 2018 19:44:25 GMT+0000 (UTC)","_score":1,"_source":{"time":"April 10, 2018","device":"miniCam","message":"motion","location":"Exterior-FrontDoor","timestamp":"2018-04-10T19:44:25.983Z"}}
{"_index":"ifttt-2018-04-10","_type":"webhook","_id":"Tue Apr 10 2018 19:49:23 GMT+0000 (UTC)","_score":1,"_source":{"time":"April 10, 2018","device":"miniCam","message":"motion","location":"Exterior-FrontDoor","timestamp":"2018-04-10T19:49:23.450Z"}}
{"_index":"ifttt-2018-04-10","_type":"webhook","_id":"Tue Apr 10 2018 19:49:24 GMT+0000 (UTC)","_score":1,"_source":{"time":"April 10, 2018","device":"miniCam","message":"motion","location":"Exterior-FrontDoor","timestamp":"2018-04-10T19:49:24.153Z"}}
{"_index":"ifttt-2018-04-10","_type":"webhook","_id":"Tue Apr 10 2018 19:57:35 GMT+0000 (UTC)","_score":1,"_source":{"time":"April 10, 2018 at 03:57PM","device":"Alexa","message":"Voice Deactivation","target":"lamp","timestamp":"2018-04-10T19:57:35.943Z"}}
{"_index":"ifttt-2018-04-10","_type":"webhook","_id":"Tue Apr 10 2018 20:02:53 GMT+0000 (UTC)","_score":1,"_source":{"time":" April 10, 2018 at 04:02PM","device":"Alexa","message":"Voice Activation","target":"lamp","timestamp":"2018-04-10T20:02:53.745Z"}}
{"_index":"ifttt-2018-04-10","_type":"webhook","_id":"Tue Apr 10 2018 19:48:38 GMT+0000 (UTC)","_score":1,"_source":{"device":"FrontLock1","status":"Unlocked","user":" Manny Kin","timestamp":"2018-04-10T19:48:38.534Z"}}
{"_index":"ifttt-2018-04-10","_type":"webhook","_id":"Tue Apr 10 2018 19:59:36 GMT+0000 (UTC)","_score":1,"_source":{"device":"FrontLock1","status":"Unlocked","user":" Manny Kin","timestamp":"2018-04-10T19:59:36.451Z"}}
{"_index":"ifttt-2018-04-10","_type":"webhook","_id":"Tue Apr 10 2018 20:08:31 GMT+0000 (UTC)","_score":1,"_source":{"device":"FrontLock1","status":"Unlocked","user":" Manny Kin","timestamp":"2018-04-10T20:08:31.319Z"}}
{"_index":"ifttt-2018-04-10","_type":"webhook","_id":"Tue Apr 10 2018 20:01:18 GMT+0000 (UTC)","_score":1,"_source":{"device":"FrontLock1","status":"Locked","user":"Manny Kin","timestamp":"2018-04-10T20:01:18.625Z"}}
{"_index":"ifttt-2018-04-10","_type":"webhook","_id":"Tue Apr 10 2018 19:59:19 GMT+0000 (UTC)","_score":1,"_source":{"device":"Room1Lamp","message":"Off","timestamp":"2018-04-10T19:59:19.557Z"}}
{"_index":"ifttt-2018-04-10","_type":"webhook","_id":"Tue Apr 10 2018 20:14:21 GMT+0000 (UTC)","_score":1,"_source":{"time":"April 10, 2018","device":"miniCam","message":"motion","location":"Exterior-FrontDoor","timestamp":"2018-04-10T20:14:21.888Z"}}
{"_index":"ifttt-2018-04-10","_type":"webhook","_id":"Tue Apr 10 2018 20:29:01 GMT+0000 (UTC)","_score":1,"_source":{"time":"April 10, 2018 at 04:29PM","device":"Alexa","message":"Voice Deactivation","target":"lamp","timestamp":"2018-04-10T20:29:01.936Z"}}
{"_index":"ifttt-2018-04-10","_type":"webhook","_id":"Tue Apr 10 2018 20:15:03 GMT+0000 (UTC)","_score":1,"_source":{"time":" April 10, 2018 at 04:14PM","device":"Alexa","message":"Voice Activation","target":"lamp","timestamp":"2018-04-10T20:15:03.211Z"}}
{"_index":"ifttt-2018-04-10","_type":"webhook","_id":"Tue Apr 10 2018 20:39:08 GMT+0000 (UTC)","_score":1,"_source":{"time":"April 10, 2018","device":"miniCam","message":"motion","location":"Exterior-FrontDoor","timestamp":"2018-04-10T20:39:08.254Z"}}
{"_index":"ifttt-2018-04-10","_type":"webhook","_id":"Tue Apr 10 2018 20:37:39 GMT+0000 (UTC)","_score":1,"_source":{"device":"FrontLock1","status":"Unlocked","user":" Manny Kin","timestamp":"2018-04-10T20:37:39.977Z"}}
{"_index":"ifttt-2018-04-10","_type":"webhook","_id":"Tue Apr 10 2018 20:17:30 GMT+0000 (UTC)","_score":1,"_source":{"device":"FrontLock1","status":"Unlocked","user":" Manny Kin","timestamp":"2018-04-10T20:17:30.505Z"}}
{"_index":"ifttt-2018-04-10","_type":"webhook","_id":"Tue Apr 10 2018 20:28:23 GMT+0000 (UTC)","_score":1,"_source":{"device":"FrontLock1","status":"Unlocked","user":" Manny Kin","timestamp":"2018-04-10T20:28:23.056Z"}}
{"_index":"ifttt-2018-04-10","_type":"webhook","_id":"Tue Apr 10 2018 20:16:02 GMT+0000 (UTC)","_score":1,"_source":{"device":"FrontLock1","status":"Locked","user":"Manny Kin","timestamp":"2018-04-10T20:16:02.923Z"}}
{"_index":"ifttt-2018-04-10","_type":"webhook","_id":"Tue Apr 10 2018 20:39:32 GMT+0000 (UTC)","_score":1,"_source":{"device":"Room1Lamp","message":"Off","timestamp":"2018-04-10T20:39:32.013Z"}}
{"_index":"ifttt-2018-04-10","_type":"webhook","_id":"Tue Apr 10 2018 20:44:50 GMT+0000 (UTC)","_score":1,"_source":{"device":"Room1Lamp","message":"Off","timestamp":"2018-04-10T20:44:50.933Z"}}
{"_index":"ifttt-2018-04-10","_type":"webhook","_id":"Tue Apr 10 2018 20:49:22 GMT+0000 (UTC)","_score":1,"_source":{"device":"Room1Lamp","message":"Off","timestamp":"2018-04-10T20:49:22.786Z"}}
{"_index":"ifttt-2018-04-10","_type":"webhook","_id":"Tue Apr 10 2018 21:24:07 GMT+0000 (UTC)","_score":1,"_source":{"time":"April 10, 2018","device":"miniCam","message":"motion","location":"Exterior-FrontDoor","timestamp":"2018-04-10T21:24:07.096Z"}}
{"_index":"ifttt-2018-04-10","_type":"webhook","_id":"Tue Apr 10 2018 22:31:20 GMT+0000 (UTC)","_score":1,"_source":{"device":"Room1Plug1","message":"Activated","timestamp":"2018-04-10T22:31:20.944Z"}}
{"_index":"ifttt-2018-04-10","_type":"webhook","_id":"Tue Apr 10 2018 11:47:12 GMT+0000 (UTC)","_score":1,"_source":{"time":"April 10, 2018","device":"miniCam","message":"motion","location":"Exterior-FrontDoor","timestamp":"2018-04-10T11:47:12.476Z"}}
{"_index":"ifttt-2018-04-10","_type":"webhook","_id":"Tue Apr 10 2018 12:17:36 GMT+0000 (UTC)","_score":1,"_source":{"time":"April 10, 2018","device":"miniCam","message":"motion","location":"Exterior-FrontDoor","timestamp":"2018-04-10T12:17:36.520Z"}}
{"_index":"ifttt-2018-04-10","_type":"webhook","_id":"Tue Apr 10 2018 15:02:27 GMT+0000 (UTC)","_score":1,"_source":{"time":"April 10, 2018","device":"miniCam","message":"motion","location":"Exterior-FrontDoor","timestamp":"2018-04-10T15:02:27.250Z"}}
{"_index":"ifttt-2018-04-10","_type":"webhook","_id":"Tue Apr 10 2018 16:02:44 GMT+0000 (UTC)","_score":1,"_source":{"time":"April 10, 2018","device":"miniCam","message":"motion","location":"Exterior-FrontDoor","timestamp":"2018-04-10T16:02:44.816Z"}}
{"_index":"ifttt-2018-04-10","_type":"webhook","_id":"Tue Apr 10 2018 16:02:45 GMT+0000 (UTC)","_score":1,"_source":{"time":"April 10, 2018","device":"miniCam","message":"motion","location":"Exterior-FrontDoor","timestamp":"2018-04-10T16:02:45.527Z"}}
{"_index":"ifttt-2018-04-10","_type":"webhook","_id":"Tue Apr 10 2018 17:04:24 GMT+0000 (UTC)","_score":1,"_source":{"time":"April 10, 2018","device":"miniCam","message":"motion","location":"Exterior-FrontDoor","timestamp":"2018-04-10T17:04:24.307Z"}}
{"_index":"ifttt-2018-04-10","_type":"webhook","_id":"Tue Apr 10 2018 17:34:14 GMT+0000 (UTC)","_score":1,"_source":{"time":"April 10, 2018","device":"miniCam","message":"motion","location":"Exterior-FrontDoor","timestamp":"2018-04-10T17:34:14.709Z"}}
{"_index":"ifttt-2018-04-10","_type":"webhook","_id":"Tue Apr 10 2018 17:49:16 GMT+0000 (UTC)","_score":1,"_source":{"time":"April 10, 2018","device":"miniCam","message":"motion","location":"Exterior-FrontDoor","timestamp":"2018-04-10T17:49:16.112Z"}}
{"_index":"ifttt-2018-04-10","_type":"webhook","_id":"Tue Apr 10 2018 17:25:12 GMT+0000 (UTC)","_score":1,"_source":{"device":"Room1Plug1","message":"Activated","timestamp":"2018-04-10T17:25:12.919Z"}}
{"_index":"ifttt-2018-04-10","_type":"webhook","_id":"Tue Apr 10 2018 15:55:17 GMT+0000 (UTC)","_score":1,"_source":{"device":"Room1Lamp","message":"Activated","timestamp":"2018-04-10T15:55:17.219Z"}}
{"_index":"ifttt-2018-04-10","_type":"webhook","_id":"Tue Apr 10 2018 19:23:35 GMT+0000 (UTC)","_score":1,"_source":{"time":"April 10, 2018 at 03:23PM","device":"Alexa","message":"Voice Deactivation","target":"lamp","timestamp":"2018-04-10T19:23:35.831Z"}}
{"_index":"ifttt-2018-04-10","_type":"webhook","_id":"Tue Apr 10 2018 19:13:51 GMT+0000 (UTC)","_score":1,"_source":{"time":" April 10, 2018 at 03:13PM","device":"Alexa","message":"Voice Activation","target":"lamp","timestamp":"2018-04-10T19:13:51.844Z"}}
{"_index":"ifttt-2018-04-10","_type":"webhook","_id":"Tue Apr 10 2018 18:59:08 GMT+0000 (UTC)","_score":1,"_source":{"time":"April 10, 2018","device":"miniCam","message":"motion","location":"Exterior-FrontDoor","timestamp":"2018-04-10T18:59:08.797Z"}}
{"_index":"ifttt-2018-04-10","_type":"webhook","_id":"Tue Apr 10 2018 19:04:07 GMT+0000 (UTC)","_score":1,"_source":{"time":"April 10, 2018","device":"miniCam","message":"motion","location":"Exterior-FrontDoor","timestamp":"2018-04-10T19:04:07.271Z"}}
{"_index":"ifttt-2018-04-10","_type":"webhook","_id":"Tue Apr 10 2018 19:19:21 GMT+0000 (UTC)","_score":1,"_source":{"time":"April 10, 2018","device":"miniCam","message":"motion","location":"Exterior-FrontDoor","timestamp":"2018-04-10T19:19:21.532Z"}}
{"_index":"ifttt-2018-04-10","_type":"webhook","_id":"Tue Apr 10 2018 19:25:47 GMT+0000 (UTC)","_score":1,"_source":{"device":"FrontLock1","status":"Unlocked","user":" Manual Unlock","timestamp":"2018-04-10T19:25:47.156Z"}}
{"_index":"ifttt-2018-04-10","_type":"webhook","_id":"Tue Apr 10 2018 19:19:31 GMT+0000 (UTC)","_score":1,"_source":{"device":"FrontLock1","status":"Unlocked","user":" Manny Kin","timestamp":"2018-04-10T19:19:31.692Z"}}
{"_index":"ifttt-2018-04-10","_type":"webhook","_id":"Tue Apr 10 2018 19:05:50 GMT+0000 (UTC)","_score":1,"_source":{"device":"FrontLock1","status":"Locked","user":"Manny Kin","timestamp":"2018-04-10T19:05:50.787Z"}}
{"_index":"ifttt-2018-04-10","_type":"webhook","_id":"Tue Apr 10 2018 19:09:19 GMT+0000 (UTC)","_score":1,"_source":{"device":"FrontLock1","status":"Locked","user":"Manny Kin","timestamp":"2018-04-10T19:09:19.796Z"}}
{"_index":"ifttt-2018-04-10","_type":"webhook","_id":"Tue Apr 10 2018 19:32:16 GMT+0000 (UTC)","_score":1,"_source":{"time":"April 10, 2018 at 03:32PM","device":"Alexa","message":"Voice Deactivation","target":"lamp","timestamp":"2018-04-10T19:32:16.225Z"}}
{"_index":"ifttt-2018-04-10","_type":"webhook","_id":"Tue Apr 10 2018 19:29:02 GMT+0000 (UTC)","_score":1,"_source":{"time":" April 10, 2018 at 03:29PM","device":"Alexa","message":"Voice Activation","target":"lamp","timestamp":"2018-04-10T19:29:02.094Z"}}
{"_index":"ifttt-2018-04-10","_type":"webhook","_id":"Tue Apr 10 2018 19:39:15 GMT+0000 (UTC)","_score":1,"_source":{"time":"April 10, 2018","device":"miniCam","message":"motion","location":"Exterior-FrontDoor","timestamp":"2018-04-10T19:39:15.927Z"}}
{"_index":"ifttt-2018-04-10","_type":"webhook","_id":"Tue Apr 10 2018 19:59:09 GMT+0000 (UTC)","_score":1,"_source":{"time":"April 10, 2018","device":"miniCam","message":"motion","location":"Exterior-FrontDoor","timestamp":"2018-04-10T19:59:09.234Z"}}
{"_index":"ifttt-2018-04-10","_type":"webhook","_id":"Tue Apr 10 2018 19:41:14 GMT+0000 (UTC)","_score":1,"_source":{"device":"FrontLock1","status":"Unlocked","user":" Manual Unlock","timestamp":"2018-04-10T19:41:14.464Z"}}
{"_index":"ifttt-2018-04-10","_type":"webhook","_id":"Tue Apr 10 2018 19:31:46 GMT+0000 (UTC)","_score":1,"_source":{"device":"FrontLock1","status":"Locked","user":"Manual Lock","timestamp":"2018-04-10T19:31:46.724Z"}}
{"_index":"ifttt-2018-04-10","_type":"webhook","_id":"Tue Apr 10 2018 19:27:17 GMT+0000 (UTC)","_score":1,"_source":{"device":"FrontLock1","status":"Locked","user":"Manny Kin","timestamp":"2018-04-10T19:27:17.219Z"}}
{"_index":"ifttt-2018-04-10","_type":"webhook","_id":"Tue Apr 10 2018 19:39:14 GMT+0000 (UTC)","_score":1,"_source":{"time":"April 10, 2018","device":"miniCam","message":"motion","location":"Exterior-FrontDoor","timestamp":"2018-04-10T19:39:14.996Z"}}
{"_index":"ifttt-2018-04-10","_type":"webhook","_id":"Tue Apr 10 2018 19:59:10 GMT+0000 (UTC)","_score":1,"_source":{"time":"April 10, 2018","device":"miniCam","message":"motion","location":"Exterior-FrontDoor","timestamp":"2018-04-10T19:59:10.561Z"}}
{"_index":"ifttt-2018-04-10","_type":"webhook","_id":"Tue Apr 10 2018 20:26:22 GMT+0000 (UTC)","_score":1,"_source":{"time":"April 10, 2018 at 04:26PM","device":"Alexa","message":"Voice Deactivation","target":"lamp","timestamp":"2018-04-10T20:26:22.233Z"}}
{"_index":"ifttt-2018-04-10","_type":"webhook","_id":"Tue Apr 10 2018 20:04:38 GMT+0000 (UTC)","_score":1,"_source":{"time":"April 10, 2018","device":"miniCam","message":"motion","location":"Exterior-FrontDoor","timestamp":"2018-04-10T20:04:38.458Z"}}
{"_index":"ifttt-2018-04-10","_type":"webhook","_id":"Tue Apr 10 2018 20:31:26 GMT+0000 (UTC)","_score":1,"_source":{"device":"FrontLock1","status":"Unlocked","user":" Manny Kin","timestamp":"2018-04-10T20:31:26.188Z"}}
{"_index":"ifttt-2018-04-10","_type":"webhook","_id":"Tue Apr 10 2018 20:27:22 GMT+0000 (UTC)","_score":1,"_source":{"device":"FrontLock1","status":"Locked","user":"Manny Kin","timestamp":"2018-04-10T20:27:22.933Z"}}
{"_index":"ifttt-2018-04-10","_type":"webhook","_id":"Tue Apr 10 2018 20:18:54 GMT+0000 (UTC)","_score":1,"_source":{"device":"FrontLock1","status":"Locked","user":"Manny Kin","timestamp":"2018-04-10T20:18:54.913Z"}}
{"_index":"ifttt-2018-04-10","_type":"webhook","_id":"Tue Apr 10 2018 20:07:15 GMT+0000 (UTC)","_score":1,"_source":{"device":"FrontLock1","status":"Locked","user":"Manny Kin","timestamp":"2018-04-10T20:07:15.237Z"}}
{"_index":"ifttt-2018-04-10","_type":"webhook","_id":"Tue Apr 10 2018 20:29:18 GMT+0000 (UTC)","_score":1,"_source":{"device":"Room1Lamp","message":"Off","timestamp":"2018-04-10T20:29:18.665Z"}}
{"_index":"ifttt-2018-04-10","_type":"webhook","_id":"Tue Apr 10 2018 20:29:08 GMT+0000 (UTC)","_score":1,"_source":{"time":"April 10, 2018","device":"miniCam","message":"motion","location":"Exterior-FrontDoor","timestamp":"2018-04-10T20:29:08.899Z"}}
{"_index":"ifttt-2018-04-10","_type":"webhook","_id":"Tue Apr 10 2018 20:14:20 GMT+0000 (UTC)","_score":1,"_source":{"time":"April 10, 2018","device":"miniCam","message":"motion","location":"Exterior-FrontDoor","timestamp":"2018-04-10T20:14:20.892Z"}}
{"_index":"ifttt-2018-04-10","_type":"webhook","_id":"Tue Apr 10 2018 20:32:24 GMT+0000 (UTC)","_score":1,"_source":{"time":"April 10, 2018 at 04:32PM","device":"Alexa","message":"Voice Deactivation","target":"lamp","timestamp":"2018-04-10T20:32:24.474Z"}}
{"_index":"ifttt-2018-04-10","_type":"webhook","_id":"Tue Apr 10 2018 20:34:12 GMT+0000 (UTC)","_score":1,"_source":{"time":"April 10, 2018","device":"miniCam","message":"motion","location":"Exterior-FrontDoor","timestamp":"2018-04-10T20:34:12.905Z"}}
{"_index":"ifttt-2018-04-10","_type":"webhook","_id":"Tue Apr 10 2018 20:34:13 GMT+0000 (UTC)","_score":1,"_source":{"time":"April 10, 2018","device":"miniCam","message":"motion","location":"Exterior-FrontDoor","timestamp":"2018-04-10T20:34:13.777Z"}}
{"_index":"ifttt-2018-04-10","_type":"webhook","_id":"Tue Apr 10 2018 20:46:55 GMT+0000 (UTC)","_score":1,"_source":{"device":"FrontLock1","status":"Locked","user":"Manny Kin","timestamp":"2018-04-10T20:46:55.985Z"}}
{"_index":"ifttt-2018-04-10","_type":"webhook","_id":"Tue Apr 10 2018 20:48:20 GMT+0000 (UTC)","_score":1,"_source":{"time":"April 10, 2018 at 04:48PM","device":"Alexa","message":"Voice Deactivation","target":"lamp","timestamp":"2018-04-10T20:48:20.817Z"}}
{"_index":"ifttt-2018-04-10","_type":"webhook","_id":"Tue Apr 10 2018 20:49:23 GMT+0000 (UTC)","_score":1,"_source":{"time":"April 10, 2018","device":"miniCam","message":"motion","location":"Exterior-FrontDoor","timestamp":"2018-04-10T20:49:23.727Z"}}
{"_index":"ifttt-2018-04-10","_type":"webhook","_id":"Tue Apr 10 2018 21:24:06 GMT+0000 (UTC)","_score":1,"_source":{"time":"April 10, 2018","device":"miniCam","message":"motion","location":"Exterior-FrontDoor","timestamp":"2018-04-10T21:24:06.140Z"}}
{"_index":"ifttt-2018-04-10","_type":"webhook","_id":"Tue Apr 10 2018 18:30:07 GMT+0000 (UTC)","_score":1,"_source":{"time":"April 10, 2018 at 02:30PM","device":"Alexa","message":"Voice Deactivation","target":"lamp","timestamp":"2018-04-10T18:30:07.963Z"}}
{"_index":"ifttt-2018-04-10","_type":"webhook","_id":"Tue Apr 10 2018 10:47:13 GMT+0000 (UTC)","_score":1,"_source":{"time":"April 10, 2018","device":"miniCam","message":"motion","location":"Exterior-FrontDoor","timestamp":"2018-04-10T10:47:13.910Z"}}
{"_index":"ifttt-2018-04-10","_type":"webhook","_id":"Tue Apr 10 2018 13:47:14 GMT+0000 (UTC)","_score":1,"_source":{"time":"April 10, 2018","device":"miniCam","message":"motion","location":"Exterior-FrontDoor","timestamp":"2018-04-10T13:47:14.899Z"}}
{"_index":"ifttt-2018-04-10","_type":"webhook","_id":"Tue Apr 10 2018 14:02:24 GMT+0000 (UTC)","_score":1,"_source":{"time":"April 10, 2018","device":"miniCam","message":"motion","location":"Exterior-FrontDoor","timestamp":"2018-04-10T14:02:24.854Z"}}
{"_index":"ifttt-2018-04-10","_type":"webhook","_id":"Tue Apr 10 2018 14:17:20 GMT+0000 (UTC)","_score":1,"_source":{"time":"April 10, 2018","device":"miniCam","message":"motion","location":"Exterior-FrontDoor","timestamp":"2018-04-10T14:17:20.895Z"}}
{"_index":"ifttt-2018-04-10","_type":"webhook","_id":"Tue Apr 10 2018 15:17:09 GMT+0000 (UTC)","_score":1,"_source":{"time":"April 10, 2018","device":"miniCam","message":"motion","location":"Exterior-FrontDoor","timestamp":"2018-04-10T15:17:09.926Z"}}
{"_index":"ifttt-2018-04-10","_type":"webhook","_id":"Tue Apr 10 2018 16:42:15 GMT+0000 (UTC)","_score":1,"_source":{"time":"April 10, 2018","device":"miniCam","message":"motion","location":"Exterior-FrontDoor","timestamp":"2018-04-10T16:42:15.260Z"}}
{"_index":"ifttt-2018-04-10","_type":"webhook","_id":"Tue Apr 10 2018 17:24:07 GMT+0000 (UTC)","_score":1,"_source":{"time":"April 10, 2018","device":"miniCam","message":"motion","location":"Exterior-FrontDoor","timestamp":"2018-04-10T17:24:07.381Z"}}
{"_index":"ifttt-2018-04-10","_type":"webhook","_id":"Tue Apr 10 2018 02:12:14 GMT+0000 (UTC)","_score":1,"_source":{"device":"Room1Plug1","message":"Activated","timestamp":"2018-04-10T02:12:14.490Z"}}
{"_index":"ifttt-2018-04-10","_type":"webhook","_id":"Tue Apr 10 2018 19:04:29 GMT+0000 (UTC)","_score":1,"_source":{"device":"Room1Lamp","message":"Off","timestamp":"2018-04-10T19:04:29.823Z"}}
{"_index":"ifttt-2018-04-10","_type":"webhook","_id":"Tue Apr 10 2018 19:08:24 GMT+0000 (UTC)","_score":1,"_source":{"time":"April 10, 2018 at 03:08PM","device":"Alexa","message":"Voice Deactivation","target":"lamp","timestamp":"2018-04-10T19:08:24.538Z"}}
{"_index":"ifttt-2018-04-10","_type":"webhook","_id":"Tue Apr 10 2018 19:11:17 GMT+0000 (UTC)","_score":1,"_source":{"time":"April 10, 2018 at 03:11PM","device":"Alexa","message":"Voice Deactivation","target":"lamp","timestamp":"2018-04-10T19:11:17.291Z"}}
{"_index":"ifttt-2018-04-10","_type":"webhook","_id":"Tue Apr 10 2018 19:17:10 GMT+0000 (UTC)","_score":1,"_source":{"time":"April 10, 2018 at 03:17PM","device":"Alexa","message":"Voice Deactivation","target":"lamp","timestamp":"2018-04-10T19:17:10.596Z"}}
{"_index":"ifttt-2018-04-10","_type":"webhook","_id":"Tue Apr 10 2018 19:07:55 GMT+0000 (UTC)","_score":1,"_source":{"time":" April 10, 2018 at 03:07PM","device":"Alexa","message":"Voice Activation","target":"lamp","timestamp":"2018-04-10T19:07:55.292Z"}}
{"_index":"ifttt-2018-04-10","_type":"webhook","_id":"Tue Apr 10 2018 19:10:57 GMT+0000 (UTC)","_score":1,"_source":{"time":" April 10, 2018 at 03:10PM","device":"Alexa","message":"Voice Activation","target":"lamp","timestamp":"2018-04-10T19:10:57.917Z"}}
{"_index":"ifttt-2018-04-10","_type":"webhook","_id":"Tue Apr 10 2018 19:07:23 GMT+0000 (UTC)","_score":1,"_source":{"device":"FrontLock1","status":"Unlocked","user":" Manny Kin","timestamp":"2018-04-10T19:07:23.945Z"}}
{"_index":"ifttt-2018-04-10","_type":"webhook","_id":"Tue Apr 10 2018 19:10:26 GMT+0000 (UTC)","_score":1,"_source":{"device":"FrontLock1","status":"Unlocked","user":" Manny Kin","timestamp":"2018-04-10T19:10:26.935Z"}}
{"_index":"ifttt-2018-04-10","_type":"webhook","_id":"Tue Apr 10 2018 19:16:27 GMT+0000 (UTC)","_score":1,"_source":{"device":"FrontLock1","status":"Unlocked","user":" Manny Kin","timestamp":"2018-04-10T19:16:27.418Z"}}
{"_index":"ifttt-2018-04-10","_type":"webhook","_id":"Tue Apr 10 2018 19:12:20 GMT+0000 (UTC)","_score":1,"_source":{"device":"FrontLock1","status":"Locked","user":"Manny Kin","timestamp":"2018-04-10T19:12:20.899Z"}}
{"_index":"ifttt-2018-04-10","_type":"webhook","_id":"Tue Apr 10 2018 19:41:20 GMT+0000 (UTC)","_score":1,"_source":{"time":"April 10, 2018 at 03:41PM","device":"Alexa","message":"Voice Deactivation","target":"lamp","timestamp":"2018-04-10T19:41:20.834Z"}}
{"_index":"ifttt-2018-04-10","_type":"webhook","_id":"Tue Apr 10 2018 19:20:09 GMT+0000 (UTC)","_score":1,"_source":{"time":" April 10, 2018 at 03:19PM","device":"Alexa","message":"Voice Activation","target":"lamp","timestamp":"2018-04-10T19:20:09.457Z"}}
{"_index":"ifttt-2018-04-10","_type":"webhook","_id":"Tue Apr 10 2018 19:37:06 GMT+0000 (UTC)","_score":1,"_source":{"time":" April 10, 2018 at 03:36PM","device":"Alexa","message":"Voice Activation","target":"lamp","timestamp":"2018-04-10T19:37:06.376Z"}}
{"_index":"ifttt-2018-04-10","_type":"webhook","_id":"Tue Apr 10 2018 19:34:25 GMT+0000 (UTC)","_score":1,"_source":{"time":"April 10, 2018","device":"miniCam","message":"motion","location":"Exterior-FrontDoor","timestamp":"2018-04-10T19:34:25.477Z"}}
{"_index":"ifttt-2018-04-10","_type":"webhook","_id":"Tue Apr 10 2018 19:28:34 GMT+0000 (UTC)","_score":1,"_source":{"device":"FrontLock1","status":"Unlocked","user":" Manny Kin","timestamp":"2018-04-10T19:28:34.344Z"}}
{"_index":"ifttt-2018-04-10","_type":"webhook","_id":"Tue Apr 10 2018 19:25:48 GMT+0000 (UTC)","_score":1,"_source":{"device":"FrontLock1","status":"Locked","user":"Manual Lock","timestamp":"2018-04-10T19:25:48.178Z"}}
{"_index":"ifttt-2018-04-10","_type":"webhook","_id":"Tue Apr 10 2018 19:41:16 GMT+0000 (UTC)","_score":1,"_source":{"device":"FrontLock1","status":"Locked","user":"Manual Lock","timestamp":"2018-04-10T19:41:16.228Z"}}
{"_index":"ifttt-2018-04-10","_type":"webhook","_id":"Tue Apr 10 2018 19:24:21 GMT+0000 (UTC)","_score":1,"_source":{"device":"Room1Lamp","message":"Off","timestamp":"2018-04-10T19:24:21.570Z"}}
{"_index":"ifttt-2018-04-10","_type":"webhook","_id":"Tue Apr 10 2018 19:31:50 GMT+0000 (UTC)","_score":1,"_source":{"device":"Room1Lamp","message":"Off","timestamp":"2018-04-10T19:31:50.307Z"}}
{"_index":"ifttt-2018-04-10","_type":"webhook","_id":"Tue Apr 10 2018 19:54:15 GMT+0000 (UTC)","_score":1,"_source":{"time":"April 10, 2018","device":"miniCam","message":"motion","location":"Exterior-FrontDoor","timestamp":"2018-04-10T19:54:15.693Z"}}
{"_index":"ifttt-2018-04-10","_type":"webhook","_id":"Tue Apr 10 2018 19:54:16 GMT+0000 (UTC)","_score":1,"_source":{"time":"April 10, 2018","device":"miniCam","message":"motion","location":"Exterior-FrontDoor","timestamp":"2018-04-10T19:54:16.120Z"}}
{"_index":"ifttt-2018-04-10","_type":"webhook","_id":"Tue Apr 10 2018 20:06:31 GMT+0000 (UTC)","_score":1,"_source":{"time":"April 10, 2018 at 04:06PM","device":"Alexa","message":"Voice Deactivation","target":"lamp","timestamp":"2018-04-10T20:06:31.659Z"}}
{"_index":"ifttt-2018-04-10","_type":"webhook","_id":"Tue Apr 10 2018 19:57:06 GMT+0000 (UTC)","_score":1,"_source":{"time":" April 10, 2018 at 03:57PM","device":"Alexa","message":"Voice Activation","target":"lamp","timestamp":"2018-04-10T19:57:06.103Z"}}
{"_index":"ifttt-2018-04-10","_type":"webhook","_id":"Tue Apr 10 2018 20:09:28 GMT+0000 (UTC)","_score":1,"_source":{"time":"April 10, 2018","device":"miniCam","message":"motion","location":"Exterior-FrontDoor","timestamp":"2018-04-10T20:09:28.197Z"}}
{"_index":"ifttt-2018-04-10","_type":"webhook","_id":"Tue Apr 10 2018 19:44:24 GMT+0000 (UTC)","_score":1,"_source":{"time":"April 10, 2018","device":"miniCam","message":"motion","location":"Exterior-FrontDoor","timestamp":"2018-04-10T19:44:24.657Z"}}
{"_index":"ifttt-2018-04-10","_type":"webhook","_id":"Tue Apr 10 2018 19:52:58 GMT+0000 (UTC)","_score":1,"_source":{"device":"FrontLock1","status":"Unlocked","user":" Manny Kin","timestamp":"2018-04-10T19:52:58.708Z"}}
{"_index":"ifttt-2018-04-10","_type":"webhook","_id":"Tue Apr 10 2018 20:06:22 GMT+0000 (UTC)","_score":1,"_source":{"device":"FrontLock1","status":"Locked","user":"Manual Lock","timestamp":"2018-04-10T20:06:22.253Z"}}
{"_index":"ifttt-2018-04-10","_type":"webhook","_id":"Tue Apr 10 2018 19:55:58 GMT+0000 (UTC)","_score":1,"_source":{"device":"FrontLock1","status":"Locked","user":"Manny Kin","timestamp":"2018-04-10T19:55:58.298Z"}}
{"_index":"ifttt-2018-04-10","_type":"webhook","_id":"Tue Apr 10 2018 20:04:39 GMT+0000 (UTC)","_score":1,"_source":{"time":"April 10, 2018","device":"miniCam","message":"motion","location":"Exterior-FrontDoor","timestamp":"2018-04-10T20:04:39.943Z"}}
{"_index":"ifttt-2018-04-10","_type":"webhook","_id":"Tue Apr 10 2018 20:28:56 GMT+0000 (UTC)","_score":1,"_source":{"time":" April 10, 2018 at 04:28PM","device":"Alexa","message":"Voice Activation","target":"lamp","timestamp":"2018-04-10T20:28:56.465Z"}}
{"_index":"ifttt-2018-04-10","_type":"webhook","_id":"Tue Apr 10 2018 20:31:46 GMT+0000 (UTC)","_score":1,"_source":{"time":" April 10, 2018 at 04:31PM","device":"Alexa","message":"Voice Activation","target":"lamp","timestamp":"2018-04-10T20:31:46.220Z"}}
{"_index":"ifttt-2018-04-10","_type":"webhook","_id":"Tue Apr 10 2018 20:20:26 GMT+0000 (UTC)","_score":1,"_source":{"device":"FrontLock1","status":"Unlocked","user":" Manny Kin","timestamp":"2018-04-10T20:20:26.392Z"}}
{"_index":"ifttt-2018-04-10","_type":"webhook","_id":"Tue Apr 10 2018 20:14:28 GMT+0000 (UTC)","_score":1,"_source":{"device":"FrontLock1","status":"Unlocked","user":" Manny Kin","timestamp":"2018-04-10T20:14:28.122Z"}}
{"_index":"ifttt-2018-04-10","_type":"webhook","_id":"Tue Apr 10 2018 20:25:33 GMT+0000 (UTC)","_score":1,"_source":{"device":"FrontLock1","status":"Unlocked","user":" Manny Kin","timestamp":"2018-04-10T20:25:33.061Z"}}
{"_index":"ifttt-2018-04-10","_type":"webhook","_id":"Tue Apr 10 2018 20:11:28 GMT+0000 (UTC)","_score":1,"_source":{"device":"FrontLock1","status":"Locked","user":"Manny Kin","timestamp":"2018-04-10T20:11:28.069Z"}}
{"_index":"ifttt-2018-04-10","_type":"webhook","_id":"Tue Apr 10 2018 20:13:16 GMT+0000 (UTC)","_score":1,"_source":{"device":"FrontLock1","status":"Locked","user":"Manny Kin","timestamp":"2018-04-10T20:13:16.878Z"}}
{"_index":"ifttt-2018-04-10","_type":"webhook","_id":"Tue Apr 10 2018 20:14:14 GMT+0000 (UTC)","_score":1,"_source":{"device":"Room1Lamp","message":"Off","timestamp":"2018-04-10T20:14:14.400Z"}}
{"_index":"ifttt-2018-04-10","_type":"webhook","_id":"Tue Apr 10 2018 20:24:06 GMT+0000 (UTC)","_score":1,"_source":{"time":"April 10, 2018","device":"miniCam","message":"motion","location":"Exterior-FrontDoor","timestamp":"2018-04-10T20:24:06.906Z"}}
{"_index":"ifttt-2018-04-10","_type":"webhook","_id":"Tue Apr 10 2018 20:38:38 GMT+0000 (UTC)","_score":1,"_source":{"time":"April 10, 2018 at 04:38PM","device":"Alexa","message":"Voice Deactivation","target":"lamp","timestamp":"2018-04-10T20:38:38.097Z"}}
{"_index":"ifttt-2018-04-10","_type":"webhook","_id":"Tue Apr 10 2018 20:41:09 GMT+0000 (UTC)","_score":1,"_source":{"time":" April 10, 2018 at 04:40PM","device":"Alexa","message":"Voice Activation","target":"lamp","timestamp":"2018-04-10T20:41:09.719Z"}}
{"_index":"ifttt-2018-04-10","_type":"webhook","_id":"Tue Apr 10 2018 20:40:31 GMT+0000 (UTC)","_score":1,"_source":{"device":"FrontLock1","status":"Unlocked","user":" Manny Kin","timestamp":"2018-04-10T20:40:31.332Z"}}
{"_index":"ifttt-2018-04-10","_type":"webhook","_id":"Tue Apr 10 2018 20:43:39 GMT+0000 (UTC)","_score":1,"_source":{"device":"FrontLock1","status":"Unlocked","user":" Manny Kin","timestamp":"2018-04-10T20:43:39.527Z"}}
{"_index":"ifttt-2018-04-10","_type":"webhook","_id":"Tue Apr 10 2018 20:33:24 GMT+0000 (UTC)","_score":1,"_source":{"device":"FrontLock1","status":"Locked","user":"Manny Kin","timestamp":"2018-04-10T20:33:24.458Z"}}
{"_index":"ifttt-2018-04-10","_type":"webhook","_id":"Tue Apr 10 2018 20:39:33 GMT+0000 (UTC)","_score":1,"_source":{"device":"FrontLock1","status":"Locked","user":"Manny Kin","timestamp":"2018-04-10T20:39:33.170Z"}}
{"_index":"ifttt-2018-04-10","_type":"webhook","_id":"Tue Apr 10 2018 20:42:27 GMT+0000 (UTC)","_score":1,"_source":{"device":"FrontLock1","status":"Locked","user":"Manny Kin","timestamp":"2018-04-10T20:42:27.134Z"}}
{"_index":"ifttt-2018-04-10","_type":"webhook","_id":"Tue Apr 10 2018 20:45:22 GMT+0000 (UTC)","_score":1,"_source":{"device":"FrontLock1","status":"Locked","user":"Manny Kin","timestamp":"2018-04-10T20:45:22.048Z"}}
{"_index":"ifttt-2018-04-10","_type":"webhook","_id":"Tue Apr 10 2018 20:44:16 GMT+0000 (UTC)","_score":1,"_source":{"time":"April 10, 2018","device":"miniCam","message":"motion","location":"Exterior-FrontDoor","timestamp":"2018-04-10T20:44:16.622Z"}}
{"_index":"ifttt-2018-04-10","_type":"webhook","_id":"Tue Apr 10 2018 20:46:29 GMT+0000 (UTC)","_score":1,"_source":{"device":"FrontLock1","status":"Unlocked","user":" Manny Kin","timestamp":"2018-04-10T20:46:29.555Z"}}
{"_index":"ifttt-2018-04-10","_type":"webhook","_id":"Tue Apr 10 2018 20:47:45 GMT+0000 (UTC)","_score":1,"_source":{"device":"FrontLock1","status":"Locked","user":"Manual Lock","timestamp":"2018-04-10T20:47:45.386Z"}}
{"_index":"ifttt-2018-04-10","_type":"webhook","_id":"Tue Apr 10 2018 20:49:24 GMT+0000 (UTC)","_score":1,"_source":{"time":"April 10, 2018","device":"miniCam","message":"motion","location":"Exterior-FrontDoor","timestamp":"2018-04-10T20:49:24.637Z"}}
{"_index":"ifttt-2018-04-10","_type":"webhook","_id":"Tue Apr 10 2018 21:29:08 GMT+0000 (UTC)","_score":1,"_source":{"time":"April 10, 2018","device":"miniCam","message":"motion","location":"Exterior-FrontDoor","timestamp":"2018-04-10T21:29:08.005Z"}}
{"_index":"ifttt-2018-04-10","_type":"webhook","_id":"Tue Apr 10 2018 21:31:20 GMT+0000 (UTC)","_score":1,"_source":{"device":"Room1Plug1","message":"Activated","timestamp":"2018-04-10T21:31:20.378Z"}}
