{"_index":"ifttt-2018-05-03","_type":"webhook","_id":"Thu May 03 2018 14:38:30 GMT+0000 (UTC)","_score":1,"_source":{"time":"May 3, 2018","device":"miniCam","message":"motion","location":"Exterior-FrontDoor","timestamp":"2018-05-03T14:38:30.913Z"}}
{"_index":"ifttt-2018-05-03","_type":"webhook","_id":"Thu May 03 2018 17:33:21 GMT+0000 (UTC)","_score":1,"_source":{"time":"May 3, 2018","device":"miniCam","message":"motion","location":"Exterior-FrontDoor","timestamp":"2018-05-03T17:33:21.376Z"}}
{"_index":"ifttt-2018-05-03","_type":"webhook","_id":"Thu May 03 2018 18:03:12 GMT+0000 (UTC)","_score":1,"_source":{"time":"May 3, 2018","device":"miniCam","message":"motion","location":"Exterior-FrontDoor","timestamp":"2018-05-03T18:03:12.324Z"}}
{"_index":"ifttt-2018-05-03","_type":"webhook","_id":"Thu May 03 2018 19:58:07 GMT+0000 (UTC)","_score":1,"_source":{"time":"May 3, 2018","device":"miniCam","message":"motion","location":"Exterior-FrontDoor","timestamp":"2018-05-03T19:58:07.749Z"}}
{"_index":"ifttt-2018-05-03","_type":"webhook","_id":"Thu May 03 2018 20:33:42 GMT+0000 (UTC)","_score":1,"_source":{"time":"May 3, 2018","device":"miniCam","message":"motion","location":"Exterior-FrontDoor","timestamp":"2018-05-03T20:33:42.831Z"}}
{"_index":"ifttt-2018-05-03","_type":"webhook","_id":"Thu May 03 2018 11:21:28 GMT+0000 (UTC)","_score":1,"_source":{"device":"Plug1","message":"Activated","time":" ","timestamp":"2018-05-03T11:21:28.182Z"}}
{"_index":"ifttt-2018-05-03","_type":"webhook","_id":"Thu May 03 2018 17:02:29 GMT+0000 (UTC)","_score":1,"_source":{"device":"Room1Plug1","message":"Activated","timestamp":"2018-05-03T17:02:29.659Z"}}
{"_index":"ifttt-2018-05-03","_type":"webhook","_id":"Thu May 03 2018 18:02:39 GMT+0000 (UTC)","_score":1,"_source":{"device":"Room1Plug1","message":"Activated","timestamp":"2018-05-03T18:02:39.297Z"}}
{"_index":"ifttt-2018-05-03","_type":"webhook","_id":"Thu May 03 2018 09:00:34 GMT+0000 (UTC)","_score":1,"_source":{"device":"Room1Lamp","message":"Activated","timestamp":"2018-05-03T09:00:34.927Z"}}
{"_index":"ifttt-2018-05-03","_type":"webhook","_id":"Thu May 03 2018 18:33:16 GMT+0000 (UTC)","_score":1,"_source":{"time":"May 3, 2018","device":"miniCam","message":"motion","location":"Exterior-FrontDoor","timestamp":"2018-05-03T18:33:16.838Z"}}
{"_index":"ifttt-2018-05-03","_type":"webhook","_id":"Thu May 03 2018 20:43:20 GMT+0000 (UTC)","_score":1,"_source":{"time":"May 3, 2018","device":"miniCam","message":"motion","location":"Exterior-FrontDoor","timestamp":"2018-05-03T20:43:20.900Z"}}
{"_index":"ifttt-2018-05-03","_type":"webhook","_id":"Thu May 03 2018 23:07:29 GMT+0000 (UTC)","_score":1,"_source":{"device":"Room1Plug1","message":"Activated","timestamp":"2018-05-03T23:07:29.235Z"}}
{"_index":"ifttt-2018-05-03","_type":"webhook","_id":"Thu May 03 2018 04:58:10 GMT+0000 (UTC)","_score":1,"_source":{"time":"May 3, 2018","device":"miniCam","message":"motion","location":"Exterior-FrontDoor","timestamp":"2018-05-03T04:58:10.333Z"}}
{"_index":"ifttt-2018-05-03","_type":"webhook","_id":"Thu May 03 2018 12:43:08 GMT+0000 (UTC)","_score":1,"_source":{"time":"May 3, 2018","device":"miniCam","message":"motion","location":"Exterior-FrontDoor","timestamp":"2018-05-03T12:43:08.398Z"}}
{"_index":"ifttt-2018-05-03","_type":"webhook","_id":"Thu May 03 2018 12:58:06 GMT+0000 (UTC)","_score":1,"_source":{"time":"May 3, 2018","device":"miniCam","message":"motion","location":"Exterior-FrontDoor","timestamp":"2018-05-03T12:58:06.002Z"}}
{"_index":"ifttt-2018-05-03","_type":"webhook","_id":"Thu May 03 2018 17:53:19 GMT+0000 (UTC)","_score":1,"_source":{"time":"May 3, 2018","device":"miniCam","message":"motion","location":"Exterior-FrontDoor","timestamp":"2018-05-03T17:53:19.957Z"}}
{"_index":"ifttt-2018-05-03","_type":"webhook","_id":"Thu May 03 2018 00:11:14 GMT+0000 (UTC)","_score":1,"_source":{"device":"Plug1","message":"Activated","time":" ","timestamp":"2018-05-03T00:11:14.777Z"}}
{"_index":"ifttt-2018-05-03","_type":"webhook","_id":"Thu May 03 2018 01:11:20 GMT+0000 (UTC)","_score":1,"_source":{"device":"Plug1","message":"Activated","time":" ","timestamp":"2018-05-03T01:11:20.238Z"}}
{"_index":"ifttt-2018-05-03","_type":"webhook","_id":"Thu May 03 2018 10:21:13 GMT+0000 (UTC)","_score":1,"_source":{"device":"Plug1","message":"Activated","time":" ","timestamp":"2018-05-03T10:21:13.142Z"}}
{"_index":"ifttt-2018-05-03","_type":"webhook","_id":"Thu May 03 2018 16:31:35 GMT+0000 (UTC)","_score":1,"_source":{"device":"Plug1","message":"Activated","time":" ","timestamp":"2018-05-03T16:31:35.826Z"}}
{"_index":"ifttt-2018-05-03","_type":"webhook","_id":"Thu May 03 2018 15:10:30 GMT+0000 (UTC)","_score":1,"_source":{"device":"Room1Lamp","message":"Activated","timestamp":"2018-05-03T15:10:30.890Z"}}
{"_index":"ifttt-2018-05-03","_type":"webhook","_id":"Thu May 03 2018 16:10:44 GMT+0000 (UTC)","_score":1,"_source":{"device":"Room1Lamp","message":"Activated","timestamp":"2018-05-03T16:10:44.466Z"}}
{"_index":"ifttt-2018-05-03","_type":"webhook","_id":"Thu May 03 2018 19:18:05 GMT+0000 (UTC)","_score":1,"_source":{"time":"May 3, 2018","device":"miniCam","message":"motion","location":"Exterior-FrontDoor","timestamp":"2018-05-03T19:18:05.909Z"}}
{"_index":"ifttt-2018-05-03","_type":"webhook","_id":"Thu May 03 2018 21:03:19 GMT+0000 (UTC)","_score":1,"_source":{"time":"May 3, 2018","device":"miniCam","message":"motion","location":"Exterior-FrontDoor","timestamp":"2018-05-03T21:03:19.690Z"}}
{"_index":"ifttt-2018-05-03","_type":"webhook","_id":"Thu May 03 2018 21:03:20 GMT+0000 (UTC)","_score":1,"_source":{"time":"May 3, 2018","device":"miniCam","message":"motion","location":"Exterior-FrontDoor","timestamp":"2018-05-03T21:03:20.772Z"}}
{"_index":"ifttt-2018-05-03","_type":"webhook","_id":"Thu May 03 2018 23:23:16 GMT+0000 (UTC)","_score":1,"_source":{"time":"May 3, 2018","device":"miniCam","message":"motion","location":"Exterior-FrontDoor","timestamp":"2018-05-03T23:23:16.906Z"}}
{"_index":"ifttt-2018-05-03","_type":"webhook","_id":"Thu May 03 2018 06:58:18 GMT+0000 (UTC)","_score":1,"_source":{"time":"May 3, 2018","device":"miniCam","message":"motion","location":"Exterior-FrontDoor","timestamp":"2018-05-03T06:58:18.577Z"}}
{"_index":"ifttt-2018-05-03","_type":"webhook","_id":"Thu May 03 2018 12:18:15 GMT+0000 (UTC)","_score":1,"_source":{"time":"May 3, 2018","device":"miniCam","message":"motion","location":"Exterior-FrontDoor","timestamp":"2018-05-03T12:18:15.343Z"}}
{"_index":"ifttt-2018-05-03","_type":"webhook","_id":"Thu May 03 2018 13:38:06 GMT+0000 (UTC)","_score":1,"_source":{"time":"May 3, 2018","device":"miniCam","message":"motion","location":"Exterior-FrontDoor","timestamp":"2018-05-03T13:38:06.571Z"}}
{"_index":"ifttt-2018-05-03","_type":"webhook","_id":"Thu May 03 2018 13:58:13 GMT+0000 (UTC)","_score":1,"_source":{"time":"May 3, 2018","device":"miniCam","message":"motion","location":"Exterior-FrontDoor","timestamp":"2018-05-03T13:58:13.890Z"}}
{"_index":"ifttt-2018-05-03","_type":"webhook","_id":"Thu May 03 2018 14:33:27 GMT+0000 (UTC)","_score":1,"_source":{"time":"May 3, 2018","device":"miniCam","message":"motion","location":"Exterior-FrontDoor","timestamp":"2018-05-03T14:33:27.614Z"}}
{"_index":"ifttt-2018-05-03","_type":"webhook","_id":"Thu May 03 2018 16:23:24 GMT+0000 (UTC)","_score":1,"_source":{"time":"May 3, 2018","device":"miniCam","message":"motion","location":"Exterior-FrontDoor","timestamp":"2018-05-03T16:23:24.857Z"}}
{"_index":"ifttt-2018-05-03","_type":"webhook","_id":"Thu May 03 2018 04:47:19 GMT+0000 (UTC)","_score":1,"_source":{"device":"Room1Plug1","message":"Activated","timestamp":"2018-05-03T04:47:19.360Z"}}
{"_index":"ifttt-2018-05-03","_type":"webhook","_id":"Thu May 03 2018 16:02:24 GMT+0000 (UTC)","_score":1,"_source":{"device":"Room1Plug1","message":"Activated","timestamp":"2018-05-03T16:02:24.291Z"}}
{"_index":"ifttt-2018-05-03","_type":"webhook","_id":"Thu May 03 2018 10:00:56 GMT+0000 (UTC)","_score":1,"_source":{"device":"Room1Lamp","message":"Activated","timestamp":"2018-05-03T10:00:56.656Z"}}
{"_index":"ifttt-2018-05-03","_type":"webhook","_id":"Thu May 03 2018 11:01:18 GMT+0000 (UTC)","_score":1,"_source":{"device":"Room1Lamp","message":"Activated","timestamp":"2018-05-03T11:01:18.892Z"}}
{"_index":"ifttt-2018-05-03","_type":"webhook","_id":"Thu May 03 2018 17:03:16 GMT+0000 (UTC)","_score":1,"_source":{"time":"May 3, 2018","device":"miniCam","message":"motion","location":"Exterior-FrontDoor","timestamp":"2018-05-03T17:03:16.637Z"}}
{"_index":"ifttt-2018-05-03","_type":"webhook","_id":"Thu May 03 2018 17:03:17 GMT+0000 (UTC)","_score":1,"_source":{"time":"May 3, 2018","device":"miniCam","message":"motion","location":"Exterior-FrontDoor","timestamp":"2018-05-03T17:03:17.163Z"}}
{"_index":"ifttt-2018-05-03","_type":"webhook","_id":"Thu May 03 2018 18:38:20 GMT+0000 (UTC)","_score":1,"_source":{"time":"May 3, 2018","device":"miniCam","message":"motion","location":"Exterior-FrontDoor","timestamp":"2018-05-03T18:38:20.613Z"}}
{"_index":"ifttt-2018-05-03","_type":"webhook","_id":"Thu May 03 2018 19:18:06 GMT+0000 (UTC)","_score":1,"_source":{"time":"May 3, 2018","device":"miniCam","message":"motion","location":"Exterior-FrontDoor","timestamp":"2018-05-03T19:18:06.780Z"}}
{"_index":"ifttt-2018-05-03","_type":"webhook","_id":"Thu May 03 2018 19:48:19 GMT+0000 (UTC)","_score":1,"_source":{"time":"May 3, 2018","device":"miniCam","message":"motion","location":"Exterior-FrontDoor","timestamp":"2018-05-03T19:48:19.115Z"}}
{"_index":"ifttt-2018-05-03","_type":"webhook","_id":"Thu May 03 2018 20:18:16 GMT+0000 (UTC)","_score":1,"_source":{"time":"May 3, 2018","device":"miniCam","message":"motion","location":"Exterior-FrontDoor","timestamp":"2018-05-03T20:18:16.982Z"}}
{"_index":"ifttt-2018-05-03","_type":"webhook","_id":"Thu May 03 2018 20:43:19 GMT+0000 (UTC)","_score":1,"_source":{"time":"May 3, 2018","device":"miniCam","message":"motion","location":"Exterior-FrontDoor","timestamp":"2018-05-03T20:43:19.044Z"}}
{"_index":"ifttt-2018-05-03","_type":"webhook","_id":"Thu May 03 2018 21:58:05 GMT+0000 (UTC)","_score":1,"_source":{"time":"May 3, 2018","device":"miniCam","message":"motion","location":"Exterior-FrontDoor","timestamp":"2018-05-03T21:58:05.802Z"}}
{"_index":"ifttt-2018-05-03","_type":"webhook","_id":"Thu May 03 2018 22:08:14 GMT+0000 (UTC)","_score":1,"_source":{"time":"May 3, 2018","device":"miniCam","message":"motion","location":"Exterior-FrontDoor","timestamp":"2018-05-03T22:08:14.969Z"}}
{"_index":"ifttt-2018-05-03","_type":"webhook","_id":"Thu May 03 2018 20:41:36 GMT+0000 (UTC)","_score":1,"_source":{"device":"Plug1","message":"Activated","time":" ","timestamp":"2018-05-03T20:41:36.821Z"}}
{"_index":"ifttt-2018-05-03","_type":"webhook","_id":"Thu May 03 2018 12:28:16 GMT+0000 (UTC)","_score":1,"_source":{"time":"May 3, 2018","device":"miniCam","message":"motion","location":"Exterior-FrontDoor","timestamp":"2018-05-03T12:28:16.802Z"}}
{"_index":"ifttt-2018-05-03","_type":"webhook","_id":"Thu May 03 2018 12:33:29 GMT+0000 (UTC)","_score":1,"_source":{"time":"May 3, 2018","device":"miniCam","message":"motion","location":"Exterior-FrontDoor","timestamp":"2018-05-03T12:33:29.437Z"}}
{"_index":"ifttt-2018-05-03","_type":"webhook","_id":"Thu May 03 2018 12:39:00 GMT+0000 (UTC)","_score":1,"_source":{"time":"May 3, 2018","device":"miniCam","message":"motion","location":"Exterior-FrontDoor","timestamp":"2018-05-03T12:39:00.842Z"}}
{"_index":"ifttt-2018-05-03","_type":"webhook","_id":"Thu May 03 2018 12:58:05 GMT+0000 (UTC)","_score":1,"_source":{"time":"May 3, 2018","device":"miniCam","message":"motion","location":"Exterior-FrontDoor","timestamp":"2018-05-03T12:58:05.422Z"}}
{"_index":"ifttt-2018-05-03","_type":"webhook","_id":"Thu May 03 2018 17:28:06 GMT+0000 (UTC)","_score":1,"_source":{"time":"May 3, 2018","device":"miniCam","message":"motion","location":"Exterior-FrontDoor","timestamp":"2018-05-03T17:28:06.695Z"}}
{"_index":"ifttt-2018-05-03","_type":"webhook","_id":"Thu May 03 2018 17:53:20 GMT+0000 (UTC)","_score":1,"_source":{"time":"May 3, 2018","device":"miniCam","message":"motion","location":"Exterior-FrontDoor","timestamp":"2018-05-03T17:53:20.656Z"}}
{"_index":"ifttt-2018-05-03","_type":"webhook","_id":"Thu May 03 2018 07:16:21 GMT+0000 (UTC)","_score":1,"_source":{"device":"Plug1","message":"Activated","time":" ","timestamp":"2018-05-03T07:16:21.646Z"}}
{"_index":"ifttt-2018-05-03","_type":"webhook","_id":"Thu May 03 2018 15:02:15 GMT+0000 (UTC)","_score":1,"_source":{"device":"Room1Plug1","message":"Activated","timestamp":"2018-05-03T15:02:15.424Z"}}
{"_index":"ifttt-2018-05-03","_type":"webhook","_id":"Thu May 03 2018 01:55:35 GMT+0000 (UTC)","_score":1,"_source":{"device":"Room1Lamp","message":"Activated","timestamp":"2018-05-03T01:55:35.141Z"}}
{"_index":"ifttt-2018-05-03","_type":"webhook","_id":"Thu May 03 2018 12:05:35 GMT+0000 (UTC)","_score":1,"_source":{"device":"Room1Lamp","message":"Activated","timestamp":"2018-05-03T12:05:35.867Z"}}
{"_index":"ifttt-2018-05-03","_type":"webhook","_id":"Thu May 03 2018 18:33:15 GMT+0000 (UTC)","_score":1,"_source":{"time":"May 3, 2018","device":"miniCam","message":"motion","location":"Exterior-FrontDoor","timestamp":"2018-05-03T18:33:15.728Z"}}
{"_index":"ifttt-2018-05-03","_type":"webhook","_id":"Thu May 03 2018 20:28:13 GMT+0000 (UTC)","_score":1,"_source":{"time":"May 3, 2018","device":"miniCam","message":"motion","location":"Exterior-FrontDoor","timestamp":"2018-05-03T20:28:13.638Z"}}
{"_index":"ifttt-2018-05-03","_type":"webhook","_id":"Thu May 03 2018 20:58:14 GMT+0000 (UTC)","_score":1,"_source":{"time":"May 3, 2018","device":"miniCam","message":"motion","location":"Exterior-FrontDoor","timestamp":"2018-05-03T20:58:14.969Z"}}
{"_index":"ifttt-2018-05-03","_type":"webhook","_id":"Thu May 03 2018 21:03:21 GMT+0000 (UTC)","_score":1,"_source":{"time":"May 3, 2018","device":"miniCam","message":"motion","location":"Exterior-FrontDoor","timestamp":"2018-05-03T21:03:21.362Z"}}
{"_index":"ifttt-2018-05-03","_type":"webhook","_id":"Thu May 03 2018 21:33:11 GMT+0000 (UTC)","_score":1,"_source":{"time":"May 3, 2018","device":"miniCam","message":"motion","location":"Exterior-FrontDoor","timestamp":"2018-05-03T21:33:11.903Z"}}
{"_index":"ifttt-2018-05-03","_type":"webhook","_id":"Thu May 03 2018 21:38:28 GMT+0000 (UTC)","_score":1,"_source":{"time":"May 3, 2018","device":"miniCam","message":"motion","location":"Exterior-FrontDoor","timestamp":"2018-05-03T21:38:28.758Z"}}
{"_index":"ifttt-2018-05-03","_type":"webhook","_id":"Thu May 03 2018 23:08:07 GMT+0000 (UTC)","_score":1,"_source":{"time":"May 3, 2018","device":"miniCam","message":"motion","location":"Exterior-FrontDoor","timestamp":"2018-05-03T23:08:07.092Z"}}
{"_index":"ifttt-2018-05-03","_type":"webhook","_id":"Thu May 03 2018 08:43:24 GMT+0000 (UTC)","_score":1,"_source":{"time":"May 3, 2018","device":"miniCam","message":"motion","location":"Exterior-FrontDoor","timestamp":"2018-05-03T08:43:24.530Z"}}
{"_index":"ifttt-2018-05-03","_type":"webhook","_id":"Thu May 03 2018 12:03:17 GMT+0000 (UTC)","_score":1,"_source":{"time":"May 3, 2018","device":"miniCam","message":"motion","location":"Exterior-FrontDoor","timestamp":"2018-05-03T12:03:17.410Z"}}
{"_index":"ifttt-2018-05-03","_type":"webhook","_id":"Thu May 03 2018 12:13:14 GMT+0000 (UTC)","_score":1,"_source":{"time":"May 3, 2018","device":"miniCam","message":"motion","location":"Exterior-FrontDoor","timestamp":"2018-05-03T12:13:14.403Z"}}
{"_index":"ifttt-2018-05-03","_type":"webhook","_id":"Thu May 03 2018 13:33:05 GMT+0000 (UTC)","_score":1,"_source":{"time":"May 3, 2018","device":"miniCam","message":"motion","location":"Exterior-FrontDoor","timestamp":"2018-05-03T13:33:05.080Z"}}
{"_index":"ifttt-2018-05-03","_type":"webhook","_id":"Thu May 03 2018 13:48:21 GMT+0000 (UTC)","_score":1,"_source":{"time":"May 3, 2018","device":"miniCam","message":"motion","location":"Exterior-FrontDoor","timestamp":"2018-05-03T13:48:21.050Z"}}
{"_index":"ifttt-2018-05-03","_type":"webhook","_id":"Thu May 03 2018 16:38:18 GMT+0000 (UTC)","_score":1,"_source":{"time":"May 3, 2018","device":"miniCam","message":"motion","location":"Exterior-FrontDoor","timestamp":"2018-05-03T16:38:18.679Z"}}
{"_index":"ifttt-2018-05-03","_type":"webhook","_id":"Thu May 03 2018 16:48:15 GMT+0000 (UTC)","_score":1,"_source":{"time":"May 3, 2018","device":"miniCam","message":"motion","location":"Exterior-FrontDoor","timestamp":"2018-05-03T16:48:15.969Z"}}
{"_index":"ifttt-2018-05-03","_type":"webhook","_id":"Thu May 03 2018 16:58:27 GMT+0000 (UTC)","_score":1,"_source":{"time":"May 3, 2018","device":"miniCam","message":"motion","location":"Exterior-FrontDoor","timestamp":"2018-05-03T16:58:27.429Z"}}
{"_index":"ifttt-2018-05-03","_type":"webhook","_id":"Thu May 03 2018 12:57:47 GMT+0000 (UTC)","_score":1,"_source":{"device":"Room1Plug1","message":"Activated","timestamp":"2018-05-03T12:57:47.918Z"}}
{"_index":"ifttt-2018-05-03","_type":"webhook","_id":"Thu May 03 2018 18:16:12 GMT+0000 (UTC)","_score":1,"_source":{"device":"Room1Lamp","message":"Activated","timestamp":"2018-05-03T18:16:12.283Z"}}
{"_index":"ifttt-2018-05-03","_type":"webhook","_id":"Thu May 03 2018 18:36:14 GMT+0000 (UTC)","_score":1,"_source":{"device":"Plug1","message":"Activated","time":" ","timestamp":"2018-05-03T18:36:14.431Z"}}
{"_index":"ifttt-2018-05-03","_type":"webhook","_id":"Thu May 03 2018 18:38:19 GMT+0000 (UTC)","_score":1,"_source":{"time":"May 3, 2018","device":"miniCam","message":"motion","location":"Exterior-FrontDoor","timestamp":"2018-05-03T18:38:19.894Z"}}
{"_index":"ifttt-2018-05-03","_type":"webhook","_id":"Thu May 03 2018 20:33:43 GMT+0000 (UTC)","_score":1,"_source":{"time":"May 3, 2018","device":"miniCam","message":"motion","location":"Exterior-FrontDoor","timestamp":"2018-05-03T20:33:43.489Z"}}
{"_index":"ifttt-2018-05-03","_type":"webhook","_id":"Thu May 03 2018 20:38:25 GMT+0000 (UTC)","_score":1,"_source":{"time":"May 3, 2018","device":"miniCam","message":"motion","location":"Exterior-FrontDoor","timestamp":"2018-05-03T20:38:25.927Z"}}
{"_index":"ifttt-2018-05-03","_type":"webhook","_id":"Thu May 03 2018 20:38:26 GMT+0000 (UTC)","_score":1,"_source":{"time":"May 3, 2018","device":"miniCam","message":"motion","location":"Exterior-FrontDoor","timestamp":"2018-05-03T20:38:26.654Z"}}
{"_index":"ifttt-2018-05-03","_type":"webhook","_id":"Thu May 03 2018 22:58:06 GMT+0000 (UTC)","_score":1,"_source":{"time":"May 3, 2018","device":"miniCam","message":"motion","location":"Exterior-FrontDoor","timestamp":"2018-05-03T22:58:06.344Z"}}
