{"_index":"ifttt-2018-05-07","_type":"webhook","_id":"Mon May 07 2018 00:29:24 GMT+0000 (UTC)","_score":1,"_source":{"time":"May 7, 2018","device":"miniCam","message":"motion","location":"Exterior-FrontDoor","timestamp":"2018-05-07T00:29:24.037Z"}}
{"_index":"ifttt-2018-05-07","_type":"webhook","_id":"Mon May 07 2018 04:44:19 GMT+0000 (UTC)","_score":1,"_source":{"time":"May 7, 2018","device":"miniCam","message":"motion","location":"Exterior-FrontDoor","timestamp":"2018-05-07T04:44:19.869Z"}}
{"_index":"ifttt-2018-05-07","_type":"webhook","_id":"Mon May 07 2018 10:29:07 GMT+0000 (UTC)","_score":1,"_source":{"time":"May 7, 2018","device":"miniCam","message":"motion","location":"Exterior-FrontDoor","timestamp":"2018-05-07T10:29:07.612Z"}}
{"_index":"ifttt-2018-05-07","_type":"webhook","_id":"Mon May 07 2018 11:59:10 GMT+0000 (UTC)","_score":1,"_source":{"time":"May 7, 2018","device":"miniCam","message":"motion","location":"Exterior-FrontDoor","timestamp":"2018-05-07T11:59:10.178Z"}}
{"_index":"ifttt-2018-05-07","_type":"webhook","_id":"Mon May 07 2018 13:09:19 GMT+0000 (UTC)","_score":1,"_source":{"time":"May 7, 2018","device":"miniCam","message":"motion","location":"Exterior-FrontDoor","timestamp":"2018-05-07T13:09:19.217Z"}}
{"_index":"ifttt-2018-05-07","_type":"webhook","_id":"Mon May 07 2018 13:39:13 GMT+0000 (UTC)","_score":1,"_source":{"time":"May 7, 2018","device":"miniCam","message":"motion","location":"Exterior-FrontDoor","timestamp":"2018-05-07T13:39:13.755Z"}}
{"_index":"ifttt-2018-05-07","_type":"webhook","_id":"Mon May 07 2018 14:04:07 GMT+0000 (UTC)","_score":1,"_source":{"time":"May 7, 2018","device":"miniCam","message":"motion","location":"Exterior-FrontDoor","timestamp":"2018-05-07T14:04:07.077Z"}}
{"_index":"ifttt-2018-05-07","_type":"webhook","_id":"Mon May 07 2018 14:19:26 GMT+0000 (UTC)","_score":1,"_source":{"time":"May 7, 2018","device":"miniCam","message":"motion","location":"Exterior-FrontDoor","timestamp":"2018-05-07T14:19:26.140Z"}}
{"_index":"ifttt-2018-05-07","_type":"webhook","_id":"Mon May 07 2018 00:33:10 GMT+0000 (UTC)","_score":1,"_source":{"device":"Plug1","message":"Activated","time":" ","timestamp":"2018-05-07T00:33:10.379Z"}}
{"_index":"ifttt-2018-05-07","_type":"webhook","_id":"Mon May 07 2018 04:43:13 GMT+0000 (UTC)","_score":1,"_source":{"device":"Plug1","message":"Activated","time":" ","timestamp":"2018-05-07T04:43:13.793Z"}}
{"_index":"ifttt-2018-05-07","_type":"webhook","_id":"Mon May 07 2018 14:39:24 GMT+0000 (UTC)","_score":1,"_source":{"time":"May 7, 2018","device":"miniCam","message":"motion","location":"Exterior-FrontDoor","timestamp":"2018-05-07T14:39:24.610Z"}}
{"_index":"ifttt-2018-05-07","_type":"webhook","_id":"Mon May 07 2018 14:54:28 GMT+0000 (UTC)","_score":1,"_source":{"time":"May 7, 2018","device":"miniCam","message":"motion","location":"Exterior-FrontDoor","timestamp":"2018-05-07T14:54:28.285Z"}}
{"_index":"ifttt-2018-05-07","_type":"webhook","_id":"Mon May 07 2018 15:34:26 GMT+0000 (UTC)","_score":1,"_source":{"time":"May 7, 2018","device":"miniCam","message":"motion","location":"Exterior-FrontDoor","timestamp":"2018-05-07T15:34:26.473Z"}}
{"_index":"ifttt-2018-05-07","_type":"webhook","_id":"Mon May 07 2018 15:59:19 GMT+0000 (UTC)","_score":1,"_source":{"time":"May 7, 2018","device":"miniCam","message":"motion","location":"Exterior-FrontDoor","timestamp":"2018-05-07T15:59:19.737Z"}}
{"_index":"ifttt-2018-05-07","_type":"webhook","_id":"Mon May 07 2018 17:09:07 GMT+0000 (UTC)","_score":1,"_source":{"time":"May 7, 2018","device":"miniCam","message":"motion","location":"Exterior-FrontDoor","timestamp":"2018-05-07T17:09:07.571Z"}}
{"_index":"ifttt-2018-05-07","_type":"webhook","_id":"Mon May 07 2018 17:57:08 GMT+0000 (UTC)","_score":1,"_source":{"time":"May 7, 2018","device":"miniCam","message":"motion","location":"Exterior-FrontDoor","timestamp":"2018-05-07T17:57:08.945Z"}}
{"_index":"ifttt-2018-05-07","_type":"webhook","_id":"Mon May 07 2018 15:45:38 GMT+0000 (UTC)","_score":1,"_source":{"device":"Room1Plug1","message":"Activated","timestamp":"2018-05-07T15:45:38.647Z"}}
{"_index":"ifttt-2018-05-07","_type":"webhook","_id":"Mon May 07 2018 16:45:55 GMT+0000 (UTC)","_score":1,"_source":{"device":"Room1Plug1","message":"Activated","timestamp":"2018-05-07T16:45:55.727Z"}}
{"_index":"ifttt-2018-05-07","_type":"webhook","_id":"Mon May 07 2018 15:34:27 GMT+0000 (UTC)","_score":1,"_source":{"time":"May 7, 2018","device":"miniCam","message":"motion","location":"Exterior-FrontDoor","timestamp":"2018-05-07T15:34:27.799Z"}}
{"_index":"ifttt-2018-05-07","_type":"webhook","_id":"Mon May 07 2018 18:37:16 GMT+0000 (UTC)","_score":1,"_source":{"time":"May 7, 2018","device":"miniCam","message":"motion","location":"Exterior-FrontDoor","timestamp":"2018-05-07T18:37:16.668Z"}}
{"_index":"ifttt-2018-05-07","_type":"webhook","_id":"Mon May 07 2018 18:37:17 GMT+0000 (UTC)","_score":1,"_source":{"time":"May 7, 2018","device":"miniCam","message":"motion","location":"Exterior-FrontDoor","timestamp":"2018-05-07T18:37:17.129Z"}}
{"_index":"ifttt-2018-05-07","_type":"webhook","_id":"Mon May 07 2018 18:07:25 GMT+0000 (UTC)","_score":1,"_source":{"time":"May 7, 2018","device":"miniCam","message":"motion","location":"Exterior-FrontDoor","timestamp":"2018-05-07T18:07:25.512Z"}}
{"_index":"ifttt-2018-05-07","_type":"webhook","_id":"Mon May 07 2018 18:07:26 GMT+0000 (UTC)","_score":1,"_source":{"time":"May 7, 2018","device":"miniCam","message":"motion","location":"Exterior-FrontDoor","timestamp":"2018-05-07T18:07:26.396Z"}}
{"_index":"ifttt-2018-05-07","_type":"webhook","_id":"Mon May 07 2018 18:17:33 GMT+0000 (UTC)","_score":1,"_source":{"time":"May 7, 2018","device":"miniCam","message":"motion","location":"Exterior-FrontDoor","timestamp":"2018-05-07T18:17:33.775Z"}}
{"_index":"ifttt-2018-05-07","_type":"webhook","_id":"Mon May 07 2018 18:22:14 GMT+0000 (UTC)","_score":1,"_source":{"time":"May 7, 2018","device":"miniCam","message":"motion","location":"Exterior-FrontDoor","timestamp":"2018-05-07T18:22:14.830Z"}}
{"_index":"ifttt-2018-05-07","_type":"webhook","_id":"Mon May 07 2018 18:27:06 GMT+0000 (UTC)","_score":1,"_source":{"time":"May 7, 2018","device":"miniCam","message":"motion","location":"Exterior-FrontDoor","timestamp":"2018-05-07T18:27:06.685Z"}}
{"_index":"ifttt-2018-05-07","_type":"webhook","_id":"Mon May 07 2018 18:37:15 GMT+0000 (UTC)","_score":1,"_source":{"time":"May 7, 2018","device":"miniCam","message":"motion","location":"Exterior-FrontDoor","timestamp":"2018-05-07T18:37:15.791Z"}}
{"_index":"ifttt-2018-05-07","_type":"webhook","_id":"Mon May 07 2018 18:47:15 GMT+0000 (UTC)","_score":1,"_source":{"time":"May 7, 2018","device":"miniCam","message":"motion","location":"Exterior-FrontDoor","timestamp":"2018-05-07T18:47:15.289Z"}}
{"_index":"ifttt-2018-05-07","_type":"webhook","_id":"Mon May 07 2018 19:42:18 GMT+0000 (UTC)","_score":1,"_source":{"time":"May 7, 2018","device":"miniCam","message":"motion","location":"Exterior-FrontDoor","timestamp":"2018-05-07T19:42:18.183Z"}}
{"_index":"ifttt-2018-05-07","_type":"webhook","_id":"Mon May 07 2018 21:32:11 GMT+0000 (UTC)","_score":1,"_source":{"time":"May 7, 2018","device":"miniCam","message":"motion","location":"Exterior-FrontDoor","timestamp":"2018-05-07T21:32:11.213Z"}}
{"_index":"ifttt-2018-05-07","_type":"webhook","_id":"Mon May 07 2018 22:22:16 GMT+0000 (UTC)","_score":1,"_source":{"time":"May 7, 2018","device":"miniCam","message":"motion","location":"Exterior-FrontDoor","timestamp":"2018-05-07T22:22:16.495Z"}}
{"_index":"ifttt-2018-05-07","_type":"webhook","_id":"Mon May 07 2018 23:17:15 GMT+0000 (UTC)","_score":1,"_source":{"time":"May 7, 2018","device":"miniCam","message":"motion","location":"Exterior-FrontDoor","timestamp":"2018-05-07T23:17:15.913Z"}}
{"_index":"ifttt-2018-05-07","_type":"webhook","_id":"Mon May 07 2018 14:14:13 GMT+0000 (UTC)","_score":1,"_source":{"time":"May 7, 2018","device":"miniCam","message":"motion","location":"Exterior-FrontDoor","timestamp":"2018-05-07T14:14:13.098Z"}}
{"_index":"ifttt-2018-05-07","_type":"webhook","_id":"Mon May 07 2018 05:14:11 GMT+0000 (UTC)","_score":1,"_source":{"time":"May 7, 2018","device":"miniCam","message":"motion","location":"Exterior-FrontDoor","timestamp":"2018-05-07T05:14:11.190Z"}}
{"_index":"ifttt-2018-05-07","_type":"webhook","_id":"Mon May 07 2018 12:54:04 GMT+0000 (UTC)","_score":1,"_source":{"time":"May 7, 2018","device":"miniCam","message":"motion","location":"Exterior-FrontDoor","timestamp":"2018-05-07T12:54:04.870Z"}}
{"_index":"ifttt-2018-05-07","_type":"webhook","_id":"Mon May 07 2018 14:24:18 GMT+0000 (UTC)","_score":1,"_source":{"time":"May 7, 2018","device":"miniCam","message":"motion","location":"Exterior-FrontDoor","timestamp":"2018-05-07T14:24:18.997Z"}}
{"_index":"ifttt-2018-05-07","_type":"webhook","_id":"Mon May 07 2018 14:34:11 GMT+0000 (UTC)","_score":1,"_source":{"time":"May 7, 2018","device":"miniCam","message":"motion","location":"Exterior-FrontDoor","timestamp":"2018-05-07T14:34:11.528Z"}}
{"_index":"ifttt-2018-05-07","_type":"webhook","_id":"Mon May 07 2018 15:49:22 GMT+0000 (UTC)","_score":1,"_source":{"time":"May 7, 2018","device":"miniCam","message":"motion","location":"Exterior-FrontDoor","timestamp":"2018-05-07T15:49:22.629Z"}}
{"_index":"ifttt-2018-05-07","_type":"webhook","_id":"Mon May 07 2018 16:24:25 GMT+0000 (UTC)","_score":1,"_source":{"time":"May 7, 2018","device":"miniCam","message":"motion","location":"Exterior-FrontDoor","timestamp":"2018-05-07T16:24:25.464Z"}}
{"_index":"ifttt-2018-05-07","_type":"webhook","_id":"Mon May 07 2018 01:33:29 GMT+0000 (UTC)","_score":1,"_source":{"device":"Plug1","message":"Activated","time":" ","timestamp":"2018-05-07T01:33:29.959Z"}}
{"_index":"ifttt-2018-05-07","_type":"webhook","_id":"Mon May 07 2018 02:30:49 GMT+0000 (UTC)","_score":1,"_source":{"device":"Room1Lamp","message":"Activated","timestamp":"2018-05-07T02:30:49.567Z"}}
{"_index":"ifttt-2018-05-07","_type":"webhook","_id":"Mon May 07 2018 11:45:47 GMT+0000 (UTC)","_score":1,"_source":{"device":"Room1Lamp","message":"Activated","timestamp":"2018-05-07T11:45:47.698Z"}}
{"_index":"ifttt-2018-05-07","_type":"webhook","_id":"Mon May 07 2018 16:49:32 GMT+0000 (UTC)","_score":1,"_source":{"time":"May 7, 2018","device":"miniCam","message":"motion","location":"Exterior-FrontDoor","timestamp":"2018-05-07T16:49:32.152Z"}}
{"_index":"ifttt-2018-05-07","_type":"webhook","_id":"Mon May 07 2018 17:03:18 GMT+0000 (UTC)","_score":1,"_source":{"device":"Plug1","message":"Activated","time":" ","timestamp":"2018-05-07T17:03:18.342Z"}}
{"_index":"ifttt-2018-05-07","_type":"webhook","_id":"Mon May 07 2018 14:14:11 GMT+0000 (UTC)","_score":1,"_source":{"time":"May 7, 2018","device":"miniCam","message":"motion","location":"Exterior-FrontDoor","timestamp":"2018-05-07T14:14:11.362Z"}}
{"_index":"ifttt-2018-05-07","_type":"webhook","_id":"Mon May 07 2018 07:19:04 GMT+0000 (UTC)","_score":1,"_source":{"time":"May 7, 2018","device":"miniCam","message":"motion","location":"Exterior-FrontDoor","timestamp":"2018-05-07T07:19:04.039Z"}}
{"_index":"ifttt-2018-05-07","_type":"webhook","_id":"Mon May 07 2018 11:49:23 GMT+0000 (UTC)","_score":1,"_source":{"time":"May 7, 2018","device":"miniCam","message":"motion","location":"Exterior-FrontDoor","timestamp":"2018-05-07T11:49:23.187Z"}}
{"_index":"ifttt-2018-05-07","_type":"webhook","_id":"Mon May 07 2018 12:34:15 GMT+0000 (UTC)","_score":1,"_source":{"time":"May 7, 2018","device":"miniCam","message":"motion","location":"Exterior-FrontDoor","timestamp":"2018-05-07T12:34:15.210Z"}}
{"_index":"ifttt-2018-05-07","_type":"webhook","_id":"Mon May 07 2018 12:44:13 GMT+0000 (UTC)","_score":1,"_source":{"time":"May 7, 2018","device":"miniCam","message":"motion","location":"Exterior-FrontDoor","timestamp":"2018-05-07T12:44:13.148Z"}}
{"_index":"ifttt-2018-05-07","_type":"webhook","_id":"Mon May 07 2018 12:49:15 GMT+0000 (UTC)","_score":1,"_source":{"time":"May 7, 2018","device":"miniCam","message":"motion","location":"Exterior-FrontDoor","timestamp":"2018-05-07T12:49:15.401Z"}}
{"_index":"ifttt-2018-05-07","_type":"webhook","_id":"Mon May 07 2018 12:59:14 GMT+0000 (UTC)","_score":1,"_source":{"time":"May 7, 2018","device":"miniCam","message":"motion","location":"Exterior-FrontDoor","timestamp":"2018-05-07T12:59:14.842Z"}}
{"_index":"ifttt-2018-05-07","_type":"webhook","_id":"Mon May 07 2018 06:48:10 GMT+0000 (UTC)","_score":1,"_source":{"device":"Plug1","message":"Activated","time":" ","timestamp":"2018-05-07T06:48:10.696Z"}}
{"_index":"ifttt-2018-05-07","_type":"webhook","_id":"Mon May 07 2018 14:14:12 GMT+0000 (UTC)","_score":1,"_source":{"time":"May 7, 2018","device":"miniCam","message":"motion","location":"Exterior-FrontDoor","timestamp":"2018-05-07T14:14:12.468Z"}}
{"_index":"ifttt-2018-05-07","_type":"webhook","_id":"Mon May 07 2018 12:19:37 GMT+0000 (UTC)","_score":1,"_source":{"time":"May 7, 2018","device":"miniCam","message":"motion","location":"Exterior-FrontDoor","timestamp":"2018-05-07T12:19:37.970Z"}}
{"_index":"ifttt-2018-05-07","_type":"webhook","_id":"Mon May 07 2018 14:34:12 GMT+0000 (UTC)","_score":1,"_source":{"time":"May 7, 2018","device":"miniCam","message":"motion","location":"Exterior-FrontDoor","timestamp":"2018-05-07T14:34:12.337Z"}}
{"_index":"ifttt-2018-05-07","_type":"webhook","_id":"Mon May 07 2018 14:44:16 GMT+0000 (UTC)","_score":1,"_source":{"time":"May 7, 2018","device":"miniCam","message":"motion","location":"Exterior-FrontDoor","timestamp":"2018-05-07T14:44:16.969Z"}}
{"_index":"ifttt-2018-05-07","_type":"webhook","_id":"Mon May 07 2018 15:14:13 GMT+0000 (UTC)","_score":1,"_source":{"time":"May 7, 2018","device":"miniCam","message":"motion","location":"Exterior-FrontDoor","timestamp":"2018-05-07T15:14:13.927Z"}}
{"_index":"ifttt-2018-05-07","_type":"webhook","_id":"Mon May 07 2018 15:19:12 GMT+0000 (UTC)","_score":1,"_source":{"time":"May 7, 2018","device":"miniCam","message":"motion","location":"Exterior-FrontDoor","timestamp":"2018-05-07T15:19:12.037Z"}}
{"_index":"ifttt-2018-05-07","_type":"webhook","_id":"Mon May 07 2018 16:04:09 GMT+0000 (UTC)","_score":1,"_source":{"time":"May 7, 2018","device":"miniCam","message":"motion","location":"Exterior-FrontDoor","timestamp":"2018-05-07T16:04:09.236Z"}}
{"_index":"ifttt-2018-05-07","_type":"webhook","_id":"Mon May 07 2018 16:14:03 GMT+0000 (UTC)","_score":1,"_source":{"time":"May 7, 2018","device":"miniCam","message":"motion","location":"Exterior-FrontDoor","timestamp":"2018-05-07T16:14:03.432Z"}}
{"_index":"ifttt-2018-05-07","_type":"webhook","_id":"Mon May 07 2018 17:37:32 GMT+0000 (UTC)","_score":1,"_source":{"time":"May 7, 2018","device":"miniCam","message":"motion","location":"Exterior-FrontDoor","timestamp":"2018-05-07T17:37:32.270Z"}}
{"_index":"ifttt-2018-05-07","_type":"webhook","_id":"Mon May 07 2018 17:37:33 GMT+0000 (UTC)","_score":1,"_source":{"time":"May 7, 2018","device":"miniCam","message":"motion","location":"Exterior-FrontDoor","timestamp":"2018-05-07T17:37:33.382Z"}}
{"_index":"ifttt-2018-05-07","_type":"webhook","_id":"Mon May 07 2018 14:44:15 GMT+0000 (UTC)","_score":1,"_source":{"time":"May 7, 2018","device":"miniCam","message":"motion","location":"Exterior-FrontDoor","timestamp":"2018-05-07T14:44:15.578Z"}}
{"_index":"ifttt-2018-05-07","_type":"webhook","_id":"Mon May 07 2018 17:57:09 GMT+0000 (UTC)","_score":1,"_source":{"time":"May 7, 2018","device":"miniCam","message":"motion","location":"Exterior-FrontDoor","timestamp":"2018-05-07T17:57:09.762Z"}}
{"_index":"ifttt-2018-05-07","_type":"webhook","_id":"Mon May 07 2018 18:12:26 GMT+0000 (UTC)","_score":1,"_source":{"time":"May 7, 2018","device":"miniCam","message":"motion","location":"Exterior-FrontDoor","timestamp":"2018-05-07T18:12:26.758Z"}}
{"_index":"ifttt-2018-05-07","_type":"webhook","_id":"Mon May 07 2018 18:12:27 GMT+0000 (UTC)","_score":1,"_source":{"time":"May 7, 2018","device":"miniCam","message":"motion","location":"Exterior-FrontDoor","timestamp":"2018-05-07T18:12:27.300Z"}}
{"_index":"ifttt-2018-05-07","_type":"webhook","_id":"Mon May 07 2018 18:17:34 GMT+0000 (UTC)","_score":1,"_source":{"time":"May 7, 2018","device":"miniCam","message":"motion","location":"Exterior-FrontDoor","timestamp":"2018-05-07T18:17:34.785Z"}}
{"_index":"ifttt-2018-05-07","_type":"webhook","_id":"Mon May 07 2018 18:22:15 GMT+0000 (UTC)","_score":1,"_source":{"time":"May 7, 2018","device":"miniCam","message":"motion","location":"Exterior-FrontDoor","timestamp":"2018-05-07T18:22:15.526Z"}}
{"_index":"ifttt-2018-05-07","_type":"webhook","_id":"Mon May 07 2018 18:32:06 GMT+0000 (UTC)","_score":1,"_source":{"time":"May 7, 2018","device":"miniCam","message":"motion","location":"Exterior-FrontDoor","timestamp":"2018-05-07T18:32:06.840Z"}}
{"_index":"ifttt-2018-05-07","_type":"webhook","_id":"Mon May 07 2018 18:32:07 GMT+0000 (UTC)","_score":1,"_source":{"time":"May 7, 2018","device":"miniCam","message":"motion","location":"Exterior-FrontDoor","timestamp":"2018-05-07T18:32:07.919Z"}}
{"_index":"ifttt-2018-05-07","_type":"webhook","_id":"Mon May 07 2018 18:42:06 GMT+0000 (UTC)","_score":1,"_source":{"time":"May 7, 2018","device":"miniCam","message":"motion","location":"Exterior-FrontDoor","timestamp":"2018-05-07T18:42:06.833Z"}}
{"_index":"ifttt-2018-05-07","_type":"webhook","_id":"Mon May 07 2018 18:22:16 GMT+0000 (UTC)","_score":1,"_source":{"time":"May 7, 2018","device":"miniCam","message":"motion","location":"Exterior-FrontDoor","timestamp":"2018-05-07T18:22:16.522Z"}}
{"_index":"ifttt-2018-05-07","_type":"webhook","_id":"Mon May 07 2018 19:48:25 GMT+0000 (UTC)","_score":1,"_source":{"device":"Room1Plug1","message":"Activated","timestamp":"2018-05-07T19:48:25.706Z"}}
{"_index":"ifttt-2018-05-07","_type":"webhook","_id":"Mon May 07 2018 21:27:27 GMT+0000 (UTC)","_score":1,"_source":{"time":"May 7, 2018","device":"miniCam","message":"motion","location":"Exterior-FrontDoor","timestamp":"2018-05-07T21:27:27.265Z"}}
{"_index":"ifttt-2018-05-07","_type":"webhook","_id":"Mon May 07 2018 22:37:11 GMT+0000 (UTC)","_score":1,"_source":{"time":"May 7, 2018","device":"miniCam","message":"motion","location":"Exterior-FrontDoor","timestamp":"2018-05-07T22:37:11.830Z"}}
{"_index":"ifttt-2018-05-07","_type":"webhook","_id":"Mon May 07 2018 23:53:12 GMT+0000 (UTC)","_score":1,"_source":{"device":"Room1Plug1","message":"Activated","timestamp":"2018-05-07T23:53:12.373Z"}}
{"_index":"ifttt-2018-05-07","_type":"webhook","_id":"Mon May 07 2018 00:49:03 GMT+0000 (UTC)","_score":1,"_source":{"time":"May 7, 2018","device":"miniCam","message":"motion","location":"Exterior-FrontDoor","timestamp":"2018-05-07T00:49:03.514Z"}}
{"_index":"ifttt-2018-05-07","_type":"webhook","_id":"Mon May 07 2018 13:44:25 GMT+0000 (UTC)","_score":1,"_source":{"time":"May 7, 2018","device":"miniCam","message":"motion","location":"Exterior-FrontDoor","timestamp":"2018-05-07T13:44:25.988Z"}}
{"_index":"ifttt-2018-05-07","_type":"webhook","_id":"Mon May 07 2018 13:49:16 GMT+0000 (UTC)","_score":1,"_source":{"time":"May 7, 2018","device":"miniCam","message":"motion","location":"Exterior-FrontDoor","timestamp":"2018-05-07T13:49:16.273Z"}}
{"_index":"ifttt-2018-05-07","_type":"webhook","_id":"Mon May 07 2018 15:09:10 GMT+0000 (UTC)","_score":1,"_source":{"time":"May 7, 2018","device":"miniCam","message":"motion","location":"Exterior-FrontDoor","timestamp":"2018-05-07T15:09:10.730Z"}}
{"_index":"ifttt-2018-05-07","_type":"webhook","_id":"Mon May 07 2018 15:59:20 GMT+0000 (UTC)","_score":1,"_source":{"time":"May 7, 2018","device":"miniCam","message":"motion","location":"Exterior-FrontDoor","timestamp":"2018-05-07T15:59:20.515Z"}}
{"_index":"ifttt-2018-05-07","_type":"webhook","_id":"Mon May 07 2018 08:48:28 GMT+0000 (UTC)","_score":1,"_source":{"device":"Plug1","message":"Activated","time":" ","timestamp":"2018-05-07T08:48:28.805Z"}}
{"_index":"ifttt-2018-05-07","_type":"webhook","_id":"Mon May 07 2018 09:40:30 GMT+0000 (UTC)","_score":1,"_source":{"device":"Room1Lamp","message":"Activated","timestamp":"2018-05-07T09:40:30.351Z"}}
{"_index":"ifttt-2018-05-07","_type":"webhook","_id":"Mon May 07 2018 13:50:42 GMT+0000 (UTC)","_score":1,"_source":{"device":"Room1Lamp","message":"Activated","timestamp":"2018-05-07T13:50:42.326Z"}}
{"_index":"ifttt-2018-05-07","_type":"webhook","_id":"Mon May 07 2018 15:55:26 GMT+0000 (UTC)","_score":1,"_source":{"device":"Room1Lamp","message":"Activated","timestamp":"2018-05-07T15:55:26.287Z"}}
{"_index":"ifttt-2018-05-07","_type":"webhook","_id":"Mon May 07 2018 13:49:15 GMT+0000 (UTC)","_score":1,"_source":{"time":"May 7, 2018","device":"miniCam","message":"motion","location":"Exterior-FrontDoor","timestamp":"2018-05-07T13:49:15.766Z"}}
{"_index":"ifttt-2018-05-07","_type":"webhook","_id":"Mon May 07 2018 16:29:07 GMT+0000 (UTC)","_score":1,"_source":{"time":"May 7, 2018","device":"miniCam","message":"motion","location":"Exterior-FrontDoor","timestamp":"2018-05-07T16:29:07.231Z"}}
{"_index":"ifttt-2018-05-07","_type":"webhook","_id":"Mon May 07 2018 17:22:10 GMT+0000 (UTC)","_score":1,"_source":{"time":"May 7, 2018","device":"miniCam","message":"motion","location":"Exterior-FrontDoor","timestamp":"2018-05-07T17:22:10.198Z"}}
{"_index":"ifttt-2018-05-07","_type":"webhook","_id":"Mon May 07 2018 18:47:14 GMT+0000 (UTC)","_score":1,"_source":{"time":"May 7, 2018","device":"miniCam","message":"motion","location":"Exterior-FrontDoor","timestamp":"2018-05-07T18:47:14.506Z"}}
{"_index":"ifttt-2018-05-07","_type":"webhook","_id":"Mon May 07 2018 18:48:10 GMT+0000 (UTC)","_score":1,"_source":{"device":"Room1Plug1","message":"Activated","timestamp":"2018-05-07T18:48:10.771Z"}}
{"_index":"ifttt-2018-05-07","_type":"webhook","_id":"Mon May 07 2018 20:37:09 GMT+0000 (UTC)","_score":1,"_source":{"time":"May 7, 2018","device":"miniCam","message":"motion","location":"Exterior-FrontDoor","timestamp":"2018-05-07T20:37:09.715Z"}}
{"_index":"ifttt-2018-05-07","_type":"webhook","_id":"Mon May 07 2018 22:57:18 GMT+0000 (UTC)","_score":1,"_source":{"time":"May 7, 2018","device":"miniCam","message":"motion","location":"Exterior-FrontDoor","timestamp":"2018-05-07T22:57:18.560Z"}}
{"_index":"ifttt-2018-05-07","_type":"webhook","_id":"Mon May 07 2018 13:54:14 GMT+0000 (UTC)","_score":1,"_source":{"time":"May 7, 2018","device":"miniCam","message":"motion","location":"Exterior-FrontDoor","timestamp":"2018-05-07T13:54:14.245Z"}}
{"_index":"ifttt-2018-05-07","_type":"webhook","_id":"Mon May 07 2018 13:54:15 GMT+0000 (UTC)","_score":1,"_source":{"time":"May 7, 2018","device":"miniCam","message":"motion","location":"Exterior-FrontDoor","timestamp":"2018-05-07T13:54:15.039Z"}}
{"_index":"ifttt-2018-05-07","_type":"webhook","_id":"Mon May 07 2018 14:09:21 GMT+0000 (UTC)","_score":1,"_source":{"time":"May 7, 2018","device":"miniCam","message":"motion","location":"Exterior-FrontDoor","timestamp":"2018-05-07T14:09:21.401Z"}}
{"_index":"ifttt-2018-05-07","_type":"webhook","_id":"Mon May 07 2018 14:19:25 GMT+0000 (UTC)","_score":1,"_source":{"time":"May 7, 2018","device":"miniCam","message":"motion","location":"Exterior-FrontDoor","timestamp":"2018-05-07T14:19:25.469Z"}}
{"_index":"ifttt-2018-05-07","_type":"webhook","_id":"Mon May 07 2018 15:04:29 GMT+0000 (UTC)","_score":1,"_source":{"time":"May 7, 2018","device":"miniCam","message":"motion","location":"Exterior-FrontDoor","timestamp":"2018-05-07T15:04:29.003Z"}}
{"_index":"ifttt-2018-05-07","_type":"webhook","_id":"Mon May 07 2018 15:29:12 GMT+0000 (UTC)","_score":1,"_source":{"time":"May 7, 2018","device":"miniCam","message":"motion","location":"Exterior-FrontDoor","timestamp":"2018-05-07T15:29:12.943Z"}}
{"_index":"ifttt-2018-05-07","_type":"webhook","_id":"Mon May 07 2018 15:49:23 GMT+0000 (UTC)","_score":1,"_source":{"time":"May 7, 2018","device":"miniCam","message":"motion","location":"Exterior-FrontDoor","timestamp":"2018-05-07T15:49:23.438Z"}}
{"_index":"ifttt-2018-05-07","_type":"webhook","_id":"Mon May 07 2018 12:58:09 GMT+0000 (UTC)","_score":1,"_source":{"device":"Plug1","message":"Activated","time":" ","timestamp":"2018-05-07T12:58:09.359Z"}}
{"_index":"ifttt-2018-05-07","_type":"webhook","_id":"Mon May 07 2018 08:40:19 GMT+0000 (UTC)","_score":1,"_source":{"device":"Room1Plug1","message":"Activated","timestamp":"2018-05-07T08:40:19.736Z"}}
{"_index":"ifttt-2018-05-07","_type":"webhook","_id":"Mon May 07 2018 14:09:22 GMT+0000 (UTC)","_score":1,"_source":{"time":"May 7, 2018","device":"miniCam","message":"motion","location":"Exterior-FrontDoor","timestamp":"2018-05-07T14:09:22.561Z"}}
{"_index":"ifttt-2018-05-07","_type":"webhook","_id":"Mon May 07 2018 15:59:21 GMT+0000 (UTC)","_score":1,"_source":{"time":"May 7, 2018","device":"miniCam","message":"motion","location":"Exterior-FrontDoor","timestamp":"2018-05-07T15:59:21.028Z"}}
{"_index":"ifttt-2018-05-07","_type":"webhook","_id":"Mon May 07 2018 18:02:16 GMT+0000 (UTC)","_score":1,"_source":{"time":"May 7, 2018","device":"miniCam","message":"motion","location":"Exterior-FrontDoor","timestamp":"2018-05-07T18:02:16.690Z"}}
{"_index":"ifttt-2018-05-07","_type":"webhook","_id":"Mon May 07 2018 18:57:15 GMT+0000 (UTC)","_score":1,"_source":{"time":"May 7, 2018","device":"miniCam","message":"motion","location":"Exterior-FrontDoor","timestamp":"2018-05-07T18:57:15.376Z"}}
{"_index":"ifttt-2018-05-07","_type":"webhook","_id":"Mon May 07 2018 18:57:16 GMT+0000 (UTC)","_score":1,"_source":{"time":"May 7, 2018","device":"miniCam","message":"motion","location":"Exterior-FrontDoor","timestamp":"2018-05-07T18:57:16.254Z"}}
{"_index":"ifttt-2018-05-07","_type":"webhook","_id":"Mon May 07 2018 19:32:12 GMT+0000 (UTC)","_score":1,"_source":{"time":"May 7, 2018","device":"miniCam","message":"motion","location":"Exterior-FrontDoor","timestamp":"2018-05-07T19:32:12.199Z"}}
{"_index":"ifttt-2018-05-07","_type":"webhook","_id":"Mon May 07 2018 19:37:14 GMT+0000 (UTC)","_score":1,"_source":{"time":"May 7, 2018","device":"miniCam","message":"motion","location":"Exterior-FrontDoor","timestamp":"2018-05-07T19:37:14.708Z"}}
{"_index":"ifttt-2018-05-07","_type":"webhook","_id":"Mon May 07 2018 18:04:14 GMT+0000 (UTC)","_score":1,"_source":{"device":"Plug1","message":"Activated","time":" ","timestamp":"2018-05-07T18:04:14.351Z"}}
{"_index":"ifttt-2018-05-07","_type":"webhook","_id":"Mon May 07 2018 19:04:18 GMT+0000 (UTC)","_score":1,"_source":{"device":"Plug1","message":"Activated","time":" ","timestamp":"2018-05-07T19:04:18.893Z"}}
{"_index":"ifttt-2018-05-07","_type":"webhook","_id":"Mon May 07 2018 17:32:56 GMT+0000 (UTC)","_score":1,"_source":{"time":"May 7, 2018","device":"miniCam","message":"motion","location":"Exterior-FrontDoor","timestamp":"2018-05-07T17:32:56.811Z"}}
{"_index":"ifttt-2018-05-07","_type":"webhook","_id":"Mon May 07 2018 22:09:39 GMT+0000 (UTC)","_score":1,"_source":{"device":"Plug1","message":"Activated","time":" ","timestamp":"2018-05-07T22:09:39.293Z"}}
{"_index":"ifttt-2018-05-07","_type":"webhook","_id":"Mon May 07 2018 22:47:13 GMT+0000 (UTC)","_score":1,"_source":{"time":"May 7, 2018","device":"miniCam","message":"motion","location":"Exterior-FrontDoor","timestamp":"2018-05-07T22:47:13.898Z"}}
{"_index":"ifttt-2018-05-07","_type":"webhook","_id":"Mon May 07 2018 23:07:07 GMT+0000 (UTC)","_score":1,"_source":{"time":"May 7, 2018","device":"miniCam","message":"motion","location":"Exterior-FrontDoor","timestamp":"2018-05-07T23:07:07.525Z"}}
