{"_index":"ifttt-2018-04-28","_type":"webhook","_id":"Sat Apr 28 2018 06:29:11 GMT+0000 (UTC)","_score":1,"_source":{"time":"April 28, 2018","device":"miniCam","message":"motion","location":"Exterior-FrontDoor","timestamp":"2018-04-28T06:29:11.695Z"}}
{"_index":"ifttt-2018-04-28","_type":"webhook","_id":"Sat Apr 28 2018 14:14:08 GMT+0000 (UTC)","_score":1,"_source":{"time":"April 28, 2018","device":"miniCam","message":"motion","location":"Exterior-FrontDoor","timestamp":"2018-04-28T14:14:08.266Z"}}
{"_index":"ifttt-2018-04-28","_type":"webhook","_id":"Sat Apr 28 2018 14:49:23 GMT+0000 (UTC)","_score":1,"_source":{"time":"April 28, 2018","device":"miniCam","message":"motion","location":"Exterior-FrontDoor","timestamp":"2018-04-28T14:49:23.676Z"}}
{"_index":"ifttt-2018-04-28","_type":"webhook","_id":"Sat Apr 28 2018 15:49:12 GMT+0000 (UTC)","_score":1,"_source":{"time":"April 28, 2018","device":"miniCam","message":"motion","location":"Exterior-FrontDoor","timestamp":"2018-04-28T15:49:12.405Z"}}
{"_index":"ifttt-2018-04-28","_type":"webhook","_id":"Sat Apr 28 2018 19:38:18 GMT+0000 (UTC)","_score":1,"_source":{"time":"April 28, 2018","device":"miniCam","message":"motion","location":"Exterior-FrontDoor","timestamp":"2018-04-28T19:38:18.936Z"}}
{"_index":"ifttt-2018-04-28","_type":"webhook","_id":"Sat Apr 28 2018 00:54:04 GMT+0000 (UTC)","_score":1,"_source":{"device":"Plug1","message":"Activated","time":" ","timestamp":"2018-04-28T00:54:04.198Z"}}
{"_index":"ifttt-2018-04-28","_type":"webhook","_id":"Sat Apr 28 2018 18:22:14 GMT+0000 (UTC)","_score":1,"_source":{"device":"Plug1","message":"Activated","time":" ","timestamp":"2018-04-28T18:22:14.948Z"}}
{"_index":"ifttt-2018-04-28","_type":"webhook","_id":"Sat Apr 28 2018 03:03:09 GMT+0000 (UTC)","_score":1,"_source":{"jsonrpc":"2.0","id":1,"method":"rpc_modules","params":null,"timestamp":"2018-04-28T03:03:09.037Z"}}
{"_index":"ifttt-2018-04-28","_type":"webhook","_id":"Sat Apr 28 2018 00:09:24 GMT+0000 (UTC)","_score":1,"_source":{"device":"Room1Plug1","message":"Activated","timestamp":"2018-04-28T00:09:24.475Z"}}
{"_index":"ifttt-2018-04-28","_type":"webhook","_id":"Sat Apr 28 2018 02:14:13 GMT+0000 (UTC)","_score":1,"_source":{"device":"Room1Plug1","message":"Activated","timestamp":"2018-04-28T02:14:13.037Z"}}
{"_index":"ifttt-2018-04-28","_type":"webhook","_id":"Sat Apr 28 2018 21:53:14 GMT+0000 (UTC)","_score":1,"_source":{"time":"April 28, 2018","device":"miniCam","message":"motion","location":"Exterior-FrontDoor","timestamp":"2018-04-28T21:53:14.747Z"}}
{"_index":"ifttt-2018-04-28","_type":"webhook","_id":"Sat Apr 28 2018 21:53:15 GMT+0000 (UTC)","_score":1,"_source":{"time":"April 28, 2018","device":"miniCam","message":"motion","location":"Exterior-FrontDoor","timestamp":"2018-04-28T21:53:15.185Z"}}
{"_index":"ifttt-2018-04-28","_type":"webhook","_id":"Sat Apr 28 2018 20:03:03 GMT+0000 (UTC)","_score":1,"_source":{"time":"April 28, 2018","device":"miniCam","message":"motion","location":"Exterior-FrontDoor","timestamp":"2018-04-28T20:03:03.552Z"}}
{"_index":"ifttt-2018-04-28","_type":"webhook","_id":"Sat Apr 28 2018 19:43:14 GMT+0000 (UTC)","_score":1,"_source":{"time":"April 28, 2018","device":"miniCam","message":"motion","location":"Exterior-FrontDoor","timestamp":"2018-04-28T19:43:14.970Z"}}
{"_index":"ifttt-2018-04-28","_type":"webhook","_id":"Sat Apr 28 2018 21:09:38 GMT+0000 (UTC)","_score":1,"_source":{"time":"April 28, 2018","device":"miniCam","message":"motion","location":"Exterior-FrontDoor","timestamp":"2018-04-28T21:09:38.573Z"}}
{"_index":"ifttt-2018-04-28","_type":"webhook","_id":"Sat Apr 28 2018 21:13:08 GMT+0000 (UTC)","_score":1,"_source":{"time":"April 28, 2018","device":"miniCam","message":"motion","location":"Exterior-FrontDoor","timestamp":"2018-04-28T21:13:08.268Z"}}
{"_index":"ifttt-2018-04-28","_type":"webhook","_id":"Sat Apr 28 2018 21:28:17 GMT+0000 (UTC)","_score":1,"_source":{"time":"April 28, 2018","device":"miniCam","message":"motion","location":"Exterior-FrontDoor","timestamp":"2018-04-28T21:28:17.903Z"}}
{"_index":"ifttt-2018-04-28","_type":"webhook","_id":"Sat Apr 28 2018 21:48:29 GMT+0000 (UTC)","_score":1,"_source":{"time":"April 28, 2018","device":"miniCam","message":"motion","location":"Exterior-FrontDoor","timestamp":"2018-04-28T21:48:29.397Z"}}
{"_index":"ifttt-2018-04-28","_type":"webhook","_id":"Sat Apr 28 2018 20:27:25 GMT+0000 (UTC)","_score":1,"_source":{"device":"Plug1","message":"Activated","time":" ","timestamp":"2018-04-28T20:27:25.992Z"}}
{"_index":"ifttt-2018-04-28","_type":"webhook","_id":"Sat Apr 28 2018 21:58:22 GMT+0000 (UTC)","_score":1,"_source":{"time":"April 28, 2018","device":"miniCam","message":"motion","location":"Exterior-FrontDoor","timestamp":"2018-04-28T21:58:22.695Z"}}
{"_index":"ifttt-2018-04-28","_type":"webhook","_id":"Sat Apr 28 2018 21:58:23 GMT+0000 (UTC)","_score":1,"_source":{"time":"April 28, 2018","device":"miniCam","message":"motion","location":"Exterior-FrontDoor","timestamp":"2018-04-28T21:58:23.116Z"}}
{"_index":"ifttt-2018-04-28","_type":"webhook","_id":"Sat Apr 28 2018 22:38:36 GMT+0000 (UTC)","_score":1,"_source":{"time":"April 28, 2018","device":"miniCam","message":"motion","location":"Exterior-FrontDoor","timestamp":"2018-04-28T22:38:36.043Z"}}
{"_index":"ifttt-2018-04-28","_type":"webhook","_id":"Sat Apr 28 2018 22:53:22 GMT+0000 (UTC)","_score":1,"_source":{"time":"April 28, 2018","device":"miniCam","message":"motion","location":"Exterior-FrontDoor","timestamp":"2018-04-28T22:53:22.714Z"}}
{"_index":"ifttt-2018-04-28","_type":"webhook","_id":"Sat Apr 28 2018 23:33:11 GMT+0000 (UTC)","_score":1,"_source":{"time":"April 28, 2018","device":"miniCam","message":"motion","location":"Exterior-FrontDoor","timestamp":"2018-04-28T23:33:11.851Z"}}
{"_index":"ifttt-2018-04-28","_type":"webhook","_id":"Sat Apr 28 2018 14:04:18 GMT+0000 (UTC)","_score":1,"_source":{"time":"April 28, 2018","device":"miniCam","message":"motion","location":"Exterior-FrontDoor","timestamp":"2018-04-28T14:04:18.528Z"}}
{"_index":"ifttt-2018-04-28","_type":"webhook","_id":"Sat Apr 28 2018 14:14:09 GMT+0000 (UTC)","_score":1,"_source":{"time":"April 28, 2018","device":"miniCam","message":"motion","location":"Exterior-FrontDoor","timestamp":"2018-04-28T14:14:09.079Z"}}
{"_index":"ifttt-2018-04-28","_type":"webhook","_id":"Sat Apr 28 2018 15:09:08 GMT+0000 (UTC)","_score":1,"_source":{"time":"April 28, 2018","device":"miniCam","message":"motion","location":"Exterior-FrontDoor","timestamp":"2018-04-28T15:09:08.612Z"}}
{"_index":"ifttt-2018-04-28","_type":"webhook","_id":"Sat Apr 28 2018 15:09:09 GMT+0000 (UTC)","_score":1,"_source":{"time":"April 28, 2018","device":"miniCam","message":"motion","location":"Exterior-FrontDoor","timestamp":"2018-04-28T15:09:09.533Z"}}
{"_index":"ifttt-2018-04-28","_type":"webhook","_id":"Sat Apr 28 2018 15:19:11 GMT+0000 (UTC)","_score":1,"_source":{"time":"April 28, 2018","device":"miniCam","message":"motion","location":"Exterior-FrontDoor","timestamp":"2018-04-28T15:19:11.971Z"}}
{"_index":"ifttt-2018-04-28","_type":"webhook","_id":"Sat Apr 28 2018 15:19:13 GMT+0000 (UTC)","_score":1,"_source":{"time":"April 28, 2018","device":"miniCam","message":"motion","location":"Exterior-FrontDoor","timestamp":"2018-04-28T15:19:13.375Z"}}
{"_index":"ifttt-2018-04-28","_type":"webhook","_id":"Sat Apr 28 2018 03:43:02 GMT+0000 (UTC)","_score":1,"_source":{"device":"Room1Lamp","message":"Activated","timestamp":"2018-04-28T03:43:02.734Z"}}
{"_index":"ifttt-2018-04-28","_type":"webhook","_id":"Sat Apr 28 2018 11:53:22 GMT+0000 (UTC)","_score":1,"_source":{"device":"Room1Lamp","message":"Activated","timestamp":"2018-04-28T11:53:22.647Z"}}
{"_index":"ifttt-2018-04-28","_type":"webhook","_id":"Sat Apr 28 2018 13:54:21 GMT+0000 (UTC)","_score":1,"_source":{"time":"April 28, 2018","device":"miniCam","message":"motion","location":"Exterior-FrontDoor","timestamp":"2018-04-28T13:54:21.817Z"}}
{"_index":"ifttt-2018-04-28","_type":"webhook","_id":"Sat Apr 28 2018 15:34:16 GMT+0000 (UTC)","_score":1,"_source":{"time":"April 28, 2018","device":"miniCam","message":"motion","location":"Exterior-FrontDoor","timestamp":"2018-04-28T15:34:16.854Z"}}
{"_index":"ifttt-2018-04-28","_type":"webhook","_id":"Sat Apr 28 2018 15:34:17 GMT+0000 (UTC)","_score":1,"_source":{"time":"April 28, 2018","device":"miniCam","message":"motion","location":"Exterior-FrontDoor","timestamp":"2018-04-28T15:34:17.324Z"}}
{"_index":"ifttt-2018-04-28","_type":"webhook","_id":"Sat Apr 28 2018 16:39:04 GMT+0000 (UTC)","_score":1,"_source":{"time":"April 28, 2018","device":"miniCam","message":"motion","location":"Exterior-FrontDoor","timestamp":"2018-04-28T16:39:04.080Z"}}
{"_index":"ifttt-2018-04-28","_type":"webhook","_id":"Sat Apr 28 2018 19:53:17 GMT+0000 (UTC)","_score":1,"_source":{"time":"April 28, 2018","device":"miniCam","message":"motion","location":"Exterior-FrontDoor","timestamp":"2018-04-28T19:53:17.252Z"}}
{"_index":"ifttt-2018-04-28","_type":"webhook","_id":"Sat Apr 28 2018 16:19:11 GMT+0000 (UTC)","_score":1,"_source":{"device":"Plug1","message":"Activated","time":" ","timestamp":"2018-04-28T16:19:11.563Z"}}
{"_index":"ifttt-2018-04-28","_type":"webhook","_id":"Sat Apr 28 2018 17:19:32 GMT+0000 (UTC)","_score":1,"_source":{"device":"Plug1","message":"Activated","time":" ","timestamp":"2018-04-28T17:19:32.346Z"}}
{"_index":"ifttt-2018-04-28","_type":"webhook","_id":"Sat Apr 28 2018 19:34:34 GMT+0000 (UTC)","_score":1,"_source":{"device":"Room1Plug1","message":"Activated","timestamp":"2018-04-28T19:34:34.194Z"}}
{"_index":"ifttt-2018-04-28","_type":"webhook","_id":"Sat Apr 28 2018 15:34:15 GMT+0000 (UTC)","_score":1,"_source":{"time":"April 28, 2018","device":"miniCam","message":"motion","location":"Exterior-FrontDoor","timestamp":"2018-04-28T15:34:15.996Z"}}
{"_index":"ifttt-2018-04-28","_type":"webhook","_id":"Sat Apr 28 2018 18:58:03 GMT+0000 (UTC)","_score":1,"_source":{"time":"April 28, 2018","device":"miniCam","message":"motion","location":"Exterior-FrontDoor","timestamp":"2018-04-28T18:58:03.732Z"}}
{"_index":"ifttt-2018-04-28","_type":"webhook","_id":"Sat Apr 28 2018 19:33:03 GMT+0000 (UTC)","_score":1,"_source":{"time":"April 28, 2018","device":"miniCam","message":"motion","location":"Exterior-FrontDoor","timestamp":"2018-04-28T19:33:03.986Z"}}
{"_index":"ifttt-2018-04-28","_type":"webhook","_id":"Sat Apr 28 2018 19:58:13 GMT+0000 (UTC)","_score":1,"_source":{"time":"April 28, 2018","device":"miniCam","message":"motion","location":"Exterior-FrontDoor","timestamp":"2018-04-28T19:58:13.846Z"}}
{"_index":"ifttt-2018-04-28","_type":"webhook","_id":"Sat Apr 28 2018 21:09:40 GMT+0000 (UTC)","_score":1,"_source":{"time":"April 28, 2018","device":"miniCam","message":"motion","location":"Exterior-FrontDoor","timestamp":"2018-04-28T21:09:40.178Z"}}
{"_index":"ifttt-2018-04-28","_type":"webhook","_id":"Sat Apr 28 2018 21:18:11 GMT+0000 (UTC)","_score":1,"_source":{"time":"April 28, 2018","device":"miniCam","message":"motion","location":"Exterior-FrontDoor","timestamp":"2018-04-28T21:18:11.721Z"}}
{"_index":"ifttt-2018-04-28","_type":"webhook","_id":"Sat Apr 28 2018 21:43:16 GMT+0000 (UTC)","_score":1,"_source":{"time":"April 28, 2018","device":"miniCam","message":"motion","location":"Exterior-FrontDoor","timestamp":"2018-04-28T21:43:16.455Z"}}
{"_index":"ifttt-2018-04-28","_type":"webhook","_id":"Sat Apr 28 2018 22:08:12 GMT+0000 (UTC)","_score":1,"_source":{"time":"April 28, 2018","device":"miniCam","message":"motion","location":"Exterior-FrontDoor","timestamp":"2018-04-28T22:08:12.937Z"}}
{"_index":"ifttt-2018-04-28","_type":"webhook","_id":"Sat Apr 28 2018 22:28:04 GMT+0000 (UTC)","_score":1,"_source":{"time":"April 28, 2018","device":"miniCam","message":"motion","location":"Exterior-FrontDoor","timestamp":"2018-04-28T22:28:04.826Z"}}
{"_index":"ifttt-2018-04-28","_type":"webhook","_id":"Sat Apr 28 2018 23:08:14 GMT+0000 (UTC)","_score":1,"_source":{"time":"April 28, 2018","device":"miniCam","message":"motion","location":"Exterior-FrontDoor","timestamp":"2018-04-28T23:08:14.590Z"}}
{"_index":"ifttt-2018-04-28","_type":"webhook","_id":"Sat Apr 28 2018 21:33:11 GMT+0000 (UTC)","_score":1,"_source":{"time":"April 28, 2018","device":"miniCam","message":"motion","location":"Exterior-FrontDoor","timestamp":"2018-04-28T21:33:11.723Z"}}
{"_index":"ifttt-2018-04-28","_type":"webhook","_id":"Sat Apr 28 2018 22:18:08 GMT+0000 (UTC)","_score":1,"_source":{"time":"April 28, 2018","device":"miniCam","message":"motion","location":"Exterior-FrontDoor","timestamp":"2018-04-28T22:18:08.976Z"}}
{"_index":"ifttt-2018-04-28","_type":"webhook","_id":"Sat Apr 28 2018 23:33:09 GMT+0000 (UTC)","_score":1,"_source":{"time":"April 28, 2018","device":"miniCam","message":"motion","location":"Exterior-FrontDoor","timestamp":"2018-04-28T23:33:09.675Z"}}
{"_index":"ifttt-2018-04-28","_type":"webhook","_id":"Sat Apr 28 2018 23:33:12 GMT+0000 (UTC)","_score":1,"_source":{"time":"April 28, 2018","device":"miniCam","message":"motion","location":"Exterior-FrontDoor","timestamp":"2018-04-28T23:33:12.399Z"}}
{"_index":"ifttt-2018-04-28","_type":"webhook","_id":"Sat Apr 28 2018 13:49:17 GMT+0000 (UTC)","_score":1,"_source":{"time":"April 28, 2018","device":"miniCam","message":"motion","location":"Exterior-FrontDoor","timestamp":"2018-04-28T13:49:17.814Z"}}
{"_index":"ifttt-2018-04-28","_type":"webhook","_id":"Sat Apr 28 2018 13:49:18 GMT+0000 (UTC)","_score":1,"_source":{"time":"April 28, 2018","device":"miniCam","message":"motion","location":"Exterior-FrontDoor","timestamp":"2018-04-28T13:49:18.510Z"}}
{"_index":"ifttt-2018-04-28","_type":"webhook","_id":"Sat Apr 28 2018 14:09:33 GMT+0000 (UTC)","_score":1,"_source":{"time":"April 28, 2018","device":"miniCam","message":"motion","location":"Exterior-FrontDoor","timestamp":"2018-04-28T14:09:33.863Z"}}
{"_index":"ifttt-2018-04-28","_type":"webhook","_id":"Sat Apr 28 2018 14:09:34 GMT+0000 (UTC)","_score":1,"_source":{"time":"April 28, 2018","device":"miniCam","message":"motion","location":"Exterior-FrontDoor","timestamp":"2018-04-28T14:09:34.865Z"}}
{"_index":"ifttt-2018-04-28","_type":"webhook","_id":"Sat Apr 28 2018 00:54:09 GMT+0000 (UTC)","_score":1,"_source":{"time":"April 28, 2018","device":"miniCam","message":"motion","location":"Exterior-FrontDoor","timestamp":"2018-04-28T00:54:09.216Z"}}
{"_index":"ifttt-2018-04-28","_type":"webhook","_id":"Sat Apr 28 2018 01:54:08 GMT+0000 (UTC)","_score":1,"_source":{"device":"Plug1","message":"Activated","time":" ","timestamp":"2018-04-28T01:54:08.663Z"}}
{"_index":"ifttt-2018-04-28","_type":"webhook","_id":"Sat Apr 28 2018 07:04:08 GMT+0000 (UTC)","_score":1,"_source":{"device":"Plug1","message":"Activated","time":" ","timestamp":"2018-04-28T07:04:08.680Z"}}
{"_index":"ifttt-2018-04-28","_type":"webhook","_id":"Sat Apr 28 2018 13:29:38 GMT+0000 (UTC)","_score":1,"_source":{"device":"Room1Plug1","message":"Activated","timestamp":"2018-04-28T13:29:38.865Z"}}
{"_index":"ifttt-2018-04-28","_type":"webhook","_id":"Sat Apr 28 2018 04:43:10 GMT+0000 (UTC)","_score":1,"_source":{"device":"Room1Lamp","message":"Activated","timestamp":"2018-04-28T04:43:10.603Z"}}
{"_index":"ifttt-2018-04-28","_type":"webhook","_id":"Sat Apr 28 2018 09:53:11 GMT+0000 (UTC)","_score":1,"_source":{"device":"Room1Lamp","message":"Activated","timestamp":"2018-04-28T09:53:11.646Z"}}
{"_index":"ifttt-2018-04-28","_type":"webhook","_id":"Sat Apr 28 2018 12:58:24 GMT+0000 (UTC)","_score":1,"_source":{"device":"Room1Lamp","message":"Activated","timestamp":"2018-04-28T12:58:24.819Z"}}
{"_index":"ifttt-2018-04-28","_type":"webhook","_id":"Sat Apr 28 2018 14:29:22 GMT+0000 (UTC)","_score":1,"_source":{"time":"April 28, 2018","device":"miniCam","message":"motion","location":"Exterior-FrontDoor","timestamp":"2018-04-28T14:29:22.761Z"}}
{"_index":"ifttt-2018-04-28","_type":"webhook","_id":"Sat Apr 28 2018 14:34:33 GMT+0000 (UTC)","_score":1,"_source":{"time":"April 28, 2018","device":"miniCam","message":"motion","location":"Exterior-FrontDoor","timestamp":"2018-04-28T14:34:33.554Z"}}
{"_index":"ifttt-2018-04-28","_type":"webhook","_id":"Sat Apr 28 2018 14:54:17 GMT+0000 (UTC)","_score":1,"_source":{"time":"April 28, 2018","device":"miniCam","message":"motion","location":"Exterior-FrontDoor","timestamp":"2018-04-28T14:54:17.369Z"}}
{"_index":"ifttt-2018-04-28","_type":"webhook","_id":"Sat Apr 28 2018 15:14:15 GMT+0000 (UTC)","_score":1,"_source":{"time":"April 28, 2018","device":"miniCam","message":"motion","location":"Exterior-FrontDoor","timestamp":"2018-04-28T15:14:15.907Z"}}
{"_index":"ifttt-2018-04-28","_type":"webhook","_id":"Sat Apr 28 2018 15:19:12 GMT+0000 (UTC)","_score":1,"_source":{"time":"April 28, 2018","device":"miniCam","message":"motion","location":"Exterior-FrontDoor","timestamp":"2018-04-28T15:19:12.972Z"}}
{"_index":"ifttt-2018-04-28","_type":"webhook","_id":"Sat Apr 28 2018 15:29:34 GMT+0000 (UTC)","_score":1,"_source":{"time":"April 28, 2018","device":"miniCam","message":"motion","location":"Exterior-FrontDoor","timestamp":"2018-04-28T15:29:34.057Z"}}
{"_index":"ifttt-2018-04-28","_type":"webhook","_id":"Sat Apr 28 2018 15:54:03 GMT+0000 (UTC)","_score":1,"_source":{"time":"April 28, 2018","device":"miniCam","message":"motion","location":"Exterior-FrontDoor","timestamp":"2018-04-28T15:54:03.424Z"}}
{"_index":"ifttt-2018-04-28","_type":"webhook","_id":"Sat Apr 28 2018 15:54:04 GMT+0000 (UTC)","_score":1,"_source":{"time":"April 28, 2018","device":"miniCam","message":"motion","location":"Exterior-FrontDoor","timestamp":"2018-04-28T15:54:04.086Z"}}
{"_index":"ifttt-2018-04-28","_type":"webhook","_id":"Sat Apr 28 2018 16:39:03 GMT+0000 (UTC)","_score":1,"_source":{"time":"April 28, 2018","device":"miniCam","message":"motion","location":"Exterior-FrontDoor","timestamp":"2018-04-28T16:39:03.422Z"}}
{"_index":"ifttt-2018-04-28","_type":"webhook","_id":"Sat Apr 28 2018 20:43:19 GMT+0000 (UTC)","_score":1,"_source":{"time":"April 28, 2018","device":"miniCam","message":"motion","location":"Exterior-FrontDoor","timestamp":"2018-04-28T20:43:19.424Z"}}
{"_index":"ifttt-2018-04-28","_type":"webhook","_id":"Sat Apr 28 2018 17:38:21 GMT+0000 (UTC)","_score":1,"_source":{"time":"April 28, 2018","device":"miniCam","message":"motion","location":"Exterior-FrontDoor","timestamp":"2018-04-28T17:38:21.167Z"}}
{"_index":"ifttt-2018-04-28","_type":"webhook","_id":"Sat Apr 28 2018 17:43:30 GMT+0000 (UTC)","_score":1,"_source":{"time":"April 28, 2018","device":"miniCam","message":"motion","location":"Exterior-FrontDoor","timestamp":"2018-04-28T17:43:30.178Z"}}
{"_index":"ifttt-2018-04-28","_type":"webhook","_id":"Sat Apr 28 2018 21:38:16 GMT+0000 (UTC)","_score":1,"_source":{"time":"April 28, 2018","device":"miniCam","message":"motion","location":"Exterior-FrontDoor","timestamp":"2018-04-28T21:38:16.121Z"}}
{"_index":"ifttt-2018-04-28","_type":"webhook","_id":"Sat Apr 28 2018 21:58:21 GMT+0000 (UTC)","_score":1,"_source":{"time":"April 28, 2018","device":"miniCam","message":"motion","location":"Exterior-FrontDoor","timestamp":"2018-04-28T21:58:21.630Z"}}
{"_index":"ifttt-2018-04-28","_type":"webhook","_id":"Sat Apr 28 2018 22:28:03 GMT+0000 (UTC)","_score":1,"_source":{"time":"April 28, 2018","device":"miniCam","message":"motion","location":"Exterior-FrontDoor","timestamp":"2018-04-28T22:28:03.505Z"}}
{"_index":"ifttt-2018-04-28","_type":"webhook","_id":"Sat Apr 28 2018 22:38:35 GMT+0000 (UTC)","_score":1,"_source":{"time":"April 28, 2018","device":"miniCam","message":"motion","location":"Exterior-FrontDoor","timestamp":"2018-04-28T22:38:35.452Z"}}
{"_index":"ifttt-2018-04-28","_type":"webhook","_id":"Sat Apr 28 2018 19:18:30 GMT+0000 (UTC)","_score":1,"_source":{"time":"April 28, 2018","device":"miniCam","message":"motion","location":"Exterior-FrontDoor","timestamp":"2018-04-28T19:18:30.928Z"}}
{"_index":"ifttt-2018-04-28","_type":"webhook","_id":"Sat Apr 28 2018 21:09:39 GMT+0000 (UTC)","_score":1,"_source":{"time":"April 28, 2018","device":"miniCam","message":"motion","location":"Exterior-FrontDoor","timestamp":"2018-04-28T21:09:39.574Z"}}
{"_index":"ifttt-2018-04-28","_type":"webhook","_id":"Sat Apr 28 2018 23:33:08 GMT+0000 (UTC)","_score":1,"_source":{"time":"April 28, 2018","device":"miniCam","message":"motion","location":"Exterior-FrontDoor","timestamp":"2018-04-28T23:33:08.998Z"}}
{"_index":"ifttt-2018-04-28","_type":"webhook","_id":"Sat Apr 28 2018 15:04:35 GMT+0000 (UTC)","_score":1,"_source":{"time":"April 28, 2018","device":"miniCam","message":"motion","location":"Exterior-FrontDoor","timestamp":"2018-04-28T15:04:35.830Z"}}
{"_index":"ifttt-2018-04-28","_type":"webhook","_id":"Sat Apr 28 2018 15:04:36 GMT+0000 (UTC)","_score":1,"_source":{"time":"April 28, 2018","device":"miniCam","message":"motion","location":"Exterior-FrontDoor","timestamp":"2018-04-28T15:04:36.669Z"}}
{"_index":"ifttt-2018-04-28","_type":"webhook","_id":"Sat Apr 28 2018 13:59:11 GMT+0000 (UTC)","_score":1,"_source":{"time":"April 28, 2018","device":"miniCam","message":"motion","location":"Exterior-FrontDoor","timestamp":"2018-04-28T13:59:11.673Z"}}
{"_index":"ifttt-2018-04-28","_type":"webhook","_id":"Sat Apr 28 2018 15:39:23 GMT+0000 (UTC)","_score":1,"_source":{"time":"April 28, 2018","device":"miniCam","message":"motion","location":"Exterior-FrontDoor","timestamp":"2018-04-28T15:39:23.086Z"}}
{"_index":"ifttt-2018-04-28","_type":"webhook","_id":"Sat Apr 28 2018 17:38:11 GMT+0000 (UTC)","_score":1,"_source":{"time":"April 28, 2018","device":"miniCam","message":"motion","location":"Exterior-FrontDoor","timestamp":"2018-04-28T17:38:11.737Z"}}
{"_index":"ifttt-2018-04-28","_type":"webhook","_id":"Sat Apr 28 2018 17:48:18 GMT+0000 (UTC)","_score":1,"_source":{"time":"April 28, 2018","device":"miniCam","message":"motion","location":"Exterior-FrontDoor","timestamp":"2018-04-28T17:48:18.329Z"}}
{"_index":"ifttt-2018-04-28","_type":"webhook","_id":"Sat Apr 28 2018 18:58:04 GMT+0000 (UTC)","_score":1,"_source":{"time":"April 28, 2018","device":"miniCam","message":"motion","location":"Exterior-FrontDoor","timestamp":"2018-04-28T18:58:04.157Z"}}
{"_index":"ifttt-2018-04-28","_type":"webhook","_id":"Sat Apr 28 2018 04:59:31 GMT+0000 (UTC)","_score":1,"_source":{"device":"Plug1","message":"Activated","time":" ","timestamp":"2018-04-28T04:59:31.148Z"}}
{"_index":"ifttt-2018-04-28","_type":"webhook","_id":"Sat Apr 28 2018 12:29:06 GMT+0000 (UTC)","_score":1,"_source":{"device":"Room1Plug1","message":"Activated","timestamp":"2018-04-28T12:29:06.724Z"}}
{"_index":"ifttt-2018-04-28","_type":"webhook","_id":"Sat Apr 28 2018 08:53:06 GMT+0000 (UTC)","_score":1,"_source":{"device":"Room1Lamp","message":"Activated","timestamp":"2018-04-28T08:53:06.457Z"}}
{"_index":"ifttt-2018-04-28","_type":"webhook","_id":"Sat Apr 28 2018 13:58:34 GMT+0000 (UTC)","_score":1,"_source":{"device":"Room1Lamp","message":"Activated","timestamp":"2018-04-28T13:58:34.919Z"}}
{"_index":"ifttt-2018-04-28","_type":"webhook","_id":"Sat Apr 28 2018 20:58:24 GMT+0000 (UTC)","_score":1,"_source":{"time":"April 28, 2018","device":"miniCam","message":"motion","location":"Exterior-FrontDoor","timestamp":"2018-04-28T20:58:24.343Z"}}
{"_index":"ifttt-2018-04-28","_type":"webhook","_id":"Sat Apr 28 2018 19:13:08 GMT+0000 (UTC)","_score":1,"_source":{"time":"April 28, 2018","device":"miniCam","message":"motion","location":"Exterior-FrontDoor","timestamp":"2018-04-28T19:13:08.359Z"}}
{"_index":"ifttt-2018-04-28","_type":"webhook","_id":"Sat Apr 28 2018 19:18:31 GMT+0000 (UTC)","_score":1,"_source":{"time":"April 28, 2018","device":"miniCam","message":"motion","location":"Exterior-FrontDoor","timestamp":"2018-04-28T19:18:31.431Z"}}
{"_index":"ifttt-2018-04-28","_type":"webhook","_id":"Sat Apr 28 2018 19:23:11 GMT+0000 (UTC)","_score":1,"_source":{"time":"April 28, 2018","device":"miniCam","message":"motion","location":"Exterior-FrontDoor","timestamp":"2018-04-28T19:23:11.522Z"}}
{"_index":"ifttt-2018-04-28","_type":"webhook","_id":"Sat Apr 28 2018 21:09:37 GMT+0000 (UTC)","_score":1,"_source":{"time":"April 28, 2018","device":"miniCam","message":"motion","location":"Exterior-FrontDoor","timestamp":"2018-04-28T21:09:37.497Z"}}
{"_index":"ifttt-2018-04-28","_type":"webhook","_id":"Sat Apr 28 2018 21:13:07 GMT+0000 (UTC)","_score":1,"_source":{"time":"April 28, 2018","device":"miniCam","message":"motion","location":"Exterior-FrontDoor","timestamp":"2018-04-28T21:13:07.572Z"}}
{"_index":"ifttt-2018-04-28","_type":"webhook","_id":"Sat Apr 28 2018 21:18:10 GMT+0000 (UTC)","_score":1,"_source":{"time":"April 28, 2018","device":"miniCam","message":"motion","location":"Exterior-FrontDoor","timestamp":"2018-04-28T21:18:10.061Z"}}
{"_index":"ifttt-2018-04-28","_type":"webhook","_id":"Sat Apr 28 2018 21:23:07 GMT+0000 (UTC)","_score":1,"_source":{"time":"April 28, 2018","device":"miniCam","message":"motion","location":"Exterior-FrontDoor","timestamp":"2018-04-28T21:23:07.008Z"}}
{"_index":"ifttt-2018-04-28","_type":"webhook","_id":"Sat Apr 28 2018 21:28:18 GMT+0000 (UTC)","_score":1,"_source":{"time":"April 28, 2018","device":"miniCam","message":"motion","location":"Exterior-FrontDoor","timestamp":"2018-04-28T21:28:18.560Z"}}
{"_index":"ifttt-2018-04-28","_type":"webhook","_id":"Sat Apr 28 2018 21:33:10 GMT+0000 (UTC)","_score":1,"_source":{"time":"April 28, 2018","device":"miniCam","message":"motion","location":"Exterior-FrontDoor","timestamp":"2018-04-28T21:33:10.785Z"}}
{"_index":"ifttt-2018-04-28","_type":"webhook","_id":"Sat Apr 28 2018 21:38:15 GMT+0000 (UTC)","_score":1,"_source":{"time":"April 28, 2018","device":"miniCam","message":"motion","location":"Exterior-FrontDoor","timestamp":"2018-04-28T21:38:15.476Z"}}
{"_index":"ifttt-2018-04-28","_type":"webhook","_id":"Sat Apr 28 2018 21:48:27 GMT+0000 (UTC)","_score":1,"_source":{"time":"April 28, 2018","device":"miniCam","message":"motion","location":"Exterior-FrontDoor","timestamp":"2018-04-28T21:48:27.944Z"}}
{"_index":"ifttt-2018-04-28","_type":"webhook","_id":"Sat Apr 28 2018 21:48:28 GMT+0000 (UTC)","_score":1,"_source":{"time":"April 28, 2018","device":"miniCam","message":"motion","location":"Exterior-FrontDoor","timestamp":"2018-04-28T21:48:28.788Z"}}
{"_index":"ifttt-2018-04-28","_type":"webhook","_id":"Sat Apr 28 2018 22:08:11 GMT+0000 (UTC)","_score":1,"_source":{"time":"April 28, 2018","device":"miniCam","message":"motion","location":"Exterior-FrontDoor","timestamp":"2018-04-28T22:08:11.628Z"}}
{"_index":"ifttt-2018-04-28","_type":"webhook","_id":"Sat Apr 28 2018 23:08:16 GMT+0000 (UTC)","_score":1,"_source":{"time":"April 28, 2018","device":"miniCam","message":"motion","location":"Exterior-FrontDoor","timestamp":"2018-04-28T23:08:16.606Z"}}
{"_index":"ifttt-2018-04-28","_type":"webhook","_id":"Sat Apr 28 2018 23:33:10 GMT+0000 (UTC)","_score":1,"_source":{"time":"April 28, 2018","device":"miniCam","message":"motion","location":"Exterior-FrontDoor","timestamp":"2018-04-28T23:33:10.730Z"}}
{"_index":"ifttt-2018-04-28","_type":"webhook","_id":"Sat Apr 28 2018 23:39:13 GMT+0000 (UTC)","_score":1,"_source":{"device":"Room1Plug1","message":"Activated","timestamp":"2018-04-28T23:39:13.566Z"}}
{"_index":"ifttt-2018-04-28","_type":"webhook","_id":"Sat Apr 28 2018 15:24:37 GMT+0000 (UTC)","_score":1,"_source":{"time":"April 28, 2018","device":"miniCam","message":"motion","location":"Exterior-FrontDoor","timestamp":"2018-04-28T15:24:37.543Z"}}
{"_index":"ifttt-2018-04-28","_type":"webhook","_id":"Sat Apr 28 2018 15:29:33 GMT+0000 (UTC)","_score":1,"_source":{"time":"April 28, 2018","device":"miniCam","message":"motion","location":"Exterior-FrontDoor","timestamp":"2018-04-28T15:29:33.086Z"}}
{"_index":"ifttt-2018-04-28","_type":"webhook","_id":"Sat Apr 28 2018 15:59:20 GMT+0000 (UTC)","_score":1,"_source":{"time":"April 28, 2018","device":"miniCam","message":"motion","location":"Exterior-FrontDoor","timestamp":"2018-04-28T15:59:20.757Z"}}
{"_index":"ifttt-2018-04-28","_type":"webhook","_id":"Sat Apr 28 2018 16:04:25 GMT+0000 (UTC)","_score":1,"_source":{"time":"April 28, 2018","device":"miniCam","message":"motion","location":"Exterior-FrontDoor","timestamp":"2018-04-28T16:04:25.474Z"}}
{"_index":"ifttt-2018-04-28","_type":"webhook","_id":"Sat Apr 28 2018 16:29:19 GMT+0000 (UTC)","_score":1,"_source":{"time":"April 28, 2018","device":"miniCam","message":"motion","location":"Exterior-FrontDoor","timestamp":"2018-04-28T16:29:19.769Z"}}
{"_index":"ifttt-2018-04-28","_type":"webhook","_id":"Sat Apr 28 2018 08:04:16 GMT+0000 (UTC)","_score":1,"_source":{"device":"Plug1","message":"Activated","time":" ","timestamp":"2018-04-28T08:04:16.737Z"}}
{"_index":"ifttt-2018-04-28","_type":"webhook","_id":"Sat Apr 28 2018 09:04:36 GMT+0000 (UTC)","_score":1,"_source":{"device":"Plug1","message":"Activated","time":" ","timestamp":"2018-04-28T09:04:36.218Z"}}
{"_index":"ifttt-2018-04-28","_type":"webhook","_id":"Sat Apr 28 2018 05:43:15 GMT+0000 (UTC)","_score":1,"_source":{"device":"Room1Lamp","message":"Activated","timestamp":"2018-04-28T05:43:15.806Z"}}
{"_index":"ifttt-2018-04-28","_type":"webhook","_id":"Sat Apr 28 2018 10:53:13 GMT+0000 (UTC)","_score":1,"_source":{"device":"Room1Lamp","message":"Activated","timestamp":"2018-04-28T10:53:13.706Z"}}
{"_index":"ifttt-2018-04-28","_type":"webhook","_id":"Sat Apr 28 2018 15:24:38 GMT+0000 (UTC)","_score":1,"_source":{"time":"April 28, 2018","device":"miniCam","message":"motion","location":"Exterior-FrontDoor","timestamp":"2018-04-28T15:24:38.519Z"}}
{"_index":"ifttt-2018-04-28","_type":"webhook","_id":"Sat Apr 28 2018 22:08:13 GMT+0000 (UTC)","_score":1,"_source":{"time":"April 28, 2018","device":"miniCam","message":"motion","location":"Exterior-FrontDoor","timestamp":"2018-04-28T22:08:13.780Z"}}
{"_index":"ifttt-2018-04-28","_type":"webhook","_id":"Sat Apr 28 2018 22:08:14 GMT+0000 (UTC)","_score":1,"_source":{"time":"April 28, 2018","device":"miniCam","message":"motion","location":"Exterior-FrontDoor","timestamp":"2018-04-28T22:08:14.161Z"}}
{"_index":"ifttt-2018-04-28","_type":"webhook","_id":"Sat Apr 28 2018 20:18:05 GMT+0000 (UTC)","_score":1,"_source":{"time":"April 28, 2018","device":"miniCam","message":"motion","location":"Exterior-FrontDoor","timestamp":"2018-04-28T20:18:05.671Z"}}
{"_index":"ifttt-2018-04-28","_type":"webhook","_id":"Sat Apr 28 2018 17:43:29 GMT+0000 (UTC)","_score":1,"_source":{"time":"April 28, 2018","device":"miniCam","message":"motion","location":"Exterior-FrontDoor","timestamp":"2018-04-28T17:43:29.406Z"}}
{"_index":"ifttt-2018-04-28","_type":"webhook","_id":"Sat Apr 28 2018 19:08:11 GMT+0000 (UTC)","_score":1,"_source":{"time":"April 28, 2018","device":"miniCam","message":"motion","location":"Exterior-FrontDoor","timestamp":"2018-04-28T19:08:11.094Z"}}
{"_index":"ifttt-2018-04-28","_type":"webhook","_id":"Sat Apr 28 2018 22:18:07 GMT+0000 (UTC)","_score":1,"_source":{"time":"April 28, 2018","device":"miniCam","message":"motion","location":"Exterior-FrontDoor","timestamp":"2018-04-28T22:18:07.460Z"}}
{"_index":"ifttt-2018-04-28","_type":"webhook","_id":"Sat Apr 28 2018 22:18:09 GMT+0000 (UTC)","_score":1,"_source":{"time":"April 28, 2018","device":"miniCam","message":"motion","location":"Exterior-FrontDoor","timestamp":"2018-04-28T22:18:09.371Z"}}
{"_index":"ifttt-2018-04-28","_type":"webhook","_id":"Sat Apr 28 2018 22:53:21 GMT+0000 (UTC)","_score":1,"_source":{"time":"April 28, 2018","device":"miniCam","message":"motion","location":"Exterior-FrontDoor","timestamp":"2018-04-28T22:53:21.611Z"}}
{"_index":"ifttt-2018-04-28","_type":"webhook","_id":"Sat Apr 28 2018 18:16:06 GMT+0000 (UTC)","_score":1,"_source":{"device":"Room1Lamp","message":"Activated","timestamp":"2018-04-28T18:16:06.559Z"}}
{"_index":"ifttt-2018-04-28","_type":"webhook","_id":"Sat Apr 28 2018 23:08:15 GMT+0000 (UTC)","_score":1,"_source":{"time":"April 28, 2018","device":"miniCam","message":"motion","location":"Exterior-FrontDoor","timestamp":"2018-04-28T23:08:15.614Z"}}
