{"_index":"ifttt-2018-04-16","_type":"webhook","_id":"Mon Apr 16 2018 11:06:26 GMT+0000 (UTC)","_score":1,"_source":{"time":"April 16, 2018","device":"miniCam","message":"motion","location":"Exterior-FrontDoor","timestamp":"2018-04-16T11:06:26.235Z"}}
{"_index":"ifttt-2018-04-16","_type":"webhook","_id":"Mon Apr 16 2018 15:51:37 GMT+0000 (UTC)","_score":1,"_source":{"time":"April 16, 2018","device":"miniCam","message":"motion","location":"Exterior-FrontDoor","timestamp":"2018-04-16T15:51:37.992Z"}}
{"_index":"ifttt-2018-04-16","_type":"webhook","_id":"Mon Apr 16 2018 16:41:22 GMT+0000 (UTC)","_score":1,"_source":{"time":"April 16, 2018","device":"miniCam","message":"motion","location":"Exterior-FrontDoor","timestamp":"2018-04-16T16:41:22.867Z"}}
{"_index":"ifttt-2018-04-16","_type":"webhook","_id":"Mon Apr 16 2018 16:41:24 GMT+0000 (UTC)","_score":1,"_source":{"time":"April 16, 2018","device":"miniCam","message":"motion","location":"Exterior-FrontDoor","timestamp":"2018-04-16T16:41:24.065Z"}}
{"_index":"ifttt-2018-04-16","_type":"webhook","_id":"Mon Apr 16 2018 18:27:03 GMT+0000 (UTC)","_score":1,"_source":{"time":"April 16, 2018","device":"miniCam","message":"motion","location":"Exterior-FrontDoor","timestamp":"2018-04-16T18:27:03.442Z"}}
{"_index":"ifttt-2018-04-16","_type":"webhook","_id":"Mon Apr 16 2018 19:12:28 GMT+0000 (UTC)","_score":1,"_source":{"time":"April 16, 2018","device":"miniCam","message":"motion","location":"Exterior-FrontDoor","timestamp":"2018-04-16T19:12:28.395Z"}}
{"_index":"ifttt-2018-04-16","_type":"webhook","_id":"Mon Apr 16 2018 19:52:15 GMT+0000 (UTC)","_score":1,"_source":{"time":"April 16, 2018","device":"miniCam","message":"motion","location":"Exterior-FrontDoor","timestamp":"2018-04-16T19:52:15.828Z"}}
{"_index":"ifttt-2018-04-16","_type":"webhook","_id":"Mon Apr 16 2018 18:59:07 GMT+0000 (UTC)","_score":1,"_source":{"device":"Plug1","message":"Activated","time":" ","timestamp":"2018-04-16T18:59:07.440Z"}}
{"_index":"ifttt-2018-04-16","_type":"webhook","_id":"Mon Apr 16 2018 19:25:23 GMT+0000 (UTC)","_score":1,"_source":{"device":"Room1Lamp","message":"Off","timestamp":"2018-04-16T19:25:23.723Z"}}
{"_index":"ifttt-2018-04-16","_type":"webhook","_id":"Mon Apr 16 2018 15:51:36 GMT+0000 (UTC)","_score":1,"_source":{"time":"April 16, 2018","device":"miniCam","message":"motion","location":"Exterior-FrontDoor","timestamp":"2018-04-16T15:51:36.928Z"}}
{"_index":"ifttt-2018-04-16","_type":"webhook","_id":"Mon Apr 16 2018 20:03:03 GMT+0000 (UTC)","_score":1,"_source":{"time":"April 16, 2018","device":"miniCam","message":"motion","location":"Exterior-FrontDoor","timestamp":"2018-04-16T20:03:03.668Z"}}
{"_index":"ifttt-2018-04-16","_type":"webhook","_id":"Mon Apr 16 2018 20:03:04 GMT+0000 (UTC)","_score":1,"_source":{"time":"April 16, 2018","device":"miniCam","message":"motion","location":"Exterior-FrontDoor","timestamp":"2018-04-16T20:03:04.464Z"}}
{"_index":"ifttt-2018-04-16","_type":"webhook","_id":"Mon Apr 16 2018 20:07:10 GMT+0000 (UTC)","_score":1,"_source":{"time":"April 16, 2018","device":"miniCam","message":"motion","location":"Exterior-FrontDoor","timestamp":"2018-04-16T20:07:10.526Z"}}
{"_index":"ifttt-2018-04-16","_type":"webhook","_id":"Mon Apr 16 2018 20:37:11 GMT+0000 (UTC)","_score":1,"_source":{"time":"April 16, 2018","device":"miniCam","message":"motion","location":"Exterior-FrontDoor","timestamp":"2018-04-16T20:37:11.214Z"}}
{"_index":"ifttt-2018-04-16","_type":"webhook","_id":"Mon Apr 16 2018 14:46:30 GMT+0000 (UTC)","_score":1,"_source":{"time":"April 16, 2018","device":"miniCam","message":"motion","location":"Exterior-FrontDoor","timestamp":"2018-04-16T14:46:30.907Z"}}
{"_index":"ifttt-2018-04-16","_type":"webhook","_id":"Mon Apr 16 2018 14:51:14 GMT+0000 (UTC)","_score":1,"_source":{"time":"April 16, 2018","device":"miniCam","message":"motion","location":"Exterior-FrontDoor","timestamp":"2018-04-16T14:51:14.339Z"}}
{"_index":"ifttt-2018-04-16","_type":"webhook","_id":"Mon Apr 16 2018 20:27:17 GMT+0000 (UTC)","_score":1,"_source":{"time":"April 16, 2018","device":"miniCam","message":"motion","location":"Exterior-FrontDoor","timestamp":"2018-04-16T20:27:17.125Z"}}
{"_index":"ifttt-2018-04-16","_type":"webhook","_id":"Mon Apr 16 2018 20:33:04 GMT+0000 (UTC)","_score":1,"_source":{"time":"April 16, 2018","device":"miniCam","message":"motion","location":"Exterior-FrontDoor","timestamp":"2018-04-16T20:33:04.046Z"}}
{"_index":"ifttt-2018-04-16","_type":"webhook","_id":"Mon Apr 16 2018 20:37:12 GMT+0000 (UTC)","_score":1,"_source":{"time":"April 16, 2018","device":"miniCam","message":"motion","location":"Exterior-FrontDoor","timestamp":"2018-04-16T20:37:12.135Z"}}
{"_index":"ifttt-2018-04-16","_type":"webhook","_id":"Mon Apr 16 2018 20:47:45 GMT+0000 (UTC)","_score":1,"_source":{"time":"April 16, 2018","device":"miniCam","message":"motion","location":"Exterior-FrontDoor","timestamp":"2018-04-16T20:47:45.259Z"}}
{"_index":"ifttt-2018-04-16","_type":"webhook","_id":"Mon Apr 16 2018 20:47:46 GMT+0000 (UTC)","_score":1,"_source":{"time":"April 16, 2018","device":"miniCam","message":"motion","location":"Exterior-FrontDoor","timestamp":"2018-04-16T20:47:46.087Z"}}
{"_index":"ifttt-2018-04-16","_type":"webhook","_id":"Mon Apr 16 2018 08:44:47 GMT+0000 (UTC)","_score":1,"_source":{"device":"Plug1","message":"Activated","time":" ","timestamp":"2018-04-16T08:44:47.459Z"}}
{"_index":"ifttt-2018-04-16","_type":"webhook","_id":"Mon Apr 16 2018 12:06:05 GMT+0000 (UTC)","_score":1,"_source":{"device":"Room1Lamp","message":"Off","timestamp":"2018-04-16T12:06:05.011Z"}}
{"_index":"ifttt-2018-04-16","_type":"webhook","_id":"Mon Apr 16 2018 16:36:28 GMT+0000 (UTC)","_score":1,"_source":{"time":"April 16, 2018","device":"miniCam","message":"motion","location":"Exterior-FrontDoor","timestamp":"2018-04-16T16:36:28.514Z"}}
{"_index":"ifttt-2018-04-16","_type":"webhook","_id":"Mon Apr 16 2018 21:04:08 GMT+0000 (UTC)","_score":1,"_source":{"device":"Plug1","message":"Activated","time":" ","timestamp":"2018-04-16T21:04:08.230Z"}}
{"_index":"ifttt-2018-04-16","_type":"webhook","_id":"Mon Apr 16 2018 21:07:05 GMT+0000 (UTC)","_score":1,"_source":{"time":"April 16, 2018","device":"miniCam","message":"motion","location":"Exterior-FrontDoor","timestamp":"2018-04-16T21:07:05.375Z"}}
{"_index":"ifttt-2018-04-16","_type":"webhook","_id":"Mon Apr 16 2018 14:21:19 GMT+0000 (UTC)","_score":1,"_source":{"time":"April 16, 2018","device":"miniCam","message":"motion","location":"Exterior-FrontDoor","timestamp":"2018-04-16T14:21:19.912Z"}}
{"_index":"ifttt-2018-04-16","_type":"webhook","_id":"Mon Apr 16 2018 18:42:20 GMT+0000 (UTC)","_score":1,"_source":{"time":"April 16, 2018","device":"miniCam","message":"motion","location":"Exterior-FrontDoor","timestamp":"2018-04-16T18:42:20.217Z"}}
{"_index":"ifttt-2018-04-16","_type":"webhook","_id":"Mon Apr 16 2018 19:12:29 GMT+0000 (UTC)","_score":1,"_source":{"time":"April 16, 2018","device":"miniCam","message":"motion","location":"Exterior-FrontDoor","timestamp":"2018-04-16T19:12:29.003Z"}}
{"_index":"ifttt-2018-04-16","_type":"webhook","_id":"Mon Apr 16 2018 20:27:15 GMT+0000 (UTC)","_score":1,"_source":{"time":"April 16, 2018","device":"miniCam","message":"motion","location":"Exterior-FrontDoor","timestamp":"2018-04-16T20:27:15.872Z"}}
{"_index":"ifttt-2018-04-16","_type":"webhook","_id":"Mon Apr 16 2018 20:42:14 GMT+0000 (UTC)","_score":1,"_source":{"time":"April 16, 2018","device":"miniCam","message":"motion","location":"Exterior-FrontDoor","timestamp":"2018-04-16T20:42:14.699Z"}}
{"_index":"ifttt-2018-04-16","_type":"webhook","_id":"Mon Apr 16 2018 21:02:54 GMT+0000 (UTC)","_score":1,"_source":{"time":"April 16, 2018","device":"miniCam","message":"motion","location":"Exterior-FrontDoor","timestamp":"2018-04-16T21:02:54.639Z"}}
{"_index":"ifttt-2018-04-16","_type":"webhook","_id":"Mon Apr 16 2018 10:49:24 GMT+0000 (UTC)","_score":1,"_source":{"device":"Plug1","message":"Activated","time":" ","timestamp":"2018-04-16T10:49:24.605Z"}}
{"_index":"ifttt-2018-04-16","_type":"webhook","_id":"Mon Apr 16 2018 19:38:21 GMT+0000 (UTC)","_score":1,"_source":{"device":"Room1Plug1","message":"Activated","timestamp":"2018-04-16T19:38:21.371Z"}}
{"_index":"ifttt-2018-04-16","_type":"webhook","_id":"Mon Apr 16 2018 06:51:25 GMT+0000 (UTC)","_score":1,"_source":{"device":"Room1Lamp","message":"Off","timestamp":"2018-04-16T06:51:25.049Z"}}
{"_index":"ifttt-2018-04-16","_type":"webhook","_id":"Mon Apr 16 2018 15:46:28 GMT+0000 (UTC)","_score":1,"_source":{"time":"April 16, 2018","device":"miniCam","message":"motion","location":"Exterior-FrontDoor","timestamp":"2018-04-16T15:46:28.643Z"}}
{"_index":"ifttt-2018-04-16","_type":"webhook","_id":"Mon Apr 16 2018 20:33:02 GMT+0000 (UTC)","_score":1,"_source":{"time":"April 16, 2018","device":"miniCam","message":"motion","location":"Exterior-FrontDoor","timestamp":"2018-04-16T20:33:02.917Z"}}
{"_index":"ifttt-2018-04-16","_type":"webhook","_id":"Mon Apr 16 2018 20:33:03 GMT+0000 (UTC)","_score":1,"_source":{"time":"April 16, 2018","device":"miniCam","message":"motion","location":"Exterior-FrontDoor","timestamp":"2018-04-16T20:33:03.443Z"}}
{"_index":"ifttt-2018-04-16","_type":"webhook","_id":"Mon Apr 16 2018 15:36:20 GMT+0000 (UTC)","_score":1,"_source":{"time":"April 16, 2018","device":"miniCam","message":"motion","location":"Exterior-FrontDoor","timestamp":"2018-04-16T15:36:20.868Z"}}
{"_index":"ifttt-2018-04-16","_type":"webhook","_id":"Mon Apr 16 2018 15:36:21 GMT+0000 (UTC)","_score":1,"_source":{"time":"April 16, 2018","device":"miniCam","message":"motion","location":"Exterior-FrontDoor","timestamp":"2018-04-16T15:36:21.448Z"}}
{"_index":"ifttt-2018-04-16","_type":"webhook","_id":"Mon Apr 16 2018 05:36:24 GMT+0000 (UTC)","_score":1,"_source":{"time":"April 16, 2018","device":"miniCam","message":"motion","location":"Exterior-FrontDoor","timestamp":"2018-04-16T05:36:24.233Z"}}
{"_index":"ifttt-2018-04-16","_type":"webhook","_id":"Mon Apr 16 2018 06:44:22 GMT+0000 (UTC)","_score":1,"_source":{"device":"Plug1","message":"Activated","time":" ","timestamp":"2018-04-16T06:44:22.937Z"}}
{"_index":"ifttt-2018-04-16","_type":"webhook","_id":"Mon Apr 16 2018 17:59:04 GMT+0000 (UTC)","_score":1,"_source":{"device":"Plug1","message":"Activated","time":" ","timestamp":"2018-04-16T17:59:04.349Z"}}
{"_index":"ifttt-2018-04-16","_type":"webhook","_id":"Mon Apr 16 2018 05:51:15 GMT+0000 (UTC)","_score":1,"_source":{"device":"Room1Lamp","message":"Off","timestamp":"2018-04-16T05:51:15.281Z"}}
{"_index":"ifttt-2018-04-16","_type":"webhook","_id":"Mon Apr 16 2018 14:11:13 GMT+0000 (UTC)","_score":1,"_source":{"device":"Room1Lamp","message":"Off","timestamp":"2018-04-16T14:11:13.727Z"}}
{"_index":"ifttt-2018-04-16","_type":"webhook","_id":"Mon Apr 16 2018 20:25:26 GMT+0000 (UTC)","_score":1,"_source":{"device":"Room1Lamp","message":"Off","timestamp":"2018-04-16T20:25:26.535Z"}}
{"_index":"ifttt-2018-04-16","_type":"webhook","_id":"Mon Apr 16 2018 16:36:27 GMT+0000 (UTC)","_score":1,"_source":{"time":"April 16, 2018","device":"miniCam","message":"motion","location":"Exterior-FrontDoor","timestamp":"2018-04-16T16:36:27.596Z"}}
{"_index":"ifttt-2018-04-16","_type":"webhook","_id":"Mon Apr 16 2018 20:33:01 GMT+0000 (UTC)","_score":1,"_source":{"time":"April 16, 2018","device":"miniCam","message":"motion","location":"Exterior-FrontDoor","timestamp":"2018-04-16T20:33:01.695Z"}}
{"_index":"ifttt-2018-04-16","_type":"webhook","_id":"Mon Apr 16 2018 20:38:25 GMT+0000 (UTC)","_score":1,"_source":{"device":"Room1Plug1","message":"Activated","timestamp":"2018-04-16T20:38:25.425Z"}}
{"_index":"ifttt-2018-04-16","_type":"webhook","_id":"Mon Apr 16 2018 20:42:15 GMT+0000 (UTC)","_score":1,"_source":{"time":"April 16, 2018","device":"miniCam","message":"motion","location":"Exterior-FrontDoor","timestamp":"2018-04-16T20:42:15.948Z"}}
{"_index":"ifttt-2018-04-16","_type":"webhook","_id":"Mon Apr 16 2018 20:52:04 GMT+0000 (UTC)","_score":1,"_source":{"time":"April 16, 2018","device":"miniCam","message":"motion","location":"Exterior-FrontDoor","timestamp":"2018-04-16T20:52:04.736Z"}}
{"_index":"ifttt-2018-04-16","_type":"webhook","_id":"Mon Apr 16 2018 21:57:34 GMT+0000 (UTC)","_score":1,"_source":{"time":"April 16, 2018","device":"miniCam","message":"motion","location":"Exterior-FrontDoor","timestamp":"2018-04-16T21:57:34.795Z"}}
{"_index":"ifttt-2018-04-16","_type":"webhook","_id":"Mon Apr 16 2018 22:04:09 GMT+0000 (UTC)","_score":1,"_source":{"device":"Plug1","message":"Activated","time":" ","timestamp":"2018-04-16T22:04:09.627Z"}}
{"_index":"ifttt-2018-04-16","_type":"webhook","_id":"Mon Apr 16 2018 22:17:25 GMT+0000 (UTC)","_score":1,"_source":{"time":"April 16, 2018","device":"miniCam","message":"motion","location":"Exterior-FrontDoor","timestamp":"2018-04-16T22:17:25.398Z"}}
{"_index":"ifttt-2018-04-16","_type":"webhook","_id":"Mon Apr 16 2018 23:04:27 GMT+0000 (UTC)","_score":1,"_source":{"device":"Plug1","message":"Activated","time":" ","timestamp":"2018-04-16T23:04:27.018Z"}}
{"_index":"ifttt-2018-04-16","_type":"webhook","_id":"Mon Apr 16 2018 23:18:00 GMT+0000 (UTC)","_score":1,"_source":{"time":"April 16, 2018","device":"miniCam","message":"motion","location":"Exterior-FrontDoor","timestamp":"2018-04-16T23:18:00.642Z"}}
{"_index":"ifttt-2018-04-16","_type":"webhook","_id":"Mon Apr 16 2018 15:46:27 GMT+0000 (UTC)","_score":1,"_source":{"time":"April 16, 2018","device":"miniCam","message":"motion","location":"Exterior-FrontDoor","timestamp":"2018-04-16T15:46:27.686Z"}}
{"_index":"ifttt-2018-04-16","_type":"webhook","_id":"Mon Apr 16 2018 15:51:38 GMT+0000 (UTC)","_score":1,"_source":{"time":"April 16, 2018","device":"miniCam","message":"motion","location":"Exterior-FrontDoor","timestamp":"2018-04-16T15:51:38.438Z"}}
{"_index":"ifttt-2018-04-16","_type":"webhook","_id":"Mon Apr 16 2018 16:41:23 GMT+0000 (UTC)","_score":1,"_source":{"time":"April 16, 2018","device":"miniCam","message":"motion","location":"Exterior-FrontDoor","timestamp":"2018-04-16T16:41:23.547Z"}}
{"_index":"ifttt-2018-04-16","_type":"webhook","_id":"Mon Apr 16 2018 16:42:04 GMT+0000 (UTC)","_score":1,"_source":{"time":"April 16, 2018","device":"miniCam","message":"motion","location":"Exterior-FrontDoor","timestamp":"2018-04-16T16:42:04.772Z"}}
{"_index":"ifttt-2018-04-16","_type":"webhook","_id":"Mon Apr 16 2018 15:32:34 GMT+0000 (UTC)","_score":1,"_source":{"device":"FrontLock1","status":"Unlocked","user":" Manny Kin","timestamp":"2018-04-16T15:32:34.290Z"}}
{"_index":"ifttt-2018-04-16","_type":"webhook","_id":"Mon Apr 16 2018 15:33:19 GMT+0000 (UTC)","_score":1,"_source":{"device":"FrontLock1","status":"Locked","user":"Manny Kin","timestamp":"2018-04-16T15:33:19.477Z"}}
{"_index":"ifttt-2018-04-16","_type":"webhook","_id":"Mon Apr 16 2018 02:39:23 GMT+0000 (UTC)","_score":1,"_source":{"device":"Plug1","message":"Activated","time":" ","timestamp":"2018-04-16T02:39:23.493Z"}}
{"_index":"ifttt-2018-04-16","_type":"webhook","_id":"Mon Apr 16 2018 07:44:24 GMT+0000 (UTC)","_score":1,"_source":{"device":"Plug1","message":"Activated","time":" ","timestamp":"2018-04-16T07:44:24.824Z"}}
{"_index":"ifttt-2018-04-16","_type":"webhook","_id":"Mon Apr 16 2018 03:13:07 GMT+0000 (UTC)","_score":1,"_source":{"device":"Room1Plug1","message":"Activated","timestamp":"2018-04-16T03:13:07.536Z"}}
{"_index":"ifttt-2018-04-16","_type":"webhook","_id":"Mon Apr 16 2018 00:32:01 GMT+0000 (UTC)","_score":1,"_source":{"device":"Room1Lamp","message":"Off","timestamp":"2018-04-16T00:32:01.055Z"}}
{"_index":"ifttt-2018-04-16","_type":"webhook","_id":"Mon Apr 16 2018 18:32:07 GMT+0000 (UTC)","_score":1,"_source":{"time":"April 16, 2018","device":"miniCam","message":"motion","location":"Exterior-FrontDoor","timestamp":"2018-04-16T18:32:07.242Z"}}
{"_index":"ifttt-2018-04-16","_type":"webhook","_id":"Mon Apr 16 2018 18:38:18 GMT+0000 (UTC)","_score":1,"_source":{"device":"Room1Plug1","message":"Activated","timestamp":"2018-04-16T18:38:18.590Z"}}
{"_index":"ifttt-2018-04-16","_type":"webhook","_id":"Mon Apr 16 2018 19:57:46 GMT+0000 (UTC)","_score":1,"_source":{"time":"April 16, 2018","device":"miniCam","message":"motion","location":"Exterior-FrontDoor","timestamp":"2018-04-16T19:57:46.849Z"}}
{"_index":"ifttt-2018-04-16","_type":"webhook","_id":"Mon Apr 16 2018 19:59:47 GMT+0000 (UTC)","_score":1,"_source":{"device":"Plug1","message":"Activated","time":" ","timestamp":"2018-04-16T19:59:47.532Z"}}
{"_index":"ifttt-2018-04-16","_type":"webhook","_id":"Mon Apr 16 2018 20:27:16 GMT+0000 (UTC)","_score":1,"_source":{"time":"April 16, 2018","device":"miniCam","message":"motion","location":"Exterior-FrontDoor","timestamp":"2018-04-16T20:27:16.529Z"}}
