{"_index":"ifttt-2018-05-02","_type":"webhook","_id":"Wed May 02 2018 01:18:08 GMT+0000 (UTC)","_score":1,"_source":{"time":"May 2, 2018","device":"miniCam","message":"motion","location":"Exterior-FrontDoor","timestamp":"2018-05-02T01:18:08.424Z"}}
{"_index":"ifttt-2018-05-02","_type":"webhook","_id":"Wed May 02 2018 12:23:24 GMT+0000 (UTC)","_score":1,"_source":{"time":"May 2, 2018","device":"miniCam","message":"motion","location":"Exterior-FrontDoor","timestamp":"2018-05-02T12:23:24.077Z"}}
{"_index":"ifttt-2018-05-02","_type":"webhook","_id":"Wed May 02 2018 14:38:18 GMT+0000 (UTC)","_score":1,"_source":{"time":"May 2, 2018","device":"miniCam","message":"motion","location":"Exterior-FrontDoor","timestamp":"2018-05-02T14:38:18.112Z"}}
{"_index":"ifttt-2018-05-02","_type":"webhook","_id":"Wed May 02 2018 17:03:11 GMT+0000 (UTC)","_score":1,"_source":{"time":"May 2, 2018","device":"miniCam","message":"motion","location":"Exterior-FrontDoor","timestamp":"2018-05-02T17:03:11.413Z"}}
{"_index":"ifttt-2018-05-02","_type":"webhook","_id":"Wed May 02 2018 00:31:18 GMT+0000 (UTC)","_score":1,"_source":{"device":"Plug1","message":"Activated","time":" ","timestamp":"2018-05-02T00:31:18.154Z"}}
{"_index":"ifttt-2018-05-02","_type":"webhook","_id":"Wed May 02 2018 02:36:16 GMT+0000 (UTC)","_score":1,"_source":{"device":"Plug1","message":"Activated","time":" ","timestamp":"2018-05-02T02:36:16.736Z"}}
{"_index":"ifttt-2018-05-02","_type":"webhook","_id":"Wed May 02 2018 15:56:07 GMT+0000 (UTC)","_score":1,"_source":{"device":"Plug1","message":"Activated","time":" ","timestamp":"2018-05-02T15:56:07.017Z"}}
{"_index":"ifttt-2018-05-02","_type":"webhook","_id":"Wed May 02 2018 16:56:17 GMT+0000 (UTC)","_score":1,"_source":{"device":"Plug1","message":"Activated","time":" ","timestamp":"2018-05-02T16:56:17.406Z"}}
{"_index":"ifttt-2018-05-02","_type":"webhook","_id":"Wed May 02 2018 11:25:21 GMT+0000 (UTC)","_score":1,"_source":{"device":"Room1Lamp","message":"Activated","timestamp":"2018-05-02T11:25:21.106Z"}}
{"_index":"ifttt-2018-05-02","_type":"webhook","_id":"Wed May 02 2018 01:03:04 GMT+0000 (UTC)","_score":1,"_source":{"time":"May 2, 2018","device":"miniCam","message":"motion","location":"Exterior-FrontDoor","timestamp":"2018-05-02T01:03:04.841Z"}}
{"_index":"ifttt-2018-05-02","_type":"webhook","_id":"Wed May 02 2018 17:39:16 GMT+0000 (UTC)","_score":1,"_source":{"time":"May 2, 2018","device":"miniCam","message":"motion","location":"Exterior-FrontDoor","timestamp":"2018-05-02T17:39:16.378Z"}}
{"_index":"ifttt-2018-05-02","_type":"webhook","_id":"Wed May 02 2018 18:23:13 GMT+0000 (UTC)","_score":1,"_source":{"time":"May 2, 2018","device":"miniCam","message":"motion","location":"Exterior-FrontDoor","timestamp":"2018-05-02T18:23:13.283Z"}}
{"_index":"ifttt-2018-05-02","_type":"webhook","_id":"Wed May 02 2018 18:44:06 GMT+0000 (UTC)","_score":1,"_source":{"time":"May 2, 2018","device":"miniCam","message":"motion","location":"Exterior-FrontDoor","timestamp":"2018-05-02T18:44:06.662Z"}}
{"_index":"ifttt-2018-05-02","_type":"webhook","_id":"Wed May 02 2018 19:58:23 GMT+0000 (UTC)","_score":1,"_source":{"time":"May 2, 2018","device":"miniCam","message":"motion","location":"Exterior-FrontDoor","timestamp":"2018-05-02T19:58:23.740Z"}}
{"_index":"ifttt-2018-05-02","_type":"webhook","_id":"Wed May 02 2018 20:03:11 GMT+0000 (UTC)","_score":1,"_source":{"time":"May 2, 2018","device":"miniCam","message":"motion","location":"Exterior-FrontDoor","timestamp":"2018-05-02T20:03:11.987Z"}}
{"_index":"ifttt-2018-05-02","_type":"webhook","_id":"Wed May 02 2018 20:48:07 GMT+0000 (UTC)","_score":1,"_source":{"time":"May 2, 2018","device":"miniCam","message":"motion","location":"Exterior-FrontDoor","timestamp":"2018-05-02T20:48:07.968Z"}}
{"_index":"ifttt-2018-05-02","_type":"webhook","_id":"Wed May 02 2018 21:28:35 GMT+0000 (UTC)","_score":1,"_source":{"time":"May 2, 2018","device":"miniCam","message":"motion","location":"Exterior-FrontDoor","timestamp":"2018-05-02T21:28:35.252Z"}}
{"_index":"ifttt-2018-05-02","_type":"webhook","_id":"Wed May 02 2018 22:48:13 GMT+0000 (UTC)","_score":1,"_source":{"time":"May 2, 2018","device":"miniCam","message":"motion","location":"Exterior-FrontDoor","timestamp":"2018-05-02T22:48:13.075Z"}}
{"_index":"ifttt-2018-05-02","_type":"webhook","_id":"Wed May 02 2018 14:48:34 GMT+0000 (UTC)","_score":1,"_source":{"time":"May 2, 2018","device":"miniCam","message":"motion","location":"Exterior-FrontDoor","timestamp":"2018-05-02T14:48:34.402Z"}}
{"_index":"ifttt-2018-05-02","_type":"webhook","_id":"Wed May 02 2018 14:48:35 GMT+0000 (UTC)","_score":1,"_source":{"time":"May 2, 2018","device":"miniCam","message":"motion","location":"Exterior-FrontDoor","timestamp":"2018-05-02T14:48:35.115Z"}}
{"_index":"ifttt-2018-05-02","_type":"webhook","_id":"Wed May 02 2018 03:09:41 GMT+0000 (UTC)","_score":1,"_source":{"time":"May 2, 2018","device":"miniCam","message":"motion","location":"Exterior-FrontDoor","timestamp":"2018-05-02T03:09:41.035Z"}}
{"_index":"ifttt-2018-05-02","_type":"webhook","_id":"Wed May 02 2018 11:03:42 GMT+0000 (UTC)","_score":1,"_source":{"time":"May 2, 2018","device":"miniCam","message":"motion","location":"Exterior-FrontDoor","timestamp":"2018-05-02T11:03:42.621Z"}}
{"_index":"ifttt-2018-05-02","_type":"webhook","_id":"Wed May 02 2018 11:33:21 GMT+0000 (UTC)","_score":1,"_source":{"time":"May 2, 2018","device":"miniCam","message":"motion","location":"Exterior-FrontDoor","timestamp":"2018-05-02T11:33:21.992Z"}}
{"_index":"ifttt-2018-05-02","_type":"webhook","_id":"Wed May 02 2018 13:18:12 GMT+0000 (UTC)","_score":1,"_source":{"time":"May 2, 2018","device":"miniCam","message":"motion","location":"Exterior-FrontDoor","timestamp":"2018-05-02T13:18:12.384Z"}}
{"_index":"ifttt-2018-05-02","_type":"webhook","_id":"Wed May 02 2018 14:18:21 GMT+0000 (UTC)","_score":1,"_source":{"time":"May 2, 2018","device":"miniCam","message":"motion","location":"Exterior-FrontDoor","timestamp":"2018-05-02T14:18:21.406Z"}}
{"_index":"ifttt-2018-05-02","_type":"webhook","_id":"Wed May 02 2018 15:48:07 GMT+0000 (UTC)","_score":1,"_source":{"time":"May 2, 2018","device":"miniCam","message":"motion","location":"Exterior-FrontDoor","timestamp":"2018-05-02T15:48:07.636Z"}}
{"_index":"ifttt-2018-05-02","_type":"webhook","_id":"Wed May 02 2018 18:48:40 GMT+0000 (UTC)","_score":1,"_source":{"time":"May 2, 2018","device":"miniCam","message":"motion","location":"Exterior-FrontDoor","timestamp":"2018-05-02T18:48:40.726Z"}}
{"_index":"ifttt-2018-05-02","_type":"webhook","_id":"Wed May 02 2018 12:51:30 GMT+0000 (UTC)","_score":1,"_source":{"device":"Plug1","message":"Activated","time":" ","timestamp":"2018-05-02T12:51:30.559Z"}}
{"_index":"ifttt-2018-05-02","_type":"webhook","_id":"Wed May 02 2018 10:25:09 GMT+0000 (UTC)","_score":1,"_source":{"device":"Room1Lamp","message":"Activated","timestamp":"2018-05-02T10:25:09.924Z"}}
{"_index":"ifttt-2018-05-02","_type":"webhook","_id":"Wed May 02 2018 19:08:19 GMT+0000 (UTC)","_score":1,"_source":{"time":"May 2, 2018","device":"miniCam","message":"motion","location":"Exterior-FrontDoor","timestamp":"2018-05-02T19:08:19.508Z"}}
{"_index":"ifttt-2018-05-02","_type":"webhook","_id":"Wed May 02 2018 19:28:03 GMT+0000 (UTC)","_score":1,"_source":{"time":"May 2, 2018","device":"miniCam","message":"motion","location":"Exterior-FrontDoor","timestamp":"2018-05-02T19:28:03.009Z"}}
{"_index":"ifttt-2018-05-02","_type":"webhook","_id":"Wed May 02 2018 19:53:30 GMT+0000 (UTC)","_score":1,"_source":{"time":"May 2, 2018","device":"miniCam","message":"motion","location":"Exterior-FrontDoor","timestamp":"2018-05-02T19:53:30.459Z"}}
{"_index":"ifttt-2018-05-02","_type":"webhook","_id":"Wed May 02 2018 20:01:43 GMT+0000 (UTC)","_score":1,"_source":{"device":"Plug1","message":"Activated","time":" ","timestamp":"2018-05-02T20:01:43.703Z"}}
{"_index":"ifttt-2018-05-02","_type":"webhook","_id":"Wed May 02 2018 20:33:05 GMT+0000 (UTC)","_score":1,"_source":{"time":"May 2, 2018","device":"miniCam","message":"motion","location":"Exterior-FrontDoor","timestamp":"2018-05-02T20:33:05.991Z"}}
{"_index":"ifttt-2018-05-02","_type":"webhook","_id":"Wed May 02 2018 20:33:06 GMT+0000 (UTC)","_score":1,"_source":{"time":"May 2, 2018","device":"miniCam","message":"motion","location":"Exterior-FrontDoor","timestamp":"2018-05-02T20:33:06.666Z"}}
{"_index":"ifttt-2018-05-02","_type":"webhook","_id":"Wed May 02 2018 21:32:30 GMT+0000 (UTC)","_score":1,"_source":{"device":"Room1Plug1","message":"Activated","timestamp":"2018-05-02T21:32:30.130Z"}}
{"_index":"ifttt-2018-05-02","_type":"webhook","_id":"Wed May 02 2018 12:28:09 GMT+0000 (UTC)","_score":1,"_source":{"time":"May 2, 2018","device":"miniCam","message":"motion","location":"Exterior-FrontDoor","timestamp":"2018-05-02T12:28:09.321Z"}}
{"_index":"ifttt-2018-05-02","_type":"webhook","_id":"Wed May 02 2018 12:28:10 GMT+0000 (UTC)","_score":1,"_source":{"time":"May 2, 2018","device":"miniCam","message":"motion","location":"Exterior-FrontDoor","timestamp":"2018-05-02T12:28:10.088Z"}}
{"_index":"ifttt-2018-05-02","_type":"webhook","_id":"Wed May 02 2018 12:03:13 GMT+0000 (UTC)","_score":1,"_source":{"time":"May 2, 2018","device":"miniCam","message":"motion","location":"Exterior-FrontDoor","timestamp":"2018-05-02T12:03:13.222Z"}}
{"_index":"ifttt-2018-05-02","_type":"webhook","_id":"Wed May 02 2018 12:48:05 GMT+0000 (UTC)","_score":1,"_source":{"time":"May 2, 2018","device":"miniCam","message":"motion","location":"Exterior-FrontDoor","timestamp":"2018-05-02T12:48:05.630Z"}}
{"_index":"ifttt-2018-05-02","_type":"webhook","_id":"Wed May 02 2018 14:03:19 GMT+0000 (UTC)","_score":1,"_source":{"time":"May 2, 2018","device":"miniCam","message":"motion","location":"Exterior-FrontDoor","timestamp":"2018-05-02T14:03:19.568Z"}}
{"_index":"ifttt-2018-05-02","_type":"webhook","_id":"Wed May 02 2018 16:28:09 GMT+0000 (UTC)","_score":1,"_source":{"time":"May 2, 2018","device":"miniCam","message":"motion","location":"Exterior-FrontDoor","timestamp":"2018-05-02T16:28:09.555Z"}}
{"_index":"ifttt-2018-05-02","_type":"webhook","_id":"Wed May 02 2018 07:41:19 GMT+0000 (UTC)","_score":1,"_source":{"device":"Plug1","message":"Activated","time":" ","timestamp":"2018-05-02T07:41:19.841Z"}}
{"_index":"ifttt-2018-05-02","_type":"webhook","_id":"Wed May 02 2018 03:12:04 GMT+0000 (UTC)","_score":1,"_source":{"device":"Room1Plug1","message":"Activated","timestamp":"2018-05-02T03:12:04.910Z"}}
{"_index":"ifttt-2018-05-02","_type":"webhook","_id":"Wed May 02 2018 02:15:47 GMT+0000 (UTC)","_score":1,"_source":{"device":"Room1Lamp","message":"Activated","timestamp":"2018-05-02T02:15:47.624Z"}}
{"_index":"ifttt-2018-05-02","_type":"webhook","_id":"Wed May 02 2018 14:35:15 GMT+0000 (UTC)","_score":1,"_source":{"device":"Room1Lamp","message":"Activated","timestamp":"2018-05-02T14:35:15.989Z"}}
{"_index":"ifttt-2018-05-02","_type":"webhook","_id":"Wed May 02 2018 16:13:18 GMT+0000 (UTC)","_score":1,"_source":{"time":"May 2, 2018","device":"miniCam","message":"motion","location":"Exterior-FrontDoor","timestamp":"2018-05-02T16:13:18.942Z"}}
{"_index":"ifttt-2018-05-02","_type":"webhook","_id":"Wed May 02 2018 17:13:21 GMT+0000 (UTC)","_score":1,"_source":{"time":"May 2, 2018","device":"miniCam","message":"motion","location":"Exterior-FrontDoor","timestamp":"2018-05-02T17:13:21.949Z"}}
{"_index":"ifttt-2018-05-02","_type":"webhook","_id":"Wed May 02 2018 17:48:10 GMT+0000 (UTC)","_score":1,"_source":{"time":"May 2, 2018","device":"miniCam","message":"motion","location":"Exterior-FrontDoor","timestamp":"2018-05-02T17:48:10.776Z"}}
{"_index":"ifttt-2018-05-02","_type":"webhook","_id":"Wed May 02 2018 18:13:43 GMT+0000 (UTC)","_score":1,"_source":{"time":"May 2, 2018","device":"miniCam","message":"motion","location":"Exterior-FrontDoor","timestamp":"2018-05-02T18:13:43.787Z"}}
{"_index":"ifttt-2018-05-02","_type":"webhook","_id":"Wed May 02 2018 18:29:34 GMT+0000 (UTC)","_score":1,"_source":{"time":"May 2, 2018","device":"miniCam","message":"motion","location":"Exterior-FrontDoor","timestamp":"2018-05-02T18:29:34.918Z"}}
{"_index":"ifttt-2018-05-02","_type":"webhook","_id":"Wed May 02 2018 19:23:22 GMT+0000 (UTC)","_score":1,"_source":{"time":"May 2, 2018","device":"miniCam","message":"motion","location":"Exterior-FrontDoor","timestamp":"2018-05-02T19:23:22.235Z"}}
{"_index":"ifttt-2018-05-02","_type":"webhook","_id":"Wed May 02 2018 19:53:31 GMT+0000 (UTC)","_score":1,"_source":{"time":"May 2, 2018","device":"miniCam","message":"motion","location":"Exterior-FrontDoor","timestamp":"2018-05-02T19:53:31.181Z"}}
{"_index":"ifttt-2018-05-02","_type":"webhook","_id":"Wed May 02 2018 19:58:22 GMT+0000 (UTC)","_score":1,"_source":{"time":"May 2, 2018","device":"miniCam","message":"motion","location":"Exterior-FrontDoor","timestamp":"2018-05-02T19:58:22.501Z"}}
{"_index":"ifttt-2018-05-02","_type":"webhook","_id":"Wed May 02 2018 16:40:25 GMT+0000 (UTC)","_score":1,"_source":{"device":"Room1Lamp","message":"Activated","timestamp":"2018-05-02T16:40:25.393Z"}}
{"_index":"ifttt-2018-05-02","_type":"webhook","_id":"Wed May 02 2018 20:28:07 GMT+0000 (UTC)","_score":1,"_source":{"time":"May 2, 2018","device":"miniCam","message":"motion","location":"Exterior-FrontDoor","timestamp":"2018-05-02T20:28:07.933Z"}}
{"_index":"ifttt-2018-05-02","_type":"webhook","_id":"Wed May 02 2018 21:48:32 GMT+0000 (UTC)","_score":1,"_source":{"time":"May 2, 2018","device":"miniCam","message":"motion","location":"Exterior-FrontDoor","timestamp":"2018-05-02T21:48:32.934Z"}}
{"_index":"ifttt-2018-05-02","_type":"webhook","_id":"Wed May 02 2018 23:37:19 GMT+0000 (UTC)","_score":1,"_source":{"device":"Room1Plug1","message":"Activated","timestamp":"2018-05-02T23:37:19.667Z"}}
{"_index":"ifttt-2018-05-02","_type":"webhook","_id":"Wed May 02 2018 00:08:12 GMT+0000 (UTC)","_score":1,"_source":{"time":"May 2, 2018","device":"miniCam","message":"motion","location":"Exterior-FrontDoor","timestamp":"2018-05-02T00:08:12.700Z"}}
{"_index":"ifttt-2018-05-02","_type":"webhook","_id":"Wed May 02 2018 01:03:03 GMT+0000 (UTC)","_score":1,"_source":{"time":"May 2, 2018","device":"miniCam","message":"motion","location":"Exterior-FrontDoor","timestamp":"2018-05-02T01:03:03.371Z"}}
{"_index":"ifttt-2018-05-02","_type":"webhook","_id":"Wed May 02 2018 03:33:22 GMT+0000 (UTC)","_score":1,"_source":{"time":"May 2, 2018","device":"miniCam","message":"motion","location":"Exterior-FrontDoor","timestamp":"2018-05-02T03:33:22.377Z"}}
{"_index":"ifttt-2018-05-02","_type":"webhook","_id":"Wed May 02 2018 14:43:18 GMT+0000 (UTC)","_score":1,"_source":{"time":"May 2, 2018","device":"miniCam","message":"motion","location":"Exterior-FrontDoor","timestamp":"2018-05-02T14:43:18.246Z"}}
{"_index":"ifttt-2018-05-02","_type":"webhook","_id":"Wed May 02 2018 14:43:19 GMT+0000 (UTC)","_score":1,"_source":{"time":"May 2, 2018","device":"miniCam","message":"motion","location":"Exterior-FrontDoor","timestamp":"2018-05-02T14:43:19.222Z"}}
{"_index":"ifttt-2018-05-02","_type":"webhook","_id":"Wed May 02 2018 14:58:20 GMT+0000 (UTC)","_score":1,"_source":{"time":"May 2, 2018","device":"miniCam","message":"motion","location":"Exterior-FrontDoor","timestamp":"2018-05-02T14:58:20.707Z"}}
{"_index":"ifttt-2018-05-02","_type":"webhook","_id":"Wed May 02 2018 15:28:10 GMT+0000 (UTC)","_score":1,"_source":{"time":"May 2, 2018","device":"miniCam","message":"motion","location":"Exterior-FrontDoor","timestamp":"2018-05-02T15:28:10.840Z"}}
{"_index":"ifttt-2018-05-02","_type":"webhook","_id":"Wed May 02 2018 09:17:20 GMT+0000 (UTC)","_score":1,"_source":{"device":"Room1Plug1","message":"Activated","timestamp":"2018-05-02T09:17:20.016Z"}}
{"_index":"ifttt-2018-05-02","_type":"webhook","_id":"Wed May 02 2018 09:25:10 GMT+0000 (UTC)","_score":1,"_source":{"device":"Room1Lamp","message":"Activated","timestamp":"2018-05-02T09:25:10.296Z"}}
{"_index":"ifttt-2018-05-02","_type":"webhook","_id":"Wed May 02 2018 13:31:36 GMT+0000 (UTC)","_score":1,"_source":{"device":"Room1Lamp","message":"Activated","timestamp":"2018-05-02T13:31:36.186Z"}}
{"_index":"ifttt-2018-05-02","_type":"webhook","_id":"Wed May 02 2018 16:23:09 GMT+0000 (UTC)","_score":1,"_source":{"time":"May 2, 2018","device":"miniCam","message":"motion","location":"Exterior-FrontDoor","timestamp":"2018-05-02T16:23:09.021Z"}}
{"_index":"ifttt-2018-05-02","_type":"webhook","_id":"Wed May 02 2018 16:28:10 GMT+0000 (UTC)","_score":1,"_source":{"time":"May 2, 2018","device":"miniCam","message":"motion","location":"Exterior-FrontDoor","timestamp":"2018-05-02T16:28:10.180Z"}}
{"_index":"ifttt-2018-05-02","_type":"webhook","_id":"Wed May 02 2018 16:33:44 GMT+0000 (UTC)","_score":1,"_source":{"time":"May 2, 2018","device":"miniCam","message":"motion","location":"Exterior-FrontDoor","timestamp":"2018-05-02T16:33:44.384Z"}}
{"_index":"ifttt-2018-05-02","_type":"webhook","_id":"Wed May 02 2018 16:53:07 GMT+0000 (UTC)","_score":1,"_source":{"time":"May 2, 2018","device":"miniCam","message":"motion","location":"Exterior-FrontDoor","timestamp":"2018-05-02T16:53:07.454Z"}}
{"_index":"ifttt-2018-05-02","_type":"webhook","_id":"Wed May 02 2018 18:13:42 GMT+0000 (UTC)","_score":1,"_source":{"time":"May 2, 2018","device":"miniCam","message":"motion","location":"Exterior-FrontDoor","timestamp":"2018-05-02T18:13:42.938Z"}}
{"_index":"ifttt-2018-05-02","_type":"webhook","_id":"Wed May 02 2018 18:18:41 GMT+0000 (UTC)","_score":1,"_source":{"time":"May 2, 2018","device":"miniCam","message":"motion","location":"Exterior-FrontDoor","timestamp":"2018-05-02T18:18:41.008Z"}}
{"_index":"ifttt-2018-05-02","_type":"webhook","_id":"Wed May 02 2018 18:44:07 GMT+0000 (UTC)","_score":1,"_source":{"time":"May 2, 2018","device":"miniCam","message":"motion","location":"Exterior-FrontDoor","timestamp":"2018-05-02T18:44:07.817Z"}}
{"_index":"ifttt-2018-05-02","_type":"webhook","_id":"Wed May 02 2018 18:48:41 GMT+0000 (UTC)","_score":1,"_source":{"time":"May 2, 2018","device":"miniCam","message":"motion","location":"Exterior-FrontDoor","timestamp":"2018-05-02T18:48:41.423Z"}}
{"_index":"ifttt-2018-05-02","_type":"webhook","_id":"Wed May 02 2018 17:08:11 GMT+0000 (UTC)","_score":1,"_source":{"time":"May 2, 2018","device":"miniCam","message":"motion","location":"Exterior-FrontDoor","timestamp":"2018-05-02T17:08:11.728Z"}}
{"_index":"ifttt-2018-05-02","_type":"webhook","_id":"Wed May 02 2018 18:53:07 GMT+0000 (UTC)","_score":1,"_source":{"time":"May 2, 2018","device":"miniCam","message":"motion","location":"Exterior-FrontDoor","timestamp":"2018-05-02T18:53:07.403Z"}}
{"_index":"ifttt-2018-05-02","_type":"webhook","_id":"Wed May 02 2018 18:53:08 GMT+0000 (UTC)","_score":1,"_source":{"time":"May 2, 2018","device":"miniCam","message":"motion","location":"Exterior-FrontDoor","timestamp":"2018-05-02T18:53:08.633Z"}}
{"_index":"ifttt-2018-05-02","_type":"webhook","_id":"Wed May 02 2018 19:13:49 GMT+0000 (UTC)","_score":1,"_source":{"time":"May 2, 2018","device":"miniCam","message":"motion","location":"Exterior-FrontDoor","timestamp":"2018-05-02T19:13:49.415Z"}}
{"_index":"ifttt-2018-05-02","_type":"webhook","_id":"Wed May 02 2018 20:38:08 GMT+0000 (UTC)","_score":1,"_source":{"time":"May 2, 2018","device":"miniCam","message":"motion","location":"Exterior-FrontDoor","timestamp":"2018-05-02T20:38:08.126Z"}}
{"_index":"ifttt-2018-05-02","_type":"webhook","_id":"Wed May 02 2018 21:01:44 GMT+0000 (UTC)","_score":1,"_source":{"device":"Plug1","message":"Activated","time":" ","timestamp":"2018-05-02T21:01:44.770Z"}}
{"_index":"ifttt-2018-05-02","_type":"webhook","_id":"Wed May 02 2018 06:58:28 GMT+0000 (UTC)","_score":1,"_source":{"time":"May 2, 2018","device":"miniCam","message":"motion","location":"Exterior-FrontDoor","timestamp":"2018-05-02T06:58:28.720Z"}}
{"_index":"ifttt-2018-05-02","_type":"webhook","_id":"Wed May 02 2018 11:58:09 GMT+0000 (UTC)","_score":1,"_source":{"time":"May 2, 2018","device":"miniCam","message":"motion","location":"Exterior-FrontDoor","timestamp":"2018-05-02T11:58:09.887Z"}}
{"_index":"ifttt-2018-05-02","_type":"webhook","_id":"Wed May 02 2018 12:18:15 GMT+0000 (UTC)","_score":1,"_source":{"time":"May 2, 2018","device":"miniCam","message":"motion","location":"Exterior-FrontDoor","timestamp":"2018-05-02T12:18:15.265Z"}}
{"_index":"ifttt-2018-05-02","_type":"webhook","_id":"Wed May 02 2018 16:33:43 GMT+0000 (UTC)","_score":1,"_source":{"time":"May 2, 2018","device":"miniCam","message":"motion","location":"Exterior-FrontDoor","timestamp":"2018-05-02T16:33:43.735Z"}}
{"_index":"ifttt-2018-05-02","_type":"webhook","_id":"Wed May 02 2018 05:41:18 GMT+0000 (UTC)","_score":1,"_source":{"device":"Plug1","message":"Activated","time":" ","timestamp":"2018-05-02T05:41:18.047Z"}}
{"_index":"ifttt-2018-05-02","_type":"webhook","_id":"Wed May 02 2018 06:41:18 GMT+0000 (UTC)","_score":1,"_source":{"device":"Plug1","message":"Activated","time":" ","timestamp":"2018-05-02T06:41:18.075Z"}}
{"_index":"ifttt-2018-05-02","_type":"webhook","_id":"Wed May 02 2018 19:01:30 GMT+0000 (UTC)","_score":1,"_source":{"device":"Plug1","message":"Activated","time":" ","timestamp":"2018-05-02T19:01:30.105Z"}}
{"_index":"ifttt-2018-05-02","_type":"webhook","_id":"Wed May 02 2018 15:27:10 GMT+0000 (UTC)","_score":1,"_source":{"device":"Room1Plug1","message":"Activated","timestamp":"2018-05-02T15:27:10.927Z"}}
{"_index":"ifttt-2018-05-02","_type":"webhook","_id":"Wed May 02 2018 16:43:22 GMT+0000 (UTC)","_score":1,"_source":{"time":"May 2, 2018","device":"miniCam","message":"motion","location":"Exterior-FrontDoor","timestamp":"2018-05-02T16:43:22.939Z"}}
{"_index":"ifttt-2018-05-02","_type":"webhook","_id":"Wed May 02 2018 18:33:14 GMT+0000 (UTC)","_score":1,"_source":{"time":"May 2, 2018","device":"miniCam","message":"motion","location":"Exterior-FrontDoor","timestamp":"2018-05-02T18:33:14.603Z"}}
{"_index":"ifttt-2018-05-02","_type":"webhook","_id":"Wed May 02 2018 19:03:09 GMT+0000 (UTC)","_score":1,"_source":{"time":"May 2, 2018","device":"miniCam","message":"motion","location":"Exterior-FrontDoor","timestamp":"2018-05-02T19:03:09.900Z"}}
{"_index":"ifttt-2018-05-02","_type":"webhook","_id":"Wed May 02 2018 19:18:18 GMT+0000 (UTC)","_score":1,"_source":{"time":"May 2, 2018","device":"miniCam","message":"motion","location":"Exterior-FrontDoor","timestamp":"2018-05-02T19:18:18.729Z"}}
{"_index":"ifttt-2018-05-02","_type":"webhook","_id":"Wed May 02 2018 20:08:22 GMT+0000 (UTC)","_score":1,"_source":{"time":"May 2, 2018","device":"miniCam","message":"motion","location":"Exterior-FrontDoor","timestamp":"2018-05-02T20:08:22.826Z"}}
{"_index":"ifttt-2018-05-02","_type":"webhook","_id":"Wed May 02 2018 20:08:23 GMT+0000 (UTC)","_score":1,"_source":{"time":"May 2, 2018","device":"miniCam","message":"motion","location":"Exterior-FrontDoor","timestamp":"2018-05-02T20:08:23.545Z"}}
{"_index":"ifttt-2018-05-02","_type":"webhook","_id":"Wed May 02 2018 20:13:09 GMT+0000 (UTC)","_score":1,"_source":{"time":"May 2, 2018","device":"miniCam","message":"motion","location":"Exterior-FrontDoor","timestamp":"2018-05-02T20:13:09.900Z"}}
{"_index":"ifttt-2018-05-02","_type":"webhook","_id":"Wed May 02 2018 21:53:16 GMT+0000 (UTC)","_score":1,"_source":{"time":"May 2, 2018","device":"miniCam","message":"motion","location":"Exterior-FrontDoor","timestamp":"2018-05-02T21:53:16.100Z"}}
{"_index":"ifttt-2018-05-02","_type":"webhook","_id":"Wed May 02 2018 22:01:46 GMT+0000 (UTC)","_score":1,"_source":{"device":"Plug1","message":"Activated","time":" ","timestamp":"2018-05-02T22:01:46.319Z"}}
