{"_index":"ifttt-2018-04-07","_type":"webhook","_id":"Sat Apr 07 2018 00:04:50 GMT+0000 (UTC)","_score":1,"_source":{"time":"April 6, 2018 at 08:04PM","device":"Alexa","message":"Played Music","artist":" The Beatles","album":" A Hard Day's Night","song":" I'm Happy Just To Dance With You (Remastered)","timestamp":"2018-04-07T00:04:50.764Z"}}
{"_index":"ifttt-2018-04-07","_type":"webhook","_id":"Sat Apr 07 2018 02:42:22 GMT+0000 (UTC)","_score":1,"_source":{"device":"Room1Plug1","message":"Activated","timestamp":"2018-04-07T02:42:22.915Z"}}
{"_index":"ifttt-2018-04-07","_type":"webhook","_id":"Sat Apr 07 2018 03:42:23 GMT+0000 (UTC)","_score":1,"_source":{"device":"Room1Plug1","message":"Activated","timestamp":"2018-04-07T03:42:23.321Z"}}
{"_index":"ifttt-2018-04-07","_type":"webhook","_id":"Sat Apr 07 2018 07:40:25 GMT+0000 (UTC)","_score":1,"_source":{"device":"Room1Lamp","message":"Off","timestamp":"2018-04-07T07:40:25.451Z"}}
{"_index":"ifttt-2018-04-07","_type":"webhook","_id":"Sat Apr 07 2018 08:40:10 GMT+0000 (UTC)","_score":1,"_source":{"device":"Plug1","message":"Activated","time":" ","timestamp":"2018-04-07T08:40:10.996Z"}}
{"_index":"ifttt-2018-04-07","_type":"webhook","_id":"Sat Apr 07 2018 11:55:12 GMT+0000 (UTC)","_score":1,"_source":{"device":"Room1Lamp","message":"Off","timestamp":"2018-04-07T11:55:12.582Z"}}
{"_index":"ifttt-2018-04-07","_type":"webhook","_id":"Sat Apr 07 2018 13:55:25 GMT+0000 (UTC)","_score":1,"_source":{"device":"Room1Lamp","message":"Off","timestamp":"2018-04-07T13:55:25.854Z"}}
{"_index":"ifttt-2018-04-07","_type":"webhook","_id":"Sat Apr 07 2018 16:29:14 GMT+0000 (UTC)","_score":1,"_source":{"time":"April 7, 2018","device":"miniCam","message":"motion","location":"Exterior-FrontDoor","timestamp":"2018-04-07T16:29:14.547Z"}}
{"_index":"ifttt-2018-04-07","_type":"webhook","_id":"Sat Apr 07 2018 00:06:50 GMT+0000 (UTC)","_score":1,"_source":{"time":"April 6, 2018 at 08:06PM","device":"Alexa","message":"Played Music","artist":" The Beatles","album":" Sgt. Pepper's Lonely Hearts Club Band","song":" Good Morning Good Morning (Remastered)","timestamp":"2018-04-07T00:06:50.083Z"}}
{"_index":"ifttt-2018-04-07","_type":"webhook","_id":"Sat Apr 07 2018 00:12:14 GMT+0000 (UTC)","_score":1,"_source":{"time":"April 6, 2018 at 08:12PM","device":"Alexa","message":"Played Music","artist":" The Beatles","album":" Please Please Me","song":" Do You Want To Know A Secret (Remastered)","timestamp":"2018-04-07T00:12:14.539Z"}}
{"_index":"ifttt-2018-04-07","_type":"webhook","_id":"Sat Apr 07 2018 15:47:19 GMT+0000 (UTC)","_score":1,"_source":{"time":"April 7, 2018","device":"miniCam","message":"motion","location":"Exterior-FrontDoor","timestamp":"2018-04-07T15:47:19.833Z"}}
{"_index":"ifttt-2018-04-07","_type":"webhook","_id":"Sat Apr 07 2018 22:47:37 GMT+0000 (UTC)","_score":1,"_source":{"time":"April 7, 2018","device":"miniCam","message":"motion","location":"Exterior-FrontDoor","timestamp":"2018-04-07T22:47:37.291Z"}}
{"_index":"ifttt-2018-04-07","_type":"webhook","_id":"Sat Apr 07 2018 00:00:09 GMT+0000 (UTC)","_score":1,"_source":{"time":"April 6, 2018 at 08:00PM","device":"Alexa","message":"Played Music","artist":" The Beatles","album":" Help!","song":" I've Just Seen A Face (Remastered)","timestamp":"2018-04-07T00:00:09.044Z"}}
{"_index":"ifttt-2018-04-07","_type":"webhook","_id":"Sat Apr 07 2018 00:09:32 GMT+0000 (UTC)","_score":1,"_source":{"time":"April 6, 2018 at 08:09PM","device":"Alexa","message":"Played Music","artist":" The Beatles","album":" Sgt. Pepper's Lonely Hearts Club Band (Deluxe Edition)","song":" When I'm Sixty-Four (Remix)","timestamp":"2018-04-07T00:09:32.435Z"}}
{"_index":"ifttt-2018-04-07","_type":"webhook","_id":"Sat Apr 07 2018 00:10:14 GMT+0000 (UTC)","_score":1,"_source":{"device":"Room1Lamp","message":"Off","timestamp":"2018-04-07T00:10:14.630Z"}}
{"_index":"ifttt-2018-04-07","_type":"webhook","_id":"Sat Apr 07 2018 10:55:10 GMT+0000 (UTC)","_score":1,"_source":{"device":"Room1Lamp","message":"Off","timestamp":"2018-04-07T10:55:10.230Z"}}
{"_index":"ifttt-2018-04-07","_type":"webhook","_id":"Sat Apr 07 2018 12:55:22 GMT+0000 (UTC)","_score":1,"_source":{"device":"Room1Lamp","message":"Off","timestamp":"2018-04-07T12:55:22.819Z"}}
{"_index":"ifttt-2018-04-07","_type":"webhook","_id":"Sat Apr 07 2018 16:17:10 GMT+0000 (UTC)","_score":1,"_source":{"time":"April 7, 2018","device":"miniCam","message":"motion","location":"Exterior-FrontDoor","timestamp":"2018-04-07T16:17:10.140Z"}}
{"_index":"ifttt-2018-04-07","_type":"webhook","_id":"Sat Apr 07 2018 17:57:09 GMT+0000 (UTC)","_score":1,"_source":{"device":"Room1Plug1","message":"Activated","timestamp":"2018-04-07T17:57:09.270Z"}}
{"_index":"ifttt-2018-04-07","_type":"webhook","_id":"Sat Apr 07 2018 19:56:21 GMT+0000 (UTC)","_score":1,"_source":{"device":"Plug1","message":"Activated","time":" ","timestamp":"2018-04-07T19:56:21.856Z"}}
{"_index":"ifttt-2018-04-07","_type":"webhook","_id":"Sat Apr 07 2018 21:25:22 GMT+0000 (UTC)","_score":1,"_source":{"device":"Room1Lamp","message":"Off","timestamp":"2018-04-07T21:25:22.286Z"}}
{"_index":"ifttt-2018-04-07","_type":"webhook","_id":"Sat Apr 07 2018 00:02:13 GMT+0000 (UTC)","_score":1,"_source":{"time":"April 6, 2018 at 08:02PM","device":"Alexa","message":"Played Music","artist":" The Beatles","album":" A Hard Day's Night","song":" You Can't Do That (Remastered)","timestamp":"2018-04-07T00:02:13.825Z"}}
{"_index":"ifttt-2018-04-07","_type":"webhook","_id":"Sat Apr 07 2018 03:25:18 GMT+0000 (UTC)","_score":1,"_source":{"device":"Room1Lamp","message":"Off","timestamp":"2018-04-07T03:25:18.825Z"}}
{"_index":"ifttt-2018-04-07","_type":"webhook","_id":"Sat Apr 07 2018 04:25:19 GMT+0000 (UTC)","_score":1,"_source":{"device":"Room1Lamp","message":"Off","timestamp":"2018-04-07T04:25:19.590Z"}}
{"_index":"ifttt-2018-04-07","_type":"webhook","_id":"Sat Apr 07 2018 09:40:54 GMT+0000 (UTC)","_score":1,"_source":{"device":"Plug1","message":"Activated","time":" ","timestamp":"2018-04-07T09:40:54.534Z"}}
{"_index":"ifttt-2018-04-07","_type":"webhook","_id":"Sat Apr 07 2018 01:10:20 GMT+0000 (UTC)","_score":1,"_source":{"device":"Room1Lamp","message":"Off","timestamp":"2018-04-07T01:10:20.072Z"}}
{"_index":"ifttt-2018-04-07","_type":"webhook","_id":"Sat Apr 07 2018 06:40:05 GMT+0000 (UTC)","_score":1,"_source":{"device":"Room1Lamp","message":"Off","timestamp":"2018-04-07T06:40:05.227Z"}}
{"_index":"ifttt-2018-04-07","_type":"webhook","_id":"Sat Apr 07 2018 15:17:30 GMT+0000 (UTC)","_score":1,"_source":{"time":"April 7, 2018","device":"miniCam","message":"motion","location":"Exterior-FrontDoor","timestamp":"2018-04-07T15:17:30.051Z"}}
{"_index":"ifttt-2018-04-07","_type":"webhook","_id":"Sat Apr 07 2018 17:10:23 GMT+0000 (UTC)","_score":1,"_source":{"device":"Room1Lamp","message":"Off","timestamp":"2018-04-07T17:10:23.236Z"}}
{"_index":"ifttt-2018-04-07","_type":"webhook","_id":"Sat Apr 07 2018 17:55:09 GMT+0000 (UTC)","_score":1,"_source":{"device":"Plug1","message":"Activated","time":" ","timestamp":"2018-04-07T17:55:09.878Z"}}
{"_index":"ifttt-2018-04-07","_type":"webhook","_id":"Sat Apr 07 2018 19:18:25 GMT+0000 (UTC)","_score":1,"_source":{"device":"Room1Lamp","message":"Off","timestamp":"2018-04-07T19:18:25.414Z"}}
{"_index":"ifttt-2018-04-07","_type":"webhook","_id":"Sat Apr 07 2018 20:57:51 GMT+0000 (UTC)","_score":1,"_source":{"device":"Plug1","message":"Activated","time":" ","timestamp":"2018-04-07T20:57:51.115Z"}}
