{"_index":"ifttt-2018-04-18","_type":"webhook","_id":"Wed Apr 18 2018 14:26:54 GMT+0000 (UTC)","_score":1,"_source":{"time":"April 18, 2018 at 10:26AM","device":"Alexa","message":"Voice Deactivation","target":"lamp","timestamp":"2018-04-18T14:26:54.715Z"}}
{"_index":"ifttt-2018-04-18","_type":"webhook","_id":"Wed Apr 18 2018 15:20:57 GMT+0000 (UTC)","_score":1,"_source":{"time":"April 18, 2018 at 11:20AM","device":"Alexa","message":"Voice Deactivation","target":"lamp","timestamp":"2018-04-18T15:20:57.034Z"}}
{"_index":"ifttt-2018-04-18","_type":"webhook","_id":"Wed Apr 18 2018 14:27:12 GMT+0000 (UTC)","_score":1,"_source":{"device":"FrontLock1","status":"Unlocked","user":"Manny Kin","timestamp":"2018-04-18T14:27:12.218Z"}}
{"_index":"ifttt-2018-04-18","_type":"webhook","_id":"Wed Apr 18 2018 14:37:06 GMT+0000 (UTC)","_score":1,"_source":{"device":"FrontLock1","status":"Unlocked","user":"Manny Kin","timestamp":"2018-04-18T14:37:06.595Z"}}
{"_index":"ifttt-2018-04-18","_type":"webhook","_id":"Wed Apr 18 2018 14:57:16 GMT+0000 (UTC)","_score":1,"_source":{"device":"FrontLock1","status":"Unlocked","user":"Manny Kin","timestamp":"2018-04-18T14:57:16.613Z"}}
{"_index":"ifttt-2018-04-18","_type":"webhook","_id":"Wed Apr 18 2018 15:02:10 GMT+0000 (UTC)","_score":1,"_source":{"device":"FrontLock1","status":"Unlocked","user":"Manny Kin","timestamp":"2018-04-18T15:02:10.185Z"}}
{"_index":"ifttt-2018-04-18","_type":"webhook","_id":"Wed Apr 18 2018 15:13:16 GMT+0000 (UTC)","_score":1,"_source":{"device":"FrontLock1","status":"Locked","user":"Manny Kin","timestamp":"2018-04-18T15:13:16.578Z"}}
{"_index":"ifttt-2018-04-18","_type":"webhook","_id":"Wed Apr 18 2018 14:22:17 GMT+0000 (UTC)","_score":1,"_source":{"time":"April 18, 2018","device":"miniCam","message":"motion","location":"Exterior-FrontDoor","timestamp":"2018-04-18T14:22:17.992Z"}}
{"_index":"ifttt-2018-04-18","_type":"webhook","_id":"Wed Apr 18 2018 15:22:10 GMT+0000 (UTC)","_score":1,"_source":{"time":"April 18, 2018","device":"miniCam","message":"motion","location":"Exterior-FrontDoor","timestamp":"2018-04-18T15:22:10.695Z"}}
{"_index":"ifttt-2018-04-18","_type":"webhook","_id":"Wed Apr 18 2018 15:22:23 GMT+0000 (UTC)","_score":1,"_source":{"device":"FrontLock1","status":"Unlocked","user":"Manual Unlock","timestamp":"2018-04-18T15:22:23.490Z"}}
{"_index":"ifttt-2018-04-18","_type":"webhook","_id":"Wed Apr 18 2018 15:29:54 GMT+0000 (UTC)","_score":1,"_source":{"time":"April 18, 2018 at 11:29AM","device":"Alexa","message":"Voice Deactivation","target":"lamp","timestamp":"2018-04-18T15:29:54.282Z"}}
{"_index":"ifttt-2018-04-18","_type":"webhook","_id":"Wed Apr 18 2018 16:27:07 GMT+0000 (UTC)","_score":1,"_source":{"time":"April 18, 2018","device":"miniCam","message":"motion","location":"Exterior-FrontDoor","timestamp":"2018-04-18T16:27:07.038Z"}}
{"_index":"ifttt-2018-04-18","_type":"webhook","_id":"Wed Apr 18 2018 16:37:06 GMT+0000 (UTC)","_score":1,"_source":{"device":"FrontLock1","status":"Unlocked","user":"Manny Kin","timestamp":"2018-04-18T16:37:06.531Z"}}
{"_index":"ifttt-2018-04-18","_type":"webhook","_id":"Wed Apr 18 2018 15:34:57 GMT+0000 (UTC)","_score":1,"_source":{"device":"FrontLock1","status":"Unlocked","user":"Manny Kin","timestamp":"2018-04-18T15:34:57.643Z"}}
{"_index":"ifttt-2018-04-18","_type":"webhook","_id":"Wed Apr 18 2018 15:33:08 GMT+0000 (UTC)","_score":1,"_source":{"device":"FrontLock1","status":"Locked","user":"Manny Kin","timestamp":"2018-04-18T15:33:08.803Z"}}
{"_index":"ifttt-2018-04-18","_type":"webhook","_id":"Wed Apr 18 2018 16:23:33 GMT+0000 (UTC)","_score":1,"_source":{"device":"FrontLock1","status":"Locked","user":"Manny Kin","timestamp":"2018-04-18T16:23:33.939Z"}}
{"_index":"ifttt-2018-04-18","_type":"webhook","_id":"Wed Apr 18 2018 16:23:34 GMT+0000 (UTC)","_score":1,"_source":{"device":"FrontLock1","status":"Locked","user":"Manny Kin","timestamp":"2018-04-18T16:23:34.734Z"}}
{"_index":"ifttt-2018-04-18","_type":"webhook","_id":"Wed Apr 18 2018 16:33:08 GMT+0000 (UTC)","_score":1,"_source":{"device":"FrontLock1","status":"Locked","user":"Manny Kin","timestamp":"2018-04-18T16:33:08.899Z"}}
{"_index":"ifttt-2018-04-18","_type":"webhook","_id":"Wed Apr 18 2018 15:43:22 GMT+0000 (UTC)","_score":1,"_source":{"device":"Room1Lamp","message":"Activated","timestamp":"2018-04-18T15:43:22.487Z"}}
{"_index":"ifttt-2018-04-18","_type":"webhook","_id":"Wed Apr 18 2018 16:46:38 GMT+0000 (UTC)","_score":1,"_source":{"time":"April 18, 2018 at 12:46PM","device":"Alexa","message":"Voice Deactivation","target":"lamp","timestamp":"2018-04-18T16:46:38.020Z"}}
{"_index":"ifttt-2018-04-18","_type":"webhook","_id":"Wed Apr 18 2018 17:15:13 GMT+0000 (UTC)","_score":1,"_source":{"time":"April 18, 2018 at 01:15PM","device":"Alexa","message":"Voice Deactivation","target":"lamp","timestamp":"2018-04-18T17:15:13.664Z"}}
{"_index":"ifttt-2018-04-18","_type":"webhook","_id":"Wed Apr 18 2018 17:15:09 GMT+0000 (UTC)","_score":1,"_source":{"time":" April 18, 2018 at 01:14PM","device":"Alexa","message":"Voice Activation","target":"lamp","timestamp":"2018-04-18T17:15:09.023Z"}}
{"_index":"ifttt-2018-04-18","_type":"webhook","_id":"Wed Apr 18 2018 16:37:32 GMT+0000 (UTC)","_score":1,"_source":{"time":"April 18, 2018","device":"miniCam","message":"motion","location":"Exterior-FrontDoor","timestamp":"2018-04-18T16:37:32.866Z"}}
{"_index":"ifttt-2018-04-18","_type":"webhook","_id":"Wed Apr 18 2018 17:12:21 GMT+0000 (UTC)","_score":1,"_source":{"time":"April 18, 2018","device":"miniCam","message":"motion","location":"Exterior-FrontDoor","timestamp":"2018-04-18T17:12:21.608Z"}}
{"_index":"ifttt-2018-04-18","_type":"webhook","_id":"Wed Apr 18 2018 16:37:07 GMT+0000 (UTC)","_score":1,"_source":{"device":"FrontLock1","status":"Unlocked","user":"Manny Kin","timestamp":"2018-04-18T16:37:07.669Z"}}
{"_index":"ifttt-2018-04-18","_type":"webhook","_id":"Wed Apr 18 2018 16:42:10 GMT+0000 (UTC)","_score":1,"_source":{"device":"FrontLock1","status":"Unlocked","user":"Manny Kin","timestamp":"2018-04-18T16:42:10.198Z"}}
{"_index":"ifttt-2018-04-18","_type":"webhook","_id":"Wed Apr 18 2018 16:47:08 GMT+0000 (UTC)","_score":1,"_source":{"device":"FrontLock1","status":"Unlocked","user":"Manny Kin","timestamp":"2018-04-18T16:47:08.499Z"}}
{"_index":"ifttt-2018-04-18","_type":"webhook","_id":"Wed Apr 18 2018 16:55:12 GMT+0000 (UTC)","_score":1,"_source":{"device":"Room1Lamp","message":"Off","timestamp":"2018-04-18T16:55:12.242Z"}}
{"_index":"ifttt-2018-04-18","_type":"webhook","_id":"Wed Apr 18 2018 17:21:46 GMT+0000 (UTC)","_score":1,"_source":{"time":"April 18, 2018 at 01:21PM","device":"Alexa","message":"Voice Deactivation","target":"lamp","timestamp":"2018-04-18T17:21:46.538Z"}}
{"_index":"ifttt-2018-04-18","_type":"webhook","_id":"Wed Apr 18 2018 17:57:18 GMT+0000 (UTC)","_score":1,"_source":{"time":"April 18, 2018","device":"miniCam","message":"motion","location":"Exterior-FrontDoor","timestamp":"2018-04-18T17:57:18.817Z"}}
{"_index":"ifttt-2018-04-18","_type":"webhook","_id":"Wed Apr 18 2018 18:02:04 GMT+0000 (UTC)","_score":1,"_source":{"time":"April 18, 2018","device":"miniCam","message":"motion","location":"Exterior-FrontDoor","timestamp":"2018-04-18T18:02:04.818Z"}}
{"_index":"ifttt-2018-04-18","_type":"webhook","_id":"Wed Apr 18 2018 18:02:05 GMT+0000 (UTC)","_score":1,"_source":{"time":"April 18, 2018","device":"miniCam","message":"motion","location":"Exterior-FrontDoor","timestamp":"2018-04-18T18:02:05.527Z"}}
{"_index":"ifttt-2018-04-18","_type":"webhook","_id":"Wed Apr 18 2018 17:37:17 GMT+0000 (UTC)","_score":1,"_source":{"device":"FrontLock1","status":"Unlocked","user":"Manual Unlock","timestamp":"2018-04-18T17:37:17.335Z"}}
{"_index":"ifttt-2018-04-18","_type":"webhook","_id":"Wed Apr 18 2018 17:42:13 GMT+0000 (UTC)","_score":1,"_source":{"device":"FrontLock1","status":"Unlocked","user":"Manny Kin","timestamp":"2018-04-18T17:42:13.300Z"}}
{"_index":"ifttt-2018-04-18","_type":"webhook","_id":"Wed Apr 18 2018 17:52:26 GMT+0000 (UTC)","_score":1,"_source":{"device":"FrontLock1","status":"Unlocked","user":"Manny Kin","timestamp":"2018-04-18T17:52:26.493Z"}}
{"_index":"ifttt-2018-04-18","_type":"webhook","_id":"Wed Apr 18 2018 17:27:07 GMT+0000 (UTC)","_score":1,"_source":{"device":"FrontLock1","status":"Unlocked","user":"Manny Kin","timestamp":"2018-04-18T17:27:07.499Z"}}
{"_index":"ifttt-2018-04-18","_type":"webhook","_id":"Wed Apr 18 2018 17:32:16 GMT+0000 (UTC)","_score":1,"_source":{"time":"April 18, 2018","device":"miniCam","message":"motion","location":"Exterior-FrontDoor","timestamp":"2018-04-18T17:32:16.929Z"}}
{"_index":"ifttt-2018-04-18","_type":"webhook","_id":"Wed Apr 18 2018 18:12:41 GMT+0000 (UTC)","_score":1,"_source":{"time":"April 18, 2018","device":"miniCam","message":"motion","location":"Exterior-FrontDoor","timestamp":"2018-04-18T18:12:41.839Z"}}
{"_index":"ifttt-2018-04-18","_type":"webhook","_id":"Wed Apr 18 2018 18:12:43 GMT+0000 (UTC)","_score":1,"_source":{"time":"April 18, 2018","device":"miniCam","message":"motion","location":"Exterior-FrontDoor","timestamp":"2018-04-18T18:12:43.072Z"}}
{"_index":"ifttt-2018-04-18","_type":"webhook","_id":"Wed Apr 18 2018 18:32:04 GMT+0000 (UTC)","_score":1,"_source":{"time":"April 18, 2018","device":"miniCam","message":"motion","location":"Exterior-FrontDoor","timestamp":"2018-04-18T18:32:04.246Z"}}
{"_index":"ifttt-2018-04-18","_type":"webhook","_id":"Wed Apr 18 2018 18:12:10 GMT+0000 (UTC)","_score":1,"_source":{"device":"FrontLock1","status":"Unlocked","user":"Manual Unlock","timestamp":"2018-04-18T18:12:10.814Z"}}
{"_index":"ifttt-2018-04-18","_type":"webhook","_id":"Wed Apr 18 2018 18:08:24 GMT+0000 (UTC)","_score":1,"_source":{"device":"FrontLock1","status":"Locked","user":"Manual Lock","timestamp":"2018-04-18T18:08:24.001Z"}}
{"_index":"ifttt-2018-04-18","_type":"webhook","_id":"Wed Apr 18 2018 18:13:15 GMT+0000 (UTC)","_score":1,"_source":{"device":"FrontLock1","status":"Locked","user":"Manual Lock","timestamp":"2018-04-18T18:13:15.819Z"}}
{"_index":"ifttt-2018-04-18","_type":"webhook","_id":"Wed Apr 18 2018 18:12:40 GMT+0000 (UTC)","_score":1,"_source":{"time":"April 18, 2018","device":"miniCam","message":"motion","location":"Exterior-FrontDoor","timestamp":"2018-04-18T18:12:40.721Z"}}
{"_index":"ifttt-2018-04-18","_type":"webhook","_id":"Wed Apr 18 2018 18:07:28 GMT+0000 (UTC)","_score":1,"_source":{"time":"April 18, 2018","device":"miniCam","message":"motion","location":"Exterior-FrontDoor","timestamp":"2018-04-18T18:07:28.802Z"}}
{"_index":"ifttt-2018-04-18","_type":"webhook","_id":"Wed Apr 18 2018 18:17:19 GMT+0000 (UTC)","_score":1,"_source":{"time":"April 18, 2018","device":"miniCam","message":"motion","location":"Exterior-FrontDoor","timestamp":"2018-04-18T18:17:19.511Z"}}
{"_index":"ifttt-2018-04-18","_type":"webhook","_id":"Wed Apr 18 2018 18:37:16 GMT+0000 (UTC)","_score":1,"_source":{"time":"April 18, 2018","device":"miniCam","message":"motion","location":"Exterior-FrontDoor","timestamp":"2018-04-18T18:37:16.690Z"}}
{"_index":"ifttt-2018-04-18","_type":"webhook","_id":"Wed Apr 18 2018 19:22:08 GMT+0000 (UTC)","_score":1,"_source":{"time":"April 18, 2018","device":"miniCam","message":"motion","location":"Exterior-FrontDoor","timestamp":"2018-04-18T19:22:08.851Z"}}
{"_index":"ifttt-2018-04-18","_type":"webhook","_id":"Wed Apr 18 2018 19:25:17 GMT+0000 (UTC)","_score":1,"_source":{"device":"Room1Lamp","message":"Off","timestamp":"2018-04-18T19:25:17.234Z"}}
{"_index":"ifttt-2018-04-18","_type":"webhook","_id":"Wed Apr 18 2018 19:57:23 GMT+0000 (UTC)","_score":1,"_source":{"time":"April 18, 2018","device":"miniCam","message":"motion","location":"Exterior-FrontDoor","timestamp":"2018-04-18T19:57:23.307Z"}}
{"_index":"ifttt-2018-04-18","_type":"webhook","_id":"Wed Apr 18 2018 20:02:13 GMT+0000 (UTC)","_score":1,"_source":{"time":"April 18, 2018","device":"miniCam","message":"motion","location":"Exterior-FrontDoor","timestamp":"2018-04-18T20:02:13.639Z"}}
{"_index":"ifttt-2018-04-18","_type":"webhook","_id":"Wed Apr 18 2018 20:25:18 GMT+0000 (UTC)","_score":1,"_source":{"device":"Room1Lamp","message":"Off","timestamp":"2018-04-18T20:25:18.867Z"}}
{"_index":"ifttt-2018-04-18","_type":"webhook","_id":"Wed Apr 18 2018 20:37:38 GMT+0000 (UTC)","_score":1,"_source":{"time":"April 18, 2018","device":"miniCam","message":"motion","location":"Exterior-FrontDoor","timestamp":"2018-04-18T20:37:38.162Z"}}
{"_index":"ifttt-2018-04-18","_type":"webhook","_id":"Wed Apr 18 2018 14:54:44 GMT+0000 (UTC)","_score":1,"_source":{"time":"April 18, 2018 at 10:54AM","device":"Alexa","message":"Voice Deactivation","target":"lamp","timestamp":"2018-04-18T14:54:44.425Z"}}
{"_index":"ifttt-2018-04-18","_type":"webhook","_id":"Wed Apr 18 2018 14:53:39 GMT+0000 (UTC)","_score":1,"_source":{"time":" April 18, 2018 at 10:53AM","device":"Alexa","message":"Voice Activation","target":"lamp","timestamp":"2018-04-18T14:53:39.717Z"}}
{"_index":"ifttt-2018-04-18","_type":"webhook","_id":"Wed Apr 18 2018 14:42:08 GMT+0000 (UTC)","_score":1,"_source":{"time":"April 18, 2018","device":"miniCam","message":"motion","location":"Exterior-FrontDoor","timestamp":"2018-04-18T14:42:08.538Z"}}
{"_index":"ifttt-2018-04-18","_type":"webhook","_id":"Wed Apr 18 2018 14:42:09 GMT+0000 (UTC)","_score":1,"_source":{"time":"April 18, 2018","device":"miniCam","message":"motion","location":"Exterior-FrontDoor","timestamp":"2018-04-18T14:42:09.944Z"}}
{"_index":"ifttt-2018-04-18","_type":"webhook","_id":"Wed Apr 18 2018 14:52:17 GMT+0000 (UTC)","_score":1,"_source":{"time":"April 18, 2018","device":"miniCam","message":"motion","location":"Exterior-FrontDoor","timestamp":"2018-04-18T14:52:17.555Z"}}
{"_index":"ifttt-2018-04-18","_type":"webhook","_id":"Wed Apr 18 2018 14:57:17 GMT+0000 (UTC)","_score":1,"_source":{"time":"April 18, 2018","device":"miniCam","message":"motion","location":"Exterior-FrontDoor","timestamp":"2018-04-18T14:57:17.535Z"}}
{"_index":"ifttt-2018-04-18","_type":"webhook","_id":"Wed Apr 18 2018 14:28:18 GMT+0000 (UTC)","_score":1,"_source":{"device":"FrontLock1","status":"Locked","user":"Manual Lock","timestamp":"2018-04-18T14:28:18.865Z"}}
{"_index":"ifttt-2018-04-18","_type":"webhook","_id":"Wed Apr 18 2018 14:28:19 GMT+0000 (UTC)","_score":1,"_source":{"device":"FrontLock1","status":"Locked","user":"Manny Kin","timestamp":"2018-04-18T14:28:19.299Z"}}
{"_index":"ifttt-2018-04-18","_type":"webhook","_id":"Wed Apr 18 2018 14:52:14 GMT+0000 (UTC)","_score":1,"_source":{"device":"FrontLock1","status":"Unlocked","user":"Manual Unlock","timestamp":"2018-04-18T14:52:14.137Z"}}
{"_index":"ifttt-2018-04-18","_type":"webhook","_id":"Wed Apr 18 2018 15:07:11 GMT+0000 (UTC)","_score":1,"_source":{"device":"FrontLock1","status":"Unlocked","user":"Manny Kin","timestamp":"2018-04-18T15:07:11.155Z"}}
{"_index":"ifttt-2018-04-18","_type":"webhook","_id":"Wed Apr 18 2018 15:12:12 GMT+0000 (UTC)","_score":1,"_source":{"time":"April 18, 2018","device":"miniCam","message":"motion","location":"Exterior-FrontDoor","timestamp":"2018-04-18T15:12:12.545Z"}}
{"_index":"ifttt-2018-04-18","_type":"webhook","_id":"Wed Apr 18 2018 15:27:13 GMT+0000 (UTC)","_score":1,"_source":{"time":"April 18, 2018","device":"miniCam","message":"motion","location":"Exterior-FrontDoor","timestamp":"2018-04-18T15:27:13.515Z"}}
{"_index":"ifttt-2018-04-18","_type":"webhook","_id":"Wed Apr 18 2018 15:27:14 GMT+0000 (UTC)","_score":1,"_source":{"time":"April 18, 2018","device":"miniCam","message":"motion","location":"Exterior-FrontDoor","timestamp":"2018-04-18T15:27:14.128Z"}}
{"_index":"ifttt-2018-04-18","_type":"webhook","_id":"Wed Apr 18 2018 15:37:45 GMT+0000 (UTC)","_score":1,"_source":{"time":"April 18, 2018 at 11:37AM","device":"Alexa","message":"Voice Deactivation","target":"lamp","timestamp":"2018-04-18T15:37:45.297Z"}}
{"_index":"ifttt-2018-04-18","_type":"webhook","_id":"Wed Apr 18 2018 15:19:29 GMT+0000 (UTC)","_score":1,"_source":{"time":" April 18, 2018 at 11:19AM","device":"Alexa","message":"Voice Activation","target":"lamp","timestamp":"2018-04-18T15:19:29.439Z"}}
{"_index":"ifttt-2018-04-18","_type":"webhook","_id":"Wed Apr 18 2018 15:36:24 GMT+0000 (UTC)","_score":1,"_source":{"time":" April 18, 2018 at 11:36AM","device":"Alexa","message":"Voice Activation","target":"lamp","timestamp":"2018-04-18T15:36:24.889Z"}}
{"_index":"ifttt-2018-04-18","_type":"webhook","_id":"Wed Apr 18 2018 15:37:19 GMT+0000 (UTC)","_score":1,"_source":{"time":"April 18, 2018","device":"miniCam","message":"motion","location":"Exterior-FrontDoor","timestamp":"2018-04-18T15:37:19.578Z"}}
{"_index":"ifttt-2018-04-18","_type":"webhook","_id":"Wed Apr 18 2018 15:22:24 GMT+0000 (UTC)","_score":1,"_source":{"device":"FrontLock1","status":"Unlocked","user":"Manny Kin","timestamp":"2018-04-18T15:22:24.190Z"}}
{"_index":"ifttt-2018-04-18","_type":"webhook","_id":"Wed Apr 18 2018 15:37:09 GMT+0000 (UTC)","_score":1,"_source":{"device":"FrontLock1","status":"Unlocked","user":"Manny Kin","timestamp":"2018-04-18T15:37:09.842Z"}}
{"_index":"ifttt-2018-04-18","_type":"webhook","_id":"Wed Apr 18 2018 15:23:18 GMT+0000 (UTC)","_score":1,"_source":{"device":"FrontLock1","status":"Locked","user":"Manual Lock","timestamp":"2018-04-18T15:23:18.478Z"}}
{"_index":"ifttt-2018-04-18","_type":"webhook","_id":"Wed Apr 18 2018 15:38:19 GMT+0000 (UTC)","_score":1,"_source":{"device":"FrontLock1","status":"Locked","user":"Manny Kin","timestamp":"2018-04-18T15:38:19.008Z"}}
{"_index":"ifttt-2018-04-18","_type":"webhook","_id":"Wed Apr 18 2018 16:07:07 GMT+0000 (UTC)","_score":1,"_source":{"time":"April 18, 2018","device":"miniCam","message":"motion","location":"Exterior-FrontDoor","timestamp":"2018-04-18T16:07:07.742Z"}}
{"_index":"ifttt-2018-04-18","_type":"webhook","_id":"Wed Apr 18 2018 16:07:08 GMT+0000 (UTC)","_score":1,"_source":{"time":"April 18, 2018","device":"miniCam","message":"motion","location":"Exterior-FrontDoor","timestamp":"2018-04-18T16:07:08.392Z"}}
{"_index":"ifttt-2018-04-18","_type":"webhook","_id":"Wed Apr 18 2018 15:55:41 GMT+0000 (UTC)","_score":1,"_source":{"time":"April 18, 2018 at 11:55AM","device":"Alexa","message":"Voice Deactivation","target":"lamp","timestamp":"2018-04-18T15:55:41.802Z"}}
{"_index":"ifttt-2018-04-18","_type":"webhook","_id":"Wed Apr 18 2018 16:41:53 GMT+0000 (UTC)","_score":1,"_source":{"time":"April 18, 2018 at 12:41PM","device":"Alexa","message":"Voice Deactivation","target":"lamp","timestamp":"2018-04-18T16:41:53.673Z"}}
{"_index":"ifttt-2018-04-18","_type":"webhook","_id":"Wed Apr 18 2018 16:42:12 GMT+0000 (UTC)","_score":1,"_source":{"time":"April 18, 2018","device":"miniCam","message":"motion","location":"Exterior-FrontDoor","timestamp":"2018-04-18T16:42:12.755Z"}}
{"_index":"ifttt-2018-04-18","_type":"webhook","_id":"Wed Apr 18 2018 16:47:09 GMT+0000 (UTC)","_score":1,"_source":{"device":"FrontLock1","status":"Unlocked","user":"Manny Kin","timestamp":"2018-04-18T16:47:09.016Z"}}
{"_index":"ifttt-2018-04-18","_type":"webhook","_id":"Wed Apr 18 2018 16:33:14 GMT+0000 (UTC)","_score":1,"_source":{"device":"FrontLock1","status":"Locked","user":"Manny Kin","timestamp":"2018-04-18T16:33:14.970Z"}}
{"_index":"ifttt-2018-04-18","_type":"webhook","_id":"Wed Apr 18 2018 16:09:21 GMT+0000 (UTC)","_score":1,"_source":{"device":"Plug1","message":"Activated","time":" ","timestamp":"2018-04-18T16:09:21.211Z"}}
{"_index":"ifttt-2018-04-18","_type":"webhook","_id":"Wed Apr 18 2018 16:22:10 GMT+0000 (UTC)","_score":1,"_source":{"time":"April 18, 2018","device":"miniCam","message":"motion","location":"Exterior-FrontDoor","timestamp":"2018-04-18T16:22:10.838Z"}}
{"_index":"ifttt-2018-04-18","_type":"webhook","_id":"Wed Apr 18 2018 16:32:15 GMT+0000 (UTC)","_score":1,"_source":{"time":"April 18, 2018","device":"miniCam","message":"motion","location":"Exterior-FrontDoor","timestamp":"2018-04-18T16:32:15.587Z"}}
{"_index":"ifttt-2018-04-18","_type":"webhook","_id":"Wed Apr 18 2018 17:09:00 GMT+0000 (UTC)","_score":1,"_source":{"time":" April 18, 2018 at 01:08PM","device":"Alexa","message":"Voice Activation","target":"lamp","timestamp":"2018-04-18T17:09:00.511Z"}}
{"_index":"ifttt-2018-04-18","_type":"webhook","_id":"Wed Apr 18 2018 16:52:25 GMT+0000 (UTC)","_score":1,"_source":{"time":"April 18, 2018","device":"miniCam","message":"motion","location":"Exterior-FrontDoor","timestamp":"2018-04-18T16:52:25.313Z"}}
{"_index":"ifttt-2018-04-18","_type":"webhook","_id":"Wed Apr 18 2018 17:07:06 GMT+0000 (UTC)","_score":1,"_source":{"time":"April 18, 2018","device":"miniCam","message":"motion","location":"Exterior-FrontDoor","timestamp":"2018-04-18T17:07:06.070Z"}}
{"_index":"ifttt-2018-04-18","_type":"webhook","_id":"Wed Apr 18 2018 17:22:17 GMT+0000 (UTC)","_score":1,"_source":{"time":"April 18, 2018","device":"miniCam","message":"motion","location":"Exterior-FrontDoor","timestamp":"2018-04-18T17:22:17.740Z"}}
{"_index":"ifttt-2018-04-18","_type":"webhook","_id":"Wed Apr 18 2018 17:17:11 GMT+0000 (UTC)","_score":1,"_source":{"device":"FrontLock1","status":"Unlocked","user":"Manny Kin","timestamp":"2018-04-18T17:17:11.593Z"}}
{"_index":"ifttt-2018-04-18","_type":"webhook","_id":"Wed Apr 18 2018 17:23:17 GMT+0000 (UTC)","_score":1,"_source":{"device":"FrontLock1","status":"Locked","user":"Manual Lock","timestamp":"2018-04-18T17:23:17.995Z"}}
{"_index":"ifttt-2018-04-18","_type":"webhook","_id":"Wed Apr 18 2018 16:48:03 GMT+0000 (UTC)","_score":1,"_source":{"device":"FrontLock1","status":"Locked","user":"Manny Kin","timestamp":"2018-04-18T16:48:03.748Z"}}
{"_index":"ifttt-2018-04-18","_type":"webhook","_id":"Wed Apr 18 2018 17:10:49 GMT+0000 (UTC)","_score":1,"_source":{"device":"FrontLock1","status":"Locked","user":"Manny Kin","timestamp":"2018-04-18T17:10:49.953Z"}}
{"_index":"ifttt-2018-04-18","_type":"webhook","_id":"Wed Apr 18 2018 17:48:30 GMT+0000 (UTC)","_score":1,"_source":{"device":"FrontLock1","status":"Locked","user":"Manny Kin","timestamp":"2018-04-18T17:48:30.766Z"}}
{"_index":"ifttt-2018-04-18","_type":"webhook","_id":"Wed Apr 18 2018 18:12:42 GMT+0000 (UTC)","_score":1,"_source":{"time":"April 18, 2018","device":"miniCam","message":"motion","location":"Exterior-FrontDoor","timestamp":"2018-04-18T18:12:42.579Z"}}
{"_index":"ifttt-2018-04-18","_type":"webhook","_id":"Wed Apr 18 2018 18:27:09 GMT+0000 (UTC)","_score":1,"_source":{"time":"April 18, 2018","device":"miniCam","message":"motion","location":"Exterior-FrontDoor","timestamp":"2018-04-18T18:27:09.731Z"}}
{"_index":"ifttt-2018-04-18","_type":"webhook","_id":"Wed Apr 18 2018 19:02:16 GMT+0000 (UTC)","_score":1,"_source":{"time":"April 18, 2018","device":"miniCam","message":"motion","location":"Exterior-FrontDoor","timestamp":"2018-04-18T19:02:16.297Z"}}
{"_index":"ifttt-2018-04-18","_type":"webhook","_id":"Wed Apr 18 2018 17:52:25 GMT+0000 (UTC)","_score":1,"_source":{"device":"FrontLock1","status":"Unlocked","user":"Manual Unlock","timestamp":"2018-04-18T17:52:25.971Z"}}
{"_index":"ifttt-2018-04-18","_type":"webhook","_id":"Wed Apr 18 2018 18:12:09 GMT+0000 (UTC)","_score":1,"_source":{"device":"FrontLock1","status":"Unlocked","user":"Manny Kin","timestamp":"2018-04-18T18:12:09.821Z"}}
{"_index":"ifttt-2018-04-18","_type":"webhook","_id":"Wed Apr 18 2018 18:32:18 GMT+0000 (UTC)","_score":1,"_source":{"device":"FrontLock1","status":"Unlocked","user":"Manny Kin","timestamp":"2018-04-18T18:32:18.854Z"}}
{"_index":"ifttt-2018-04-18","_type":"webhook","_id":"Wed Apr 18 2018 19:07:16 GMT+0000 (UTC)","_score":1,"_source":{"device":"FrontLock1","status":"Unlocked","user":"Manny Kin","timestamp":"2018-04-18T19:07:16.404Z"}}
{"_index":"ifttt-2018-04-18","_type":"webhook","_id":"Wed Apr 18 2018 18:23:16 GMT+0000 (UTC)","_score":1,"_source":{"device":"FrontLock1","status":"Locked","user":"Manny Kin","timestamp":"2018-04-18T18:23:16.833Z"}}
{"_index":"ifttt-2018-04-18","_type":"webhook","_id":"Wed Apr 18 2018 18:33:36 GMT+0000 (UTC)","_score":1,"_source":{"device":"FrontLock1","status":"Locked","user":"Manny Kin","timestamp":"2018-04-18T18:33:36.866Z"}}
{"_index":"ifttt-2018-04-18","_type":"webhook","_id":"Wed Apr 18 2018 20:02:12 GMT+0000 (UTC)","_score":1,"_source":{"time":"April 18, 2018","device":"miniCam","message":"motion","location":"Exterior-FrontDoor","timestamp":"2018-04-18T20:02:12.616Z"}}
{"_index":"ifttt-2018-04-18","_type":"webhook","_id":"Wed Apr 18 2018 15:00:57 GMT+0000 (UTC)","_score":1,"_source":{"time":"April 18, 2018 at 11:00AM","device":"Alexa","message":"Voice Deactivation","target":"lamp","timestamp":"2018-04-18T15:00:57.299Z"}}
{"_index":"ifttt-2018-04-18","_type":"webhook","_id":"Wed Apr 18 2018 15:07:12 GMT+0000 (UTC)","_score":1,"_source":{"time":"April 18, 2018 at 11:06AM","device":"Alexa","message":"Voice Deactivation","target":"lamp","timestamp":"2018-04-18T15:07:12.490Z"}}
{"_index":"ifttt-2018-04-18","_type":"webhook","_id":"Wed Apr 18 2018 14:22:16 GMT+0000 (UTC)","_score":1,"_source":{"time":"April 18, 2018","device":"miniCam","message":"motion","location":"Exterior-FrontDoor","timestamp":"2018-04-18T14:22:16.205Z"}}
{"_index":"ifttt-2018-04-18","_type":"webhook","_id":"Wed Apr 18 2018 14:37:14 GMT+0000 (UTC)","_score":1,"_source":{"time":"April 18, 2018","device":"miniCam","message":"motion","location":"Exterior-FrontDoor","timestamp":"2018-04-18T14:37:14.078Z"}}
{"_index":"ifttt-2018-04-18","_type":"webhook","_id":"Wed Apr 18 2018 14:47:12 GMT+0000 (UTC)","_score":1,"_source":{"time":"April 18, 2018","device":"miniCam","message":"motion","location":"Exterior-FrontDoor","timestamp":"2018-04-18T14:47:12.756Z"}}
{"_index":"ifttt-2018-04-18","_type":"webhook","_id":"Wed Apr 18 2018 14:47:14 GMT+0000 (UTC)","_score":1,"_source":{"time":"April 18, 2018","device":"miniCam","message":"motion","location":"Exterior-FrontDoor","timestamp":"2018-04-18T14:47:14.308Z"}}
{"_index":"ifttt-2018-04-18","_type":"webhook","_id":"Wed Apr 18 2018 15:07:25 GMT+0000 (UTC)","_score":1,"_source":{"time":"April 18, 2018","device":"miniCam","message":"motion","location":"Exterior-FrontDoor","timestamp":"2018-04-18T15:07:25.306Z"}}
{"_index":"ifttt-2018-04-18","_type":"webhook","_id":"Wed Apr 18 2018 15:28:08 GMT+0000 (UTC)","_score":1,"_source":{"device":"FrontLock1","status":"Locked","user":"Manual Lock","timestamp":"2018-04-18T15:28:08.233Z"}}
{"_index":"ifttt-2018-04-18","_type":"webhook","_id":"Wed Apr 18 2018 15:03:18 GMT+0000 (UTC)","_score":1,"_source":{"device":"FrontLock1","status":"Locked","user":"Manny Kin","timestamp":"2018-04-18T15:03:18.991Z"}}
{"_index":"ifttt-2018-04-18","_type":"webhook","_id":"Wed Apr 18 2018 14:23:09 GMT+0000 (UTC)","_score":1,"_source":{"device":"Room1Plug1","message":"Activated","timestamp":"2018-04-18T14:23:09.918Z"}}
{"_index":"ifttt-2018-04-18","_type":"webhook","_id":"Wed Apr 18 2018 16:09:57 GMT+0000 (UTC)","_score":1,"_source":{"time":"April 18, 2018 at 12:09PM","device":"Alexa","message":"Voice Deactivation","target":"lamp","timestamp":"2018-04-18T16:09:57.565Z"}}
{"_index":"ifttt-2018-04-18","_type":"webhook","_id":"Wed Apr 18 2018 15:42:53 GMT+0000 (UTC)","_score":1,"_source":{"time":" April 18, 2018 at 11:42AM","device":"Alexa","message":"Voice Activation","target":"lamp","timestamp":"2018-04-18T15:42:53.950Z"}}
{"_index":"ifttt-2018-04-18","_type":"webhook","_id":"Wed Apr 18 2018 16:21:55 GMT+0000 (UTC)","_score":1,"_source":{"time":" April 18, 2018 at 12:21PM","device":"Alexa","message":"Voice Activation","target":"lamp","timestamp":"2018-04-18T16:21:55.407Z"}}
{"_index":"ifttt-2018-04-18","_type":"webhook","_id":"Wed Apr 18 2018 15:42:30 GMT+0000 (UTC)","_score":1,"_source":{"time":"April 18, 2018","device":"miniCam","message":"motion","location":"Exterior-FrontDoor","timestamp":"2018-04-18T15:42:30.423Z"}}
{"_index":"ifttt-2018-04-18","_type":"webhook","_id":"Wed Apr 18 2018 15:57:13 GMT+0000 (UTC)","_score":1,"_source":{"time":"April 18, 2018","device":"miniCam","message":"motion","location":"Exterior-FrontDoor","timestamp":"2018-04-18T15:57:13.872Z"}}
{"_index":"ifttt-2018-04-18","_type":"webhook","_id":"Wed Apr 18 2018 15:57:18 GMT+0000 (UTC)","_score":1,"_source":{"device":"FrontLock1","status":"Unlocked","user":"Manny Kin","timestamp":"2018-04-18T15:57:18.686Z"}}
{"_index":"ifttt-2018-04-18","_type":"webhook","_id":"Wed Apr 18 2018 15:30:20 GMT+0000 (UTC)","_score":1,"_source":{"device":"Room1Lamp","message":"Off","timestamp":"2018-04-18T15:30:20.854Z"}}
{"_index":"ifttt-2018-04-18","_type":"webhook","_id":"Wed Apr 18 2018 16:17:06 GMT+0000 (UTC)","_score":1,"_source":{"time":"April 18, 2018","device":"miniCam","message":"motion","location":"Exterior-FrontDoor","timestamp":"2018-04-18T16:17:06.987Z"}}
{"_index":"ifttt-2018-04-18","_type":"webhook","_id":"Wed Apr 18 2018 15:43:29 GMT+0000 (UTC)","_score":1,"_source":{"device":"FrontLock1","status":"Locked","user":"Manny Kin","timestamp":"2018-04-18T15:43:29.456Z"}}
{"_index":"ifttt-2018-04-18","_type":"webhook","_id":"Wed Apr 18 2018 17:10:13 GMT+0000 (UTC)","_score":1,"_source":{"time":"April 18, 2018 at 01:09PM","device":"Alexa","message":"Voice Deactivation","target":"lamp","timestamp":"2018-04-18T17:10:13.625Z"}}
{"_index":"ifttt-2018-04-18","_type":"webhook","_id":"Wed Apr 18 2018 16:45:36 GMT+0000 (UTC)","_score":1,"_source":{"time":" April 18, 2018 at 12:45PM","device":"Alexa","message":"Voice Activation","target":"lamp","timestamp":"2018-04-18T16:45:36.601Z"}}
{"_index":"ifttt-2018-04-18","_type":"webhook","_id":"Wed Apr 18 2018 16:22:11 GMT+0000 (UTC)","_score":1,"_source":{"time":"April 18, 2018","device":"miniCam","message":"motion","location":"Exterior-FrontDoor","timestamp":"2018-04-18T16:22:11.254Z"}}
{"_index":"ifttt-2018-04-18","_type":"webhook","_id":"Wed Apr 18 2018 16:37:33 GMT+0000 (UTC)","_score":1,"_source":{"time":"April 18, 2018","device":"miniCam","message":"motion","location":"Exterior-FrontDoor","timestamp":"2018-04-18T16:37:33.778Z"}}
{"_index":"ifttt-2018-04-18","_type":"webhook","_id":"Wed Apr 18 2018 16:37:34 GMT+0000 (UTC)","_score":1,"_source":{"time":"April 18, 2018","device":"miniCam","message":"motion","location":"Exterior-FrontDoor","timestamp":"2018-04-18T16:37:34.494Z"}}
{"_index":"ifttt-2018-04-18","_type":"webhook","_id":"Wed Apr 18 2018 16:52:24 GMT+0000 (UTC)","_score":1,"_source":{"time":"April 18, 2018","device":"miniCam","message":"motion","location":"Exterior-FrontDoor","timestamp":"2018-04-18T16:52:24.543Z"}}
{"_index":"ifttt-2018-04-18","_type":"webhook","_id":"Wed Apr 18 2018 16:57:28 GMT+0000 (UTC)","_score":1,"_source":{"time":"April 18, 2018","device":"miniCam","message":"motion","location":"Exterior-FrontDoor","timestamp":"2018-04-18T16:57:28.381Z"}}
{"_index":"ifttt-2018-04-18","_type":"webhook","_id":"Wed Apr 18 2018 17:10:59 GMT+0000 (UTC)","_score":1,"_source":{"device":"FrontLock1","status":"Unlocked","user":"Manny Kin","timestamp":"2018-04-18T17:10:59.555Z"}}
{"_index":"ifttt-2018-04-18","_type":"webhook","_id":"Wed Apr 18 2018 16:23:35 GMT+0000 (UTC)","_score":1,"_source":{"device":"FrontLock1","status":"Locked","user":"Manny Kin","timestamp":"2018-04-18T16:23:35.239Z"}}
{"_index":"ifttt-2018-04-18","_type":"webhook","_id":"Wed Apr 18 2018 17:17:12 GMT+0000 (UTC)","_score":1,"_source":{"time":"April 18, 2018","device":"miniCam","message":"motion","location":"Exterior-FrontDoor","timestamp":"2018-04-18T17:17:12.606Z"}}
{"_index":"ifttt-2018-04-18","_type":"webhook","_id":"Wed Apr 18 2018 17:37:14 GMT+0000 (UTC)","_score":1,"_source":{"time":"April 18, 2018","device":"miniCam","message":"motion","location":"Exterior-FrontDoor","timestamp":"2018-04-18T17:37:14.297Z"}}
{"_index":"ifttt-2018-04-18","_type":"webhook","_id":"Wed Apr 18 2018 17:53:33 GMT+0000 (UTC)","_score":1,"_source":{"time":"April 18, 2018","device":"miniCam","message":"motion","location":"Exterior-FrontDoor","timestamp":"2018-04-18T17:53:33.516Z"}}
{"_index":"ifttt-2018-04-18","_type":"webhook","_id":"Wed Apr 18 2018 17:12:22 GMT+0000 (UTC)","_score":1,"_source":{"time":"April 18, 2018","device":"miniCam","message":"motion","location":"Exterior-FrontDoor","timestamp":"2018-04-18T17:12:22.299Z"}}
{"_index":"ifttt-2018-04-18","_type":"webhook","_id":"Wed Apr 18 2018 17:57:36 GMT+0000 (UTC)","_score":1,"_source":{"device":"FrontLock1","status":"Unlocked","user":"Manny Kin","timestamp":"2018-04-18T17:57:36.845Z"}}
{"_index":"ifttt-2018-04-18","_type":"webhook","_id":"Wed Apr 18 2018 17:22:25 GMT+0000 (UTC)","_score":1,"_source":{"device":"FrontLock1","status":"Unlocked","user":"Manny Kin","timestamp":"2018-04-18T17:22:25.942Z"}}
{"_index":"ifttt-2018-04-18","_type":"webhook","_id":"Wed Apr 18 2018 17:53:10 GMT+0000 (UTC)","_score":1,"_source":{"device":"FrontLock1","status":"Locked","user":"Manny Kin","timestamp":"2018-04-18T17:53:10.631Z"}}
{"_index":"ifttt-2018-04-18","_type":"webhook","_id":"Wed Apr 18 2018 17:23:09 GMT+0000 (UTC)","_score":1,"_source":{"device":"Room1Lamp","message":"Activated","timestamp":"2018-04-18T17:23:09.243Z"}}
{"_index":"ifttt-2018-04-18","_type":"webhook","_id":"Wed Apr 18 2018 17:42:12 GMT+0000 (UTC)","_score":1,"_source":{"device":"FrontLock1","status":"Unlocked","user":"Manual Unlock","timestamp":"2018-04-18T17:42:12.796Z"}}
{"_index":"ifttt-2018-04-18","_type":"webhook","_id":"Wed Apr 18 2018 18:02:06 GMT+0000 (UTC)","_score":1,"_source":{"time":"April 18, 2018","device":"miniCam","message":"motion","location":"Exterior-FrontDoor","timestamp":"2018-04-18T18:02:06.093Z"}}
{"_index":"ifttt-2018-04-18","_type":"webhook","_id":"Wed Apr 18 2018 18:17:18 GMT+0000 (UTC)","_score":1,"_source":{"time":"April 18, 2018","device":"miniCam","message":"motion","location":"Exterior-FrontDoor","timestamp":"2018-04-18T18:17:18.497Z"}}
{"_index":"ifttt-2018-04-18","_type":"webhook","_id":"Wed Apr 18 2018 18:47:17 GMT+0000 (UTC)","_score":1,"_source":{"time":"April 18, 2018","device":"miniCam","message":"motion","location":"Exterior-FrontDoor","timestamp":"2018-04-18T18:47:17.400Z"}}
{"_index":"ifttt-2018-04-18","_type":"webhook","_id":"Wed Apr 18 2018 18:18:14 GMT+0000 (UTC)","_score":1,"_source":{"device":"FrontLock1","status":"Locked","user":"Manual Lock","timestamp":"2018-04-18T18:18:14.226Z"}}
{"_index":"ifttt-2018-04-18","_type":"webhook","_id":"Wed Apr 18 2018 18:38:30 GMT+0000 (UTC)","_score":1,"_source":{"device":"FrontLock1","status":"Unlocked","user":"Manny Kin","timestamp":"2018-04-18T18:38:30.651Z"}}
{"_index":"ifttt-2018-04-18","_type":"webhook","_id":"Wed Apr 18 2018 18:13:16 GMT+0000 (UTC)","_score":1,"_source":{"device":"FrontLock1","status":"Locked","user":"Manual Lock","timestamp":"2018-04-18T18:13:16.731Z"}}
{"_index":"ifttt-2018-04-18","_type":"webhook","_id":"Wed Apr 18 2018 18:28:34 GMT+0000 (UTC)","_score":1,"_source":{"device":"FrontLock1","status":"Locked","user":"Manny Kin","timestamp":"2018-04-18T18:28:34.578Z"}}
{"_index":"ifttt-2018-04-18","_type":"webhook","_id":"Wed Apr 18 2018 18:25:11 GMT+0000 (UTC)","_score":1,"_source":{"device":"Room1Lamp","message":"Off","timestamp":"2018-04-18T18:25:11.907Z"}}
{"_index":"ifttt-2018-04-18","_type":"webhook","_id":"Wed Apr 18 2018 18:03:12 GMT+0000 (UTC)","_score":1,"_source":{"device":"FrontLock1","status":"Locked","user":"Manual Lock","timestamp":"2018-04-18T18:03:12.753Z"}}
{"_index":"ifttt-2018-04-18","_type":"webhook","_id":"Wed Apr 18 2018 19:07:30 GMT+0000 (UTC)","_score":1,"_source":{"time":"April 18, 2018","device":"miniCam","message":"motion","location":"Exterior-FrontDoor","timestamp":"2018-04-18T19:07:30.735Z"}}
{"_index":"ifttt-2018-04-18","_type":"webhook","_id":"Wed Apr 18 2018 20:22:19 GMT+0000 (UTC)","_score":1,"_source":{"time":"April 18, 2018","device":"miniCam","message":"motion","location":"Exterior-FrontDoor","timestamp":"2018-04-18T20:22:19.458Z"}}
{"_index":"ifttt-2018-04-18","_type":"webhook","_id":"Wed Apr 18 2018 21:14:22 GMT+0000 (UTC)","_score":1,"_source":{"device":"Plug1","message":"Activated","time":" ","timestamp":"2018-04-18T21:14:22.248Z"}}
{"_index":"ifttt-2018-04-18","_type":"webhook","_id":"Wed Apr 18 2018 15:02:18 GMT+0000 (UTC)","_score":1,"_source":{"time":"April 18, 2018","device":"miniCam","message":"motion","location":"Exterior-FrontDoor","timestamp":"2018-04-18T15:02:18.911Z"}}
{"_index":"ifttt-2018-04-18","_type":"webhook","_id":"Wed Apr 18 2018 14:59:42 GMT+0000 (UTC)","_score":1,"_source":{"time":" April 18, 2018 at 10:59AM","device":"Alexa","message":"Voice Activation","target":"lamp","timestamp":"2018-04-18T14:59:42.272Z"}}
{"_index":"ifttt-2018-04-18","_type":"webhook","_id":"Wed Apr 18 2018 14:27:17 GMT+0000 (UTC)","_score":1,"_source":{"time":"April 18, 2018","device":"miniCam","message":"motion","location":"Exterior-FrontDoor","timestamp":"2018-04-18T14:27:17.914Z"}}
{"_index":"ifttt-2018-04-18","_type":"webhook","_id":"Wed Apr 18 2018 14:32:40 GMT+0000 (UTC)","_score":1,"_source":{"time":"April 18, 2018","device":"miniCam","message":"motion","location":"Exterior-FrontDoor","timestamp":"2018-04-18T14:32:40.917Z"}}
{"_index":"ifttt-2018-04-18","_type":"webhook","_id":"Wed Apr 18 2018 14:37:12 GMT+0000 (UTC)","_score":1,"_source":{"time":"April 18, 2018","device":"miniCam","message":"motion","location":"Exterior-FrontDoor","timestamp":"2018-04-18T14:37:12.970Z"}}
{"_index":"ifttt-2018-04-18","_type":"webhook","_id":"Wed Apr 18 2018 14:57:18 GMT+0000 (UTC)","_score":1,"_source":{"time":"April 18, 2018","device":"miniCam","message":"motion","location":"Exterior-FrontDoor","timestamp":"2018-04-18T14:57:18.047Z"}}
{"_index":"ifttt-2018-04-18","_type":"webhook","_id":"Wed Apr 18 2018 14:27:11 GMT+0000 (UTC)","_score":1,"_source":{"device":"FrontLock1","status":"Unlocked","user":"Manny Kin","timestamp":"2018-04-18T14:27:11.522Z"}}
{"_index":"ifttt-2018-04-18","_type":"webhook","_id":"Wed Apr 18 2018 15:02:09 GMT+0000 (UTC)","_score":1,"_source":{"device":"FrontLock1","status":"Unlocked","user":"Manny Kin","timestamp":"2018-04-18T15:02:09.763Z"}}
{"_index":"ifttt-2018-04-18","_type":"webhook","_id":"Wed Apr 18 2018 14:32:39 GMT+0000 (UTC)","_score":1,"_source":{"time":"April 18, 2018","device":"miniCam","message":"motion","location":"Exterior-FrontDoor","timestamp":"2018-04-18T14:32:39.905Z"}}
{"_index":"ifttt-2018-04-18","_type":"webhook","_id":"Wed Apr 18 2018 14:47:13 GMT+0000 (UTC)","_score":1,"_source":{"time":"April 18, 2018","device":"miniCam","message":"motion","location":"Exterior-FrontDoor","timestamp":"2018-04-18T14:47:13.841Z"}}
{"_index":"ifttt-2018-04-18","_type":"webhook","_id":"Wed Apr 18 2018 15:28:37 GMT+0000 (UTC)","_score":1,"_source":{"time":" April 18, 2018 at 11:28AM","device":"Alexa","message":"Voice Activation","target":"lamp","timestamp":"2018-04-18T15:28:37.638Z"}}
{"_index":"ifttt-2018-04-18","_type":"webhook","_id":"Wed Apr 18 2018 15:02:19 GMT+0000 (UTC)","_score":1,"_source":{"time":"April 18, 2018","device":"miniCam","message":"motion","location":"Exterior-FrontDoor","timestamp":"2018-04-18T15:02:19.880Z"}}
{"_index":"ifttt-2018-04-18","_type":"webhook","_id":"Wed Apr 18 2018 15:34:56 GMT+0000 (UTC)","_score":1,"_source":{"device":"FrontLock1","status":"Unlocked","user":"Manny Kin","timestamp":"2018-04-18T15:34:56.980Z"}}
{"_index":"ifttt-2018-04-18","_type":"webhook","_id":"Wed Apr 18 2018 15:13:15 GMT+0000 (UTC)","_score":1,"_source":{"device":"FrontLock1","status":"Locked","user":"Manny Kin","timestamp":"2018-04-18T15:13:15.505Z"}}
{"_index":"ifttt-2018-04-18","_type":"webhook","_id":"Wed Apr 18 2018 15:12:11 GMT+0000 (UTC)","_score":1,"_source":{"time":"April 18, 2018","device":"miniCam","message":"motion","location":"Exterior-FrontDoor","timestamp":"2018-04-18T15:12:11.918Z"}}
{"_index":"ifttt-2018-04-18","_type":"webhook","_id":"Wed Apr 18 2018 15:07:24 GMT+0000 (UTC)","_score":1,"_source":{"time":"April 18, 2018","device":"miniCam","message":"motion","location":"Exterior-FrontDoor","timestamp":"2018-04-18T15:07:24.889Z"}}
{"_index":"ifttt-2018-04-18","_type":"webhook","_id":"Wed Apr 18 2018 15:32:28 GMT+0000 (UTC)","_score":1,"_source":{"time":"April 18, 2018","device":"miniCam","message":"motion","location":"Exterior-FrontDoor","timestamp":"2018-04-18T15:32:28.958Z"}}
{"_index":"ifttt-2018-04-18","_type":"webhook","_id":"Wed Apr 18 2018 15:23:19 GMT+0000 (UTC)","_score":1,"_source":{"device":"FrontLock1","status":"Locked","user":"Manny Kin","timestamp":"2018-04-18T15:23:19.720Z"}}
{"_index":"ifttt-2018-04-18","_type":"webhook","_id":"Wed Apr 18 2018 15:38:18 GMT+0000 (UTC)","_score":1,"_source":{"device":"FrontLock1","status":"Locked","user":"Manual Lock","timestamp":"2018-04-18T15:38:18.545Z"}}
{"_index":"ifttt-2018-04-18","_type":"webhook","_id":"Wed Apr 18 2018 15:43:59 GMT+0000 (UTC)","_score":1,"_source":{"time":"April 18, 2018 at 11:43AM","device":"Alexa","message":"Voice Deactivation","target":"lamp","timestamp":"2018-04-18T15:43:59.006Z"}}
{"_index":"ifttt-2018-04-18","_type":"webhook","_id":"Wed Apr 18 2018 15:55:30 GMT+0000 (UTC)","_score":1,"_source":{"time":" April 18, 2018 at 11:55AM","device":"Alexa","message":"Voice Activation","target":"lamp","timestamp":"2018-04-18T15:55:30.641Z"}}
{"_index":"ifttt-2018-04-18","_type":"webhook","_id":"Wed Apr 18 2018 16:33:46 GMT+0000 (UTC)","_score":1,"_source":{"time":" April 18, 2018 at 12:33PM","device":"Alexa","message":"Voice Activation","target":"lamp","timestamp":"2018-04-18T16:33:46.600Z"}}
{"_index":"ifttt-2018-04-18","_type":"webhook","_id":"Wed Apr 18 2018 15:47:24 GMT+0000 (UTC)","_score":1,"_source":{"time":"April 18, 2018","device":"miniCam","message":"motion","location":"Exterior-FrontDoor","timestamp":"2018-04-18T15:47:24.045Z"}}
{"_index":"ifttt-2018-04-18","_type":"webhook","_id":"Wed Apr 18 2018 16:02:37 GMT+0000 (UTC)","_score":1,"_source":{"time":"April 18, 2018","device":"miniCam","message":"motion","location":"Exterior-FrontDoor","timestamp":"2018-04-18T16:02:37.906Z"}}
{"_index":"ifttt-2018-04-18","_type":"webhook","_id":"Wed Apr 18 2018 16:12:03 GMT+0000 (UTC)","_score":1,"_source":{"time":"April 18, 2018","device":"miniCam","message":"motion","location":"Exterior-FrontDoor","timestamp":"2018-04-18T16:12:03.477Z"}}
{"_index":"ifttt-2018-04-18","_type":"webhook","_id":"Wed Apr 18 2018 16:17:07 GMT+0000 (UTC)","_score":1,"_source":{"time":"April 18, 2018","device":"miniCam","message":"motion","location":"Exterior-FrontDoor","timestamp":"2018-04-18T16:17:07.513Z"}}
{"_index":"ifttt-2018-04-18","_type":"webhook","_id":"Wed Apr 18 2018 15:42:24 GMT+0000 (UTC)","_score":1,"_source":{"device":"FrontLock1","status":"Unlocked","user":"Manny Kin","timestamp":"2018-04-18T15:42:24.621Z"}}
{"_index":"ifttt-2018-04-18","_type":"webhook","_id":"Wed Apr 18 2018 15:42:25 GMT+0000 (UTC)","_score":1,"_source":{"device":"FrontLock1","status":"Unlocked","user":"Manny Kin","timestamp":"2018-04-18T15:42:25.559Z"}}
{"_index":"ifttt-2018-04-18","_type":"webhook","_id":"Wed Apr 18 2018 16:52:31 GMT+0000 (UTC)","_score":1,"_source":{"time":" April 18, 2018 at 12:52PM","device":"Alexa","message":"Voice Activation","target":"lamp","timestamp":"2018-04-18T16:52:31.745Z"}}
{"_index":"ifttt-2018-04-18","_type":"webhook","_id":"Wed Apr 18 2018 16:47:05 GMT+0000 (UTC)","_score":1,"_source":{"time":"April 18, 2018","device":"miniCam","message":"motion","location":"Exterior-FrontDoor","timestamp":"2018-04-18T16:47:05.537Z"}}
{"_index":"ifttt-2018-04-18","_type":"webhook","_id":"Wed Apr 18 2018 16:57:29 GMT+0000 (UTC)","_score":1,"_source":{"time":"April 18, 2018","device":"miniCam","message":"motion","location":"Exterior-FrontDoor","timestamp":"2018-04-18T16:57:29.016Z"}}
{"_index":"ifttt-2018-04-18","_type":"webhook","_id":"Wed Apr 18 2018 16:52:16 GMT+0000 (UTC)","_score":1,"_source":{"device":"FrontLock1","status":"Unlocked","user":"Manny Kin","timestamp":"2018-04-18T16:52:16.385Z"}}
{"_index":"ifttt-2018-04-18","_type":"webhook","_id":"Wed Apr 18 2018 16:52:17 GMT+0000 (UTC)","_score":1,"_source":{"device":"FrontLock1","status":"Unlocked","user":"Manny Kin","timestamp":"2018-04-18T16:52:17.376Z"}}
{"_index":"ifttt-2018-04-18","_type":"webhook","_id":"Wed Apr 18 2018 16:38:06 GMT+0000 (UTC)","_score":1,"_source":{"device":"FrontLock1","status":"Locked","user":"Manual Lock","timestamp":"2018-04-18T16:38:06.803Z"}}
{"_index":"ifttt-2018-04-18","_type":"webhook","_id":"Wed Apr 18 2018 16:43:11 GMT+0000 (UTC)","_score":1,"_source":{"device":"FrontLock1","status":"Locked","user":"Manny Kin","timestamp":"2018-04-18T16:43:11.543Z"}}
{"_index":"ifttt-2018-04-18","_type":"webhook","_id":"Wed Apr 18 2018 16:48:04 GMT+0000 (UTC)","_score":1,"_source":{"device":"FrontLock1","status":"Locked","user":"Manny Kin","timestamp":"2018-04-18T16:48:04.277Z"}}
{"_index":"ifttt-2018-04-18","_type":"webhook","_id":"Wed Apr 18 2018 17:15:33 GMT+0000 (UTC)","_score":1,"_source":{"device":"Room1Lamp","message":"Off","timestamp":"2018-04-18T17:15:33.100Z"}}
{"_index":"ifttt-2018-04-18","_type":"webhook","_id":"Wed Apr 18 2018 17:20:34 GMT+0000 (UTC)","_score":1,"_source":{"time":" April 18, 2018 at 01:20PM","device":"Alexa","message":"Voice Activation","target":"lamp","timestamp":"2018-04-18T17:20:34.346Z"}}
{"_index":"ifttt-2018-04-18","_type":"webhook","_id":"Wed Apr 18 2018 17:47:14 GMT+0000 (UTC)","_score":1,"_source":{"time":"April 18, 2018","device":"miniCam","message":"motion","location":"Exterior-FrontDoor","timestamp":"2018-04-18T17:47:14.101Z"}}
{"_index":"ifttt-2018-04-18","_type":"webhook","_id":"Wed Apr 18 2018 17:53:32 GMT+0000 (UTC)","_score":1,"_source":{"time":"April 18, 2018","device":"miniCam","message":"motion","location":"Exterior-FrontDoor","timestamp":"2018-04-18T17:53:32.814Z"}}
{"_index":"ifttt-2018-04-18","_type":"webhook","_id":"Wed Apr 18 2018 17:53:34 GMT+0000 (UTC)","_score":1,"_source":{"time":"April 18, 2018","device":"miniCam","message":"motion","location":"Exterior-FrontDoor","timestamp":"2018-04-18T17:53:34.161Z"}}
{"_index":"ifttt-2018-04-18","_type":"webhook","_id":"Wed Apr 18 2018 17:18:12 GMT+0000 (UTC)","_score":1,"_source":{"device":"FrontLock1","status":"Locked","user":"Manual Lock","timestamp":"2018-04-18T17:18:12.735Z"}}
{"_index":"ifttt-2018-04-18","_type":"webhook","_id":"Wed Apr 18 2018 18:03:11 GMT+0000 (UTC)","_score":1,"_source":{"device":"FrontLock1","status":"Locked","user":"Manual Lock","timestamp":"2018-04-18T18:03:11.774Z"}}
{"_index":"ifttt-2018-04-18","_type":"webhook","_id":"Wed Apr 18 2018 17:33:44 GMT+0000 (UTC)","_score":1,"_source":{"device":"FrontLock1","status":"Locked","user":"Manny Kin","timestamp":"2018-04-18T17:33:44.476Z"}}
{"_index":"ifttt-2018-04-18","_type":"webhook","_id":"Wed Apr 18 2018 17:27:17 GMT+0000 (UTC)","_score":1,"_source":{"time":"April 18, 2018","device":"miniCam","message":"motion","location":"Exterior-FrontDoor","timestamp":"2018-04-18T17:27:17.678Z"}}
{"_index":"ifttt-2018-04-18","_type":"webhook","_id":"Wed Apr 18 2018 18:02:19 GMT+0000 (UTC)","_score":1,"_source":{"device":"FrontLock1","status":"Unlocked","user":"Manual Unlock","timestamp":"2018-04-18T18:02:19.951Z"}}
{"_index":"ifttt-2018-04-18","_type":"webhook","_id":"Wed Apr 18 2018 18:17:33 GMT+0000 (UTC)","_score":1,"_source":{"device":"FrontLock1","status":"Unlocked","user":"Manny Kin","timestamp":"2018-04-18T18:17:33.609Z"}}
{"_index":"ifttt-2018-04-18","_type":"webhook","_id":"Wed Apr 18 2018 18:22:12 GMT+0000 (UTC)","_score":1,"_source":{"time":"April 18, 2018","device":"miniCam","message":"motion","location":"Exterior-FrontDoor","timestamp":"2018-04-18T18:22:12.704Z"}}
{"_index":"ifttt-2018-04-18","_type":"webhook","_id":"Wed Apr 18 2018 18:37:15 GMT+0000 (UTC)","_score":1,"_source":{"time":"April 18, 2018","device":"miniCam","message":"motion","location":"Exterior-FrontDoor","timestamp":"2018-04-18T18:37:15.699Z"}}
{"_index":"ifttt-2018-04-18","_type":"webhook","_id":"Wed Apr 18 2018 18:48:10 GMT+0000 (UTC)","_score":1,"_source":{"device":"FrontLock1","status":"Locked","user":"Manny Kin","timestamp":"2018-04-18T18:48:10.174Z"}}
{"_index":"ifttt-2018-04-18","_type":"webhook","_id":"Wed Apr 18 2018 19:23:11 GMT+0000 (UTC)","_score":1,"_source":{"device":"FrontLock1","status":"Locked","user":"Manny Kin","timestamp":"2018-04-18T19:23:11.499Z"}}
{"_index":"ifttt-2018-04-18","_type":"webhook","_id":"Wed Apr 18 2018 19:57:22 GMT+0000 (UTC)","_score":1,"_source":{"time":"April 18, 2018","device":"miniCam","message":"motion","location":"Exterior-FrontDoor","timestamp":"2018-04-18T19:57:22.657Z"}}
{"_index":"ifttt-2018-04-18","_type":"webhook","_id":"Wed Apr 18 2018 19:57:31 GMT+0000 (UTC)","_score":1,"_source":{"device":"FrontLock1","status":"Unlocked","user":"Manual Unlock","timestamp":"2018-04-18T19:57:31.846Z"}}
{"_index":"ifttt-2018-04-18","_type":"webhook","_id":"Wed Apr 18 2018 19:58:08 GMT+0000 (UTC)","_score":1,"_source":{"device":"FrontLock1","status":"Locked","user":"Manny Kin","timestamp":"2018-04-18T19:58:08.741Z"}}
{"_index":"ifttt-2018-04-18","_type":"webhook","_id":"Wed Apr 18 2018 19:58:09 GMT+0000 (UTC)","_score":1,"_source":{"device":"FrontLock1","status":"Locked","user":"Manual Lock","timestamp":"2018-04-18T19:58:09.201Z"}}
{"_index":"ifttt-2018-04-18","_type":"webhook","_id":"Wed Apr 18 2018 15:05:47 GMT+0000 (UTC)","_score":1,"_source":{"time":" April 18, 2018 at 11:05AM","device":"Alexa","message":"Voice Activation","target":"lamp","timestamp":"2018-04-18T15:05:47.181Z"}}
{"_index":"ifttt-2018-04-18","_type":"webhook","_id":"Wed Apr 18 2018 14:25:54 GMT+0000 (UTC)","_score":1,"_source":{"time":" April 18, 2018 at 10:25AM","device":"Alexa","message":"Voice Activation","target":"lamp","timestamp":"2018-04-18T14:25:54.415Z"}}
{"_index":"ifttt-2018-04-18","_type":"webhook","_id":"Wed Apr 18 2018 14:32:41 GMT+0000 (UTC)","_score":1,"_source":{"time":"April 18, 2018","device":"miniCam","message":"motion","location":"Exterior-FrontDoor","timestamp":"2018-04-18T14:32:41.367Z"}}
{"_index":"ifttt-2018-04-18","_type":"webhook","_id":"Wed Apr 18 2018 14:37:13 GMT+0000 (UTC)","_score":1,"_source":{"time":"April 18, 2018","device":"miniCam","message":"motion","location":"Exterior-FrontDoor","timestamp":"2018-04-18T14:37:13.599Z"}}
{"_index":"ifttt-2018-04-18","_type":"webhook","_id":"Wed Apr 18 2018 14:52:18 GMT+0000 (UTC)","_score":1,"_source":{"time":"April 18, 2018","device":"miniCam","message":"motion","location":"Exterior-FrontDoor","timestamp":"2018-04-18T14:52:18.010Z"}}
{"_index":"ifttt-2018-04-18","_type":"webhook","_id":"Wed Apr 18 2018 15:17:14 GMT+0000 (UTC)","_score":1,"_source":{"time":"April 18, 2018","device":"miniCam","message":"motion","location":"Exterior-FrontDoor","timestamp":"2018-04-18T15:17:14.447Z"}}
{"_index":"ifttt-2018-04-18","_type":"webhook","_id":"Wed Apr 18 2018 15:42:23 GMT+0000 (UTC)","_score":1,"_source":{"device":"FrontLock1","status":"Unlocked","user":"Manual Unlock","timestamp":"2018-04-18T15:42:23.831Z"}}
{"_index":"ifttt-2018-04-18","_type":"webhook","_id":"Wed Apr 18 2018 15:03:17 GMT+0000 (UTC)","_score":1,"_source":{"device":"FrontLock1","status":"Locked","user":"Manny Kin","timestamp":"2018-04-18T15:03:17.608Z"}}
{"_index":"ifttt-2018-04-18","_type":"webhook","_id":"Wed Apr 18 2018 15:42:29 GMT+0000 (UTC)","_score":1,"_source":{"time":"April 18, 2018","device":"miniCam","message":"motion","location":"Exterior-FrontDoor","timestamp":"2018-04-18T15:42:29.898Z"}}
{"_index":"ifttt-2018-04-18","_type":"webhook","_id":"Wed Apr 18 2018 14:53:06 GMT+0000 (UTC)","_score":1,"_source":{"device":"FrontLock1","status":"Locked","user":"Manual Lock","timestamp":"2018-04-18T14:53:06.908Z"}}
{"_index":"ifttt-2018-04-18","_type":"webhook","_id":"Wed Apr 18 2018 16:17:19 GMT+0000 (UTC)","_score":1,"_source":{"time":"April 18, 2018 at 12:17PM","device":"Alexa","message":"Voice Deactivation","target":"lamp","timestamp":"2018-04-18T16:17:19.786Z"}}
{"_index":"ifttt-2018-04-18","_type":"webhook","_id":"Wed Apr 18 2018 16:22:51 GMT+0000 (UTC)","_score":1,"_source":{"time":"April 18, 2018 at 12:22PM","device":"Alexa","message":"Voice Deactivation","target":"lamp","timestamp":"2018-04-18T16:22:51.477Z"}}
{"_index":"ifttt-2018-04-18","_type":"webhook","_id":"Wed Apr 18 2018 16:12:04 GMT+0000 (UTC)","_score":1,"_source":{"time":"April 18, 2018","device":"miniCam","message":"motion","location":"Exterior-FrontDoor","timestamp":"2018-04-18T16:12:04.226Z"}}
{"_index":"ifttt-2018-04-18","_type":"webhook","_id":"Wed Apr 18 2018 15:47:12 GMT+0000 (UTC)","_score":1,"_source":{"device":"FrontLock1","status":"Unlocked","user":"Manny Kin","timestamp":"2018-04-18T15:47:12.870Z"}}
{"_index":"ifttt-2018-04-18","_type":"webhook","_id":"Wed Apr 18 2018 16:22:13 GMT+0000 (UTC)","_score":1,"_source":{"device":"FrontLock1","status":"Unlocked","user":"Manny Kin","timestamp":"2018-04-18T16:22:13.701Z"}}
{"_index":"ifttt-2018-04-18","_type":"webhook","_id":"Wed Apr 18 2018 16:27:38 GMT+0000 (UTC)","_score":1,"_source":{"device":"FrontLock1","status":"Unlocked","user":"Manny Kin","timestamp":"2018-04-18T16:27:38.907Z"}}
{"_index":"ifttt-2018-04-18","_type":"webhook","_id":"Wed Apr 18 2018 15:43:28 GMT+0000 (UTC)","_score":1,"_source":{"device":"FrontLock1","status":"Locked","user":"Manny Kin","timestamp":"2018-04-18T15:43:28.554Z"}}
{"_index":"ifttt-2018-04-18","_type":"webhook","_id":"Wed Apr 18 2018 15:58:09 GMT+0000 (UTC)","_score":1,"_source":{"device":"FrontLock1","status":"Locked","user":"Manny Kin","timestamp":"2018-04-18T15:58:09.186Z"}}
{"_index":"ifttt-2018-04-18","_type":"webhook","_id":"Wed Apr 18 2018 16:32:33 GMT+0000 (UTC)","_score":1,"_source":{"device":"FrontLock1","status":"Unlocked","user":"Manny Kin","timestamp":"2018-04-18T16:32:33.724Z"}}
{"_index":"ifttt-2018-04-18","_type":"webhook","_id":"Wed Apr 18 2018 16:34:50 GMT+0000 (UTC)","_score":1,"_source":{"time":"April 18, 2018 at 12:34PM","device":"Alexa","message":"Voice Deactivation","target":"lamp","timestamp":"2018-04-18T16:34:50.431Z"}}
{"_index":"ifttt-2018-04-18","_type":"webhook","_id":"Wed Apr 18 2018 16:54:10 GMT+0000 (UTC)","_score":1,"_source":{"time":"April 18, 2018 at 12:53PM","device":"Alexa","message":"Voice Deactivation","target":"lamp","timestamp":"2018-04-18T16:54:10.643Z"}}
{"_index":"ifttt-2018-04-18","_type":"webhook","_id":"Wed Apr 18 2018 16:41:25 GMT+0000 (UTC)","_score":1,"_source":{"time":" April 18, 2018 at 12:41PM","device":"Alexa","message":"Voice Activation","target":"lamp","timestamp":"2018-04-18T16:41:25.040Z"}}
{"_index":"ifttt-2018-04-18","_type":"webhook","_id":"Wed Apr 18 2018 17:02:29 GMT+0000 (UTC)","_score":1,"_source":{"time":"April 18, 2018","device":"miniCam","message":"motion","location":"Exterior-FrontDoor","timestamp":"2018-04-18T17:02:29.935Z"}}
{"_index":"ifttt-2018-04-18","_type":"webhook","_id":"Wed Apr 18 2018 16:38:07 GMT+0000 (UTC)","_score":1,"_source":{"device":"FrontLock1","status":"Locked","user":"Manny Kin","timestamp":"2018-04-18T16:38:07.279Z"}}
{"_index":"ifttt-2018-04-18","_type":"webhook","_id":"Wed Apr 18 2018 16:43:10 GMT+0000 (UTC)","_score":1,"_source":{"device":"FrontLock1","status":"Locked","user":"Manny Kin","timestamp":"2018-04-18T16:43:10.974Z"}}
{"_index":"ifttt-2018-04-18","_type":"webhook","_id":"Wed Apr 18 2018 16:53:20 GMT+0000 (UTC)","_score":1,"_source":{"device":"FrontLock1","status":"Locked","user":"Manny Kin","timestamp":"2018-04-18T16:53:20.724Z"}}
{"_index":"ifttt-2018-04-18","_type":"webhook","_id":"Wed Apr 18 2018 16:58:16 GMT+0000 (UTC)","_score":1,"_source":{"device":"FrontLock1","status":"Locked","user":"Manny Kin","timestamp":"2018-04-18T16:58:16.002Z"}}
{"_index":"ifttt-2018-04-18","_type":"webhook","_id":"Wed Apr 18 2018 16:47:06 GMT+0000 (UTC)","_score":1,"_source":{"time":"April 18, 2018","device":"miniCam","message":"motion","location":"Exterior-FrontDoor","timestamp":"2018-04-18T16:47:06.607Z"}}
{"_index":"ifttt-2018-04-18","_type":"webhook","_id":"Wed Apr 18 2018 17:49:10 GMT+0000 (UTC)","_score":1,"_source":{"time":"April 18, 2018 at 01:48PM","device":"Alexa","message":"Voice Deactivation","target":"lamp","timestamp":"2018-04-18T17:49:10.376Z"}}
{"_index":"ifttt-2018-04-18","_type":"webhook","_id":"Wed Apr 18 2018 17:17:13 GMT+0000 (UTC)","_score":1,"_source":{"time":"April 18, 2018","device":"miniCam","message":"motion","location":"Exterior-FrontDoor","timestamp":"2018-04-18T17:17:13.225Z"}}
{"_index":"ifttt-2018-04-18","_type":"webhook","_id":"Wed Apr 18 2018 17:22:18 GMT+0000 (UTC)","_score":1,"_source":{"time":"April 18, 2018","device":"miniCam","message":"motion","location":"Exterior-FrontDoor","timestamp":"2018-04-18T17:22:18.279Z"}}
{"_index":"ifttt-2018-04-18","_type":"webhook","_id":"Wed Apr 18 2018 17:37:13 GMT+0000 (UTC)","_score":1,"_source":{"time":"April 18, 2018","device":"miniCam","message":"motion","location":"Exterior-FrontDoor","timestamp":"2018-04-18T17:37:13.871Z"}}
{"_index":"ifttt-2018-04-18","_type":"webhook","_id":"Wed Apr 18 2018 17:38:06 GMT+0000 (UTC)","_score":1,"_source":{"device":"FrontLock1","status":"Locked","user":"Manual Lock","timestamp":"2018-04-18T17:38:06.527Z"}}
{"_index":"ifttt-2018-04-18","_type":"webhook","_id":"Wed Apr 18 2018 17:43:18 GMT+0000 (UTC)","_score":1,"_source":{"device":"FrontLock1","status":"Locked","user":"Manual Lock","timestamp":"2018-04-18T17:43:18.653Z"}}
{"_index":"ifttt-2018-04-18","_type":"webhook","_id":"Wed Apr 18 2018 17:48:29 GMT+0000 (UTC)","_score":1,"_source":{"device":"FrontLock1","status":"Locked","user":"Manual Lock","timestamp":"2018-04-18T17:48:29.966Z"}}
{"_index":"ifttt-2018-04-18","_type":"webhook","_id":"Wed Apr 18 2018 17:47:12 GMT+0000 (UTC)","_score":1,"_source":{"device":"FrontLock1","status":"Unlocked","user":"Manny Kin","timestamp":"2018-04-18T17:47:12.794Z"}}
{"_index":"ifttt-2018-04-18","_type":"webhook","_id":"Wed Apr 18 2018 17:47:13 GMT+0000 (UTC)","_score":1,"_source":{"time":"April 18, 2018","device":"miniCam","message":"motion","location":"Exterior-FrontDoor","timestamp":"2018-04-18T17:47:13.665Z"}}
{"_index":"ifttt-2018-04-18","_type":"webhook","_id":"Wed Apr 18 2018 17:57:19 GMT+0000 (UTC)","_score":1,"_source":{"time":"April 18, 2018","device":"miniCam","message":"motion","location":"Exterior-FrontDoor","timestamp":"2018-04-18T17:57:19.831Z"}}
{"_index":"ifttt-2018-04-18","_type":"webhook","_id":"Wed Apr 18 2018 18:27:10 GMT+0000 (UTC)","_score":1,"_source":{"time":"April 18, 2018","device":"miniCam","message":"motion","location":"Exterior-FrontDoor","timestamp":"2018-04-18T18:27:10.767Z"}}
{"_index":"ifttt-2018-04-18","_type":"webhook","_id":"Wed Apr 18 2018 18:32:03 GMT+0000 (UTC)","_score":1,"_source":{"time":"April 18, 2018","device":"miniCam","message":"motion","location":"Exterior-FrontDoor","timestamp":"2018-04-18T18:32:03.462Z"}}
{"_index":"ifttt-2018-04-18","_type":"webhook","_id":"Wed Apr 18 2018 18:42:05 GMT+0000 (UTC)","_score":1,"_source":{"time":"April 18, 2018","device":"miniCam","message":"motion","location":"Exterior-FrontDoor","timestamp":"2018-04-18T18:42:05.917Z"}}
{"_index":"ifttt-2018-04-18","_type":"webhook","_id":"Wed Apr 18 2018 17:57:37 GMT+0000 (UTC)","_score":1,"_source":{"device":"FrontLock1","status":"Unlocked","user":"Manual Unlock","timestamp":"2018-04-18T17:57:37.389Z"}}
{"_index":"ifttt-2018-04-18","_type":"webhook","_id":"Wed Apr 18 2018 18:02:20 GMT+0000 (UTC)","_score":1,"_source":{"device":"FrontLock1","status":"Unlocked","user":"Manual Unlock","timestamp":"2018-04-18T18:02:20.483Z"}}
{"_index":"ifttt-2018-04-18","_type":"webhook","_id":"Wed Apr 18 2018 18:32:19 GMT+0000 (UTC)","_score":1,"_source":{"device":"FrontLock1","status":"Unlocked","user":"Manny Kin","timestamp":"2018-04-18T18:32:19.285Z"}}
{"_index":"ifttt-2018-04-18","_type":"webhook","_id":"Wed Apr 18 2018 17:58:35 GMT+0000 (UTC)","_score":1,"_source":{"device":"FrontLock1","status":"Locked","user":"Manual Lock","timestamp":"2018-04-18T17:58:35.873Z"}}
{"_index":"ifttt-2018-04-18","_type":"webhook","_id":"Wed Apr 18 2018 18:17:32 GMT+0000 (UTC)","_score":1,"_source":{"device":"FrontLock1","status":"Unlocked","user":"Manual Unlock","timestamp":"2018-04-18T18:17:32.797Z"}}
{"_index":"ifttt-2018-04-18","_type":"webhook","_id":"Wed Apr 18 2018 19:12:22 GMT+0000 (UTC)","_score":1,"_source":{"time":"April 18, 2018","device":"miniCam","message":"motion","location":"Exterior-FrontDoor","timestamp":"2018-04-18T19:12:22.322Z"}}
{"_index":"ifttt-2018-04-18","_type":"webhook","_id":"Wed Apr 18 2018 19:32:11 GMT+0000 (UTC)","_score":1,"_source":{"time":"April 18, 2018","device":"miniCam","message":"motion","location":"Exterior-FrontDoor","timestamp":"2018-04-18T19:32:11.446Z"}}
