{"_index":"ifttt-2018-03-26","_type":"webhook","_id":"Mon Mar 26 2018 16:26:11 GMT+0000 (UTC)","_score":1,"_source":{"device":"Room1Plug1","status":"Deactivated","timestamp":"2018-03-26T16:26:11.134Z"}}
{"_index":"ifttt-2018-03-26","_type":"webhook","_id":"Mon Mar 26 2018 15:24:13 GMT+0000 (UTC)","_score":1,"_source":{"device":"Room1Plug1","status":"Deactivated","timestamp":"2018-03-26T15:24:13.865Z"}}
{"_index":"ifttt-2018-03-26","_type":"webhook","_id":"Mon Mar 26 2018 17:37:13 GMT+0000 (UTC)","_score":1,"_source":{"device":"Room1Plug1","status":"Deactivated","timestamp":"2018-03-26T17:37:13.367Z"}}
{"_index":"ifttt-2018-03-26","_type":"webhook","_id":"Mon Mar 26 2018 18:52:04 GMT+0000 (UTC)","_score":1,"_source":{"device":"Room1Plug1","status":"Deactivated","timestamp":"2018-03-26T18:52:04.460Z"}}
{"_index":"ifttt-2018-03-26","_type":"webhook","_id":"Mon Mar 26 2018 19:52:16 GMT+0000 (UTC)","_score":1,"_source":{"device":"Room1Plug1","status":"Deactivated","timestamp":"2018-03-26T19:52:16.610Z"}}
{"_index":"ifttt-2018-03-26","_type":"webhook","_id":"Mon Mar 26 2018 19:53:08 GMT+0000 (UTC)","_score":1,"_source":{"device":"Room1Plug2","status":"Activated","time":" ","timestamp":"2018-03-26T19:53:08.797Z"}}
{"_index":"ifttt-2018-03-26","_type":"webhook","_id":"Mon Mar 26 2018 13:22:08 GMT+0000 (UTC)","_score":1,"_source":{"device":"Room1Plug1","status":"Deactivated","timestamp":"2018-03-26T13:22:08.159Z"}}
{"_index":"ifttt-2018-03-26","_type":"webhook","_id":"Mon Mar 26 2018 14:22:18 GMT+0000 (UTC)","_score":1,"_source":{"device":"Room1Plug1","status":"Deactivated","timestamp":"2018-03-26T14:22:18.453Z"}}
{"_index":"ifttt-2018-03-26","_type":"webhook","_id":"Mon Mar 26 2018 22:22:37 GMT+0000 (UTC)","_score":1,"_source":{"device":"Room1Plug1","status":"Deactivated","timestamp":"2018-03-26T22:22:37.739Z"}}
{"_index":"ifttt-2018-03-26","_type":"webhook","_id":"Mon Mar 26 2018 14:38:35 GMT+0000 (UTC)","_score":1,"_source":{"device":"Room1Plug2","status":"Activated","time":" ","timestamp":"2018-03-26T14:38:35.738Z"}}
{"_index":"ifttt-2018-03-26","_type":"webhook","_id":"Mon Mar 26 2018 21:07:17 GMT+0000 (UTC)","_score":1,"_source":{"device":"Room1Plug1","status":"Deactivated","timestamp":"2018-03-26T21:07:17.305Z"}}
{"_index":"ifttt-2018-03-26","_type":"webhook","_id":"Mon Mar 26 2018 23:37:26 GMT+0000 (UTC)","_score":1,"_source":{"device":"Room1Plug1","status":"Deactivated","timestamp":"2018-03-26T23:37:26.915Z"}}
