{"_index":"ifttt-2018-04-30","_type":"webhook","_id":"Mon Apr 30 2018 00:43:20 GMT+0000 (UTC)","_score":1,"_source":{"time":"April 30, 2018","device":"miniCam","message":"motion","location":"Exterior-FrontDoor","timestamp":"2018-04-30T00:43:20.304Z"}}
{"_index":"ifttt-2018-04-30","_type":"webhook","_id":"Mon Apr 30 2018 01:53:27 GMT+0000 (UTC)","_score":1,"_source":{"time":"April 30, 2018","device":"miniCam","message":"motion","location":"Exterior-FrontDoor","timestamp":"2018-04-30T01:53:27.472Z"}}
{"_index":"ifttt-2018-04-30","_type":"webhook","_id":"Mon Apr 30 2018 06:38:09 GMT+0000 (UTC)","_score":1,"_source":{"time":"April 30, 2018","device":"miniCam","message":"motion","location":"Exterior-FrontDoor","timestamp":"2018-04-30T06:38:09.820Z"}}
{"_index":"ifttt-2018-04-30","_type":"webhook","_id":"Mon Apr 30 2018 08:38:11 GMT+0000 (UTC)","_score":1,"_source":{"time":"April 30, 2018","device":"miniCam","message":"motion","location":"Exterior-FrontDoor","timestamp":"2018-04-30T08:38:11.619Z"}}
{"_index":"ifttt-2018-04-30","_type":"webhook","_id":"Mon Apr 30 2018 08:38:22 GMT+0000 (UTC)","_score":1,"_source":{"time":"April 30, 2018","device":"miniCam","message":"motion","location":"Exterior-FrontDoor","timestamp":"2018-04-30T08:38:22.014Z"}}
{"_index":"ifttt-2018-04-30","_type":"webhook","_id":"Mon Apr 30 2018 01:14:07 GMT+0000 (UTC)","_score":1,"_source":{"device":"Room1Plug1","message":"Activated","timestamp":"2018-04-30T01:14:07.042Z"}}
{"_index":"ifttt-2018-04-30","_type":"webhook","_id":"Mon Apr 30 2018 08:38:28 GMT+0000 (UTC)","_score":1,"_source":{"time":"April 30, 2018","device":"miniCam","message":"motion","location":"Exterior-FrontDoor","timestamp":"2018-04-30T08:38:28.470Z"}}
{"_index":"ifttt-2018-04-30","_type":"webhook","_id":"Mon Apr 30 2018 01:13:14 GMT+0000 (UTC)","_score":1,"_source":{"time":"April 30, 2018","device":"miniCam","message":"motion","location":"Exterior-FrontDoor","timestamp":"2018-04-30T01:13:14.674Z"}}
{"_index":"ifttt-2018-04-30","_type":"webhook","_id":"Mon Apr 30 2018 02:38:24 GMT+0000 (UTC)","_score":1,"_source":{"time":"April 30, 2018","device":"miniCam","message":"motion","location":"Exterior-FrontDoor","timestamp":"2018-04-30T02:38:24.608Z"}}
{"_index":"ifttt-2018-04-30","_type":"webhook","_id":"Mon Apr 30 2018 08:38:30 GMT+0000 (UTC)","_score":1,"_source":{"time":"April 30, 2018","device":"miniCam","message":"motion","location":"Exterior-FrontDoor","timestamp":"2018-04-30T08:38:30.682Z"}}
{"_index":"ifttt-2018-04-30","_type":"webhook","_id":"Mon Apr 30 2018 10:38:33 GMT+0000 (UTC)","_score":1,"_source":{"time":"April 30, 2018","device":"miniCam","message":"motion","location":"Exterior-FrontDoor","timestamp":"2018-04-30T10:38:33.462Z"}}
{"_index":"ifttt-2018-04-30","_type":"webhook","_id":"Mon Apr 30 2018 11:48:14 GMT+0000 (UTC)","_score":1,"_source":{"time":"April 30, 2018","device":"miniCam","message":"motion","location":"Exterior-FrontDoor","timestamp":"2018-04-30T11:48:14.846Z"}}
{"_index":"ifttt-2018-04-30","_type":"webhook","_id":"Mon Apr 30 2018 11:58:12 GMT+0000 (UTC)","_score":1,"_source":{"time":"April 30, 2018","device":"miniCam","message":"motion","location":"Exterior-FrontDoor","timestamp":"2018-04-30T11:58:12.318Z"}}
{"_index":"ifttt-2018-04-30","_type":"webhook","_id":"Mon Apr 30 2018 12:18:28 GMT+0000 (UTC)","_score":1,"_source":{"time":"April 30, 2018","device":"miniCam","message":"motion","location":"Exterior-FrontDoor","timestamp":"2018-04-30T12:18:28.937Z"}}
{"_index":"ifttt-2018-04-30","_type":"webhook","_id":"Mon Apr 30 2018 12:38:12 GMT+0000 (UTC)","_score":1,"_source":{"time":"April 30, 2018","device":"miniCam","message":"motion","location":"Exterior-FrontDoor","timestamp":"2018-04-30T12:38:12.659Z"}}
{"_index":"ifttt-2018-04-30","_type":"webhook","_id":"Mon Apr 30 2018 10:22:09 GMT+0000 (UTC)","_score":1,"_source":{"device":"Plug1","message":"Activated","time":" ","timestamp":"2018-04-30T10:22:09.010Z"}}
{"_index":"ifttt-2018-04-30","_type":"webhook","_id":"Mon Apr 30 2018 10:38:32 GMT+0000 (UTC)","_score":1,"_source":{"time":"April 30, 2018","device":"miniCam","message":"motion","location":"Exterior-FrontDoor","timestamp":"2018-04-30T10:38:32.980Z"}}
{"_index":"ifttt-2018-04-30","_type":"webhook","_id":"Mon Apr 30 2018 11:03:13 GMT+0000 (UTC)","_score":1,"_source":{"time":"April 30, 2018","device":"miniCam","message":"motion","location":"Exterior-FrontDoor","timestamp":"2018-04-30T11:03:13.540Z"}}
{"_index":"ifttt-2018-04-30","_type":"webhook","_id":"Mon Apr 30 2018 11:23:16 GMT+0000 (UTC)","_score":1,"_source":{"time":"April 30, 2018","device":"miniCam","message":"motion","location":"Exterior-FrontDoor","timestamp":"2018-04-30T11:23:16.642Z"}}
{"_index":"ifttt-2018-04-30","_type":"webhook","_id":"Mon Apr 30 2018 12:43:21 GMT+0000 (UTC)","_score":1,"_source":{"time":"April 30, 2018","device":"miniCam","message":"motion","location":"Exterior-FrontDoor","timestamp":"2018-04-30T12:43:21.966Z"}}
{"_index":"ifttt-2018-04-30","_type":"webhook","_id":"Mon Apr 30 2018 13:08:08 GMT+0000 (UTC)","_score":1,"_source":{"time":"April 30, 2018","device":"miniCam","message":"motion","location":"Exterior-FrontDoor","timestamp":"2018-04-30T13:08:08.581Z"}}
{"_index":"ifttt-2018-04-30","_type":"webhook","_id":"Mon Apr 30 2018 13:23:20 GMT+0000 (UTC)","_score":1,"_source":{"time":"April 30, 2018","device":"miniCam","message":"motion","location":"Exterior-FrontDoor","timestamp":"2018-04-30T13:23:20.869Z"}}
{"_index":"ifttt-2018-04-30","_type":"webhook","_id":"Mon Apr 30 2018 13:43:05 GMT+0000 (UTC)","_score":1,"_source":{"time":"April 30, 2018","device":"miniCam","message":"motion","location":"Exterior-FrontDoor","timestamp":"2018-04-30T13:43:05.847Z"}}
{"_index":"ifttt-2018-04-30","_type":"webhook","_id":"Mon Apr 30 2018 13:43:07 GMT+0000 (UTC)","_score":1,"_source":{"time":"April 30, 2018","device":"miniCam","message":"motion","location":"Exterior-FrontDoor","timestamp":"2018-04-30T13:43:07.486Z"}}
{"_index":"ifttt-2018-04-30","_type":"webhook","_id":"Mon Apr 30 2018 16:28:31 GMT+0000 (UTC)","_score":1,"_source":{"time":"April 30, 2018","device":"miniCam","message":"motion","location":"Exterior-FrontDoor","timestamp":"2018-04-30T16:28:31.815Z"}}
{"_index":"ifttt-2018-04-30","_type":"webhook","_id":"Mon Apr 30 2018 16:34:51 GMT+0000 (UTC)","_score":1,"_source":{"device":"Room1Plug1","message":"Activated","timestamp":"2018-04-30T16:34:51.055Z"}}
{"_index":"ifttt-2018-04-30","_type":"webhook","_id":"Mon Apr 30 2018 14:31:10 GMT+0000 (UTC)","_score":1,"_source":{"device":"Room1Lamp","message":"Activated","timestamp":"2018-04-30T14:31:10.856Z"}}
{"_index":"ifttt-2018-04-30","_type":"webhook","_id":"Mon Apr 30 2018 15:28:16 GMT+0000 (UTC)","_score":1,"_source":{"device":"FrontLock1","status":"Locked","user":"Manual Lock","timestamp":"2018-04-30T15:28:16.583Z"}}
{"_index":"ifttt-2018-04-30","_type":"webhook","_id":"Mon Apr 30 2018 18:33:48 GMT+0000 (UTC)","_score":1,"_source":{"time":"April 30, 2018","device":"miniCam","message":"motion","location":"Exterior-FrontDoor","timestamp":"2018-04-30T18:33:48.641Z"}}
{"_index":"ifttt-2018-04-30","_type":"webhook","_id":"Mon Apr 30 2018 18:33:49 GMT+0000 (UTC)","_score":1,"_source":{"time":"April 30, 2018","device":"miniCam","message":"motion","location":"Exterior-FrontDoor","timestamp":"2018-04-30T18:33:49.169Z"}}
{"_index":"ifttt-2018-04-30","_type":"webhook","_id":"Mon Apr 30 2018 18:19:03 GMT+0000 (UTC)","_score":1,"_source":{"time":"April 30, 2018","device":"miniCam","message":"motion","location":"Exterior-FrontDoor","timestamp":"2018-04-30T18:19:03.416Z"}}
{"_index":"ifttt-2018-04-30","_type":"webhook","_id":"Mon Apr 30 2018 18:53:20 GMT+0000 (UTC)","_score":1,"_source":{"time":"April 30, 2018","device":"miniCam","message":"motion","location":"Exterior-FrontDoor","timestamp":"2018-04-30T18:53:20.995Z"}}
{"_index":"ifttt-2018-04-30","_type":"webhook","_id":"Mon Apr 30 2018 19:38:22 GMT+0000 (UTC)","_score":1,"_source":{"time":"April 30, 2018","device":"miniCam","message":"motion","location":"Exterior-FrontDoor","timestamp":"2018-04-30T19:38:22.750Z"}}
{"_index":"ifttt-2018-04-30","_type":"webhook","_id":"Mon Apr 30 2018 20:53:24 GMT+0000 (UTC)","_score":1,"_source":{"time":"April 30, 2018","device":"miniCam","message":"motion","location":"Exterior-FrontDoor","timestamp":"2018-04-30T20:53:24.799Z"}}
{"_index":"ifttt-2018-04-30","_type":"webhook","_id":"Mon Apr 30 2018 21:08:18 GMT+0000 (UTC)","_score":1,"_source":{"time":"April 30, 2018","device":"miniCam","message":"motion","location":"Exterior-FrontDoor","timestamp":"2018-04-30T21:08:18.030Z"}}
{"_index":"ifttt-2018-04-30","_type":"webhook","_id":"Mon Apr 30 2018 17:18:15 GMT+0000 (UTC)","_score":1,"_source":{"time":"April 30, 2018","device":"miniCam","message":"motion","location":"Exterior-FrontDoor","timestamp":"2018-04-30T17:18:15.620Z"}}
{"_index":"ifttt-2018-04-30","_type":"webhook","_id":"Mon Apr 30 2018 17:23:25 GMT+0000 (UTC)","_score":1,"_source":{"time":"April 30, 2018","device":"miniCam","message":"motion","location":"Exterior-FrontDoor","timestamp":"2018-04-30T17:23:25.670Z"}}
{"_index":"ifttt-2018-04-30","_type":"webhook","_id":"Mon Apr 30 2018 20:39:12 GMT+0000 (UTC)","_score":1,"_source":{"device":"Room1Plug1","message":"Activated","timestamp":"2018-04-30T20:39:12.944Z"}}
{"_index":"ifttt-2018-04-30","_type":"webhook","_id":"Mon Apr 30 2018 22:39:36 GMT+0000 (UTC)","_score":1,"_source":{"device":"Room1Plug1","message":"Activated","timestamp":"2018-04-30T22:39:36.171Z"}}
{"_index":"ifttt-2018-04-30","_type":"webhook","_id":"Mon Apr 30 2018 00:13:20 GMT+0000 (UTC)","_score":1,"_source":{"time":"April 30, 2018","device":"miniCam","message":"motion","location":"Exterior-FrontDoor","timestamp":"2018-04-30T00:13:20.129Z"}}
{"_index":"ifttt-2018-04-30","_type":"webhook","_id":"Mon Apr 30 2018 00:13:22 GMT+0000 (UTC)","_score":1,"_source":{"time":"April 30, 2018","device":"miniCam","message":"motion","location":"Exterior-FrontDoor","timestamp":"2018-04-30T00:13:22.839Z"}}
{"_index":"ifttt-2018-04-30","_type":"webhook","_id":"Mon Apr 30 2018 00:43:19 GMT+0000 (UTC)","_score":1,"_source":{"time":"April 30, 2018","device":"miniCam","message":"motion","location":"Exterior-FrontDoor","timestamp":"2018-04-30T00:43:19.785Z"}}
{"_index":"ifttt-2018-04-30","_type":"webhook","_id":"Mon Apr 30 2018 02:38:26 GMT+0000 (UTC)","_score":1,"_source":{"time":"April 30, 2018","device":"miniCam","message":"motion","location":"Exterior-FrontDoor","timestamp":"2018-04-30T02:38:26.087Z"}}
{"_index":"ifttt-2018-04-30","_type":"webhook","_id":"Mon Apr 30 2018 04:38:25 GMT+0000 (UTC)","_score":1,"_source":{"time":"April 30, 2018","device":"miniCam","message":"motion","location":"Exterior-FrontDoor","timestamp":"2018-04-30T04:38:25.415Z"}}
{"_index":"ifttt-2018-04-30","_type":"webhook","_id":"Mon Apr 30 2018 06:38:07 GMT+0000 (UTC)","_score":1,"_source":{"time":"April 30, 2018","device":"miniCam","message":"motion","location":"Exterior-FrontDoor","timestamp":"2018-04-30T06:38:07.558Z"}}
{"_index":"ifttt-2018-04-30","_type":"webhook","_id":"Mon Apr 30 2018 02:38:23 GMT+0000 (UTC)","_score":1,"_source":{"time":"April 30, 2018","device":"miniCam","message":"motion","location":"Exterior-FrontDoor","timestamp":"2018-04-30T02:38:23.665Z"}}
{"_index":"ifttt-2018-04-30","_type":"webhook","_id":"Mon Apr 30 2018 04:38:16 GMT+0000 (UTC)","_score":1,"_source":{"time":"April 30, 2018","device":"miniCam","message":"motion","location":"Exterior-FrontDoor","timestamp":"2018-04-30T04:38:16.701Z"}}
{"_index":"ifttt-2018-04-30","_type":"webhook","_id":"Mon Apr 30 2018 04:38:30 GMT+0000 (UTC)","_score":1,"_source":{"time":"April 30, 2018","device":"miniCam","message":"motion","location":"Exterior-FrontDoor","timestamp":"2018-04-30T04:38:30.862Z"}}
{"_index":"ifttt-2018-04-30","_type":"webhook","_id":"Mon Apr 30 2018 06:38:10 GMT+0000 (UTC)","_score":1,"_source":{"time":"April 30, 2018","device":"miniCam","message":"motion","location":"Exterior-FrontDoor","timestamp":"2018-04-30T06:38:10.778Z"}}
{"_index":"ifttt-2018-04-30","_type":"webhook","_id":"Mon Apr 30 2018 06:38:17 GMT+0000 (UTC)","_score":1,"_source":{"time":"April 30, 2018","device":"miniCam","message":"motion","location":"Exterior-FrontDoor","timestamp":"2018-04-30T06:38:17.842Z"}}
{"_index":"ifttt-2018-04-30","_type":"webhook","_id":"Mon Apr 30 2018 08:38:14 GMT+0000 (UTC)","_score":1,"_source":{"time":"April 30, 2018","device":"miniCam","message":"motion","location":"Exterior-FrontDoor","timestamp":"2018-04-30T08:38:14.892Z"}}
{"_index":"ifttt-2018-04-30","_type":"webhook","_id":"Mon Apr 30 2018 10:38:24 GMT+0000 (UTC)","_score":1,"_source":{"time":"April 30, 2018","device":"miniCam","message":"motion","location":"Exterior-FrontDoor","timestamp":"2018-04-30T10:38:24.511Z"}}
{"_index":"ifttt-2018-04-30","_type":"webhook","_id":"Mon Apr 30 2018 10:38:28 GMT+0000 (UTC)","_score":1,"_source":{"time":"April 30, 2018","device":"miniCam","message":"motion","location":"Exterior-FrontDoor","timestamp":"2018-04-30T10:38:28.876Z"}}
{"_index":"ifttt-2018-04-30","_type":"webhook","_id":"Mon Apr 30 2018 11:58:11 GMT+0000 (UTC)","_score":1,"_source":{"time":"April 30, 2018","device":"miniCam","message":"motion","location":"Exterior-FrontDoor","timestamp":"2018-04-30T11:58:11.886Z"}}
{"_index":"ifttt-2018-04-30","_type":"webhook","_id":"Mon Apr 30 2018 12:18:29 GMT+0000 (UTC)","_score":1,"_source":{"time":"April 30, 2018","device":"miniCam","message":"motion","location":"Exterior-FrontDoor","timestamp":"2018-04-30T12:18:29.612Z"}}
{"_index":"ifttt-2018-04-30","_type":"webhook","_id":"Mon Apr 30 2018 09:25:10 GMT+0000 (UTC)","_score":1,"_source":{"device":"Room1Lamp","message":"Activated","timestamp":"2018-04-30T09:25:10.118Z"}}
{"_index":"ifttt-2018-04-30","_type":"webhook","_id":"Mon Apr 30 2018 10:38:25 GMT+0000 (UTC)","_score":1,"_source":{"time":"April 30, 2018","device":"miniCam","message":"motion","location":"Exterior-FrontDoor","timestamp":"2018-04-30T10:38:25.621Z"}}
{"_index":"ifttt-2018-04-30","_type":"webhook","_id":"Mon Apr 30 2018 15:58:20 GMT+0000 (UTC)","_score":1,"_source":{"time":"April 30, 2018","device":"miniCam","message":"motion","location":"Exterior-FrontDoor","timestamp":"2018-04-30T15:58:20.341Z"}}
{"_index":"ifttt-2018-04-30","_type":"webhook","_id":"Mon Apr 30 2018 16:03:47 GMT+0000 (UTC)","_score":1,"_source":{"time":"April 30, 2018","device":"miniCam","message":"motion","location":"Exterior-FrontDoor","timestamp":"2018-04-30T16:03:47.187Z"}}
{"_index":"ifttt-2018-04-30","_type":"webhook","_id":"Mon Apr 30 2018 13:08:07 GMT+0000 (UTC)","_score":1,"_source":{"time":"April 30, 2018","device":"miniCam","message":"motion","location":"Exterior-FrontDoor","timestamp":"2018-04-30T13:08:07.783Z"}}
{"_index":"ifttt-2018-04-30","_type":"webhook","_id":"Mon Apr 30 2018 13:08:10 GMT+0000 (UTC)","_score":1,"_source":{"time":"April 30, 2018","device":"miniCam","message":"motion","location":"Exterior-FrontDoor","timestamp":"2018-04-30T13:08:10.653Z"}}
{"_index":"ifttt-2018-04-30","_type":"webhook","_id":"Mon Apr 30 2018 13:23:21 GMT+0000 (UTC)","_score":1,"_source":{"time":"April 30, 2018","device":"miniCam","message":"motion","location":"Exterior-FrontDoor","timestamp":"2018-04-30T13:23:21.424Z"}}
{"_index":"ifttt-2018-04-30","_type":"webhook","_id":"Mon Apr 30 2018 13:48:10 GMT+0000 (UTC)","_score":1,"_source":{"time":"April 30, 2018","device":"miniCam","message":"motion","location":"Exterior-FrontDoor","timestamp":"2018-04-30T13:48:10.481Z"}}
{"_index":"ifttt-2018-04-30","_type":"webhook","_id":"Mon Apr 30 2018 15:08:32 GMT+0000 (UTC)","_score":1,"_source":{"time":"April 30, 2018","device":"miniCam","message":"motion","location":"Exterior-FrontDoor","timestamp":"2018-04-30T15:08:32.595Z"}}
{"_index":"ifttt-2018-04-30","_type":"webhook","_id":"Mon Apr 30 2018 15:28:14 GMT+0000 (UTC)","_score":1,"_source":{"device":"FrontLock1","status":"Locked","user":"Manual Lock","timestamp":"2018-04-30T15:28:14.923Z"}}
{"_index":"ifttt-2018-04-30","_type":"webhook","_id":"Mon Apr 30 2018 12:38:13 GMT+0000 (UTC)","_score":1,"_source":{"time":"April 30, 2018","device":"miniCam","message":"motion","location":"Exterior-FrontDoor","timestamp":"2018-04-30T12:38:13.957Z"}}
{"_index":"ifttt-2018-04-30","_type":"webhook","_id":"Mon Apr 30 2018 16:18:28 GMT+0000 (UTC)","_score":1,"_source":{"time":"April 30, 2018","device":"miniCam","message":"motion","location":"Exterior-FrontDoor","timestamp":"2018-04-30T16:18:28.152Z"}}
{"_index":"ifttt-2018-04-30","_type":"webhook","_id":"Mon Apr 30 2018 16:28:32 GMT+0000 (UTC)","_score":1,"_source":{"time":"April 30, 2018","device":"miniCam","message":"motion","location":"Exterior-FrontDoor","timestamp":"2018-04-30T16:28:32.458Z"}}
{"_index":"ifttt-2018-04-30","_type":"webhook","_id":"Mon Apr 30 2018 17:23:26 GMT+0000 (UTC)","_score":1,"_source":{"time":"April 30, 2018","device":"miniCam","message":"motion","location":"Exterior-FrontDoor","timestamp":"2018-04-30T17:23:26.324Z"}}
{"_index":"ifttt-2018-04-30","_type":"webhook","_id":"Mon Apr 30 2018 17:28:34 GMT+0000 (UTC)","_score":1,"_source":{"time":"April 30, 2018","device":"miniCam","message":"motion","location":"Exterior-FrontDoor","timestamp":"2018-04-30T17:28:34.180Z"}}
{"_index":"ifttt-2018-04-30","_type":"webhook","_id":"Mon Apr 30 2018 17:38:09 GMT+0000 (UTC)","_score":1,"_source":{"time":"April 30, 2018","device":"miniCam","message":"motion","location":"Exterior-FrontDoor","timestamp":"2018-04-30T17:38:09.930Z"}}
{"_index":"ifttt-2018-04-30","_type":"webhook","_id":"Mon Apr 30 2018 17:48:35 GMT+0000 (UTC)","_score":1,"_source":{"time":"April 30, 2018","device":"miniCam","message":"motion","location":"Exterior-FrontDoor","timestamp":"2018-04-30T17:48:35.809Z"}}
{"_index":"ifttt-2018-04-30","_type":"webhook","_id":"Mon Apr 30 2018 18:13:06 GMT+0000 (UTC)","_score":1,"_source":{"time":"April 30, 2018","device":"miniCam","message":"motion","location":"Exterior-FrontDoor","timestamp":"2018-04-30T18:13:06.913Z"}}
{"_index":"ifttt-2018-04-30","_type":"webhook","_id":"Mon Apr 30 2018 17:34:20 GMT+0000 (UTC)","_score":1,"_source":{"device":"Room1Plug1","message":"Activated","timestamp":"2018-04-30T17:34:20.734Z"}}
{"_index":"ifttt-2018-04-30","_type":"webhook","_id":"Mon Apr 30 2018 18:34:36 GMT+0000 (UTC)","_score":1,"_source":{"device":"Room1Plug1","message":"Activated","timestamp":"2018-04-30T18:34:36.214Z"}}
{"_index":"ifttt-2018-04-30","_type":"webhook","_id":"Mon Apr 30 2018 19:04:11 GMT+0000 (UTC)","_score":1,"_source":{"time":"April 30, 2018","device":"miniCam","message":"motion","location":"Exterior-FrontDoor","timestamp":"2018-04-30T19:04:11.580Z"}}
{"_index":"ifttt-2018-04-30","_type":"webhook","_id":"Mon Apr 30 2018 19:08:10 GMT+0000 (UTC)","_score":1,"_source":{"time":"April 30, 2018","device":"miniCam","message":"motion","location":"Exterior-FrontDoor","timestamp":"2018-04-30T19:08:10.877Z"}}
{"_index":"ifttt-2018-04-30","_type":"webhook","_id":"Mon Apr 30 2018 19:13:08 GMT+0000 (UTC)","_score":1,"_source":{"time":"April 30, 2018","device":"miniCam","message":"motion","location":"Exterior-FrontDoor","timestamp":"2018-04-30T19:13:08.204Z"}}
{"_index":"ifttt-2018-04-30","_type":"webhook","_id":"Mon Apr 30 2018 19:48:47 GMT+0000 (UTC)","_score":1,"_source":{"time":"April 30, 2018","device":"miniCam","message":"motion","location":"Exterior-FrontDoor","timestamp":"2018-04-30T19:48:47.075Z"}}
{"_index":"ifttt-2018-04-30","_type":"webhook","_id":"Mon Apr 30 2018 20:33:50 GMT+0000 (UTC)","_score":1,"_source":{"time":"April 30, 2018","device":"miniCam","message":"motion","location":"Exterior-FrontDoor","timestamp":"2018-04-30T20:33:50.779Z"}}
{"_index":"ifttt-2018-04-30","_type":"webhook","_id":"Mon Apr 30 2018 20:43:22 GMT+0000 (UTC)","_score":1,"_source":{"time":"April 30, 2018","device":"miniCam","message":"motion","location":"Exterior-FrontDoor","timestamp":"2018-04-30T20:43:22.836Z"}}
{"_index":"ifttt-2018-04-30","_type":"webhook","_id":"Mon Apr 30 2018 20:58:16 GMT+0000 (UTC)","_score":1,"_source":{"time":"April 30, 2018","device":"miniCam","message":"motion","location":"Exterior-FrontDoor","timestamp":"2018-04-30T20:58:16.513Z"}}
{"_index":"ifttt-2018-04-30","_type":"webhook","_id":"Mon Apr 30 2018 21:18:47 GMT+0000 (UTC)","_score":1,"_source":{"time":"April 30, 2018","device":"miniCam","message":"motion","location":"Exterior-FrontDoor","timestamp":"2018-04-30T21:18:47.542Z"}}
{"_index":"ifttt-2018-04-30","_type":"webhook","_id":"Mon Apr 30 2018 00:13:21 GMT+0000 (UTC)","_score":1,"_source":{"time":"April 30, 2018","device":"miniCam","message":"motion","location":"Exterior-FrontDoor","timestamp":"2018-04-30T00:13:21.706Z"}}
{"_index":"ifttt-2018-04-30","_type":"webhook","_id":"Mon Apr 30 2018 01:23:05 GMT+0000 (UTC)","_score":1,"_source":{"time":"April 30, 2018","device":"miniCam","message":"motion","location":"Exterior-FrontDoor","timestamp":"2018-04-30T01:23:05.852Z"}}
{"_index":"ifttt-2018-04-30","_type":"webhook","_id":"Mon Apr 30 2018 02:38:21 GMT+0000 (UTC)","_score":1,"_source":{"time":"April 30, 2018","device":"miniCam","message":"motion","location":"Exterior-FrontDoor","timestamp":"2018-04-30T02:38:21.712Z"}}
{"_index":"ifttt-2018-04-30","_type":"webhook","_id":"Mon Apr 30 2018 04:38:14 GMT+0000 (UTC)","_score":1,"_source":{"time":"April 30, 2018","device":"miniCam","message":"motion","location":"Exterior-FrontDoor","timestamp":"2018-04-30T04:38:14.600Z"}}
{"_index":"ifttt-2018-04-30","_type":"webhook","_id":"Mon Apr 30 2018 04:38:24 GMT+0000 (UTC)","_score":1,"_source":{"time":"April 30, 2018","device":"miniCam","message":"motion","location":"Exterior-FrontDoor","timestamp":"2018-04-30T04:38:24.670Z"}}
{"_index":"ifttt-2018-04-30","_type":"webhook","_id":"Mon Apr 30 2018 04:38:27 GMT+0000 (UTC)","_score":1,"_source":{"time":"April 30, 2018","device":"miniCam","message":"motion","location":"Exterior-FrontDoor","timestamp":"2018-04-30T04:38:27.679Z"}}
{"_index":"ifttt-2018-04-30","_type":"webhook","_id":"Mon Apr 30 2018 02:14:16 GMT+0000 (UTC)","_score":1,"_source":{"device":"Room1Plug1","message":"Activated","timestamp":"2018-04-30T02:14:16.809Z"}}
{"_index":"ifttt-2018-04-30","_type":"webhook","_id":"Mon Apr 30 2018 02:38:25 GMT+0000 (UTC)","_score":1,"_source":{"time":"April 30, 2018","device":"miniCam","message":"motion","location":"Exterior-FrontDoor","timestamp":"2018-04-30T02:38:25.597Z"}}
{"_index":"ifttt-2018-04-30","_type":"webhook","_id":"Mon Apr 30 2018 04:38:26 GMT+0000 (UTC)","_score":1,"_source":{"time":"April 30, 2018","device":"miniCam","message":"motion","location":"Exterior-FrontDoor","timestamp":"2018-04-30T04:38:26.570Z"}}
{"_index":"ifttt-2018-04-30","_type":"webhook","_id":"Mon Apr 30 2018 04:38:33 GMT+0000 (UTC)","_score":1,"_source":{"time":"April 30, 2018","device":"miniCam","message":"motion","location":"Exterior-FrontDoor","timestamp":"2018-04-30T04:38:33.682Z"}}
{"_index":"ifttt-2018-04-30","_type":"webhook","_id":"Mon Apr 30 2018 06:38:08 GMT+0000 (UTC)","_score":1,"_source":{"time":"April 30, 2018","device":"miniCam","message":"motion","location":"Exterior-FrontDoor","timestamp":"2018-04-30T06:38:08.957Z"}}
{"_index":"ifttt-2018-04-30","_type":"webhook","_id":"Mon Apr 30 2018 08:38:18 GMT+0000 (UTC)","_score":1,"_source":{"time":"April 30, 2018","device":"miniCam","message":"motion","location":"Exterior-FrontDoor","timestamp":"2018-04-30T08:38:18.060Z"}}
{"_index":"ifttt-2018-04-30","_type":"webhook","_id":"Mon Apr 30 2018 10:25:14 GMT+0000 (UTC)","_score":1,"_source":{"device":"Room1Lamp","message":"Activated","timestamp":"2018-04-30T10:25:14.779Z"}}
{"_index":"ifttt-2018-04-30","_type":"webhook","_id":"Mon Apr 30 2018 06:38:14 GMT+0000 (UTC)","_score":1,"_source":{"time":"April 30, 2018","device":"miniCam","message":"motion","location":"Exterior-FrontDoor","timestamp":"2018-04-30T06:38:14.601Z"}}
{"_index":"ifttt-2018-04-30","_type":"webhook","_id":"Mon Apr 30 2018 06:38:15 GMT+0000 (UTC)","_score":1,"_source":{"time":"April 30, 2018","device":"miniCam","message":"motion","location":"Exterior-FrontDoor","timestamp":"2018-04-30T06:38:15.496Z"}}
{"_index":"ifttt-2018-04-30","_type":"webhook","_id":"Mon Apr 30 2018 06:38:12 GMT+0000 (UTC)","_score":1,"_source":{"time":"April 30, 2018","device":"miniCam","message":"motion","location":"Exterior-FrontDoor","timestamp":"2018-04-30T06:38:12.816Z"}}
{"_index":"ifttt-2018-04-30","_type":"webhook","_id":"Mon Apr 30 2018 06:38:13 GMT+0000 (UTC)","_score":1,"_source":{"time":"April 30, 2018","device":"miniCam","message":"motion","location":"Exterior-FrontDoor","timestamp":"2018-04-30T06:38:13.683Z"}}
{"_index":"ifttt-2018-04-30","_type":"webhook","_id":"Mon Apr 30 2018 08:38:12 GMT+0000 (UTC)","_score":1,"_source":{"time":"April 30, 2018","device":"miniCam","message":"motion","location":"Exterior-FrontDoor","timestamp":"2018-04-30T08:38:12.691Z"}}
{"_index":"ifttt-2018-04-30","_type":"webhook","_id":"Mon Apr 30 2018 08:38:13 GMT+0000 (UTC)","_score":1,"_source":{"time":"April 30, 2018","device":"miniCam","message":"motion","location":"Exterior-FrontDoor","timestamp":"2018-04-30T08:38:13.627Z"}}
{"_index":"ifttt-2018-04-30","_type":"webhook","_id":"Mon Apr 30 2018 10:38:29 GMT+0000 (UTC)","_score":1,"_source":{"time":"April 30, 2018","device":"miniCam","message":"motion","location":"Exterior-FrontDoor","timestamp":"2018-04-30T10:38:29.679Z"}}
{"_index":"ifttt-2018-04-30","_type":"webhook","_id":"Mon Apr 30 2018 11:03:12 GMT+0000 (UTC)","_score":1,"_source":{"time":"April 30, 2018","device":"miniCam","message":"motion","location":"Exterior-FrontDoor","timestamp":"2018-04-30T11:03:12.336Z"}}
{"_index":"ifttt-2018-04-30","_type":"webhook","_id":"Mon Apr 30 2018 11:23:15 GMT+0000 (UTC)","_score":1,"_source":{"time":"April 30, 2018","device":"miniCam","message":"motion","location":"Exterior-FrontDoor","timestamp":"2018-04-30T11:23:15.429Z"}}
{"_index":"ifttt-2018-04-30","_type":"webhook","_id":"Mon Apr 30 2018 11:38:21 GMT+0000 (UTC)","_score":1,"_source":{"time":"April 30, 2018","device":"miniCam","message":"motion","location":"Exterior-FrontDoor","timestamp":"2018-04-30T11:38:21.616Z"}}
{"_index":"ifttt-2018-04-30","_type":"webhook","_id":"Mon Apr 30 2018 11:48:15 GMT+0000 (UTC)","_score":1,"_source":{"time":"April 30, 2018","device":"miniCam","message":"motion","location":"Exterior-FrontDoor","timestamp":"2018-04-30T11:48:15.627Z"}}
{"_index":"ifttt-2018-04-30","_type":"webhook","_id":"Mon Apr 30 2018 11:48:16 GMT+0000 (UTC)","_score":1,"_source":{"time":"April 30, 2018","device":"miniCam","message":"motion","location":"Exterior-FrontDoor","timestamp":"2018-04-30T11:48:16.063Z"}}
{"_index":"ifttt-2018-04-30","_type":"webhook","_id":"Mon Apr 30 2018 12:23:17 GMT+0000 (UTC)","_score":1,"_source":{"time":"April 30, 2018","device":"miniCam","message":"motion","location":"Exterior-FrontDoor","timestamp":"2018-04-30T12:23:17.604Z"}}
{"_index":"ifttt-2018-04-30","_type":"webhook","_id":"Mon Apr 30 2018 12:18:30 GMT+0000 (UTC)","_score":1,"_source":{"time":"April 30, 2018","device":"miniCam","message":"motion","location":"Exterior-FrontDoor","timestamp":"2018-04-30T12:18:30.657Z"}}
{"_index":"ifttt-2018-04-30","_type":"webhook","_id":"Mon Apr 30 2018 12:18:31 GMT+0000 (UTC)","_score":1,"_source":{"time":"April 30, 2018","device":"miniCam","message":"motion","location":"Exterior-FrontDoor","timestamp":"2018-04-30T12:18:31.700Z"}}
{"_index":"ifttt-2018-04-30","_type":"webhook","_id":"Mon Apr 30 2018 12:53:08 GMT+0000 (UTC)","_score":1,"_source":{"time":"April 30, 2018","device":"miniCam","message":"motion","location":"Exterior-FrontDoor","timestamp":"2018-04-30T12:53:08.575Z"}}
{"_index":"ifttt-2018-04-30","_type":"webhook","_id":"Mon Apr 30 2018 13:08:11 GMT+0000 (UTC)","_score":1,"_source":{"time":"April 30, 2018","device":"miniCam","message":"motion","location":"Exterior-FrontDoor","timestamp":"2018-04-30T13:08:11.631Z"}}
{"_index":"ifttt-2018-04-30","_type":"webhook","_id":"Mon Apr 30 2018 13:13:06 GMT+0000 (UTC)","_score":1,"_source":{"time":"April 30, 2018","device":"miniCam","message":"motion","location":"Exterior-FrontDoor","timestamp":"2018-04-30T13:13:06.461Z"}}
{"_index":"ifttt-2018-04-30","_type":"webhook","_id":"Mon Apr 30 2018 12:43:23 GMT+0000 (UTC)","_score":1,"_source":{"time":"April 30, 2018","device":"miniCam","message":"motion","location":"Exterior-FrontDoor","timestamp":"2018-04-30T12:43:23.348Z"}}
{"_index":"ifttt-2018-04-30","_type":"webhook","_id":"Mon Apr 30 2018 13:27:26 GMT+0000 (UTC)","_score":1,"_source":{"device":"Plug1","message":"Activated","time":" ","timestamp":"2018-04-30T13:27:26.772Z"}}
{"_index":"ifttt-2018-04-30","_type":"webhook","_id":"Mon Apr 30 2018 12:53:07 GMT+0000 (UTC)","_score":1,"_source":{"time":"April 30, 2018","device":"miniCam","message":"motion","location":"Exterior-FrontDoor","timestamp":"2018-04-30T12:53:07.419Z"}}
{"_index":"ifttt-2018-04-30","_type":"webhook","_id":"Mon Apr 30 2018 12:48:07 GMT+0000 (UTC)","_score":1,"_source":{"time":"April 30, 2018","device":"miniCam","message":"motion","location":"Exterior-FrontDoor","timestamp":"2018-04-30T12:48:07.773Z"}}
{"_index":"ifttt-2018-04-30","_type":"webhook","_id":"Mon Apr 30 2018 13:18:16 GMT+0000 (UTC)","_score":1,"_source":{"time":"April 30, 2018","device":"miniCam","message":"motion","location":"Exterior-FrontDoor","timestamp":"2018-04-30T13:18:16.992Z"}}
{"_index":"ifttt-2018-04-30","_type":"webhook","_id":"Mon Apr 30 2018 13:28:25 GMT+0000 (UTC)","_score":1,"_source":{"time":"April 30, 2018","device":"miniCam","message":"motion","location":"Exterior-FrontDoor","timestamp":"2018-04-30T13:28:25.557Z"}}
{"_index":"ifttt-2018-04-30","_type":"webhook","_id":"Mon Apr 30 2018 13:33:28 GMT+0000 (UTC)","_score":1,"_source":{"time":"April 30, 2018","device":"miniCam","message":"motion","location":"Exterior-FrontDoor","timestamp":"2018-04-30T13:33:28.857Z"}}
{"_index":"ifttt-2018-04-30","_type":"webhook","_id":"Mon Apr 30 2018 13:33:29 GMT+0000 (UTC)","_score":1,"_source":{"time":"April 30, 2018","device":"miniCam","message":"motion","location":"Exterior-FrontDoor","timestamp":"2018-04-30T13:33:29.595Z"}}
{"_index":"ifttt-2018-04-30","_type":"webhook","_id":"Mon Apr 30 2018 13:38:23 GMT+0000 (UTC)","_score":1,"_source":{"time":"April 30, 2018","device":"miniCam","message":"motion","location":"Exterior-FrontDoor","timestamp":"2018-04-30T13:38:23.980Z"}}
{"_index":"ifttt-2018-04-30","_type":"webhook","_id":"Mon Apr 30 2018 13:38:24 GMT+0000 (UTC)","_score":1,"_source":{"time":"April 30, 2018","device":"miniCam","message":"motion","location":"Exterior-FrontDoor","timestamp":"2018-04-30T13:38:24.583Z"}}
{"_index":"ifttt-2018-04-30","_type":"webhook","_id":"Mon Apr 30 2018 14:11:14 GMT+0000 (UTC)","_score":1,"_source":{"device":"FrontLock1","status":"Unlocked","user":"Manual Unlock","timestamp":"2018-04-30T14:11:14.747Z"}}
{"_index":"ifttt-2018-04-30","_type":"webhook","_id":"Mon Apr 30 2018 14:11:17 GMT+0000 (UTC)","_score":1,"_source":{"device":"FrontLock1","status":"Unlocked","user":"Manual Unlock","timestamp":"2018-04-30T14:11:17.268Z"}}
{"_index":"ifttt-2018-04-30","_type":"webhook","_id":"Mon Apr 30 2018 13:28:26 GMT+0000 (UTC)","_score":1,"_source":{"time":"April 30, 2018","device":"miniCam","message":"motion","location":"Exterior-FrontDoor","timestamp":"2018-04-30T13:28:26.554Z"}}
{"_index":"ifttt-2018-04-30","_type":"webhook","_id":"Mon Apr 30 2018 13:33:30 GMT+0000 (UTC)","_score":1,"_source":{"time":"April 30, 2018","device":"miniCam","message":"motion","location":"Exterior-FrontDoor","timestamp":"2018-04-30T13:33:30.673Z"}}
{"_index":"ifttt-2018-04-30","_type":"webhook","_id":"Mon Apr 30 2018 15:28:15 GMT+0000 (UTC)","_score":1,"_source":{"device":"FrontLock1","status":"Locked","user":"Manual Lock","timestamp":"2018-04-30T15:28:15.784Z"}}
{"_index":"ifttt-2018-04-30","_type":"webhook","_id":"Mon Apr 30 2018 16:08:06 GMT+0000 (UTC)","_score":1,"_source":{"time":"April 30, 2018","device":"miniCam","message":"motion","location":"Exterior-FrontDoor","timestamp":"2018-04-30T16:08:06.999Z"}}
{"_index":"ifttt-2018-04-30","_type":"webhook","_id":"Mon Apr 30 2018 17:08:17 GMT+0000 (UTC)","_score":1,"_source":{"time":"April 30, 2018","device":"miniCam","message":"motion","location":"Exterior-FrontDoor","timestamp":"2018-04-30T17:08:17.391Z"}}
{"_index":"ifttt-2018-04-30","_type":"webhook","_id":"Mon Apr 30 2018 17:13:05 GMT+0000 (UTC)","_score":1,"_source":{"time":"April 30, 2018","device":"miniCam","message":"motion","location":"Exterior-FrontDoor","timestamp":"2018-04-30T17:13:05.958Z"}}
{"_index":"ifttt-2018-04-30","_type":"webhook","_id":"Mon Apr 30 2018 17:43:07 GMT+0000 (UTC)","_score":1,"_source":{"time":"April 30, 2018","device":"miniCam","message":"motion","location":"Exterior-FrontDoor","timestamp":"2018-04-30T17:43:07.071Z"}}
{"_index":"ifttt-2018-04-30","_type":"webhook","_id":"Mon Apr 30 2018 17:48:34 GMT+0000 (UTC)","_score":1,"_source":{"time":"April 30, 2018","device":"miniCam","message":"motion","location":"Exterior-FrontDoor","timestamp":"2018-04-30T17:48:34.420Z"}}
{"_index":"ifttt-2018-04-30","_type":"webhook","_id":"Mon Apr 30 2018 19:04:10 GMT+0000 (UTC)","_score":1,"_source":{"time":"April 30, 2018","device":"miniCam","message":"motion","location":"Exterior-FrontDoor","timestamp":"2018-04-30T19:04:10.775Z"}}
{"_index":"ifttt-2018-04-30","_type":"webhook","_id":"Mon Apr 30 2018 21:23:14 GMT+0000 (UTC)","_score":1,"_source":{"time":"April 30, 2018","device":"miniCam","message":"motion","location":"Exterior-FrontDoor","timestamp":"2018-04-30T21:23:14.460Z"}}
{"_index":"ifttt-2018-04-30","_type":"webhook","_id":"Mon Apr 30 2018 18:37:20 GMT+0000 (UTC)","_score":1,"_source":{"device":"Plug1","message":"Activated","time":" ","timestamp":"2018-04-30T18:37:20.750Z"}}
{"_index":"ifttt-2018-04-30","_type":"webhook","_id":"Mon Apr 30 2018 16:43:26 GMT+0000 (UTC)","_score":1,"_source":{"time":"April 30, 2018","device":"miniCam","message":"motion","location":"Exterior-FrontDoor","timestamp":"2018-04-30T16:43:26.904Z"}}
{"_index":"ifttt-2018-04-30","_type":"webhook","_id":"Mon Apr 30 2018 21:39:34 GMT+0000 (UTC)","_score":1,"_source":{"device":"Room1Plug1","message":"Activated","timestamp":"2018-04-30T21:39:34.816Z"}}
{"_index":"ifttt-2018-04-30","_type":"webhook","_id":"Mon Apr 30 2018 01:53:30 GMT+0000 (UTC)","_score":1,"_source":{"time":"April 30, 2018","device":"miniCam","message":"motion","location":"Exterior-FrontDoor","timestamp":"2018-04-30T01:53:30.907Z"}}
{"_index":"ifttt-2018-04-30","_type":"webhook","_id":"Mon Apr 30 2018 04:38:17 GMT+0000 (UTC)","_score":1,"_source":{"time":"April 30, 2018","device":"miniCam","message":"motion","location":"Exterior-FrontDoor","timestamp":"2018-04-30T04:38:17.670Z"}}
{"_index":"ifttt-2018-04-30","_type":"webhook","_id":"Mon Apr 30 2018 04:38:34 GMT+0000 (UTC)","_score":1,"_source":{"time":"April 30, 2018","device":"miniCam","message":"motion","location":"Exterior-FrontDoor","timestamp":"2018-04-30T04:38:34.618Z"}}
{"_index":"ifttt-2018-04-30","_type":"webhook","_id":"Mon Apr 30 2018 06:38:18 GMT+0000 (UTC)","_score":1,"_source":{"time":"April 30, 2018","device":"miniCam","message":"motion","location":"Exterior-FrontDoor","timestamp":"2018-04-30T06:38:18.310Z"}}
{"_index":"ifttt-2018-04-30","_type":"webhook","_id":"Mon Apr 30 2018 03:12:16 GMT+0000 (UTC)","_score":1,"_source":{"device":"Plug1","message":"Activated","time":" ","timestamp":"2018-04-30T03:12:16.833Z"}}
{"_index":"ifttt-2018-04-30","_type":"webhook","_id":"Mon Apr 30 2018 08:17:18 GMT+0000 (UTC)","_score":1,"_source":{"device":"Plug1","message":"Activated","time":" ","timestamp":"2018-04-30T08:17:18.344Z"}}
{"_index":"ifttt-2018-04-30","_type":"webhook","_id":"Mon Apr 30 2018 01:53:28 GMT+0000 (UTC)","_score":1,"_source":{"time":"April 30, 2018","device":"miniCam","message":"motion","location":"Exterior-FrontDoor","timestamp":"2018-04-30T01:53:28.676Z"}}
{"_index":"ifttt-2018-04-30","_type":"webhook","_id":"Mon Apr 30 2018 01:53:29 GMT+0000 (UTC)","_score":1,"_source":{"time":"April 30, 2018","device":"miniCam","message":"motion","location":"Exterior-FrontDoor","timestamp":"2018-04-30T01:53:29.521Z"}}
{"_index":"ifttt-2018-04-30","_type":"webhook","_id":"Mon Apr 30 2018 04:38:19 GMT+0000 (UTC)","_score":1,"_source":{"time":"April 30, 2018","device":"miniCam","message":"motion","location":"Exterior-FrontDoor","timestamp":"2018-04-30T04:38:19.933Z"}}
{"_index":"ifttt-2018-04-30","_type":"webhook","_id":"Mon Apr 30 2018 04:38:32 GMT+0000 (UTC)","_score":1,"_source":{"time":"April 30, 2018","device":"miniCam","message":"motion","location":"Exterior-FrontDoor","timestamp":"2018-04-30T04:38:32.779Z"}}
{"_index":"ifttt-2018-04-30","_type":"webhook","_id":"Mon Apr 30 2018 08:38:25 GMT+0000 (UTC)","_score":1,"_source":{"time":"April 30, 2018","device":"miniCam","message":"motion","location":"Exterior-FrontDoor","timestamp":"2018-04-30T08:38:25.199Z"}}
{"_index":"ifttt-2018-04-30","_type":"webhook","_id":"Mon Apr 30 2018 12:08:44 GMT+0000 (UTC)","_score":1,"_source":{"time":"April 30, 2018","device":"miniCam","message":"motion","location":"Exterior-FrontDoor","timestamp":"2018-04-30T12:08:44.689Z"}}
{"_index":"ifttt-2018-04-30","_type":"webhook","_id":"Mon Apr 30 2018 12:08:46 GMT+0000 (UTC)","_score":1,"_source":{"time":"April 30, 2018","device":"miniCam","message":"motion","location":"Exterior-FrontDoor","timestamp":"2018-04-30T12:08:46.155Z"}}
{"_index":"ifttt-2018-04-30","_type":"webhook","_id":"Mon Apr 30 2018 10:38:22 GMT+0000 (UTC)","_score":1,"_source":{"time":"April 30, 2018","device":"miniCam","message":"motion","location":"Exterior-FrontDoor","timestamp":"2018-04-30T10:38:22.976Z"}}
{"_index":"ifttt-2018-04-30","_type":"webhook","_id":"Mon Apr 30 2018 10:38:23 GMT+0000 (UTC)","_score":1,"_source":{"time":"April 30, 2018","device":"miniCam","message":"motion","location":"Exterior-FrontDoor","timestamp":"2018-04-30T10:38:23.856Z"}}
{"_index":"ifttt-2018-04-30","_type":"webhook","_id":"Mon Apr 30 2018 08:38:15 GMT+0000 (UTC)","_score":1,"_source":{"time":"April 30, 2018","device":"miniCam","message":"motion","location":"Exterior-FrontDoor","timestamp":"2018-04-30T08:38:15.783Z"}}
{"_index":"ifttt-2018-04-30","_type":"webhook","_id":"Mon Apr 30 2018 08:38:16 GMT+0000 (UTC)","_score":1,"_source":{"time":"April 30, 2018","device":"miniCam","message":"motion","location":"Exterior-FrontDoor","timestamp":"2018-04-30T08:38:16.694Z"}}
{"_index":"ifttt-2018-04-30","_type":"webhook","_id":"Mon Apr 30 2018 08:38:17 GMT+0000 (UTC)","_score":1,"_source":{"time":"April 30, 2018","device":"miniCam","message":"motion","location":"Exterior-FrontDoor","timestamp":"2018-04-30T08:38:17.634Z"}}
{"_index":"ifttt-2018-04-30","_type":"webhook","_id":"Mon Apr 30 2018 10:38:26 GMT+0000 (UTC)","_score":1,"_source":{"time":"April 30, 2018","device":"miniCam","message":"motion","location":"Exterior-FrontDoor","timestamp":"2018-04-30T10:38:26.648Z"}}
{"_index":"ifttt-2018-04-30","_type":"webhook","_id":"Mon Apr 30 2018 10:38:30 GMT+0000 (UTC)","_score":1,"_source":{"time":"April 30, 2018","device":"miniCam","message":"motion","location":"Exterior-FrontDoor","timestamp":"2018-04-30T10:38:30.813Z"}}
{"_index":"ifttt-2018-04-30","_type":"webhook","_id":"Mon Apr 30 2018 12:48:06 GMT+0000 (UTC)","_score":1,"_source":{"time":"April 30, 2018","device":"miniCam","message":"motion","location":"Exterior-FrontDoor","timestamp":"2018-04-30T12:48:06.638Z"}}
{"_index":"ifttt-2018-04-30","_type":"webhook","_id":"Mon Apr 30 2018 13:08:09 GMT+0000 (UTC)","_score":1,"_source":{"time":"April 30, 2018","device":"miniCam","message":"motion","location":"Exterior-FrontDoor","timestamp":"2018-04-30T13:08:09.792Z"}}
{"_index":"ifttt-2018-04-30","_type":"webhook","_id":"Mon Apr 30 2018 13:48:08 GMT+0000 (UTC)","_score":1,"_source":{"time":"April 30, 2018","device":"miniCam","message":"motion","location":"Exterior-FrontDoor","timestamp":"2018-04-30T13:48:08.135Z"}}
{"_index":"ifttt-2018-04-30","_type":"webhook","_id":"Mon Apr 30 2018 13:58:20 GMT+0000 (UTC)","_score":1,"_source":{"time":"April 30, 2018","device":"miniCam","message":"motion","location":"Exterior-FrontDoor","timestamp":"2018-04-30T13:58:20.775Z"}}
{"_index":"ifttt-2018-04-30","_type":"webhook","_id":"Mon Apr 30 2018 15:03:22 GMT+0000 (UTC)","_score":1,"_source":{"time":"April 30, 2018","device":"miniCam","message":"motion","location":"Exterior-FrontDoor","timestamp":"2018-04-30T15:03:22.753Z"}}
{"_index":"ifttt-2018-04-30","_type":"webhook","_id":"Mon Apr 30 2018 16:48:28 GMT+0000 (UTC)","_score":1,"_source":{"time":"April 30, 2018","device":"miniCam","message":"motion","location":"Exterior-FrontDoor","timestamp":"2018-04-30T16:48:28.682Z"}}
{"_index":"ifttt-2018-04-30","_type":"webhook","_id":"Mon Apr 30 2018 14:11:15 GMT+0000 (UTC)","_score":1,"_source":{"device":"FrontLock1","status":"Unlocked","user":"Manual Unlock","timestamp":"2018-04-30T14:11:15.965Z"}}
{"_index":"ifttt-2018-04-30","_type":"webhook","_id":"Mon Apr 30 2018 12:29:38 GMT+0000 (UTC)","_score":1,"_source":{"device":"Room1Plug1","message":"Activated","timestamp":"2018-04-30T12:29:38.017Z"}}
{"_index":"ifttt-2018-04-30","_type":"webhook","_id":"Mon Apr 30 2018 12:48:08 GMT+0000 (UTC)","_score":1,"_source":{"time":"April 30, 2018","device":"miniCam","message":"motion","location":"Exterior-FrontDoor","timestamp":"2018-04-30T12:48:08.939Z"}}
{"_index":"ifttt-2018-04-30","_type":"webhook","_id":"Mon Apr 30 2018 17:03:08 GMT+0000 (UTC)","_score":1,"_source":{"time":"April 30, 2018","device":"miniCam","message":"motion","location":"Exterior-FrontDoor","timestamp":"2018-04-30T17:03:08.378Z"}}
{"_index":"ifttt-2018-04-30","_type":"webhook","_id":"Mon Apr 30 2018 17:03:09 GMT+0000 (UTC)","_score":1,"_source":{"time":"April 30, 2018","device":"miniCam","message":"motion","location":"Exterior-FrontDoor","timestamp":"2018-04-30T17:03:09.033Z"}}
{"_index":"ifttt-2018-04-30","_type":"webhook","_id":"Mon Apr 30 2018 17:43:06 GMT+0000 (UTC)","_score":1,"_source":{"time":"April 30, 2018","device":"miniCam","message":"motion","location":"Exterior-FrontDoor","timestamp":"2018-04-30T17:43:06.267Z"}}
{"_index":"ifttt-2018-04-30","_type":"webhook","_id":"Mon Apr 30 2018 17:53:21 GMT+0000 (UTC)","_score":1,"_source":{"time":"April 30, 2018","device":"miniCam","message":"motion","location":"Exterior-FrontDoor","timestamp":"2018-04-30T17:53:21.163Z"}}
{"_index":"ifttt-2018-04-30","_type":"webhook","_id":"Mon Apr 30 2018 18:03:38 GMT+0000 (UTC)","_score":1,"_source":{"time":"April 30, 2018","device":"miniCam","message":"motion","location":"Exterior-FrontDoor","timestamp":"2018-04-30T18:03:38.689Z"}}
{"_index":"ifttt-2018-04-30","_type":"webhook","_id":"Mon Apr 30 2018 19:23:04 GMT+0000 (UTC)","_score":1,"_source":{"time":"April 30, 2018","device":"miniCam","message":"motion","location":"Exterior-FrontDoor","timestamp":"2018-04-30T19:23:04.093Z"}}
{"_index":"ifttt-2018-04-30","_type":"webhook","_id":"Mon Apr 30 2018 19:43:23 GMT+0000 (UTC)","_score":1,"_source":{"time":"April 30, 2018","device":"miniCam","message":"motion","location":"Exterior-FrontDoor","timestamp":"2018-04-30T19:43:23.122Z"}}
{"_index":"ifttt-2018-04-30","_type":"webhook","_id":"Mon Apr 30 2018 19:53:09 GMT+0000 (UTC)","_score":1,"_source":{"time":"April 30, 2018","device":"miniCam","message":"motion","location":"Exterior-FrontDoor","timestamp":"2018-04-30T19:53:09.392Z"}}
{"_index":"ifttt-2018-04-30","_type":"webhook","_id":"Mon Apr 30 2018 19:42:18 GMT+0000 (UTC)","_score":1,"_source":{"device":"Plug1","message":"Activated","time":" ","timestamp":"2018-04-30T19:42:18.254Z"}}
{"_index":"ifttt-2018-04-30","_type":"webhook","_id":"Mon Apr 30 2018 17:53:20 GMT+0000 (UTC)","_score":1,"_source":{"time":"April 30, 2018","device":"miniCam","message":"motion","location":"Exterior-FrontDoor","timestamp":"2018-04-30T17:53:20.674Z"}}
{"_index":"ifttt-2018-04-30","_type":"webhook","_id":"Mon Apr 30 2018 20:08:30 GMT+0000 (UTC)","_score":1,"_source":{"time":"April 30, 2018","device":"miniCam","message":"motion","location":"Exterior-FrontDoor","timestamp":"2018-04-30T20:08:30.199Z"}}
{"_index":"ifttt-2018-04-30","_type":"webhook","_id":"Mon Apr 30 2018 20:48:34 GMT+0000 (UTC)","_score":1,"_source":{"time":"April 30, 2018","device":"miniCam","message":"motion","location":"Exterior-FrontDoor","timestamp":"2018-04-30T20:48:34.658Z"}}
{"_index":"ifttt-2018-04-30","_type":"webhook","_id":"Mon Apr 30 2018 21:47:22 GMT+0000 (UTC)","_score":1,"_source":{"device":"Plug1","message":"Activated","time":" ","timestamp":"2018-04-30T21:47:22.858Z"}}
{"_index":"ifttt-2018-04-30","_type":"webhook","_id":"Mon Apr 30 2018 01:13:15 GMT+0000 (UTC)","_score":1,"_source":{"time":"April 30, 2018","device":"miniCam","message":"motion","location":"Exterior-FrontDoor","timestamp":"2018-04-30T01:13:15.964Z"}}
{"_index":"ifttt-2018-04-30","_type":"webhook","_id":"Mon Apr 30 2018 01:53:31 GMT+0000 (UTC)","_score":1,"_source":{"time":"April 30, 2018","device":"miniCam","message":"motion","location":"Exterior-FrontDoor","timestamp":"2018-04-30T01:53:31.314Z"}}
{"_index":"ifttt-2018-04-30","_type":"webhook","_id":"Mon Apr 30 2018 02:38:22 GMT+0000 (UTC)","_score":1,"_source":{"time":"April 30, 2018","device":"miniCam","message":"motion","location":"Exterior-FrontDoor","timestamp":"2018-04-30T02:38:22.546Z"}}
{"_index":"ifttt-2018-04-30","_type":"webhook","_id":"Mon Apr 30 2018 04:38:18 GMT+0000 (UTC)","_score":1,"_source":{"time":"April 30, 2018","device":"miniCam","message":"motion","location":"Exterior-FrontDoor","timestamp":"2018-04-30T04:38:18.850Z"}}
{"_index":"ifttt-2018-04-30","_type":"webhook","_id":"Mon Apr 30 2018 04:38:20 GMT+0000 (UTC)","_score":1,"_source":{"time":"April 30, 2018","device":"miniCam","message":"motion","location":"Exterior-FrontDoor","timestamp":"2018-04-30T04:38:20.468Z"}}
{"_index":"ifttt-2018-04-30","_type":"webhook","_id":"Mon Apr 30 2018 02:12:14 GMT+0000 (UTC)","_score":1,"_source":{"device":"Plug1","message":"Activated","time":" ","timestamp":"2018-04-30T02:12:14.726Z"}}
{"_index":"ifttt-2018-04-30","_type":"webhook","_id":"Mon Apr 30 2018 06:19:17 GMT+0000 (UTC)","_score":1,"_source":{"device":"Room1Plug1","message":"Activated","timestamp":"2018-04-30T06:19:17.694Z"}}
{"_index":"ifttt-2018-04-30","_type":"webhook","_id":"Mon Apr 30 2018 04:38:15 GMT+0000 (UTC)","_score":1,"_source":{"time":"April 30, 2018","device":"miniCam","message":"motion","location":"Exterior-FrontDoor","timestamp":"2018-04-30T04:38:15.749Z"}}
{"_index":"ifttt-2018-04-30","_type":"webhook","_id":"Mon Apr 30 2018 04:38:29 GMT+0000 (UTC)","_score":1,"_source":{"time":"April 30, 2018","device":"miniCam","message":"motion","location":"Exterior-FrontDoor","timestamp":"2018-04-30T04:38:29.925Z"}}
{"_index":"ifttt-2018-04-30","_type":"webhook","_id":"Mon Apr 30 2018 04:38:31 GMT+0000 (UTC)","_score":1,"_source":{"time":"April 30, 2018","device":"miniCam","message":"motion","location":"Exterior-FrontDoor","timestamp":"2018-04-30T04:38:31.790Z"}}
{"_index":"ifttt-2018-04-30","_type":"webhook","_id":"Mon Apr 30 2018 06:38:11 GMT+0000 (UTC)","_score":1,"_source":{"time":"April 30, 2018","device":"miniCam","message":"motion","location":"Exterior-FrontDoor","timestamp":"2018-04-30T06:38:11.809Z"}}
{"_index":"ifttt-2018-04-30","_type":"webhook","_id":"Mon Apr 30 2018 06:38:16 GMT+0000 (UTC)","_score":1,"_source":{"time":"April 30, 2018","device":"miniCam","message":"motion","location":"Exterior-FrontDoor","timestamp":"2018-04-30T06:38:16.994Z"}}
{"_index":"ifttt-2018-04-30","_type":"webhook","_id":"Mon Apr 30 2018 08:38:29 GMT+0000 (UTC)","_score":1,"_source":{"time":"April 30, 2018","device":"miniCam","message":"motion","location":"Exterior-FrontDoor","timestamp":"2018-04-30T08:38:29.649Z"}}
{"_index":"ifttt-2018-04-30","_type":"webhook","_id":"Mon Apr 30 2018 08:38:24 GMT+0000 (UTC)","_score":1,"_source":{"time":"April 30, 2018","device":"miniCam","message":"motion","location":"Exterior-FrontDoor","timestamp":"2018-04-30T08:38:24.762Z"}}
{"_index":"ifttt-2018-04-30","_type":"webhook","_id":"Mon Apr 30 2018 08:38:26 GMT+0000 (UTC)","_score":1,"_source":{"time":"April 30, 2018","device":"miniCam","message":"motion","location":"Exterior-FrontDoor","timestamp":"2018-04-30T08:38:26.585Z"}}
{"_index":"ifttt-2018-04-30","_type":"webhook","_id":"Mon Apr 30 2018 08:38:27 GMT+0000 (UTC)","_score":1,"_source":{"time":"April 30, 2018","device":"miniCam","message":"motion","location":"Exterior-FrontDoor","timestamp":"2018-04-30T08:38:27.541Z"}}
{"_index":"ifttt-2018-04-30","_type":"webhook","_id":"Mon Apr 30 2018 10:38:21 GMT+0000 (UTC)","_score":1,"_source":{"time":"April 30, 2018","device":"miniCam","message":"motion","location":"Exterior-FrontDoor","timestamp":"2018-04-30T10:38:21.931Z"}}
{"_index":"ifttt-2018-04-30","_type":"webhook","_id":"Mon Apr 30 2018 10:38:27 GMT+0000 (UTC)","_score":1,"_source":{"time":"April 30, 2018","device":"miniCam","message":"motion","location":"Exterior-FrontDoor","timestamp":"2018-04-30T10:38:27.752Z"}}
{"_index":"ifttt-2018-04-30","_type":"webhook","_id":"Mon Apr 30 2018 10:38:31 GMT+0000 (UTC)","_score":1,"_source":{"time":"April 30, 2018","device":"miniCam","message":"motion","location":"Exterior-FrontDoor","timestamp":"2018-04-30T10:38:31.886Z"}}
{"_index":"ifttt-2018-04-30","_type":"webhook","_id":"Mon Apr 30 2018 12:58:11 GMT+0000 (UTC)","_score":1,"_source":{"time":"April 30, 2018","device":"miniCam","message":"motion","location":"Exterior-FrontDoor","timestamp":"2018-04-30T12:58:11.695Z"}}
{"_index":"ifttt-2018-04-30","_type":"webhook","_id":"Mon Apr 30 2018 11:38:19 GMT+0000 (UTC)","_score":1,"_source":{"time":"April 30, 2018","device":"miniCam","message":"motion","location":"Exterior-FrontDoor","timestamp":"2018-04-30T11:38:19.862Z"}}
{"_index":"ifttt-2018-04-30","_type":"webhook","_id":"Mon Apr 30 2018 12:43:22 GMT+0000 (UTC)","_score":1,"_source":{"time":"April 30, 2018","device":"miniCam","message":"motion","location":"Exterior-FrontDoor","timestamp":"2018-04-30T12:43:22.895Z"}}
{"_index":"ifttt-2018-04-30","_type":"webhook","_id":"Mon Apr 30 2018 12:27:18 GMT+0000 (UTC)","_score":1,"_source":{"device":"Plug1","message":"Activated","time":" ","timestamp":"2018-04-30T12:27:18.364Z"}}
{"_index":"ifttt-2018-04-30","_type":"webhook","_id":"Mon Apr 30 2018 11:25:16 GMT+0000 (UTC)","_score":1,"_source":{"device":"Room1Lamp","message":"Activated","timestamp":"2018-04-30T11:25:16.048Z"}}
{"_index":"ifttt-2018-04-30","_type":"webhook","_id":"Mon Apr 30 2018 12:25:22 GMT+0000 (UTC)","_score":1,"_source":{"device":"Room1Lamp","message":"Activated","timestamp":"2018-04-30T12:25:22.161Z"}}
{"_index":"ifttt-2018-04-30","_type":"webhook","_id":"Mon Apr 30 2018 11:38:20 GMT+0000 (UTC)","_score":1,"_source":{"time":"April 30, 2018","device":"miniCam","message":"motion","location":"Exterior-FrontDoor","timestamp":"2018-04-30T11:38:20.974Z"}}
{"_index":"ifttt-2018-04-30","_type":"webhook","_id":"Mon Apr 30 2018 12:08:45 GMT+0000 (UTC)","_score":1,"_source":{"time":"April 30, 2018","device":"miniCam","message":"motion","location":"Exterior-FrontDoor","timestamp":"2018-04-30T12:08:45.732Z"}}
{"_index":"ifttt-2018-04-30","_type":"webhook","_id":"Mon Apr 30 2018 11:23:17 GMT+0000 (UTC)","_score":1,"_source":{"time":"April 30, 2018","device":"miniCam","message":"motion","location":"Exterior-FrontDoor","timestamp":"2018-04-30T11:23:17.928Z"}}
{"_index":"ifttt-2018-04-30","_type":"webhook","_id":"Mon Apr 30 2018 12:58:12 GMT+0000 (UTC)","_score":1,"_source":{"time":"April 30, 2018","device":"miniCam","message":"motion","location":"Exterior-FrontDoor","timestamp":"2018-04-30T12:58:12.892Z"}}
{"_index":"ifttt-2018-04-30","_type":"webhook","_id":"Mon Apr 30 2018 12:58:13 GMT+0000 (UTC)","_score":1,"_source":{"time":"April 30, 2018","device":"miniCam","message":"motion","location":"Exterior-FrontDoor","timestamp":"2018-04-30T12:58:13.368Z"}}
{"_index":"ifttt-2018-04-30","_type":"webhook","_id":"Mon Apr 30 2018 13:13:07 GMT+0000 (UTC)","_score":1,"_source":{"time":"April 30, 2018","device":"miniCam","message":"motion","location":"Exterior-FrontDoor","timestamp":"2018-04-30T13:13:07.768Z"}}
{"_index":"ifttt-2018-04-30","_type":"webhook","_id":"Mon Apr 30 2018 13:38:22 GMT+0000 (UTC)","_score":1,"_source":{"time":"April 30, 2018","device":"miniCam","message":"motion","location":"Exterior-FrontDoor","timestamp":"2018-04-30T13:38:22.524Z"}}
{"_index":"ifttt-2018-04-30","_type":"webhook","_id":"Mon Apr 30 2018 13:43:04 GMT+0000 (UTC)","_score":1,"_source":{"time":"April 30, 2018","device":"miniCam","message":"motion","location":"Exterior-FrontDoor","timestamp":"2018-04-30T13:43:04.766Z"}}
{"_index":"ifttt-2018-04-30","_type":"webhook","_id":"Mon Apr 30 2018 13:43:06 GMT+0000 (UTC)","_score":1,"_source":{"time":"April 30, 2018","device":"miniCam","message":"motion","location":"Exterior-FrontDoor","timestamp":"2018-04-30T13:43:06.835Z"}}
{"_index":"ifttt-2018-04-30","_type":"webhook","_id":"Mon Apr 30 2018 13:48:11 GMT+0000 (UTC)","_score":1,"_source":{"time":"April 30, 2018","device":"miniCam","message":"motion","location":"Exterior-FrontDoor","timestamp":"2018-04-30T13:48:11.023Z"}}
{"_index":"ifttt-2018-04-30","_type":"webhook","_id":"Mon Apr 30 2018 13:53:32 GMT+0000 (UTC)","_score":1,"_source":{"time":"April 30, 2018","device":"miniCam","message":"motion","location":"Exterior-FrontDoor","timestamp":"2018-04-30T13:53:32.168Z"}}
{"_index":"ifttt-2018-04-30","_type":"webhook","_id":"Mon Apr 30 2018 13:18:17 GMT+0000 (UTC)","_score":1,"_source":{"time":"April 30, 2018","device":"miniCam","message":"motion","location":"Exterior-FrontDoor","timestamp":"2018-04-30T13:18:17.892Z"}}
{"_index":"ifttt-2018-04-30","_type":"webhook","_id":"Mon Apr 30 2018 14:11:16 GMT+0000 (UTC)","_score":1,"_source":{"device":"FrontLock1","status":"Unlocked","user":"Manual Unlock","timestamp":"2018-04-30T14:11:16.843Z"}}
{"_index":"ifttt-2018-04-30","_type":"webhook","_id":"Mon Apr 30 2018 15:33:22 GMT+0000 (UTC)","_score":1,"_source":{"time":"April 30, 2018","device":"miniCam","message":"motion","location":"Exterior-FrontDoor","timestamp":"2018-04-30T15:33:22.209Z"}}
{"_index":"ifttt-2018-04-30","_type":"webhook","_id":"Mon Apr 30 2018 15:58:19 GMT+0000 (UTC)","_score":1,"_source":{"time":"April 30, 2018","device":"miniCam","message":"motion","location":"Exterior-FrontDoor","timestamp":"2018-04-30T15:58:19.484Z"}}
{"_index":"ifttt-2018-04-30","_type":"webhook","_id":"Mon Apr 30 2018 16:18:16 GMT+0000 (UTC)","_score":1,"_source":{"time":"April 30, 2018","device":"miniCam","message":"motion","location":"Exterior-FrontDoor","timestamp":"2018-04-30T16:18:16.320Z"}}
{"_index":"ifttt-2018-04-30","_type":"webhook","_id":"Mon Apr 30 2018 16:33:11 GMT+0000 (UTC)","_score":1,"_source":{"time":"April 30, 2018","device":"miniCam","message":"motion","location":"Exterior-FrontDoor","timestamp":"2018-04-30T16:33:11.017Z"}}
{"_index":"ifttt-2018-04-30","_type":"webhook","_id":"Mon Apr 30 2018 16:38:22 GMT+0000 (UTC)","_score":1,"_source":{"time":"April 30, 2018","device":"miniCam","message":"motion","location":"Exterior-FrontDoor","timestamp":"2018-04-30T16:38:22.007Z"}}
{"_index":"ifttt-2018-04-30","_type":"webhook","_id":"Mon Apr 30 2018 17:33:25 GMT+0000 (UTC)","_score":1,"_source":{"time":"April 30, 2018","device":"miniCam","message":"motion","location":"Exterior-FrontDoor","timestamp":"2018-04-30T17:33:25.166Z"}}
{"_index":"ifttt-2018-04-30","_type":"webhook","_id":"Mon Apr 30 2018 17:58:03 GMT+0000 (UTC)","_score":1,"_source":{"time":"April 30, 2018","device":"miniCam","message":"motion","location":"Exterior-FrontDoor","timestamp":"2018-04-30T17:58:03.290Z"}}
{"_index":"ifttt-2018-04-30","_type":"webhook","_id":"Mon Apr 30 2018 18:58:11 GMT+0000 (UTC)","_score":1,"_source":{"time":"April 30, 2018","device":"miniCam","message":"motion","location":"Exterior-FrontDoor","timestamp":"2018-04-30T18:58:11.514Z"}}
{"_index":"ifttt-2018-04-30","_type":"webhook","_id":"Mon Apr 30 2018 17:28:35 GMT+0000 (UTC)","_score":1,"_source":{"time":"April 30, 2018","device":"miniCam","message":"motion","location":"Exterior-FrontDoor","timestamp":"2018-04-30T17:28:35.818Z"}}
{"_index":"ifttt-2018-04-30","_type":"webhook","_id":"Mon Apr 30 2018 19:13:07 GMT+0000 (UTC)","_score":1,"_source":{"time":"April 30, 2018","device":"miniCam","message":"motion","location":"Exterior-FrontDoor","timestamp":"2018-04-30T19:13:07.356Z"}}
{"_index":"ifttt-2018-04-30","_type":"webhook","_id":"Mon Apr 30 2018 20:04:14 GMT+0000 (UTC)","_score":1,"_source":{"time":"April 30, 2018","device":"miniCam","message":"motion","location":"Exterior-FrontDoor","timestamp":"2018-04-30T20:04:14.403Z"}}
{"_index":"ifttt-2018-04-30","_type":"webhook","_id":"Mon Apr 30 2018 20:23:08 GMT+0000 (UTC)","_score":1,"_source":{"time":"April 30, 2018","device":"miniCam","message":"motion","location":"Exterior-FrontDoor","timestamp":"2018-04-30T20:23:08.603Z"}}
{"_index":"ifttt-2018-04-30","_type":"webhook","_id":"Mon Apr 30 2018 20:38:15 GMT+0000 (UTC)","_score":1,"_source":{"time":"April 30, 2018","device":"miniCam","message":"motion","location":"Exterior-FrontDoor","timestamp":"2018-04-30T20:38:15.029Z"}}
{"_index":"ifttt-2018-04-30","_type":"webhook","_id":"Mon Apr 30 2018 20:58:17 GMT+0000 (UTC)","_score":1,"_source":{"time":"April 30, 2018","device":"miniCam","message":"motion","location":"Exterior-FrontDoor","timestamp":"2018-04-30T20:58:17.095Z"}}
{"_index":"ifttt-2018-04-30","_type":"webhook","_id":"Mon Apr 30 2018 22:08:29 GMT+0000 (UTC)","_score":1,"_source":{"time":"April 30, 2018","device":"miniCam","message":"motion","location":"Exterior-FrontDoor","timestamp":"2018-04-30T22:08:29.982Z"}}
