{"_index":"ifttt-2018-03-21","_type":"webhook","_id":"Wed Mar 21 2018 12:06:09 GMT+0000 (UTC)","_score":1,"_source":{"subject":"Lock1","status":"Locked","timestamp":"2018-03-21T12:06:09.079Z"}}
{"_index":"ifttt-2018-03-21","_type":"webhook","_id":"Wed Mar 21 2018 13:53:13 GMT+0000 (UTC)","_score":1,"_source":{"subject":"Lock1","status":"Unlocked","timestamp":"2018-03-21T13:53:13.404Z"}}
{"_index":"ifttt-2018-03-21","_type":"webhook","_id":"Wed Mar 21 2018 18:34:29 GMT+0000 (UTC)","_score":1,"_source":{"subject":"Lock1","status":"Unlocked","timestamp":"2018-03-21T18:34:29.005Z"}}
{"_index":"ifttt-2018-03-21","_type":"webhook","_id":"Wed Mar 21 2018 19:01:18 GMT+0000 (UTC)","_score":1,"_source":{"subject":"Lock1","status":"Locked","timestamp":"2018-03-21T19:01:18.430Z"}}
{"_index":"ifttt-2018-03-21","_type":"webhook","_id":"Wed Mar 21 2018 20:12:50 GMT+0000 (UTC)","_score":1,"_source":{"subject":"Lock1","status":"Unlocked","timestamp":"2018-03-21T20:12:50.219Z"}}
{"_index":"ifttt-2018-03-21","_type":"webhook","_id":"Wed Mar 21 2018 15:22:55 GMT+0000 (UTC)","_score":1,"_source":{"subject":"Lock1","status":"Unlocked","timestamp":"2018-03-21T15:22:55.969Z"}}
{"_index":"ifttt-2018-03-21","_type":"webhook","_id":"Wed Mar 21 2018 19:01:19 GMT+0000 (UTC)","_score":1,"_source":{"subject":"Lock1","status":"Locked","timestamp":"2018-03-21T19:01:19.009Z"}}
{"_index":"ifttt-2018-03-21","_type":"webhook","_id":"Wed Mar 21 2018 19:04:19 GMT+0000 (UTC)","_score":1,"_source":{"subject":"Lock1","status":"Unlocked","timestamp":"2018-03-21T19:04:19.888Z"}}
{"_index":"ifttt-2018-03-21","_type":"webhook","_id":"Wed Mar 21 2018 20:14:40 GMT+0000 (UTC)","_score":1,"_source":{"subject":"Lock1","status":"Unlocked","timestamp":"2018-03-21T20:14:40.518Z"}}
{"_index":"ifttt-2018-03-21","_type":"webhook","_id":"Wed Mar 21 2018 12:06:07 GMT+0000 (UTC)","_score":1,"_source":{"subject":"Lock1","status":"Unlocked","timestamp":"2018-03-21T12:06:07.704Z"}}
{"_index":"ifttt-2018-03-21","_type":"webhook","_id":"Wed Mar 21 2018 13:31:54 GMT+0000 (UTC)","_score":1,"_source":{"subject":"Lock1","status":"Unlocked","timestamp":"2018-03-21T13:31:54.664Z"}}
{"_index":"ifttt-2018-03-21","_type":"webhook","_id":"Wed Mar 21 2018 15:36:23 GMT+0000 (UTC)","_score":1,"_source":{"subject":"Lock1","status":"Locked","timestamp":"2018-03-21T15:36:23.314Z"}}
{"_index":"ifttt-2018-03-21","_type":"webhook","_id":"Wed Mar 21 2018 18:30:51 GMT+0000 (UTC)","_score":1,"_source":{"subject":"Lock1","status":"Locked","timestamp":"2018-03-21T18:30:51.978Z"}}
{"_index":"ifttt-2018-03-21","_type":"webhook","_id":"Wed Mar 21 2018 20:14:12 GMT+0000 (UTC)","_score":1,"_source":{"subject":"Lock1","status":"Locked","timestamp":"2018-03-21T20:14:12.157Z"}}
{"_index":"ifttt-2018-03-21","_type":"webhook","_id":"Wed Mar 21 2018 13:53:07 GMT+0000 (UTC)","_score":1,"_source":{"subject":"Lock1","status":"Locked","timestamp":"2018-03-21T13:53:07.991Z"}}
{"_index":"ifttt-2018-03-21","_type":"webhook","_id":"Wed Mar 21 2018 15:22:51 GMT+0000 (UTC)","_score":1,"_source":{"subject":"Lock1","status":"Locked","timestamp":"2018-03-21T15:22:51.044Z"}}
{"_index":"ifttt-2018-03-21","_type":"webhook","_id":"Wed Mar 21 2018 15:37:31 GMT+0000 (UTC)","_score":1,"_source":{"subject":"Lock1","status":"Unlocked","timestamp":"2018-03-21T15:37:31.622Z"}}
{"_index":"ifttt-2018-03-21","_type":"webhook","_id":"Wed Mar 21 2018 12:06:12 GMT+0000 (UTC)","_score":1,"_source":{"subject":"Lock1","status":"Unlocked","timestamp":"2018-03-21T12:06:12.998Z"}}
{"_index":"ifttt-2018-03-21","_type":"webhook","_id":"Wed Mar 21 2018 13:31:49 GMT+0000 (UTC)","_score":1,"_source":{"subject":"Lock1","status":"Locked","timestamp":"2018-03-21T13:31:49.682Z"}}
{"_index":"ifttt-2018-03-21","_type":"webhook","_id":"Wed Mar 21 2018 15:28:54 GMT+0000 (UTC)","_score":1,"_source":{"subject":"Lock1","status":"Unlocked","timestamp":"2018-03-21T15:28:54.372Z"}}
{"_index":"ifttt-2018-03-21","_type":"webhook","_id":"Wed Mar 21 2018 15:31:40 GMT+0000 (UTC)","_score":1,"_source":{"subject":"Lock1","status":"Unlocked","timestamp":"2018-03-21T15:31:40.155Z"}}
{"_index":"ifttt-2018-03-21","_type":"webhook","_id":"Wed Mar 21 2018 20:05:04 GMT+0000 (UTC)","_score":1,"_source":{"subject":"Lock1","status":"Locked","timestamp":"2018-03-21T20:05:04.250Z"}}
