{"_index":"ifttt-2018-03-23","_type":"webhook","_id":"Fri Mar 23 2018 02:22:25 GMT+0000 (UTC)","_score":1,"_source":{"device":"Room1Plug1","status":"Deactivated","timestamp":"2018-03-23T02:22:25.325Z"}}
{"_index":"ifttt-2018-03-23","_type":"webhook","_id":"Fri Mar 23 2018 03:37:16 GMT+0000 (UTC)","_score":1,"_source":{"device":"Room1Plug1","status":"Deactivated","timestamp":"2018-03-23T03:37:16.176Z"}}
{"_index":"ifttt-2018-03-23","_type":"webhook","_id":"Fri Mar 23 2018 08:08:05 GMT+0000 (UTC)","_score":1,"_source":{"device":"Room1Plug2","status":"Activated","time":" ","timestamp":"2018-03-23T08:08:05.498Z"}}
{"_index":"ifttt-2018-03-23","_type":"webhook","_id":"Fri Mar 23 2018 10:52:10 GMT+0000 (UTC)","_score":1,"_source":{"device":"Room1Plug1","status":"Deactivated","timestamp":"2018-03-23T10:52:10.392Z"}}
{"_index":"ifttt-2018-03-23","_type":"webhook","_id":"Fri Mar 23 2018 12:07:25 GMT+0000 (UTC)","_score":1,"_source":{"device":"Room1Plug1","status":"Deactivated","timestamp":"2018-03-23T12:07:25.171Z"}}
{"_index":"ifttt-2018-03-23","_type":"webhook","_id":"Fri Mar 23 2018 15:24:21 GMT+0000 (UTC)","_score":1,"_source":{"device":"Room1Plug1","status":"Deactivated","timestamp":"2018-03-23T15:24:21.063Z"}}
{"_index":"ifttt-2018-03-23","_type":"webhook","_id":"Fri Mar 23 2018 17:37:08 GMT+0000 (UTC)","_score":1,"_source":{"device":"Room1Plug1","status":"Deactivated","timestamp":"2018-03-23T17:37:08.470Z"}}
{"_index":"ifttt-2018-03-23","_type":"webhook","_id":"Fri Mar 23 2018 22:07:25 GMT+0000 (UTC)","_score":1,"_source":{"device":"Room1Plug1","status":"Deactivated","timestamp":"2018-03-23T22:07:25.715Z"}}
{"_index":"ifttt-2018-03-23","_type":"webhook","_id":"Fri Mar 23 2018 00:22:12 GMT+0000 (UTC)","_score":1,"_source":{"device":"Room1Plug1","status":"Deactivated","timestamp":"2018-03-23T00:22:12.460Z"}}
{"_index":"ifttt-2018-03-23","_type":"webhook","_id":"Fri Mar 23 2018 01:22:16 GMT+0000 (UTC)","_score":1,"_source":{"device":"Room1Plug1","status":"Deactivated","timestamp":"2018-03-23T01:22:16.927Z"}}
{"_index":"ifttt-2018-03-23","_type":"webhook","_id":"Fri Mar 23 2018 07:07:31 GMT+0000 (UTC)","_score":1,"_source":{"device":"Room1Plug1","status":"Deactivated","timestamp":"2018-03-23T07:07:31.608Z"}}
{"_index":"ifttt-2018-03-23","_type":"webhook","_id":"Fri Mar 23 2018 08:22:11 GMT+0000 (UTC)","_score":1,"_source":{"device":"Room1Plug1","status":"Deactivated","timestamp":"2018-03-23T08:22:11.555Z"}}
{"_index":"ifttt-2018-03-23","_type":"webhook","_id":"Fri Mar 23 2018 10:08:08 GMT+0000 (UTC)","_score":1,"_source":{"device":"Room1Plug2","status":"Activated","time":" ","timestamp":"2018-03-23T10:08:08.217Z"}}
{"_index":"ifttt-2018-03-23","_type":"webhook","_id":"Fri Mar 23 2018 16:24:28 GMT+0000 (UTC)","_score":1,"_source":{"device":"Room1Plug2","status":"Activated","time":" ","timestamp":"2018-03-23T16:24:28.034Z"}}
{"_index":"ifttt-2018-03-23","_type":"webhook","_id":"Fri Mar 23 2018 19:10:54 GMT+0000 (UTC)","_score":1,"_source":{"device":"Alexa","deviceID":"10","action":"Voice Deactivation","target":"Room1Lamp","target-deviceID":"7","timestamp":"2018-03-23T19:10:54.595Z"}}
{"_index":"ifttt-2018-03-23","_type":"webhook","_id":"Fri Mar 23 2018 21:53:10 GMT+0000 (UTC)","_score":1,"_source":{"device":"Room1Plug2","status":"Activated","time":" ","timestamp":"2018-03-23T21:53:10.397Z"}}
{"_index":"ifttt-2018-03-23","_type":"webhook","_id":"Fri Mar 23 2018 04:37:47 GMT+0000 (UTC)","_score":1,"_source":{"device":"Room1Plug1","status":"Deactivated","timestamp":"2018-03-23T04:37:47.802Z"}}
{"_index":"ifttt-2018-03-23","_type":"webhook","_id":"Fri Mar 23 2018 05:52:28 GMT+0000 (UTC)","_score":1,"_source":{"device":"Room1Plug1","status":"Deactivated","timestamp":"2018-03-23T05:52:28.885Z"}}
{"_index":"ifttt-2018-03-23","_type":"webhook","_id":"Fri Mar 23 2018 09:08:06 GMT+0000 (UTC)","_score":1,"_source":{"device":"Room1Plug2","status":"Activated","time":" ","timestamp":"2018-03-23T09:08:06.922Z"}}
{"_index":"ifttt-2018-03-23","_type":"webhook","_id":"Fri Mar 23 2018 18:37:13 GMT+0000 (UTC)","_score":1,"_source":{"device":"FrontLock1","status":"Unlocked","user":" Manny Kin","timestamp":"2018-03-23T18:37:13.112Z"}}
{"_index":"ifttt-2018-03-23","_type":"webhook","_id":"Fri Mar 23 2018 18:43:57 GMT+0000 (UTC)","_score":1,"_source":{"device":"Alexa","deviceID":"10","action":"Voice Activation","target":"Room1Lamp","target-deviceID":"7","timestamp":"2018-03-23T18:43:57.213Z"}}
{"_index":"ifttt-2018-03-23","_type":"webhook","_id":"Fri Mar 23 2018 19:38:28 GMT+0000 (UTC)","_score":1,"_source":{"device":"Room1Plug2","status":"Activated","time":" ","timestamp":"2018-03-23T19:38:28.644Z"}}
{"_index":"ifttt-2018-03-23","_type":"webhook","_id":"Fri Mar 23 2018 23:22:12 GMT+0000 (UTC)","_score":1,"_source":{"device":"Room1Plug1","status":"Deactivated","timestamp":"2018-03-23T23:22:12.848Z"}}
{"_index":"ifttt-2018-03-23","_type":"webhook","_id":"Fri Mar 23 2018 15:23:23 GMT+0000 (UTC)","_score":1,"_source":{"device":"Room1Plug2","status":"Activated","time":" ","timestamp":"2018-03-23T15:23:23.994Z"}}
{"_index":"ifttt-2018-03-23","_type":"webhook","_id":"Fri Mar 23 2018 18:11:58 GMT+0000 (UTC)","_score":1,"_source":{"device":"Alexa","deviceID":"10","action":"Voice Activation","target":"Room1Lamp","target-deviceID":"7","timestamp":"2018-03-23T18:11:58.607Z"}}
{"_index":"ifttt-2018-03-23","_type":"webhook","_id":"Fri Mar 23 2018 18:37:20 GMT+0000 (UTC)","_score":1,"_source":{"device":"Room1Plug1","status":"Deactivated","timestamp":"2018-03-23T18:37:20.626Z"}}
{"_index":"ifttt-2018-03-23","_type":"webhook","_id":"Fri Mar 23 2018 18:37:25 GMT+0000 (UTC)","_score":1,"_source":{"device":"FrontLock1","status":"Locked","User":"Manny Kin","timestamp":"2018-03-23T18:37:25.887Z"}}
{"_index":"ifttt-2018-03-23","_type":"webhook","_id":"Fri Mar 23 2018 20:07:19 GMT+0000 (UTC)","_score":1,"_source":{"device":"Room1Plug1","status":"Deactivated","timestamp":"2018-03-23T20:07:19.716Z"}}
{"_index":"ifttt-2018-03-23","_type":"webhook","_id":"Fri Mar 23 2018 04:53:21 GMT+0000 (UTC)","_score":1,"_source":{"device":"Room1Plug2","status":"Activated","time":" ","timestamp":"2018-03-23T04:53:21.083Z"}}
{"_index":"ifttt-2018-03-23","_type":"webhook","_id":"Fri Mar 23 2018 09:37:26 GMT+0000 (UTC)","_score":1,"_source":{"device":"Room1Plug1","status":"Deactivated","timestamp":"2018-03-23T09:37:26.707Z"}}
{"_index":"ifttt-2018-03-23","_type":"webhook","_id":"Fri Mar 23 2018 11:08:41 GMT+0000 (UTC)","_score":1,"_source":{"device":"Room1Plug2","status":"Activated","time":" ","timestamp":"2018-03-23T11:08:41.868Z"}}
{"_index":"ifttt-2018-03-23","_type":"webhook","_id":"Fri Mar 23 2018 13:07:32 GMT+0000 (UTC)","_score":1,"_source":{"device":"Room1Plug1","status":"Deactivated","timestamp":"2018-03-23T13:07:32.942Z"}}
{"_index":"ifttt-2018-03-23","_type":"webhook","_id":"Fri Mar 23 2018 14:23:06 GMT+0000 (UTC)","_score":1,"_source":{"device":"Room1Plug1","status":"Deactivated","timestamp":"2018-03-23T14:23:06.633Z"}}
{"_index":"ifttt-2018-03-23","_type":"webhook","_id":"Fri Mar 23 2018 16:26:12 GMT+0000 (UTC)","_score":1,"_source":{"device":"Room1Plug1","status":"Deactivated","timestamp":"2018-03-23T16:26:12.358Z"}}
{"_index":"ifttt-2018-03-23","_type":"webhook","_id":"Fri Mar 23 2018 18:12:47 GMT+0000 (UTC)","_score":1,"_source":{"device":"Alexa","deviceID":"10","action":"Voice Deactivation","target":"Room1Lamp","target-deviceID":"7","timestamp":"2018-03-23T18:12:47.197Z"}}
{"_index":"ifttt-2018-03-23","_type":"webhook","_id":"Fri Mar 23 2018 21:07:22 GMT+0000 (UTC)","_score":1,"_source":{"device":"Room1Plug1","status":"Deactivated","timestamp":"2018-03-23T21:07:22.768Z"}}
