{"_index":"ifttt-2018-03-24","_type":"webhook","_id":"Sat Mar 24 2018 02:37:21 GMT+0000 (UTC)","_score":1,"_source":{"device":"Room1Plug1","status":"Deactivated","timestamp":"2018-03-24T02:37:21.642Z"}}
{"_index":"ifttt-2018-03-24","_type":"webhook","_id":"Sat Mar 24 2018 06:38:11 GMT+0000 (UTC)","_score":1,"_source":{"device":"Room1Plug2","status":"Activated","time":" ","timestamp":"2018-03-24T06:38:11.734Z"}}
{"_index":"ifttt-2018-03-24","_type":"webhook","_id":"Sat Mar 24 2018 08:37:25 GMT+0000 (UTC)","_score":1,"_source":{"device":"Room1Plug1","status":"Deactivated","timestamp":"2018-03-24T08:37:25.159Z"}}
{"_index":"ifttt-2018-03-24","_type":"webhook","_id":"Sat Mar 24 2018 08:38:37 GMT+0000 (UTC)","_score":1,"_source":{"device":"Room1Plug2","status":"Activated","time":" ","timestamp":"2018-03-24T08:38:37.651Z"}}
{"_index":"ifttt-2018-03-24","_type":"webhook","_id":"Sat Mar 24 2018 14:07:12 GMT+0000 (UTC)","_score":1,"_source":{"device":"Room1Plug1","status":"Deactivated","timestamp":"2018-03-24T14:07:12.477Z"}}
{"_index":"ifttt-2018-03-24","_type":"webhook","_id":"Sat Mar 24 2018 18:23:39 GMT+0000 (UTC)","_score":1,"_source":{"device":"Room1Plug2","status":"Activated","time":" ","timestamp":"2018-03-24T18:23:39.696Z"}}
{"_index":"ifttt-2018-03-24","_type":"webhook","_id":"Sat Mar 24 2018 04:23:17 GMT+0000 (UTC)","_score":1,"_source":{"device":"Room1Plug2","status":"Activated","time":" ","timestamp":"2018-03-24T04:23:17.780Z"}}
{"_index":"ifttt-2018-03-24","_type":"webhook","_id":"Sat Mar 24 2018 04:52:18 GMT+0000 (UTC)","_score":1,"_source":{"device":"Room1Plug1","status":"Deactivated","timestamp":"2018-03-24T04:52:18.958Z"}}
{"_index":"ifttt-2018-03-24","_type":"webhook","_id":"Sat Mar 24 2018 07:38:27 GMT+0000 (UTC)","_score":1,"_source":{"device":"Room1Plug2","status":"Activated","time":" ","timestamp":"2018-03-24T07:38:27.309Z"}}
{"_index":"ifttt-2018-03-24","_type":"webhook","_id":"Sat Mar 24 2018 17:22:11 GMT+0000 (UTC)","_score":1,"_source":{"device":"Room1Plug1","status":"Deactivated","timestamp":"2018-03-24T17:22:11.036Z"}}
{"_index":"ifttt-2018-03-24","_type":"webhook","_id":"Sat Mar 24 2018 01:08:03 GMT+0000 (UTC)","_score":1,"_source":{"device":"Room1Plug2","status":"Activated","time":" ","timestamp":"2018-03-24T01:08:03.337Z"}}
{"_index":"ifttt-2018-03-24","_type":"webhook","_id":"Sat Mar 24 2018 02:08:19 GMT+0000 (UTC)","_score":1,"_source":{"device":"Room1Plug2","status":"Activated","time":" ","timestamp":"2018-03-24T02:08:19.327Z"}}
{"_index":"ifttt-2018-03-24","_type":"webhook","_id":"Sat Mar 24 2018 06:08:12 GMT+0000 (UTC)","_score":1,"_source":{"device":"Room1Plug1","status":"Deactivated","timestamp":"2018-03-24T06:08:12.549Z"}}
{"_index":"ifttt-2018-03-24","_type":"webhook","_id":"Sat Mar 24 2018 07:22:05 GMT+0000 (UTC)","_score":1,"_source":{"device":"Room1Plug1","status":"Deactivated","timestamp":"2018-03-24T07:22:05.636Z"}}
{"_index":"ifttt-2018-03-24","_type":"webhook","_id":"Sat Mar 24 2018 16:08:35 GMT+0000 (UTC)","_score":1,"_source":{"device":"Room1Plug1","status":"Deactivated","timestamp":"2018-03-24T16:08:35.516Z"}}
{"_index":"ifttt-2018-03-24","_type":"webhook","_id":"Sat Mar 24 2018 19:37:15 GMT+0000 (UTC)","_score":1,"_source":{"device":"Room1Plug1","status":"Deactivated","timestamp":"2018-03-24T19:37:15.743Z"}}
{"_index":"ifttt-2018-03-24","_type":"webhook","_id":"Sat Mar 24 2018 20:37:25 GMT+0000 (UTC)","_score":1,"_source":{"device":"Room1Plug1","status":"Deactivated","timestamp":"2018-03-24T20:37:25.429Z"}}
{"_index":"ifttt-2018-03-24","_type":"webhook","_id":"Sat Mar 24 2018 21:38:13 GMT+0000 (UTC)","_score":1,"_source":{"device":"Room1Plug2","status":"Activated","time":" ","timestamp":"2018-03-24T21:38:13.149Z"}}
{"_index":"ifttt-2018-03-24","_type":"webhook","_id":"Sat Mar 24 2018 22:38:20 GMT+0000 (UTC)","_score":1,"_source":{"device":"Room1Plug2","status":"Activated","time":" ","timestamp":"2018-03-24T22:38:20.712Z"}}
{"_index":"ifttt-2018-03-24","_type":"webhook","_id":"Sat Mar 24 2018 00:24:47 GMT+0000 (UTC)","_score":1,"_source":{"device":"Room1Plug1","status":"Deactivated","timestamp":"2018-03-24T00:24:47.339Z"}}
{"_index":"ifttt-2018-03-24","_type":"webhook","_id":"Sat Mar 24 2018 01:37:12 GMT+0000 (UTC)","_score":1,"_source":{"device":"Room1Plug1","status":"Deactivated","timestamp":"2018-03-24T01:37:12.649Z"}}
{"_index":"ifttt-2018-03-24","_type":"webhook","_id":"Sat Mar 24 2018 09:52:03 GMT+0000 (UTC)","_score":1,"_source":{"device":"Room1Plug1","status":"Deactivated","timestamp":"2018-03-24T09:52:03.912Z"}}
{"_index":"ifttt-2018-03-24","_type":"webhook","_id":"Sat Mar 24 2018 10:52:08 GMT+0000 (UTC)","_score":1,"_source":{"device":"Room1Plug1","status":"Deactivated","timestamp":"2018-03-24T10:52:08.286Z"}}
{"_index":"ifttt-2018-03-24","_type":"webhook","_id":"Sat Mar 24 2018 11:52:13 GMT+0000 (UTC)","_score":1,"_source":{"device":"Room1Plug1","status":"Deactivated","timestamp":"2018-03-24T11:52:13.589Z"}}
{"_index":"ifttt-2018-03-24","_type":"webhook","_id":"Sat Mar 24 2018 11:53:17 GMT+0000 (UTC)","_score":1,"_source":{"device":"Room1Plug2","status":"Activated","time":" ","timestamp":"2018-03-24T11:53:17.517Z"}}
{"_index":"ifttt-2018-03-24","_type":"webhook","_id":"Sat Mar 24 2018 12:52:36 GMT+0000 (UTC)","_score":1,"_source":{"device":"Room1Plug1","status":"Deactivated","timestamp":"2018-03-24T12:52:36.031Z"}}
{"_index":"ifttt-2018-03-24","_type":"webhook","_id":"Sat Mar 24 2018 03:52:06 GMT+0000 (UTC)","_score":1,"_source":{"device":"Room1Plug1","status":"Deactivated","timestamp":"2018-03-24T03:52:06.450Z"}}
{"_index":"ifttt-2018-03-24","_type":"webhook","_id":"Sat Mar 24 2018 16:09:24 GMT+0000 (UTC)","_score":1,"_source":{"device":"Room1Plug2","status":"Activated","time":" ","timestamp":"2018-03-24T16:09:24.910Z"}}
{"_index":"ifttt-2018-03-24","_type":"webhook","_id":"Sat Mar 24 2018 18:22:17 GMT+0000 (UTC)","_score":1,"_source":{"device":"Room1Plug1","status":"Deactivated","timestamp":"2018-03-24T18:22:17.645Z"}}
{"_index":"ifttt-2018-03-24","_type":"webhook","_id":"Sat Mar 24 2018 22:52:23 GMT+0000 (UTC)","_score":1,"_source":{"device":"Room1Plug1","status":"Deactivated","timestamp":"2018-03-24T22:52:23.993Z"}}
