{"_index":"ifttt-2018-04-06","_type":"webhook","_id":"Fri Apr 06 2018 19:41:51 GMT+0000 (UTC)","_score":1,"_source":{"time":"April 6, 2018 at 03:41PM","device":"Alexa","message":"Played Music","artist":" The Beatles","album":" The Beatles (Remastered) [Explicit]","song":" Back In The U.S.S.R. (Remastered)","timestamp":"2018-04-06T19:41:51.176Z"}}
{"_index":"ifttt-2018-04-06","_type":"webhook","_id":"Fri Apr 06 2018 18:23:29 GMT+0000 (UTC)","_score":1,"_source":{"time":"April 6, 2018 at 02:23PM","device":"Alexa","message":"Played Music","artist":" The Beatles","album":" The Beatles (Remastered) [Explicit]","song":" Blackbird (Remastered)","timestamp":"2018-04-06T18:23:29.759Z"}}
{"_index":"ifttt-2018-04-06","_type":"webhook","_id":"Fri Apr 06 2018 18:51:17 GMT+0000 (UTC)","_score":1,"_source":{"time":"April 6, 2018 at 02:51PM","device":"Alexa","message":"Played Music","artist":" The Beatles","album":" Magical Mystery Tour","song":" Penny Lane (Remastered)","timestamp":"2018-04-06T18:51:17.807Z"}}
{"_index":"ifttt-2018-04-06","_type":"webhook","_id":"Fri Apr 06 2018 19:40:17 GMT+0000 (UTC)","_score":1,"_source":{"time":"April 6, 2018 at 03:40PM","device":"Alexa","message":"Played Music","artist":" The Beatles","album":" Abbey Road","song":" Golden Slumbers (Remastered)","timestamp":"2018-04-06T19:40:17.684Z"}}
{"_index":"ifttt-2018-04-06","_type":"webhook","_id":"Fri Apr 06 2018 18:25:49 GMT+0000 (UTC)","_score":1,"_source":{"time":"April 6, 2018 at 02:25PM","device":"Alexa","message":"Played Music","artist":" The Beatles","album":" Rubber Soul","song":" In My Life (Remastered)","timestamp":"2018-04-06T18:25:49.547Z"}}
{"_index":"ifttt-2018-04-06","_type":"webhook","_id":"Fri Apr 06 2018 19:44:35 GMT+0000 (UTC)","_score":1,"_source":{"time":"April 6, 2018 at 03:44PM","device":"Alexa","message":"Played Music","artist":" The Beatles","album":" Rubber Soul","song":" Michelle (Remastered)","timestamp":"2018-04-06T19:44:35.545Z"}}
{"_index":"ifttt-2018-04-06","_type":"webhook","_id":"Fri Apr 06 2018 15:44:47 GMT+0000 (UTC)","_score":1,"_source":{"device":"FrontLock1","status":"Unlocked","user":" Manual Unlock","timestamp":"2018-04-06T15:44:47.627Z"}}
{"_index":"ifttt-2018-04-06","_type":"webhook","_id":"Fri Apr 06 2018 15:51:33 GMT+0000 (UTC)","_score":1,"_source":{"device":"FrontLock1","status":"Unlocked","user":" Manual Unlock","timestamp":"2018-04-06T15:51:33.410Z"}}
{"_index":"ifttt-2018-04-06","_type":"webhook","_id":"Fri Apr 06 2018 15:57:14 GMT+0000 (UTC)","_score":1,"_source":{"device":"FrontLock1","status":"Unlocked","user":" Manual Unlock","timestamp":"2018-04-06T15:57:14.740Z"}}
{"_index":"ifttt-2018-04-06","_type":"webhook","_id":"Fri Apr 06 2018 16:00:36 GMT+0000 (UTC)","_score":1,"_source":{"device":"FrontLock1","status":"Unlocked","user":" Manual Unlock","timestamp":"2018-04-06T16:00:36.974Z"}}
{"_index":"ifttt-2018-04-06","_type":"webhook","_id":"Fri Apr 06 2018 16:10:41 GMT+0000 (UTC)","_score":1,"_source":{"device":"FrontLock1","status":"Unlocked","user":" Manual Unlock","timestamp":"2018-04-06T16:10:41.036Z"}}
{"_index":"ifttt-2018-04-06","_type":"webhook","_id":"Fri Apr 06 2018 15:20:08 GMT+0000 (UTC)","_score":1,"_source":{"device":"FrontLock1","status":"Unlocked","user":" Manny Kin","timestamp":"2018-04-06T15:20:08.287Z"}}
{"_index":"ifttt-2018-04-06","_type":"webhook","_id":"Fri Apr 06 2018 15:37:59 GMT+0000 (UTC)","_score":1,"_source":{"device":"FrontLock1","status":"Locked","user":"Manual Lock","timestamp":"2018-04-06T15:37:59.296Z"}}
{"_index":"ifttt-2018-04-06","_type":"webhook","_id":"Fri Apr 06 2018 15:45:19 GMT+0000 (UTC)","_score":1,"_source":{"device":"FrontLock1","status":"Locked","user":"Manual Lock","timestamp":"2018-04-06T15:45:19.779Z"}}
{"_index":"ifttt-2018-04-06","_type":"webhook","_id":"Fri Apr 06 2018 16:07:40 GMT+0000 (UTC)","_score":1,"_source":{"device":"FrontLock1","status":"Locked","user":"Manual Lock","timestamp":"2018-04-06T16:07:40.810Z"}}
{"_index":"ifttt-2018-04-06","_type":"webhook","_id":"Fri Apr 06 2018 13:58:24 GMT+0000 (UTC)","_score":1,"_source":{"device":"FrontLock1","status":"Unlocked","user":" Manny Kin","timestamp":"2018-04-06T13:58:24.137Z"}}
{"_index":"ifttt-2018-04-06","_type":"webhook","_id":"Fri Apr 06 2018 16:10:52 GMT+0000 (UTC)","_score":1,"_source":{"device":"FrontLock1","status":"Locked","user":"Manual Lock","timestamp":"2018-04-06T16:10:52.621Z"}}
{"_index":"ifttt-2018-04-06","_type":"webhook","_id":"Fri Apr 06 2018 19:29:17 GMT+0000 (UTC)","_score":1,"_source":{"device":"Room1Plug1","message":"Activated","timestamp":"2018-04-06T19:29:17.034Z"}}
{"_index":"ifttt-2018-04-06","_type":"webhook","_id":"Fri Apr 06 2018 16:11:11 GMT+0000 (UTC)","_score":1,"_source":{"device":"FrontLock1","status":"Locked","user":"Manual Lock","timestamp":"2018-04-06T16:11:11.605Z"}}
{"_index":"ifttt-2018-04-06","_type":"webhook","_id":"Fri Apr 06 2018 19:52:49 GMT+0000 (UTC)","_score":1,"_source":{"time":"April 6, 2018 at 03:52PM","device":"Alexa","message":"Played Music","artist":" The Beatles","album":" The Beatles (Remastered) [Explicit]","song":" Ob-La-Di, Ob-La-Da (Remastered)","timestamp":"2018-04-06T19:52:49.025Z"}}
{"_index":"ifttt-2018-04-06","_type":"webhook","_id":"Fri Apr 06 2018 21:01:52 GMT+0000 (UTC)","_score":1,"_source":{"time":"April 6, 2018 at 05:01PM","device":"Alexa","message":"Played Music","artist":" The Beatles","album":" Let It Be","song":" The Long And Winding Road (Remastered)","timestamp":"2018-04-06T21:01:52.084Z"}}
{"_index":"ifttt-2018-04-06","_type":"webhook","_id":"Fri Apr 06 2018 20:56:04 GMT+0000 (UTC)","_score":1,"_source":{"time":"April 6, 2018 at 04:56PM","device":"Alexa","message":"Played Music","artist":" The Beatles","album":" A Hard Day's Night","song":" And I Love Her (Remastered)","timestamp":"2018-04-06T20:56:04.589Z"}}
{"_index":"ifttt-2018-04-06","_type":"webhook","_id":"Fri Apr 06 2018 20:42:26 GMT+0000 (UTC)","_score":1,"_source":{"time":"April 6, 2018 at 04:42PM","device":"Alexa","message":"Played Music","artist":" The Beatles","album":" Revolver","song":" And Your Bird Can Sing (Remastered)","timestamp":"2018-04-06T20:42:26.022Z"}}
{"_index":"ifttt-2018-04-06","_type":"webhook","_id":"Fri Apr 06 2018 20:29:07 GMT+0000 (UTC)","_score":1,"_source":{"time":"April 6, 2018 at 04:29PM","device":"Alexa","message":"Played Music","artist":" The Beatles","album":" Abbey Road","song":" Mean Mr Mustard (Remastered)","timestamp":"2018-04-06T20:29:07.849Z"}}
{"_index":"ifttt-2018-04-06","_type":"webhook","_id":"Fri Apr 06 2018 19:49:19 GMT+0000 (UTC)","_score":1,"_source":{"time":"April 6, 2018 at 03:49PM","device":"Alexa","message":"Played Music","artist":" The Beatles","album":" Abbey Road","song":" Oh! Darling (Remastered)","timestamp":"2018-04-06T19:49:19.806Z"}}
{"_index":"ifttt-2018-04-06","_type":"webhook","_id":"Fri Apr 06 2018 19:56:00 GMT+0000 (UTC)","_score":1,"_source":{"time":"April 6, 2018 at 03:55PM","device":"Alexa","message":"Played Music","artist":" The Beatles","album":" Abbey Road","song":" Something (Remastered)","timestamp":"2018-04-06T19:56:00.023Z"}}
{"_index":"ifttt-2018-04-06","_type":"webhook","_id":"Fri Apr 06 2018 20:34:19 GMT+0000 (UTC)","_score":1,"_source":{"time":"April 6, 2018 at 04:34PM","device":"Alexa","message":"Played Music","artist":" The Beatles","album":" Abbey Road","song":" Because (Remastered)","timestamp":"2018-04-06T20:34:19.597Z"}}
{"_index":"ifttt-2018-04-06","_type":"webhook","_id":"Fri Apr 06 2018 19:47:57 GMT+0000 (UTC)","_score":1,"_source":{"time":"April 6, 2018","device":"miniCam","message":"motion","location":"Exterior-FrontDoor","timestamp":"2018-04-06T19:47:57.848Z"}}
{"_index":"ifttt-2018-04-06","_type":"webhook","_id":"Fri Apr 06 2018 21:39:52 GMT+0000 (UTC)","_score":1,"_source":{"time":"April 6, 2018 at 05:39PM","device":"Alexa","message":"Played Music","artist":" The Beatles","album":" The Beatles (Remastered) [Explicit]","song":" Don't Pass Me By (Remastered)","timestamp":"2018-04-06T21:39:52.567Z"}}
{"_index":"ifttt-2018-04-06","_type":"webhook","_id":"Fri Apr 06 2018 21:26:20 GMT+0000 (UTC)","_score":1,"_source":{"time":"April 6, 2018 at 05:26PM","device":"Alexa","message":"Played Music","artist":" The Beatles","album":" The Beatles (Remastered) [Explicit]","song":" Revolution 1 (Remastered)","timestamp":"2018-04-06T21:26:20.092Z"}}
{"_index":"ifttt-2018-04-06","_type":"webhook","_id":"Fri Apr 06 2018 21:51:36 GMT+0000 (UTC)","_score":1,"_source":{"time":"April 6, 2018 at 05:51PM","device":"Alexa","message":"Played Music","artist":" The Beatles","album":" The Beatles (Remastered) [Explicit]","song":" Yer Blues (Remastered)","timestamp":"2018-04-06T21:51:36.631Z"}}
{"_index":"ifttt-2018-04-06","_type":"webhook","_id":"Fri Apr 06 2018 21:16:40 GMT+0000 (UTC)","_score":1,"_source":{"time":"April 6, 2018 at 05:16PM","device":"Alexa","message":"Played Music","artist":" The Beatles","album":" Magical Mystery Tour","song":" Magical Mystery Tour (Remastered)","timestamp":"2018-04-06T21:16:40.587Z"}}
{"_index":"ifttt-2018-04-06","_type":"webhook","_id":"Fri Apr 06 2018 22:21:48 GMT+0000 (UTC)","_score":1,"_source":{"time":"April 6, 2018 at 06:21PM","device":"Alexa","message":"Played Music","artist":" The Beatles","album":" Please Please Me","song":" Twist And Shout (Remastered)","timestamp":"2018-04-06T22:21:48.796Z"}}
{"_index":"ifttt-2018-04-06","_type":"webhook","_id":"Fri Apr 06 2018 22:07:29 GMT+0000 (UTC)","_score":1,"_source":{"time":"April 6, 2018 at 06:07PM","device":"Alexa","message":"Played Music","artist":" The Beatles","album":" Rubber Soul","song":" You Won't See Me (Remastered)","timestamp":"2018-04-06T22:07:29.258Z"}}
{"_index":"ifttt-2018-04-06","_type":"webhook","_id":"Fri Apr 06 2018 21:11:47 GMT+0000 (UTC)","_score":1,"_source":{"time":"April 6, 2018 at 05:11PM","device":"Alexa","message":"Played Music","artist":" The Beatles","album":" Revolver","song":" She Said She Said (Remastered)","timestamp":"2018-04-06T21:11:47.550Z"}}
{"_index":"ifttt-2018-04-06","_type":"webhook","_id":"Fri Apr 06 2018 21:59:29 GMT+0000 (UTC)","_score":1,"_source":{"time":"April 6, 2018 at 05:59PM","device":"Alexa","message":"Played Music","artist":" The Beatles","album":" Revolver","song":" Love You To (Remastered)","timestamp":"2018-04-06T21:59:29.248Z"}}
{"_index":"ifttt-2018-04-06","_type":"webhook","_id":"Fri Apr 06 2018 22:24:24 GMT+0000 (UTC)","_score":1,"_source":{"time":"April 6, 2018 at 06:24PM","device":"Alexa","message":"Played Music","artist":" The Beatles","album":" Let It Be","song":" Two Of Us (Remastered)","timestamp":"2018-04-06T22:24:24.891Z"}}
{"_index":"ifttt-2018-04-06","_type":"webhook","_id":"Fri Apr 06 2018 22:39:01 GMT+0000 (UTC)","_score":1,"_source":{"time":"April 6, 2018 at 06:38PM","device":"Alexa","message":"Played Music","artist":" The Beatles","album":" Rubber Soul","song":" What Goes On (Remastered)","timestamp":"2018-04-06T22:39:01.810Z"}}
{"_index":"ifttt-2018-04-06","_type":"webhook","_id":"Fri Apr 06 2018 23:28:26 GMT+0000 (UTC)","_score":1,"_source":{"time":"April 6, 2018 at 07:28PM","device":"Alexa","message":"Played Music","artist":" The Beatles","album":" Sgt. Pepper's Lonely Hearts Club Band (Deluxe Edition)","song":" Getting Better (Remix)","timestamp":"2018-04-06T23:28:26.045Z"}}
{"_index":"ifttt-2018-04-06","_type":"webhook","_id":"Fri Apr 06 2018 23:34:02 GMT+0000 (UTC)","_score":1,"_source":{"time":"April 6, 2018 at 07:34PM","device":"Alexa","message":"Played Music","artist":" The Beatles","album":" Let It Be","song":" I Me Mine (Remastered)","timestamp":"2018-04-06T23:34:02.088Z"}}
{"_index":"ifttt-2018-04-06","_type":"webhook","_id":"Fri Apr 06 2018 23:38:50 GMT+0000 (UTC)","_score":1,"_source":{"time":"April 6, 2018 at 07:38PM","device":"Alexa","message":"Played Music","artist":" The Beatles","album":" A Hard Day's Night","song":" I Should Have Known Better (Remastered)","timestamp":"2018-04-06T23:38:50.799Z"}}
{"_index":"ifttt-2018-04-06","_type":"webhook","_id":"Fri Apr 06 2018 23:48:51 GMT+0000 (UTC)","_score":1,"_source":{"time":"April 6, 2018 at 07:48PM","device":"Alexa","message":"Played Music","artist":" The Beatles","album":" Let It Be","song":" For You Blue (Remastered)","timestamp":"2018-04-06T23:48:51.072Z"}}
{"_index":"ifttt-2018-04-06","_type":"webhook","_id":"Fri Apr 06 2018 15:02:15 GMT+0000 (UTC)","_score":1,"_source":{"device":"FrontLock1","status":"Unlocked","user":" Manual Unlock","timestamp":"2018-04-06T15:02:15.079Z"}}
{"_index":"ifttt-2018-04-06","_type":"webhook","_id":"Fri Apr 06 2018 16:07:28 GMT+0000 (UTC)","_score":1,"_source":{"device":"FrontLock1","status":"Unlocked","user":" Manual Unlock","timestamp":"2018-04-06T16:07:28.033Z"}}
{"_index":"ifttt-2018-04-06","_type":"webhook","_id":"Fri Apr 06 2018 14:20:58 GMT+0000 (UTC)","_score":1,"_source":{"device":"FrontLock1","status":"Unlocked","user":" Manny Kin","timestamp":"2018-04-06T14:20:58.493Z"}}
{"_index":"ifttt-2018-04-06","_type":"webhook","_id":"Fri Apr 06 2018 18:12:49 GMT+0000 (UTC)","_score":1,"_source":{"device":"FrontLock1","status":"Unlocked","user":" Manny Kin","timestamp":"2018-04-06T18:12:49.718Z"}}
{"_index":"ifttt-2018-04-06","_type":"webhook","_id":"Fri Apr 06 2018 15:49:23 GMT+0000 (UTC)","_score":1,"_source":{"device":"FrontLock1","status":"Locked","user":"Manual Lock","timestamp":"2018-04-06T15:49:23.758Z"}}
{"_index":"ifttt-2018-04-06","_type":"webhook","_id":"Fri Apr 06 2018 16:05:14 GMT+0000 (UTC)","_score":1,"_source":{"device":"FrontLock1","status":"Locked","user":"Manual Lock","timestamp":"2018-04-06T16:05:14.691Z"}}
{"_index":"ifttt-2018-04-06","_type":"webhook","_id":"Fri Apr 06 2018 13:51:10 GMT+0000 (UTC)","_score":1,"_source":{"device":"FrontLock1","status":"Locked","User":"Manny Kin","timestamp":"2018-04-06T13:51:10.205Z"}}
{"_index":"ifttt-2018-04-06","_type":"webhook","_id":"Fri Apr 06 2018 02:44:17 GMT+0000 (UTC)","_score":1,"_source":{"device":"Room1Plug2","status":"Activated","time":" ","timestamp":"2018-04-06T02:44:17.484Z"}}
{"_index":"ifttt-2018-04-06","_type":"webhook","_id":"Fri Apr 06 2018 04:49:25 GMT+0000 (UTC)","_score":1,"_source":{"device":"Room1Plug2","status":"Activated","time":" ","timestamp":"2018-04-06T04:49:25.338Z"}}
{"_index":"ifttt-2018-04-06","_type":"webhook","_id":"Fri Apr 06 2018 12:04:34 GMT+0000 (UTC)","_score":1,"_source":{"device":"Room1Plug2","status":"Activated","time":" ","timestamp":"2018-04-06T12:04:34.641Z"}}
{"_index":"ifttt-2018-04-06","_type":"webhook","_id":"Fri Apr 06 2018 18:54:21 GMT+0000 (UTC)","_score":1,"_source":{"time":"April 6, 2018 at 02:54PM","device":"Alexa","message":"Played Music","artist":" The Beatles","album":" The Beatles (Remastered) [Explicit]","song":" Birthday (Remastered)","timestamp":"2018-04-06T18:54:21.067Z"}}
{"_index":"ifttt-2018-04-06","_type":"webhook","_id":"Fri Apr 06 2018 19:18:15 GMT+0000 (UTC)","_score":1,"_source":{"time":"April 6, 2018 at 03:18PM","device":"Alexa","message":"Played Music","artist":" The Beatles","album":" The Beatles (Remastered) [Explicit]","song":" I Will (Remastered)","timestamp":"2018-04-06T19:18:15.665Z"}}
{"_index":"ifttt-2018-04-06","_type":"webhook","_id":"Fri Apr 06 2018 18:47:28 GMT+0000 (UTC)","_score":1,"_source":{"time":"April 6, 2018 at 02:47PM","device":"Alexa","message":"Played Music","artist":" The Beatles","album":" Let It Be","song":" Across The Universe (Remastered)","timestamp":"2018-04-06T18:47:28.331Z"}}
{"_index":"ifttt-2018-04-06","_type":"webhook","_id":"Fri Apr 06 2018 19:04:09 GMT+0000 (UTC)","_score":1,"_source":{"time":"April 6, 2018 at 03:04PM","device":"Alexa","message":"Played Music","artist":" The Beatles","album":" Abbey Road","song":" Carry That Weight (Remastered)","timestamp":"2018-04-06T19:04:09.018Z"}}
{"_index":"ifttt-2018-04-06","_type":"webhook","_id":"Fri Apr 06 2018 18:32:58 GMT+0000 (UTC)","_score":1,"_source":{"time":"April 6, 2018 at 02:32PM","device":"Alexa","message":"Played Music","artist":" The Beatles","album":" Let It Be","song":" Let It Be (Remastered)","timestamp":"2018-04-06T18:32:58.645Z"}}
{"_index":"ifttt-2018-04-06","_type":"webhook","_id":"Fri Apr 06 2018 18:45:05 GMT+0000 (UTC)","_score":1,"_source":{"time":"April 6, 2018 at 02:45PM","device":"Alexa","message":"Played Music","artist":" The Beatles","album":" Abbey Road","song":" The End (Remastered)","timestamp":"2018-04-06T18:45:05.297Z"}}
{"_index":"ifttt-2018-04-06","_type":"webhook","_id":"Fri Apr 06 2018 19:09:17 GMT+0000 (UTC)","_score":1,"_source":{"time":"April 6, 2018 at 03:09PM","device":"Alexa","message":"Played Music","artist":" The Beatles","album":" Revolver","song":" Taxman (Remastered)","timestamp":"2018-04-06T19:09:17.707Z"}}
{"_index":"ifttt-2018-04-06","_type":"webhook","_id":"Fri Apr 06 2018 18:16:06 GMT+0000 (UTC)","_score":1,"_source":{"time":"April 6, 2018","device":"miniCam","message":"motion","location":"Exterior-FrontDoor","timestamp":"2018-04-06T18:16:06.891Z"}}
{"_index":"ifttt-2018-04-06","_type":"webhook","_id":"Fri Apr 06 2018 19:02:29 GMT+0000 (UTC)","_score":1,"_source":{"time":"April 6, 2018","device":"miniCam","message":"motion","location":"Exterior-FrontDoor","timestamp":"2018-04-06T19:02:29.552Z"}}
{"_index":"ifttt-2018-04-06","_type":"webhook","_id":"Fri Apr 06 2018 21:21:15 GMT+0000 (UTC)","_score":1,"_source":{"time":"April 6, 2018 at 05:21PM","device":"Alexa","message":"Played Music","artist":" The Beatles","album":" Sgt. Pepper's Lonely Hearts Club Band","song":" Sgt. Pepper's Lonely Hearts Club Band (Remastered)","timestamp":"2018-04-06T21:21:15.128Z"}}
{"_index":"ifttt-2018-04-06","_type":"webhook","_id":"Fri Apr 06 2018 20:20:24 GMT+0000 (UTC)","_score":1,"_source":{"time":"April 6, 2018 at 04:20PM","device":"Alexa","message":"Played Music","artist":" The Beatles","album":" The Beatles (Remastered) [Explicit]","song":" While My Guitar Gently Weeps (Remastered)","timestamp":"2018-04-06T20:20:24.350Z"}}
{"_index":"ifttt-2018-04-06","_type":"webhook","_id":"Fri Apr 06 2018 21:55:39 GMT+0000 (UTC)","_score":1,"_source":{"time":"April 6, 2018 at 05:55PM","device":"Alexa","message":"Played Music","artist":" The Beatles","album":" The Beatles (Remastered) [Explicit]","song":" Wild Honey Pie (Remastered)","timestamp":"2018-04-06T21:55:39.513Z"}}
{"_index":"ifttt-2018-04-06","_type":"webhook","_id":"Fri Apr 06 2018 21:23:19 GMT+0000 (UTC)","_score":1,"_source":{"time":"April 6, 2018 at 05:23PM","device":"Alexa","message":"Played Music","artist":" The Beatles","album":" Magical Mystery Tour","song":" The Fool On The Hill (Remastered)","timestamp":"2018-04-06T21:23:19.442Z"}}
{"_index":"ifttt-2018-04-06","_type":"webhook","_id":"Fri Apr 06 2018 19:35:06 GMT+0000 (UTC)","_score":1,"_source":{"time":"April 6, 2018 at 03:35PM","device":"Alexa","message":"Played Music","artist":" The Beatles","album":" Revolver","song":" Here, There And Everywhere (Remastered)","timestamp":"2018-04-06T19:35:06.604Z"}}
{"_index":"ifttt-2018-04-06","_type":"webhook","_id":"Fri Apr 06 2018 22:05:09 GMT+0000 (UTC)","_score":1,"_source":{"time":"April 6, 2018 at 06:05PM","device":"Alexa","message":"Played Music","artist":" The Beatles","album":" Rubber Soul","song":" Run For Your Life (Remastered)","timestamp":"2018-04-06T22:05:09.188Z"}}
{"_index":"ifttt-2018-04-06","_type":"webhook","_id":"Fri Apr 06 2018 20:08:34 GMT+0000 (UTC)","_score":1,"_source":{"time":"April 6, 2018 at 04:08PM","device":"Alexa","message":"Played Music","artist":" The Beatles","album":" Abbey Road","song":" Polythene Pam (Remastered)","timestamp":"2018-04-06T20:08:34.367Z"}}
{"_index":"ifttt-2018-04-06","_type":"webhook","_id":"Fri Apr 06 2018 19:34:33 GMT+0000 (UTC)","_score":1,"_source":{"device":"FrontLock1","status":"Unlocked","user":" Manual Unlock","timestamp":"2018-04-06T19:34:33.869Z"}}
{"_index":"ifttt-2018-04-06","_type":"webhook","_id":"Fri Apr 06 2018 19:34:36 GMT+0000 (UTC)","_score":1,"_source":{"device":"FrontLock1","status":"Unlocked","user":" Manual Unlock","timestamp":"2018-04-06T19:34:36.600Z"}}
{"_index":"ifttt-2018-04-06","_type":"webhook","_id":"Fri Apr 06 2018 22:47:16 GMT+0000 (UTC)","_score":1,"_source":{"time":"April 6, 2018 at 06:47PM","device":"Alexa","message":"Played Music","artist":" The Beatles","album":" Please Please Me","song":" I Saw Her Standing There (Remastered)","timestamp":"2018-04-06T22:47:16.945Z"}}
{"_index":"ifttt-2018-04-06","_type":"webhook","_id":"Fri Apr 06 2018 23:41:34 GMT+0000 (UTC)","_score":1,"_source":{"time":"April 6, 2018 at 07:41PM","device":"Alexa","message":"Played Music","artist":" The Beatles","album":" Let It Be","song":" One After 909 (Remastered)","timestamp":"2018-04-06T23:41:34.047Z"}}
{"_index":"ifttt-2018-04-06","_type":"webhook","_id":"Fri Apr 06 2018 23:45:11 GMT+0000 (UTC)","_score":1,"_source":{"time":"April 6, 2018 at 07:45PM","device":"Alexa","message":"Played Music","artist":" The Beatles","album":" Let It Be","song":" Dig It (Remastered)","timestamp":"2018-04-06T23:45:11.499Z"}}
{"_index":"ifttt-2018-04-06","_type":"webhook","_id":"Fri Apr 06 2018 23:54:05 GMT+0000 (UTC)","_score":1,"_source":{"time":"April 6, 2018 at 07:54PM","device":"Alexa","message":"Played Music","artist":" The Beatles","album":" Sgt. Pepper's Lonely Hearts Club Band (Deluxe Edition)","song":" She's Leaving Home (Remix)","timestamp":"2018-04-06T23:54:05.077Z"}}
{"_index":"ifttt-2018-04-06","_type":"webhook","_id":"Fri Apr 06 2018 23:57:31 GMT+0000 (UTC)","_score":1,"_source":{"time":"April 6, 2018 at 07:57PM","device":"Alexa","message":"Played Music","artist":" The Beatles","album":" A Hard Day's Night","song":" Things We Said Today (Remastered)","timestamp":"2018-04-06T23:57:31.333Z"}}
{"_index":"ifttt-2018-04-06","_type":"webhook","_id":"Fri Apr 06 2018 18:42:35 GMT+0000 (UTC)","_score":1,"_source":{"time":"April 6, 2018 at 02:42PM","device":"Alexa","message":"Played Music","artist":" The Beatles","album":" Revolver","song":" Got To Get You Into My Life (Remastered)","timestamp":"2018-04-06T18:42:35.447Z"}}
{"_index":"ifttt-2018-04-06","_type":"webhook","_id":"Fri Apr 06 2018 18:57:05 GMT+0000 (UTC)","_score":1,"_source":{"time":"April 6, 2018 at 02:57PM","device":"Alexa","message":"Played Music","artist":" The Beatles","album":" Revolver","song":" Good Day Sunshine (Remastered)","timestamp":"2018-04-06T18:57:05.759Z"}}
{"_index":"ifttt-2018-04-06","_type":"webhook","_id":"Fri Apr 06 2018 18:17:05 GMT+0000 (UTC)","_score":1,"_source":{"time":"April 6, 2018 at 02:17PM","device":"Alexa","message":"Played Music","artist":" The Beatles","album":" Abbey Road","song":" Come Together (Remastered)","timestamp":"2018-04-06T18:17:05.879Z"}}
{"_index":"ifttt-2018-04-06","_type":"webhook","_id":"Fri Apr 06 2018 19:23:09 GMT+0000 (UTC)","_score":1,"_source":{"time":"April 6, 2018 at 03:23PM","device":"Alexa","message":"Played Music","artist":" The Beatles","album":" Revolver","song":" Eleanor Rigby (Remastered)","timestamp":"2018-04-06T19:23:09.086Z"}}
{"_index":"ifttt-2018-04-06","_type":"webhook","_id":"Fri Apr 06 2018 19:16:06 GMT+0000 (UTC)","_score":1,"_source":{"time":"April 6, 2018 at 03:16PM","device":"Alexa","message":"Played Music","artist":" The Beatles","album":" Help!","song":" Yesterday (Remastered)","timestamp":"2018-04-06T19:16:06.909Z"}}
{"_index":"ifttt-2018-04-06","_type":"webhook","_id":"Fri Apr 06 2018 19:01:48 GMT+0000 (UTC)","_score":1,"_source":{"time":"April 6, 2018 at 03:01PM","device":"Alexa","message":"Played Music","artist":" The Beatles","album":" Help!","song":" Help! (Remastered)","timestamp":"2018-04-06T19:01:48.647Z"}}
{"_index":"ifttt-2018-04-06","_type":"webhook","_id":"Fri Apr 06 2018 15:49:03 GMT+0000 (UTC)","_score":1,"_source":{"device":"FrontLock1","status":"Unlocked","user":" Manual Unlock","timestamp":"2018-04-06T15:49:03.204Z"}}
{"_index":"ifttt-2018-04-06","_type":"webhook","_id":"Fri Apr 06 2018 15:52:51 GMT+0000 (UTC)","_score":1,"_source":{"device":"FrontLock1","status":"Unlocked","user":" Manual Unlock","timestamp":"2018-04-06T15:52:51.034Z"}}
{"_index":"ifttt-2018-04-06","_type":"webhook","_id":"Fri Apr 06 2018 15:54:25 GMT+0000 (UTC)","_score":1,"_source":{"device":"FrontLock1","status":"Unlocked","user":" Manual Unlock","timestamp":"2018-04-06T15:54:25.003Z"}}
{"_index":"ifttt-2018-04-06","_type":"webhook","_id":"Fri Apr 06 2018 15:53:08 GMT+0000 (UTC)","_score":1,"_source":{"device":"FrontLock1","status":"Locked","user":"Manual Lock","timestamp":"2018-04-06T15:53:08.262Z"}}
{"_index":"ifttt-2018-04-06","_type":"webhook","_id":"Fri Apr 06 2018 16:00:46 GMT+0000 (UTC)","_score":1,"_source":{"device":"FrontLock1","status":"Locked","user":"Manual Lock","timestamp":"2018-04-06T16:00:46.084Z"}}
{"_index":"ifttt-2018-04-06","_type":"webhook","_id":"Fri Apr 06 2018 16:01:57 GMT+0000 (UTC)","_score":1,"_source":{"device":"FrontLock1","status":"Locked","user":"Manual Lock","timestamp":"2018-04-06T16:01:57.775Z"}}
{"_index":"ifttt-2018-04-06","_type":"webhook","_id":"Fri Apr 06 2018 16:09:36 GMT+0000 (UTC)","_score":1,"_source":{"device":"FrontLock1","status":"Locked","user":"Manual Lock","timestamp":"2018-04-06T16:09:36.817Z"}}
{"_index":"ifttt-2018-04-06","_type":"webhook","_id":"Fri Apr 06 2018 07:15:45 GMT+0000 (UTC)","_score":1,"_source":{"device":"Room1Plug1","status":"Activated","timestamp":"2018-04-06T07:15:45.641Z"}}
{"_index":"ifttt-2018-04-06","_type":"webhook","_id":"Fri Apr 06 2018 13:50:19 GMT+0000 (UTC)","_score":1,"_source":{"device":"FrontLock1","status":"Locked","User":"Manny Kin","timestamp":"2018-04-06T13:50:19.159Z"}}
{"_index":"ifttt-2018-04-06","_type":"webhook","_id":"Fri Apr 06 2018 15:47:19 GMT+0000 (UTC)","_score":1,"_source":{"device":"FrontLock1","status":"Locked","user":"Manual Lock","timestamp":"2018-04-06T15:47:19.692Z"}}
{"_index":"ifttt-2018-04-06","_type":"webhook","_id":"Fri Apr 06 2018 17:02:43 GMT+0000 (UTC)","_score":1,"_source":{"time":"April 6, 2018","device":"miniCam","message":"motion","location":"Exterior-FrontDoor","timestamp":"2018-04-06T17:02:43.236Z"}}
{"_index":"ifttt-2018-04-06","_type":"webhook","_id":"Fri Apr 06 2018 17:08:08 GMT+0000 (UTC)","_score":1,"_source":{"time":"April 6, 2018","device":"miniCam","message":"motion","location":"Exterior-FrontDoor","timestamp":"2018-04-06T17:08:08.068Z"}}
{"_index":"ifttt-2018-04-06","_type":"webhook","_id":"Fri Apr 06 2018 18:13:29 GMT+0000 (UTC)","_score":1,"_source":{"device":"FrontLock1","status":"Locked","user":"Manny Kin","timestamp":"2018-04-06T18:13:29.177Z"}}
{"_index":"ifttt-2018-04-06","_type":"webhook","_id":"Fri Apr 06 2018 20:05:00 GMT+0000 (UTC)","_score":1,"_source":{"time":"April 6, 2018 at 04:04PM","device":"Alexa","message":"Played Music","artist":" The Beatles","album":" The Beatles (Remastered) [Explicit]","song":" Rocky Raccoon (Remastered)","timestamp":"2018-04-06T20:05:00.113Z"}}
{"_index":"ifttt-2018-04-06","_type":"webhook","_id":"Fri Apr 06 2018 19:30:09 GMT+0000 (UTC)","_score":1,"_source":{"time":"April 6, 2018 at 03:30PM","device":"Alexa","message":"Played Music","artist":" The Beatles","album":" The Beatles (Remastered) [Explicit]","song":" I'm So Tired (Remastered)","timestamp":"2018-04-06T19:30:09.268Z"}}
{"_index":"ifttt-2018-04-06","_type":"webhook","_id":"Fri Apr 06 2018 21:33:19 GMT+0000 (UTC)","_score":1,"_source":{"time":"April 6, 2018 at 05:33PM","device":"Alexa","message":"Played Music","artist":" The Beatles","album":" The Beatles (Remastered) [Explicit]","song":" Cry Baby Cry (Remastered)","timestamp":"2018-04-06T21:33:19.788Z"}}
{"_index":"ifttt-2018-04-06","_type":"webhook","_id":"Fri Apr 06 2018 20:58:35 GMT+0000 (UTC)","_score":1,"_source":{"time":"April 6, 2018 at 04:58PM","device":"Alexa","message":"Played Music","artist":" The Beatles","album":" The Beatles (Remastered) [Explicit]","song":" Good Night (Remastered)","timestamp":"2018-04-06T20:58:35.844Z"}}
{"_index":"ifttt-2018-04-06","_type":"webhook","_id":"Fri Apr 06 2018 21:30:36 GMT+0000 (UTC)","_score":1,"_source":{"time":"April 6, 2018 at 05:30PM","device":"Alexa","message":"Played Music","artist":" The Beatles","album":" The Beatles (Remastered) [Explicit]","song":" Honey Pie (Remastered)","timestamp":"2018-04-06T21:30:36.441Z"}}
{"_index":"ifttt-2018-04-06","_type":"webhook","_id":"Fri Apr 06 2018 21:08:46 GMT+0000 (UTC)","_score":1,"_source":{"time":"April 6, 2018 at 05:08PM","device":"Alexa","message":"Played Music","artist":" The Beatles","album":" Revolver","song":" Tomorrow Never Knows (Remastered)","timestamp":"2018-04-06T21:08:46.641Z"}}
{"_index":"ifttt-2018-04-06","_type":"webhook","_id":"Fri Apr 06 2018 20:02:32 GMT+0000 (UTC)","_score":1,"_source":{"time":"April 6, 2018 at 04:02PM","device":"Alexa","message":"Played Music","artist":" The Beatles","album":" Abbey Road","song":" Sun King (Remastered)","timestamp":"2018-04-06T20:02:32.467Z"}}
{"_index":"ifttt-2018-04-06","_type":"webhook","_id":"Fri Apr 06 2018 21:17:27 GMT+0000 (UTC)","_score":1,"_source":{"time":"April 6, 2018","device":"miniCam","message":"motion","location":"Exterior-FrontDoor","timestamp":"2018-04-06T21:17:27.529Z"}}
{"_index":"ifttt-2018-04-06","_type":"webhook","_id":"Fri Apr 06 2018 20:29:39 GMT+0000 (UTC)","_score":1,"_source":{"device":"Room1Plug1","message":"Activated","timestamp":"2018-04-06T20:29:39.729Z"}}
{"_index":"ifttt-2018-04-06","_type":"webhook","_id":"Fri Apr 06 2018 22:10:49 GMT+0000 (UTC)","_score":1,"_source":{"time":"April 6, 2018 at 06:10PM","device":"Alexa","message":"Played Music","artist":" The Beatles","album":" The Beatles (Remastered) [Explicit]","song":" Everybody's Got Something To Hide Except Me And My Monkey (Remastered)","timestamp":"2018-04-06T22:10:49.098Z"}}
{"_index":"ifttt-2018-04-06","_type":"webhook","_id":"Fri Apr 06 2018 22:19:03 GMT+0000 (UTC)","_score":1,"_source":{"time":"April 6, 2018 at 06:19PM","device":"Alexa","message":"Played Music","artist":" The Beatles","album":" Rubber Soul","song":" The Word (Remastered)","timestamp":"2018-04-06T22:19:03.346Z"}}
{"_index":"ifttt-2018-04-06","_type":"webhook","_id":"Fri Apr 06 2018 22:32:47 GMT+0000 (UTC)","_score":1,"_source":{"time":"April 6, 2018 at 06:32PM","device":"Alexa","message":"Played Music","artist":" The Beatles","album":" Let It Be","song":" Get Back (Remastered)","timestamp":"2018-04-06T22:32:47.726Z"}}
{"_index":"ifttt-2018-04-06","_type":"webhook","_id":"Fri Apr 06 2018 22:35:58 GMT+0000 (UTC)","_score":1,"_source":{"time":"April 6, 2018 at 06:35PM","device":"Alexa","message":"Played Music","artist":" The Beatles","album":" Magical Mystery Tour","song":" Baby, You're A Rich Man (Remastered)","timestamp":"2018-04-06T22:35:58.218Z"}}
{"_index":"ifttt-2018-04-06","_type":"webhook","_id":"Fri Apr 06 2018 22:50:13 GMT+0000 (UTC)","_score":1,"_source":{"time":"April 6, 2018 at 06:50PM","device":"Alexa","message":"Played Music","artist":" The Beatles","album":" Magical Mystery Tour","song":" Your Mother Should Know (Remastered)","timestamp":"2018-04-06T22:50:13.830Z"}}
{"_index":"ifttt-2018-04-06","_type":"webhook","_id":"Fri Apr 06 2018 23:04:36 GMT+0000 (UTC)","_score":1,"_source":{"time":"April 6, 2018 at 07:04PM","device":"Alexa","message":"Played Music","artist":" The Beatles","album":" Rubber Soul","song":" Wait (Remastered)","timestamp":"2018-04-06T23:04:36.090Z"}}
{"_index":"ifttt-2018-04-06","_type":"webhook","_id":"Fri Apr 06 2018 23:36:29 GMT+0000 (UTC)","_score":1,"_source":{"time":"April 6, 2018 at 07:36PM","device":"Alexa","message":"Played Music","artist":" The Beatles","album":" A Hard Day's Night","song":" If I Fell (Remastered)","timestamp":"2018-04-06T23:36:29.742Z"}}
{"_index":"ifttt-2018-04-06","_type":"webhook","_id":"Fri Apr 06 2018 10:37:42 GMT+0000 (UTC)","_score":1,"_source":{"time":" April 6, 2018","device":"miniCam","location":"Exterior-FrontDoor","timestamp":"2018-04-06T10:37:42.291Z"}}
{"_index":"ifttt-2018-04-06","_type":"webhook","_id":"Fri Apr 06 2018 12:47:40 GMT+0000 (UTC)","_score":1,"_source":{"time":" April 6, 2018","device":"miniCam","location":"Exterior-FrontDoor","timestamp":"2018-04-06T12:47:40.593Z"}}
{"_index":"ifttt-2018-04-06","_type":"webhook","_id":"Fri Apr 06 2018 13:45:05 GMT+0000 (UTC)","_score":1,"_source":{"device":"FrontLock1","status":"Unlocked","user":" Manny Kin","timestamp":"2018-04-06T13:45:05.234Z"}}
{"_index":"ifttt-2018-04-06","_type":"webhook","_id":"Fri Apr 06 2018 14:18:03 GMT+0000 (UTC)","_score":1,"_source":{"device":"FrontLock1","status":"Locked","User":"Manny Kin","timestamp":"2018-04-06T14:18:03.411Z"}}
{"_index":"ifttt-2018-04-06","_type":"webhook","_id":"Fri Apr 06 2018 15:10:07 GMT+0000 (UTC)","_score":1,"_source":{"device":"FrontLock1","status":"Locked","user":"Manny Kin","timestamp":"2018-04-06T15:10:07.969Z"}}
{"_index":"ifttt-2018-04-06","_type":"webhook","_id":"Fri Apr 06 2018 15:29:23 GMT+0000 (UTC)","_score":1,"_source":{"device":"FrontLock1","status":"Locked","user":"Manny Kin","timestamp":"2018-04-06T15:29:23.930Z"}}
{"_index":"ifttt-2018-04-06","_type":"webhook","_id":"Fri Apr 06 2018 01:44:10 GMT+0000 (UTC)","_score":1,"_source":{"device":"Room1Plug2","status":"Activated","time":" ","timestamp":"2018-04-06T01:44:10.486Z"}}
{"_index":"ifttt-2018-04-06","_type":"webhook","_id":"Fri Apr 06 2018 07:55:31 GMT+0000 (UTC)","_score":1,"_source":{"device":"Room1Plug2","status":"Activated","time":" ","timestamp":"2018-04-06T07:55:31.104Z"}}
{"_index":"ifttt-2018-04-06","_type":"webhook","_id":"Fri Apr 06 2018 08:59:09 GMT+0000 (UTC)","_score":1,"_source":{"device":"Room1Plug2","status":"Activated","time":" ","timestamp":"2018-04-06T08:59:09.310Z"}}
{"_index":"ifttt-2018-04-06","_type":"webhook","_id":"Fri Apr 06 2018 09:59:25 GMT+0000 (UTC)","_score":1,"_source":{"device":"Room1Plug2","status":"Activated","time":" ","timestamp":"2018-04-06T09:59:25.547Z"}}
{"_index":"ifttt-2018-04-06","_type":"webhook","_id":"Fri Apr 06 2018 18:21:26 GMT+0000 (UTC)","_score":1,"_source":{"time":"April 6, 2018 at 02:21PM","device":"Alexa","message":"Played Music","artist":" The Beatles","album":" Sgt. Pepper's Lonely Hearts Club Band (Deluxe Edition)","song":" Sgt. Pepper's Lonely Hearts Club Band (Remix)","timestamp":"2018-04-06T18:21:26.515Z"}}
{"_index":"ifttt-2018-04-06","_type":"webhook","_id":"Fri Apr 06 2018 18:13:13 GMT+0000 (UTC)","_score":1,"_source":{"time":"April 6, 2018 at 02:13PM","device":"Alexa","message":"Played Music","artist":" The Beatles","album":" Magical Mystery Tour","song":" All You Need Is Love (Remastered)","timestamp":"2018-04-06T18:13:13.790Z"}}
{"_index":"ifttt-2018-04-06","_type":"webhook","_id":"Fri Apr 06 2018 18:28:17 GMT+0000 (UTC)","_score":1,"_source":{"time":"April 6, 2018 at 02:28PM","device":"Alexa","message":"Played Music","artist":" The Beatles","album":" Revolver","song":" Yellow Submarine (Remastered)","timestamp":"2018-04-06T18:28:17.734Z"}}
{"_index":"ifttt-2018-04-06","_type":"webhook","_id":"Fri Apr 06 2018 18:24:30 GMT+0000 (UTC)","_score":1,"_source":{"time":"April 6, 2018","device":"miniCam","message":"motion","location":"Exterior-FrontDoor","timestamp":"2018-04-06T18:24:30.907Z"}}
{"_index":"ifttt-2018-04-06","_type":"webhook","_id":"Fri Apr 06 2018 15:37:33 GMT+0000 (UTC)","_score":1,"_source":{"device":"FrontLock1","status":"Unlocked","user":" Manual Unlock","timestamp":"2018-04-06T15:37:33.390Z"}}
{"_index":"ifttt-2018-04-06","_type":"webhook","_id":"Fri Apr 06 2018 16:01:32 GMT+0000 (UTC)","_score":1,"_source":{"device":"FrontLock1","status":"Unlocked","user":" Manual Unlock","timestamp":"2018-04-06T16:01:32.421Z"}}
{"_index":"ifttt-2018-04-06","_type":"webhook","_id":"Fri Apr 06 2018 15:51:45 GMT+0000 (UTC)","_score":1,"_source":{"device":"FrontLock1","status":"Locked","user":"Manual Lock","timestamp":"2018-04-06T15:51:45.410Z"}}
{"_index":"ifttt-2018-04-06","_type":"webhook","_id":"Fri Apr 06 2018 15:56:07 GMT+0000 (UTC)","_score":1,"_source":{"device":"FrontLock1","status":"Locked","user":"Manual Lock","timestamp":"2018-04-06T15:56:07.834Z"}}
{"_index":"ifttt-2018-04-06","_type":"webhook","_id":"Fri Apr 06 2018 15:57:45 GMT+0000 (UTC)","_score":1,"_source":{"device":"FrontLock1","status":"Locked","user":"Manual Lock","timestamp":"2018-04-06T15:57:45.512Z"}}
{"_index":"ifttt-2018-04-06","_type":"webhook","_id":"Fri Apr 06 2018 19:27:23 GMT+0000 (UTC)","_score":1,"_source":{"time":"April 6, 2018 at 03:27PM","device":"Alexa","message":"Played Music","artist":" The Beatles","album":" Sgt. Pepper's Lonely Hearts Club Band","song":" With A Little Help From My Friends (Remastered)","timestamp":"2018-04-06T19:27:23.177Z"}}
{"_index":"ifttt-2018-04-06","_type":"webhook","_id":"Fri Apr 06 2018 19:05:47 GMT+0000 (UTC)","_score":1,"_source":{"time":"April 6, 2018 at 03:05PM","device":"Alexa","message":"Played Music","artist":" The Beatles","album":" Sgt. Pepper's Lonely Hearts Club Band","song":" Lucy In The Sky With Diamonds (Remastered)","timestamp":"2018-04-06T19:05:47.248Z"}}
{"_index":"ifttt-2018-04-06","_type":"webhook","_id":"Fri Apr 06 2018 20:17:36 GMT+0000 (UTC)","_score":1,"_source":{"time":"April 6, 2018 at 04:17PM","device":"Alexa","message":"Played Music","artist":" The Beatles","album":" The Beatles (Remastered) [Explicit]","song":" Happiness Is A Warm Gun (Remastered)","timestamp":"2018-04-06T20:17:36.348Z"}}
{"_index":"ifttt-2018-04-06","_type":"webhook","_id":"Fri Apr 06 2018 19:25:17 GMT+0000 (UTC)","_score":1,"_source":{"time":"April 6, 2018 at 03:25PM","device":"Alexa","message":"Played Music","artist":" The Beatles","album":" Rubber Soul","song":" Norwegian Wood (This Bird Has Flown) (Remastered)","timestamp":"2018-04-06T19:25:17.919Z"}}
{"_index":"ifttt-2018-04-06","_type":"webhook","_id":"Fri Apr 06 2018 18:37:03 GMT+0000 (UTC)","_score":1,"_source":{"time":"April 6, 2018 at 02:37PM","device":"Alexa","message":"Played Music","artist":" The Beatles","album":" The Beatles (Remastered) [Explicit]","song":" Julia (Remastered)","timestamp":"2018-04-06T18:37:03.175Z"}}
{"_index":"ifttt-2018-04-06","_type":"webhook","_id":"Fri Apr 06 2018 19:59:04 GMT+0000 (UTC)","_score":1,"_source":{"time":"April 6, 2018 at 03:59PM","device":"Alexa","message":"Played Music","artist":" The Beatles","album":" Abbey Road","song":" Maxwell's Silver Hammer (Remastered)","timestamp":"2018-04-06T19:59:04.358Z"}}
{"_index":"ifttt-2018-04-06","_type":"webhook","_id":"Fri Apr 06 2018 18:33:40 GMT+0000 (UTC)","_score":1,"_source":{"time":"April 6, 2018","device":"miniCam","message":"motion","location":"Exterior-FrontDoor","timestamp":"2018-04-06T18:33:40.123Z"}}
{"_index":"ifttt-2018-04-06","_type":"webhook","_id":"Fri Apr 06 2018 20:18:24 GMT+0000 (UTC)","_score":1,"_source":{"time":"April 6, 2018","device":"miniCam","message":"motion","location":"Exterior-FrontDoor","timestamp":"2018-04-06T20:18:24.328Z"}}
{"_index":"ifttt-2018-04-06","_type":"webhook","_id":"Fri Apr 06 2018 19:56:20 GMT+0000 (UTC)","_score":1,"_source":{"device":"Room1Lamp","message":"Off","timestamp":"2018-04-06T19:56:20.911Z"}}
{"_index":"ifttt-2018-04-06","_type":"webhook","_id":"Fri Apr 06 2018 20:37:06 GMT+0000 (UTC)","_score":1,"_source":{"time":"April 6, 2018 at 04:37PM","device":"Alexa","message":"Played Music","artist":" The Beatles","album":" The Beatles (Remastered) [Explicit]","song":" Martha My Dear (Remastered)","timestamp":"2018-04-06T20:37:06.893Z"}}
{"_index":"ifttt-2018-04-06","_type":"webhook","_id":"Fri Apr 06 2018 22:13:15 GMT+0000 (UTC)","_score":1,"_source":{"time":"April 6, 2018 at 06:13PM","device":"Alexa","message":"Played Music","artist":" The Beatles","album":" The Beatles (Remastered) [Explicit]","song":" Long, Long, Long (Remastered)","timestamp":"2018-04-06T22:13:15.975Z"}}
{"_index":"ifttt-2018-04-06","_type":"webhook","_id":"Fri Apr 06 2018 20:49:06 GMT+0000 (UTC)","_score":1,"_source":{"time":"April 6, 2018 at 04:49PM","device":"Alexa","message":"Played Music","artist":" The Beatles","album":" The Beatles (Remastered) [Explicit]","song":" Glass Onion (Remastered)","timestamp":"2018-04-06T20:49:06.505Z"}}
{"_index":"ifttt-2018-04-06","_type":"webhook","_id":"Fri Apr 06 2018 21:48:20 GMT+0000 (UTC)","_score":1,"_source":{"time":"April 6, 2018 at 05:48PM","device":"Alexa","message":"Played Music","artist":" The Beatles","album":" The Beatles (Remastered) [Explicit]","song":" Sexy Sadie (Remastered)","timestamp":"2018-04-06T21:48:20.729Z"}}
{"_index":"ifttt-2018-04-06","_type":"webhook","_id":"Fri Apr 06 2018 21:46:15 GMT+0000 (UTC)","_score":1,"_source":{"time":"April 6, 2018 at 05:46PM","device":"Alexa","message":"Played Music","artist":" The Beatles","album":" The Beatles (Remastered) [Explicit]","song":" Piggies (Remastered)","timestamp":"2018-04-06T21:46:15.701Z"}}
{"_index":"ifttt-2018-04-06","_type":"webhook","_id":"Fri Apr 06 2018 22:02:30 GMT+0000 (UTC)","_score":1,"_source":{"time":"April 6, 2018 at 06:02PM","device":"Alexa","message":"Played Music","artist":" The Beatles","album":" A Hard Day's Night","song":" A Hard Day's Night (Remastered)","timestamp":"2018-04-06T22:02:30.449Z"}}
{"_index":"ifttt-2018-04-06","_type":"webhook","_id":"Fri Apr 06 2018 21:14:25 GMT+0000 (UTC)","_score":1,"_source":{"time":"April 6, 2018 at 05:14PM","device":"Alexa","message":"Played Music","artist":" The Beatles","album":" Revolver","song":" Doctor Robert (Remastered)","timestamp":"2018-04-06T21:14:25.596Z"}}
{"_index":"ifttt-2018-04-06","_type":"webhook","_id":"Fri Apr 06 2018 21:17:26 GMT+0000 (UTC)","_score":1,"_source":{"time":"April 6, 2018","device":"miniCam","message":"motion","location":"Exterior-FrontDoor","timestamp":"2018-04-06T21:17:26.878Z"}}
{"_index":"ifttt-2018-04-06","_type":"webhook","_id":"Fri Apr 06 2018 20:58:20 GMT+0000 (UTC)","_score":1,"_source":{"device":"Room1Lamp","message":"Off","timestamp":"2018-04-06T20:58:20.795Z"}}
{"_index":"ifttt-2018-04-06","_type":"webhook","_id":"Fri Apr 06 2018 22:28:04 GMT+0000 (UTC)","_score":1,"_source":{"time":"April 6, 2018 at 06:28PM","device":"Alexa","message":"Played Music","artist":" The Beatles","album":" Rubber Soul","song":" Think For Yourself (Remastered)","timestamp":"2018-04-06T22:28:04.447Z"}}
{"_index":"ifttt-2018-04-06","_type":"webhook","_id":"Fri Apr 06 2018 22:41:50 GMT+0000 (UTC)","_score":1,"_source":{"time":"April 6, 2018 at 06:41PM","device":"Alexa","message":"Played Music","artist":" The Beatles","album":" Help!","song":" Ticket To Ride (Remastered)","timestamp":"2018-04-06T22:41:50.398Z"}}
{"_index":"ifttt-2018-04-06","_type":"webhook","_id":"Fri Apr 06 2018 22:45:00 GMT+0000 (UTC)","_score":1,"_source":{"time":"April 6, 2018 at 06:44PM","device":"Alexa","message":"Played Music","artist":" The Beatles","album":" Magical Mystery Tour","song":" Flying (Remastered)","timestamp":"2018-04-06T22:45:00.859Z"}}
{"_index":"ifttt-2018-04-06","_type":"webhook","_id":"Fri Apr 06 2018 23:12:44 GMT+0000 (UTC)","_score":1,"_source":{"time":"April 6, 2018 at 07:12PM","device":"Alexa","message":"Played Music","artist":" The Beatles","album":" Sgt. Pepper's Lonely Hearts Club Band","song":" A Day In The Life (Remastered)","timestamp":"2018-04-06T23:12:44.744Z"}}
{"_index":"ifttt-2018-04-06","_type":"webhook","_id":"Fri Apr 06 2018 23:22:21 GMT+0000 (UTC)","_score":1,"_source":{"time":"April 6, 2018 at 07:22PM","device":"Alexa","message":"Played Music","artist":" The Beatles","album":" Magical Mystery Tour","song":" Blue Jay Way (Remastered)","timestamp":"2018-04-06T23:22:21.374Z"}}
{"_index":"ifttt-2018-04-06","_type":"webhook","_id":"Fri Apr 06 2018 23:44:31 GMT+0000 (UTC)","_score":1,"_source":{"time":"April 6, 2018 at 07:44PM","device":"Alexa","message":"Played Music","artist":" The Beatles","album":" Let It Be","song":" Maggie Mae (Remastered)","timestamp":"2018-04-06T23:44:31.379Z"}}
{"_index":"ifttt-2018-04-06","_type":"webhook","_id":"Fri Apr 06 2018 23:51:23 GMT+0000 (UTC)","_score":1,"_source":{"time":"April 6, 2018 at 07:51PM","device":"Alexa","message":"Played Music","artist":" The Beatles","album":" Sgt. Pepper's Lonely Hearts Club Band (Deluxe Edition)","song":" Fixing A Hole (Remix)","timestamp":"2018-04-06T23:51:23.956Z"}}
{"_index":"ifttt-2018-04-06","_type":"webhook","_id":"Fri Apr 06 2018 07:12:17 GMT+0000 (UTC)","_score":1,"_source":{"time":" April 6, 2018","device":"miniCam","location":"Exterior-FrontDoor","timestamp":"2018-04-06T07:12:17.989Z"}}
{"_index":"ifttt-2018-04-06","_type":"webhook","_id":"Fri Apr 06 2018 12:47:39 GMT+0000 (UTC)","_score":1,"_source":{"time":" April 6, 2018","device":"miniCam","location":"Exterior-FrontDoor","timestamp":"2018-04-06T12:47:39.873Z"}}
{"_index":"ifttt-2018-04-06","_type":"webhook","_id":"Fri Apr 06 2018 13:52:02 GMT+0000 (UTC)","_score":1,"_source":{"device":"FrontLock1","status":"Unlocked","user":" Manny Kin","timestamp":"2018-04-06T13:52:02.027Z"}}
{"_index":"ifttt-2018-04-06","_type":"webhook","_id":"Fri Apr 06 2018 13:48:47 GMT+0000 (UTC)","_score":1,"_source":{"device":"FrontLock1","status":"Locked","User":"Manny Kin","timestamp":"2018-04-06T13:48:47.019Z"}}
{"_index":"ifttt-2018-04-06","_type":"webhook","_id":"Fri Apr 06 2018 13:48:36 GMT+0000 (UTC)","_score":1,"_source":{"device":"FrontLock1","status":"Locked","User":"Manny Kin","timestamp":"2018-04-06T13:48:36.903Z"}}
{"_index":"ifttt-2018-04-06","_type":"webhook","_id":"Fri Apr 06 2018 13:52:56 GMT+0000 (UTC)","_score":1,"_source":{"device":"FrontLock1","status":"Locked","User":"Manny Kin","timestamp":"2018-04-06T13:52:56.162Z"}}
{"_index":"ifttt-2018-04-06","_type":"webhook","_id":"Fri Apr 06 2018 05:49:36 GMT+0000 (UTC)","_score":1,"_source":{"device":"Room1Plug2","status":"Activated","time":" ","timestamp":"2018-04-06T05:49:36.114Z"}}
{"_index":"ifttt-2018-04-06","_type":"webhook","_id":"Fri Apr 06 2018 11:04:24 GMT+0000 (UTC)","_score":1,"_source":{"device":"Room1Plug2","status":"Activated","time":" ","timestamp":"2018-04-06T11:04:24.496Z"}}
{"_index":"ifttt-2018-04-06","_type":"webhook","_id":"Fri Apr 06 2018 06:15:33 GMT+0000 (UTC)","_score":1,"_source":{"device":"Room1Plug1","status":"Activated","timestamp":"2018-04-06T06:15:33.087Z"}}
{"_index":"ifttt-2018-04-06","_type":"webhook","_id":"Fri Apr 06 2018 09:20:24 GMT+0000 (UTC)","_score":1,"_source":{"device":"Room1Plug1","status":"Activated","timestamp":"2018-04-06T09:20:24.348Z"}}
{"_index":"ifttt-2018-04-06","_type":"webhook","_id":"Fri Apr 06 2018 14:57:11 GMT+0000 (UTC)","_score":1,"_source":{"device":"FrontLock1","status":"Unlocked","user":" Manual Unlock","timestamp":"2018-04-06T14:57:11.586Z"}}
{"_index":"ifttt-2018-04-06","_type":"webhook","_id":"Fri Apr 06 2018 15:34:13 GMT+0000 (UTC)","_score":1,"_source":{"device":"FrontLock1","status":"Unlocked","user":" Manual Unlock","timestamp":"2018-04-06T15:34:13.805Z"}}
{"_index":"ifttt-2018-04-06","_type":"webhook","_id":"Fri Apr 06 2018 15:56:01 GMT+0000 (UTC)","_score":1,"_source":{"device":"FrontLock1","status":"Unlocked","user":" Manual Unlock","timestamp":"2018-04-06T15:56:01.379Z"}}
{"_index":"ifttt-2018-04-06","_type":"webhook","_id":"Fri Apr 06 2018 16:02:53 GMT+0000 (UTC)","_score":1,"_source":{"device":"FrontLock1","status":"Unlocked","user":" Manual Unlock","timestamp":"2018-04-06T16:02:53.698Z"}}
{"_index":"ifttt-2018-04-06","_type":"webhook","_id":"Fri Apr 06 2018 14:58:13 GMT+0000 (UTC)","_score":1,"_source":{"device":"FrontLock1","status":"Locked","user":"Manual Lock","timestamp":"2018-04-06T14:58:13.408Z"}}
{"_index":"ifttt-2018-04-06","_type":"webhook","_id":"Fri Apr 06 2018 15:34:52 GMT+0000 (UTC)","_score":1,"_source":{"device":"FrontLock1","status":"Locked","user":"Manual Lock","timestamp":"2018-04-06T15:34:52.851Z"}}
{"_index":"ifttt-2018-04-06","_type":"webhook","_id":"Fri Apr 06 2018 15:54:44 GMT+0000 (UTC)","_score":1,"_source":{"device":"FrontLock1","status":"Locked","user":"Manual Lock","timestamp":"2018-04-06T15:54:44.772Z"}}
{"_index":"ifttt-2018-04-06","_type":"webhook","_id":"Fri Apr 06 2018 16:03:12 GMT+0000 (UTC)","_score":1,"_source":{"device":"FrontLock1","status":"Locked","user":"Manual Lock","timestamp":"2018-04-06T16:03:12.623Z"}}
{"_index":"ifttt-2018-04-06","_type":"webhook","_id":"Fri Apr 06 2018 14:25:26 GMT+0000 (UTC)","_score":1,"_source":{"device":"Room1Plug1","status":"Activated","timestamp":"2018-04-06T14:25:26.543Z"}}
{"_index":"ifttt-2018-04-06","_type":"webhook","_id":"Fri Apr 06 2018 18:30:58 GMT+0000 (UTC)","_score":1,"_source":{"time":"April 6, 2018 at 02:30PM","device":"Alexa","message":"Played Music","artist":" The Beatles","album":" Abbey Road","song":" She Came In Through The Bathroom Window (Remastered)","timestamp":"2018-04-06T18:30:58.531Z"}}
{"_index":"ifttt-2018-04-06","_type":"webhook","_id":"Fri Apr 06 2018 18:40:01 GMT+0000 (UTC)","_score":1,"_source":{"time":"April 6, 2018 at 02:39PM","device":"Alexa","message":"Played Music","artist":" The Beatles","album":" Rubber Soul","song":" Girl (Remastered)","timestamp":"2018-04-06T18:40:01.540Z"}}
{"_index":"ifttt-2018-04-06","_type":"webhook","_id":"Fri Apr 06 2018 16:35:10 GMT+0000 (UTC)","_score":1,"_source":{"time":"April 6, 2018","device":"miniCam","message":"motion","location":"Exterior-FrontDoor","timestamp":"2018-04-06T16:35:10.989Z"}}
{"_index":"ifttt-2018-04-06","_type":"webhook","_id":"Fri Apr 06 2018 18:12:29 GMT+0000 (UTC)","_score":1,"_source":{"time":"April 6, 2018","device":"miniCam","message":"motion","location":"Exterior-FrontDoor","timestamp":"2018-04-06T18:12:29.778Z"}}
{"_index":"ifttt-2018-04-06","_type":"webhook","_id":"Fri Apr 06 2018 18:21:09 GMT+0000 (UTC)","_score":1,"_source":{"time":"April 6, 2018","device":"miniCam","message":"motion","location":"Exterior-FrontDoor","timestamp":"2018-04-06T18:21:09.665Z"}}
{"_index":"ifttt-2018-04-06","_type":"webhook","_id":"Fri Apr 06 2018 16:04:39 GMT+0000 (UTC)","_score":1,"_source":{"device":"FrontLock1","status":"Unlocked","user":" Manual Unlock","timestamp":"2018-04-06T16:04:39.693Z"}}
{"_index":"ifttt-2018-04-06","_type":"webhook","_id":"Fri Apr 06 2018 16:09:20 GMT+0000 (UTC)","_score":1,"_source":{"device":"FrontLock1","status":"Unlocked","user":" Manual Unlock","timestamp":"2018-04-06T16:09:20.807Z"}}
{"_index":"ifttt-2018-04-06","_type":"webhook","_id":"Fri Apr 06 2018 16:10:51 GMT+0000 (UTC)","_score":1,"_source":{"device":"FrontLock1","status":"Unlocked","user":" Manual Unlock","timestamp":"2018-04-06T16:10:51.498Z"}}
{"_index":"ifttt-2018-04-06","_type":"webhook","_id":"Fri Apr 06 2018 16:12:28 GMT+0000 (UTC)","_score":1,"_source":{"device":"FrontLock1","status":"Locked","user":"Manual Lock","timestamp":"2018-04-06T16:12:28.680Z"}}
{"_index":"ifttt-2018-04-06","_type":"webhook","_id":"Fri Apr 06 2018 19:11:58 GMT+0000 (UTC)","_score":1,"_source":{"time":"April 6, 2018 at 03:11PM","device":"Alexa","message":"Played Music","artist":" The Beatles","album":" Magical Mystery Tour","song":" Strawberry Fields Forever (Remastered)","timestamp":"2018-04-06T19:11:58.187Z"}}
{"_index":"ifttt-2018-04-06","_type":"webhook","_id":"Fri Apr 06 2018 20:25:08 GMT+0000 (UTC)","_score":1,"_source":{"time":"April 6, 2018 at 04:25PM","device":"Alexa","message":"Played Music","artist":" The Beatles","album":" The Beatles (Remastered) [Explicit]","song":" Dear Prudence (Remastered)","timestamp":"2018-04-06T20:25:08.751Z"}}
{"_index":"ifttt-2018-04-06","_type":"webhook","_id":"Fri Apr 06 2018 20:30:15 GMT+0000 (UTC)","_score":1,"_source":{"time":"April 6, 2018 at 04:30PM","device":"Alexa","message":"Played Music","artist":" The Beatles","album":" Abbey Road","song":" You Never Give Me Your Money (Remastered)","timestamp":"2018-04-06T20:30:15.000Z"}}
{"_index":"ifttt-2018-04-06","_type":"webhook","_id":"Fri Apr 06 2018 20:09:48 GMT+0000 (UTC)","_score":1,"_source":{"time":"April 6, 2018 at 04:09PM","device":"Alexa","message":"Played Music","artist":" The Beatles","album":" Abbey Road","song":" I Want You (She's So Heavy) (Remastered)","timestamp":"2018-04-06T20:09:48.269Z"}}
{"_index":"ifttt-2018-04-06","_type":"webhook","_id":"Fri Apr 06 2018 19:20:02 GMT+0000 (UTC)","_score":1,"_source":{"time":"April 6, 2018 at 03:20PM","device":"Alexa","message":"Played Music","artist":" The Beatles","album":" Abbey Road","song":" Here Comes The Sun (Remastered)","timestamp":"2018-04-06T19:20:02.149Z"}}
{"_index":"ifttt-2018-04-06","_type":"webhook","_id":"Fri Apr 06 2018 19:32:13 GMT+0000 (UTC)","_score":1,"_source":{"time":"April 6, 2018 at 03:32PM","device":"Alexa","message":"Played Music","artist":" The Beatles","album":" Abbey Road","song":" Octopus's Garden (Remastered)","timestamp":"2018-04-06T19:32:13.838Z"}}
{"_index":"ifttt-2018-04-06","_type":"webhook","_id":"Fri Apr 06 2018 18:59:17 GMT+0000 (UTC)","_score":1,"_source":{"time":"April 6, 2018 at 02:59PM","device":"Alexa","message":"Played Music","artist":" The Beatles","album":" Rubber Soul","song":" Drive My Car (Remastered)","timestamp":"2018-04-06T18:59:17.388Z"}}
{"_index":"ifttt-2018-04-06","_type":"webhook","_id":"Fri Apr 06 2018 19:37:32 GMT+0000 (UTC)","_score":1,"_source":{"time":"April 6, 2018 at 03:37PM","device":"Alexa","message":"Played Music","artist":" The Beatles","album":" Rubber Soul","song":" Nowhere Man (Remastered)","timestamp":"2018-04-06T19:37:32.903Z"}}
{"_index":"ifttt-2018-04-06","_type":"webhook","_id":"Fri Apr 06 2018 19:47:20 GMT+0000 (UTC)","_score":1,"_source":{"time":"April 6, 2018 at 03:47PM","device":"Alexa","message":"Played Music","artist":" The Beatles","album":" Revolver","song":" For No One (Remastered)","timestamp":"2018-04-06T19:47:20.024Z"}}
{"_index":"ifttt-2018-04-06","_type":"webhook","_id":"Fri Apr 06 2018 21:05:30 GMT+0000 (UTC)","_score":1,"_source":{"time":"April 6, 2018 at 05:05PM","device":"Alexa","message":"Played Music","artist":" The Beatles","album":" The Beatles (Remastered) [Explicit]","song":" The Continuing Story Of Bungalow Bill (Remastered)","timestamp":"2018-04-06T21:05:30.685Z"}}
{"_index":"ifttt-2018-04-06","_type":"webhook","_id":"Fri Apr 06 2018 21:19:32 GMT+0000 (UTC)","_score":1,"_source":{"time":"April 6, 2018 at 05:19PM","device":"Alexa","message":"Played Music","artist":" The Beatles","album":" The Beatles (Remastered) [Explicit]","song":" Why Don't We Do It In The Road? (Remastered)","timestamp":"2018-04-06T21:19:32.053Z"}}
{"_index":"ifttt-2018-04-06","_type":"webhook","_id":"Fri Apr 06 2018 20:39:36 GMT+0000 (UTC)","_score":1,"_source":{"time":"April 6, 2018 at 04:39PM","device":"Alexa","message":"Played Music","artist":" The Beatles","album":" The Beatles (Remastered) [Explicit]","song":" Mother Nature's Son (Remastered)","timestamp":"2018-04-06T20:39:36.920Z"}}
{"_index":"ifttt-2018-04-06","_type":"webhook","_id":"Fri Apr 06 2018 20:51:30 GMT+0000 (UTC)","_score":1,"_source":{"time":"April 6, 2018 at 04:51PM","device":"Alexa","message":"Played Music","artist":" The Beatles","album":" The Beatles (Remastered) [Explicit]","song":" Helter Skelter (Remastered)","timestamp":"2018-04-06T20:51:30.093Z"}}
{"_index":"ifttt-2018-04-06","_type":"webhook","_id":"Fri Apr 06 2018 21:56:33 GMT+0000 (UTC)","_score":1,"_source":{"time":"April 6, 2018 at 05:56PM","device":"Alexa","message":"Played Music","artist":" The Beatles","album":" The Beatles (Remastered) [Explicit]","song":" Savoy Truffle (Remastered)","timestamp":"2018-04-06T21:56:33.729Z"}}
{"_index":"ifttt-2018-04-06","_type":"webhook","_id":"Fri Apr 06 2018 20:44:28 GMT+0000 (UTC)","_score":1,"_source":{"time":"April 6, 2018 at 04:44PM","device":"Alexa","message":"Played Music","artist":" The Beatles","album":" Magical Mystery Tour","song":" I Am The Walrus (Remastered)","timestamp":"2018-04-06T20:44:28.260Z"}}
{"_index":"ifttt-2018-04-06","_type":"webhook","_id":"Fri Apr 06 2018 21:36:22 GMT+0000 (UTC)","_score":1,"_source":{"time":"April 6, 2018 at 05:36PM","device":"Alexa","message":"Played Music","artist":" The Beatles","album":" Magical Mystery Tour","song":" Hello, Goodbye (Remastered)","timestamp":"2018-04-06T21:36:22.360Z"}}
{"_index":"ifttt-2018-04-06","_type":"webhook","_id":"Fri Apr 06 2018 21:43:45 GMT+0000 (UTC)","_score":1,"_source":{"time":"April 6, 2018 at 05:43PM","device":"Alexa","message":"Played Music","artist":" The Beatles","album":" Revolver","song":" I Want To Tell You (Remastered)","timestamp":"2018-04-06T21:43:45.359Z"}}
{"_index":"ifttt-2018-04-06","_type":"webhook","_id":"Fri Apr 06 2018 20:32:53 GMT+0000 (UTC)","_score":1,"_source":{"time":"April 6, 2018","device":"miniCam","message":"motion","location":"Exterior-FrontDoor","timestamp":"2018-04-06T20:32:53.534Z"}}
{"_index":"ifttt-2018-04-06","_type":"webhook","_id":"Fri Apr 06 2018 23:31:15 GMT+0000 (UTC)","_score":1,"_source":{"time":"April 6, 2018 at 07:31PM","device":"Alexa","message":"Played Music","artist":" The Beatles","album":" Sgt. Pepper's Lonely Hearts Club Band (Deluxe Edition)","song":" With A Little Help From My Friends (Remix)","timestamp":"2018-04-06T23:31:15.468Z"}}
{"_index":"ifttt-2018-04-06","_type":"webhook","_id":"Fri Apr 06 2018 23:01:06 GMT+0000 (UTC)","_score":1,"_source":{"time":"April 6, 2018 at 07:01PM","device":"Alexa","message":"Played Music","artist":" The Beatles","album":" Sgt. Pepper's Lonely Hearts Club Band (Deluxe Edition)","song":" Lucy In The Sky With Diamonds (Remix)","timestamp":"2018-04-06T23:01:06.490Z"}}
{"_index":"ifttt-2018-04-06","_type":"webhook","_id":"Fri Apr 06 2018 22:16:23 GMT+0000 (UTC)","_score":1,"_source":{"time":"April 6, 2018 at 06:16PM","device":"Alexa","message":"Played Music","artist":" The Beatles","album":" Sgt. Pepper's Lonely Hearts Club Band","song":" When I'm Sixty Four (Remastered)","timestamp":"2018-04-06T22:16:23.569Z"}}
{"_index":"ifttt-2018-04-06","_type":"webhook","_id":"Fri Apr 06 2018 22:52:42 GMT+0000 (UTC)","_score":1,"_source":{"time":"April 6, 2018 at 06:52PM","device":"Alexa","message":"Played Music","artist":" The Beatles","album":" The Beatles (Remastered) [Explicit]","song":" Revolution 9 (Remastered) [Explicit]","timestamp":"2018-04-06T22:52:42.568Z"}}
{"_index":"ifttt-2018-04-06","_type":"webhook","_id":"Fri Apr 06 2018 23:26:17 GMT+0000 (UTC)","_score":1,"_source":{"time":"April 6, 2018 at 07:26PM","device":"Alexa","message":"Played Music","artist":" The Beatles","album":" Help!","song":" You've Got To Hide Your Love Away (Remastered)","timestamp":"2018-04-06T23:26:17.026Z"}}
{"_index":"ifttt-2018-04-06","_type":"webhook","_id":"Fri Apr 06 2018 23:06:51 GMT+0000 (UTC)","_score":1,"_source":{"time":"April 6, 2018 at 07:06PM","device":"Alexa","message":"Played Music","artist":" The Beatles","album":" A Hard Day's Night","song":" Can't Buy Me Love (Remastered)","timestamp":"2018-04-06T23:06:51.571Z"}}
{"_index":"ifttt-2018-04-06","_type":"webhook","_id":"Fri Apr 06 2018 22:30:22 GMT+0000 (UTC)","_score":1,"_source":{"time":"April 6, 2018 at 06:30PM","device":"Alexa","message":"Played Music","artist":" The Beatles","album":" Rubber Soul","song":" If I Needed Someone (Remastered)","timestamp":"2018-04-06T22:30:22.645Z"}}
{"_index":"ifttt-2018-04-06","_type":"webhook","_id":"Fri Apr 06 2018 23:09:05 GMT+0000 (UTC)","_score":1,"_source":{"time":"April 6, 2018 at 07:09PM","device":"Alexa","message":"Played Music","artist":" The Beatles","album":" Let It Be","song":" I've Got A Feeling (Remastered)","timestamp":"2018-04-06T23:09:05.129Z"}}
{"_index":"ifttt-2018-04-06","_type":"webhook","_id":"Fri Apr 06 2018 23:18:23 GMT+0000 (UTC)","_score":1,"_source":{"time":"April 6, 2018 at 07:18PM","device":"Alexa","message":"Played Music","artist":" The Beatles","album":" Let It Be","song":" Dig A Pony (Remastered)","timestamp":"2018-04-06T23:18:23.664Z"}}
{"_index":"ifttt-2018-04-06","_type":"webhook","_id":"Fri Apr 06 2018 23:46:04 GMT+0000 (UTC)","_score":1,"_source":{"time":"April 6, 2018 at 07:46PM","device":"Alexa","message":"Played Music","artist":" The Beatles","album":" Sgt. Pepper's Lonely Hearts Club Band (Deluxe Edition)","song":" Lovely Rita (Remix)","timestamp":"2018-04-06T23:46:04.540Z"}}
