{"_index":"ifttt-2018-04-12","_type":"webhook","_id":"Thu Apr 12 2018 13:34:09 GMT+0000 (UTC)","_score":1,"_source":{"time":"April 12, 2018","device":"miniCam","message":"motion","location":"Exterior-FrontDoor","timestamp":"2018-04-12T13:34:09.020Z"}}
{"_index":"ifttt-2018-04-12","_type":"webhook","_id":"Thu Apr 12 2018 15:24:19 GMT+0000 (UTC)","_score":1,"_source":{"time":"April 12, 2018","device":"miniCam","message":"motion","location":"Exterior-FrontDoor","timestamp":"2018-04-12T15:24:19.868Z"}}
{"_index":"ifttt-2018-04-12","_type":"webhook","_id":"Thu Apr 12 2018 15:44:28 GMT+0000 (UTC)","_score":1,"_source":{"time":"April 12, 2018","device":"miniCam","message":"motion","location":"Exterior-FrontDoor","timestamp":"2018-04-12T15:44:28.186Z"}}
{"_index":"ifttt-2018-04-12","_type":"webhook","_id":"Thu Apr 12 2018 16:09:08 GMT+0000 (UTC)","_score":1,"_source":{"time":"April 12, 2018","device":"miniCam","message":"motion","location":"Exterior-FrontDoor","timestamp":"2018-04-12T16:09:08.976Z"}}
{"_index":"ifttt-2018-04-12","_type":"webhook","_id":"Thu Apr 12 2018 16:39:11 GMT+0000 (UTC)","_score":1,"_source":{"time":"April 12, 2018","device":"miniCam","message":"motion","location":"Exterior-FrontDoor","timestamp":"2018-04-12T16:39:11.492Z"}}
{"_index":"ifttt-2018-04-12","_type":"webhook","_id":"Thu Apr 12 2018 16:48:38 GMT+0000 (UTC)","_score":1,"_source":{"device":"FrontLock1","status":"Unlocked","user":" Manual Unlock","timestamp":"2018-04-12T16:48:38.022Z"}}
{"_index":"ifttt-2018-04-12","_type":"webhook","_id":"Thu Apr 12 2018 05:04:20 GMT+0000 (UTC)","_score":1,"_source":{"device":"Room1Lamp","message":"Off","timestamp":"2018-04-12T05:04:20.467Z"}}
{"_index":"ifttt-2018-04-12","_type":"webhook","_id":"Thu Apr 12 2018 15:39:15 GMT+0000 (UTC)","_score":1,"_source":{"time":"April 12, 2018","device":"miniCam","message":"motion","location":"Exterior-FrontDoor","timestamp":"2018-04-12T15:39:15.714Z"}}
{"_index":"ifttt-2018-04-12","_type":"webhook","_id":"Thu Apr 12 2018 16:19:27 GMT+0000 (UTC)","_score":1,"_source":{"time":"April 12, 2018","device":"miniCam","message":"motion","location":"Exterior-FrontDoor","timestamp":"2018-04-12T16:19:27.724Z"}}
{"_index":"ifttt-2018-04-12","_type":"webhook","_id":"Thu Apr 12 2018 16:44:16 GMT+0000 (UTC)","_score":1,"_source":{"time":"April 12, 2018","device":"miniCam","message":"motion","location":"Exterior-FrontDoor","timestamp":"2018-04-12T16:44:16.748Z"}}
{"_index":"ifttt-2018-04-12","_type":"webhook","_id":"Thu Apr 12 2018 16:54:13 GMT+0000 (UTC)","_score":1,"_source":{"time":"April 12, 2018","device":"miniCam","message":"motion","location":"Exterior-FrontDoor","timestamp":"2018-04-12T16:54:13.913Z"}}
{"_index":"ifttt-2018-04-12","_type":"webhook","_id":"Thu Apr 12 2018 17:14:06 GMT+0000 (UTC)","_score":1,"_source":{"time":"April 12, 2018","device":"miniCam","message":"motion","location":"Exterior-FrontDoor","timestamp":"2018-04-12T17:14:06.427Z"}}
{"_index":"ifttt-2018-04-12","_type":"webhook","_id":"Thu Apr 12 2018 17:19:11 GMT+0000 (UTC)","_score":1,"_source":{"time":"April 12, 2018","device":"miniCam","message":"motion","location":"Exterior-FrontDoor","timestamp":"2018-04-12T17:19:11.407Z"}}
{"_index":"ifttt-2018-04-12","_type":"webhook","_id":"Thu Apr 12 2018 17:39:23 GMT+0000 (UTC)","_score":1,"_source":{"time":"April 12, 2018","device":"miniCam","message":"motion","location":"Exterior-FrontDoor","timestamp":"2018-04-12T17:39:23.355Z"}}
{"_index":"ifttt-2018-04-12","_type":"webhook","_id":"Thu Apr 12 2018 16:49:21 GMT+0000 (UTC)","_score":1,"_source":{"time":"April 12, 2018","device":"miniCam","message":"motion","location":"Exterior-FrontDoor","timestamp":"2018-04-12T16:49:21.518Z"}}
{"_index":"ifttt-2018-04-12","_type":"webhook","_id":"Thu Apr 12 2018 16:59:14 GMT+0000 (UTC)","_score":1,"_source":{"time":"April 12, 2018","device":"miniCam","message":"motion","location":"Exterior-FrontDoor","timestamp":"2018-04-12T16:59:14.720Z"}}
{"_index":"ifttt-2018-04-12","_type":"webhook","_id":"Thu Apr 12 2018 16:49:22 GMT+0000 (UTC)","_score":1,"_source":{"time":"April 12, 2018","device":"miniCam","message":"motion","location":"Exterior-FrontDoor","timestamp":"2018-04-12T16:49:22.967Z"}}
{"_index":"ifttt-2018-04-12","_type":"webhook","_id":"Thu Apr 12 2018 17:04:41 GMT+0000 (UTC)","_score":1,"_source":{"time":"April 12, 2018","device":"miniCam","message":"motion","location":"Exterior-FrontDoor","timestamp":"2018-04-12T17:04:41.701Z"}}
{"_index":"ifttt-2018-04-12","_type":"webhook","_id":"Thu Apr 12 2018 17:19:12 GMT+0000 (UTC)","_score":1,"_source":{"time":"April 12, 2018","device":"miniCam","message":"motion","location":"Exterior-FrontDoor","timestamp":"2018-04-12T17:19:12.651Z"}}
{"_index":"ifttt-2018-04-12","_type":"webhook","_id":"Thu Apr 12 2018 17:49:06 GMT+0000 (UTC)","_score":1,"_source":{"time":"April 12, 2018","device":"miniCam","message":"motion","location":"Exterior-FrontDoor","timestamp":"2018-04-12T17:49:06.522Z"}}
{"_index":"ifttt-2018-04-12","_type":"webhook","_id":"Thu Apr 12 2018 18:24:15 GMT+0000 (UTC)","_score":1,"_source":{"time":"April 12, 2018","device":"miniCam","message":"motion","location":"Exterior-FrontDoor","timestamp":"2018-04-12T18:24:15.889Z"}}
{"_index":"ifttt-2018-04-12","_type":"webhook","_id":"Thu Apr 12 2018 18:44:43 GMT+0000 (UTC)","_score":1,"_source":{"time":"April 12, 2018","device":"miniCam","message":"motion","location":"Exterior-FrontDoor","timestamp":"2018-04-12T18:44:43.724Z"}}
{"_index":"ifttt-2018-04-12","_type":"webhook","_id":"Thu Apr 12 2018 18:59:06 GMT+0000 (UTC)","_score":1,"_source":{"time":"April 12, 2018","device":"miniCam","message":"motion","location":"Exterior-FrontDoor","timestamp":"2018-04-12T18:59:06.418Z"}}
{"_index":"ifttt-2018-04-12","_type":"webhook","_id":"Thu Apr 12 2018 19:39:14 GMT+0000 (UTC)","_score":1,"_source":{"time":"April 12, 2018","device":"miniCam","message":"motion","location":"Exterior-FrontDoor","timestamp":"2018-04-12T19:39:14.799Z"}}
{"_index":"ifttt-2018-04-12","_type":"webhook","_id":"Thu Apr 12 2018 19:39:15 GMT+0000 (UTC)","_score":1,"_source":{"time":"April 12, 2018","device":"miniCam","message":"motion","location":"Exterior-FrontDoor","timestamp":"2018-04-12T19:39:15.210Z"}}
{"_index":"ifttt-2018-04-12","_type":"webhook","_id":"Thu Apr 12 2018 18:04:34 GMT+0000 (UTC)","_score":1,"_source":{"time":"April 12, 2018","device":"miniCam","message":"motion","location":"Exterior-FrontDoor","timestamp":"2018-04-12T18:04:34.594Z"}}
{"_index":"ifttt-2018-04-12","_type":"webhook","_id":"Thu Apr 12 2018 19:09:06 GMT+0000 (UTC)","_score":1,"_source":{"time":"April 12, 2018","device":"miniCam","message":"motion","location":"Exterior-FrontDoor","timestamp":"2018-04-12T19:09:06.781Z"}}
{"_index":"ifttt-2018-04-12","_type":"webhook","_id":"Thu Apr 12 2018 20:04:07 GMT+0000 (UTC)","_score":1,"_source":{"time":" April 12, 2018 at 04:03PM","device":"Alexa","message":"Voice Activation","target":"lamp","timestamp":"2018-04-12T20:04:07.342Z"}}
{"_index":"ifttt-2018-04-12","_type":"webhook","_id":"Thu Apr 12 2018 20:11:28 GMT+0000 (UTC)","_score":1,"_source":{"time":" April 12, 2018 at 04:11PM","device":"Alexa","message":"Voice Activation","target":"lamp","timestamp":"2018-04-12T20:11:28.353Z"}}
{"_index":"ifttt-2018-04-12","_type":"webhook","_id":"Thu Apr 12 2018 20:04:21 GMT+0000 (UTC)","_score":1,"_source":{"time":"April 12, 2018","device":"miniCam","message":"motion","location":"Exterior-FrontDoor","timestamp":"2018-04-12T20:04:21.895Z"}}
{"_index":"ifttt-2018-04-12","_type":"webhook","_id":"Thu Apr 12 2018 19:44:27 GMT+0000 (UTC)","_score":1,"_source":{"time":"April 12, 2018","device":"miniCam","message":"motion","location":"Exterior-FrontDoor","timestamp":"2018-04-12T19:44:27.931Z"}}
{"_index":"ifttt-2018-04-12","_type":"webhook","_id":"Thu Apr 12 2018 19:49:52 GMT+0000 (UTC)","_score":1,"_source":{"time":"April 12, 2018","device":"miniCam","message":"motion","location":"Exterior-FrontDoor","timestamp":"2018-04-12T19:49:52.091Z"}}
{"_index":"ifttt-2018-04-12","_type":"webhook","_id":"Thu Apr 12 2018 20:03:42 GMT+0000 (UTC)","_score":1,"_source":{"device":"FrontLock1","status":"Unlocked","user":" Manny Kin","timestamp":"2018-04-12T20:03:42.255Z"}}
{"_index":"ifttt-2018-04-12","_type":"webhook","_id":"Thu Apr 12 2018 20:08:48 GMT+0000 (UTC)","_score":1,"_source":{"device":"FrontLock1","status":"Unlocked","user":" Manny Kin","timestamp":"2018-04-12T20:08:48.980Z"}}
{"_index":"ifttt-2018-04-12","_type":"webhook","_id":"Thu Apr 12 2018 20:03:43 GMT+0000 (UTC)","_score":1,"_source":{"device":"FrontLock1","status":"Locked","user":"Manny Kin","timestamp":"2018-04-12T20:03:43.027Z"}}
{"_index":"ifttt-2018-04-12","_type":"webhook","_id":"Thu Apr 12 2018 20:04:56 GMT+0000 (UTC)","_score":1,"_source":{"device":"FrontLock1","status":"Locked","user":"Manny Kin","timestamp":"2018-04-12T20:04:56.597Z"}}
{"_index":"ifttt-2018-04-12","_type":"webhook","_id":"Thu Apr 12 2018 20:11:57 GMT+0000 (UTC)","_score":1,"_source":{"time":"April 12, 2018 at 04:11PM","device":"Alexa","message":"Voice Deactivation","target":"lamp","timestamp":"2018-04-12T20:11:57.551Z"}}
{"_index":"ifttt-2018-04-12","_type":"webhook","_id":"Thu Apr 12 2018 20:53:03 GMT+0000 (UTC)","_score":1,"_source":{"time":"April 12, 2018 at 04:53PM","device":"Alexa","message":"Voice Deactivation","target":"lamp","timestamp":"2018-04-12T20:53:03.327Z"}}
{"_index":"ifttt-2018-04-12","_type":"webhook","_id":"Thu Apr 12 2018 20:13:42 GMT+0000 (UTC)","_score":1,"_source":{"time":" April 12, 2018 at 04:13PM","device":"Alexa","message":"Voice Activation","target":"lamp","timestamp":"2018-04-12T20:13:42.223Z"}}
{"_index":"ifttt-2018-04-12","_type":"webhook","_id":"Thu Apr 12 2018 20:50:46 GMT+0000 (UTC)","_score":1,"_source":{"time":" April 12, 2018 at 04:50PM","device":"Alexa","message":"Voice Activation","target":"lamp","timestamp":"2018-04-12T20:50:46.574Z"}}
{"_index":"ifttt-2018-04-12","_type":"webhook","_id":"Thu Apr 12 2018 20:12:18 GMT+0000 (UTC)","_score":1,"_source":{"device":"FrontLock1","status":"Unlocked","user":" Manual Unlock","timestamp":"2018-04-12T20:12:18.570Z"}}
{"_index":"ifttt-2018-04-12","_type":"webhook","_id":"Thu Apr 12 2018 20:47:21 GMT+0000 (UTC)","_score":1,"_source":{"device":"FrontLock1","status":"Unlocked","user":" Manny Kin","timestamp":"2018-04-12T20:47:21.070Z"}}
{"_index":"ifttt-2018-04-12","_type":"webhook","_id":"Thu Apr 12 2018 20:50:23 GMT+0000 (UTC)","_score":1,"_source":{"device":"FrontLock1","status":"Unlocked","user":" Manny Kin","timestamp":"2018-04-12T20:50:23.567Z"}}
{"_index":"ifttt-2018-04-12","_type":"webhook","_id":"Thu Apr 12 2018 20:39:28 GMT+0000 (UTC)","_score":1,"_source":{"device":"Room1Lamp","message":"Off","timestamp":"2018-04-12T20:39:28.202Z"}}
{"_index":"ifttt-2018-04-12","_type":"webhook","_id":"Thu Apr 12 2018 20:54:06 GMT+0000 (UTC)","_score":1,"_source":{"time":"April 12, 2018","device":"miniCam","message":"motion","location":"Exterior-FrontDoor","timestamp":"2018-04-12T20:54:06.724Z"}}
{"_index":"ifttt-2018-04-12","_type":"webhook","_id":"Thu Apr 12 2018 20:59:28 GMT+0000 (UTC)","_score":1,"_source":{"time":"April 12, 2018 at 04:59PM","device":"Alexa","message":"Voice Deactivation","target":"lamp","timestamp":"2018-04-12T20:59:28.708Z"}}
{"_index":"ifttt-2018-04-12","_type":"webhook","_id":"Thu Apr 12 2018 21:12:44 GMT+0000 (UTC)","_score":1,"_source":{"time":"April 12, 2018 at 05:12PM","device":"Alexa","message":"Voice Deactivation","target":"lamp","timestamp":"2018-04-12T21:12:44.899Z"}}
{"_index":"ifttt-2018-04-12","_type":"webhook","_id":"Thu Apr 12 2018 21:17:06 GMT+0000 (UTC)","_score":1,"_source":{"time":"April 12, 2018 at 05:17PM","device":"Alexa","message":"Voice Deactivation","target":"lamp","timestamp":"2018-04-12T21:17:06.152Z"}}
{"_index":"ifttt-2018-04-12","_type":"webhook","_id":"Thu Apr 12 2018 21:01:04 GMT+0000 (UTC)","_score":1,"_source":{"time":" April 12, 2018 at 05:00PM","device":"Alexa","message":"Voice Activation","target":"lamp","timestamp":"2018-04-12T21:01:04.256Z"}}
{"_index":"ifttt-2018-04-12","_type":"webhook","_id":"Thu Apr 12 2018 21:08:14 GMT+0000 (UTC)","_score":1,"_source":{"time":" April 12, 2018 at 05:08PM","device":"Alexa","message":"Voice Activation","target":"lamp","timestamp":"2018-04-12T21:08:14.473Z"}}
{"_index":"ifttt-2018-04-12","_type":"webhook","_id":"Thu Apr 12 2018 21:14:17 GMT+0000 (UTC)","_score":1,"_source":{"time":"April 12, 2018","device":"miniCam","message":"motion","location":"Exterior-FrontDoor","timestamp":"2018-04-12T21:14:17.259Z"}}
{"_index":"ifttt-2018-04-12","_type":"webhook","_id":"Thu Apr 12 2018 20:58:40 GMT+0000 (UTC)","_score":1,"_source":{"device":"FrontLock1","status":"Unlocked","user":" Manny Kin","timestamp":"2018-04-12T20:58:40.477Z"}}
{"_index":"ifttt-2018-04-12","_type":"webhook","_id":"Thu Apr 12 2018 21:12:09 GMT+0000 (UTC)","_score":1,"_source":{"device":"FrontLock1","status":"Unlocked","user":" Manny Kin","timestamp":"2018-04-12T21:12:09.359Z"}}
{"_index":"ifttt-2018-04-12","_type":"webhook","_id":"Thu Apr 12 2018 21:13:48 GMT+0000 (UTC)","_score":1,"_source":{"device":"FrontLock1","status":"Unlocked","user":" Manny Kin","timestamp":"2018-04-12T21:13:48.078Z"}}
{"_index":"ifttt-2018-04-12","_type":"webhook","_id":"Thu Apr 12 2018 21:22:10 GMT+0000 (UTC)","_score":1,"_source":{"time":"April 12, 2018 at 05:21PM","device":"Alexa","message":"Voice Deactivation","target":"lamp","timestamp":"2018-04-12T21:22:10.478Z"}}
{"_index":"ifttt-2018-04-12","_type":"webhook","_id":"Thu Apr 12 2018 21:23:53 GMT+0000 (UTC)","_score":1,"_source":{"time":"April 12, 2018 at 05:23PM","device":"Alexa","message":"Voice Deactivation","target":"lamp","timestamp":"2018-04-12T21:23:53.712Z"}}
{"_index":"ifttt-2018-04-12","_type":"webhook","_id":"Thu Apr 12 2018 21:27:23 GMT+0000 (UTC)","_score":1,"_source":{"time":" April 12, 2018 at 05:27PM","device":"Alexa","message":"Voice Activation","target":"lamp","timestamp":"2018-04-12T21:27:23.926Z"}}
{"_index":"ifttt-2018-04-12","_type":"webhook","_id":"Thu Apr 12 2018 21:30:30 GMT+0000 (UTC)","_score":1,"_source":{"time":" April 12, 2018 at 05:30PM","device":"Alexa","message":"Voice Activation","target":"lamp","timestamp":"2018-04-12T21:30:30.384Z"}}
{"_index":"ifttt-2018-04-12","_type":"webhook","_id":"Thu Apr 12 2018 21:29:19 GMT+0000 (UTC)","_score":1,"_source":{"time":"April 12, 2018","device":"miniCam","message":"motion","location":"Exterior-FrontDoor","timestamp":"2018-04-12T21:29:19.726Z"}}
{"_index":"ifttt-2018-04-12","_type":"webhook","_id":"Thu Apr 12 2018 21:18:33 GMT+0000 (UTC)","_score":1,"_source":{"device":"FrontLock1","status":"Unlocked","user":" Manny Kin","timestamp":"2018-04-12T21:18:33.552Z"}}
{"_index":"ifttt-2018-04-12","_type":"webhook","_id":"Thu Apr 12 2018 21:22:20 GMT+0000 (UTC)","_score":1,"_source":{"device":"FrontLock1","status":"Locked","user":"Manny Kin","timestamp":"2018-04-12T21:22:20.152Z"}}
{"_index":"ifttt-2018-04-12","_type":"webhook","_id":"Thu Apr 12 2018 21:23:58 GMT+0000 (UTC)","_score":1,"_source":{"device":"FrontLock1","status":"Locked","user":"Manny Kin","timestamp":"2018-04-12T21:23:58.723Z"}}
{"_index":"ifttt-2018-04-12","_type":"webhook","_id":"Thu Apr 12 2018 21:29:27 GMT+0000 (UTC)","_score":1,"_source":{"device":"Room1Lamp","message":"Off","timestamp":"2018-04-12T21:29:27.194Z"}}
{"_index":"ifttt-2018-04-12","_type":"webhook","_id":"Thu Apr 12 2018 21:34:58 GMT+0000 (UTC)","_score":1,"_source":{"time":" April 12, 2018 at 05:34PM","device":"Alexa","message":"Voice Activation","target":"lamp","timestamp":"2018-04-12T21:34:58.169Z"}}
{"_index":"ifttt-2018-04-12","_type":"webhook","_id":"Thu Apr 12 2018 21:42:47 GMT+0000 (UTC)","_score":1,"_source":{"time":" April 12, 2018 at 05:42PM","device":"Alexa","message":"Voice Activation","target":"lamp","timestamp":"2018-04-12T21:42:47.651Z"}}
{"_index":"ifttt-2018-04-12","_type":"webhook","_id":"Thu Apr 12 2018 21:44:21 GMT+0000 (UTC)","_score":1,"_source":{"time":"April 12, 2018","device":"miniCam","message":"motion","location":"Exterior-FrontDoor","timestamp":"2018-04-12T21:44:21.489Z"}}
{"_index":"ifttt-2018-04-12","_type":"webhook","_id":"Thu Apr 12 2018 21:38:30 GMT+0000 (UTC)","_score":1,"_source":{"device":"FrontLock1","status":"Unlocked","user":" Manny Kin","timestamp":"2018-04-12T21:38:30.465Z"}}
{"_index":"ifttt-2018-04-12","_type":"webhook","_id":"Thu Apr 12 2018 21:40:33 GMT+0000 (UTC)","_score":1,"_source":{"device":"FrontLock1","status":"Unlocked","user":" Manny Kin","timestamp":"2018-04-12T21:40:33.073Z"}}
{"_index":"ifttt-2018-04-12","_type":"webhook","_id":"Thu Apr 12 2018 21:41:45 GMT+0000 (UTC)","_score":1,"_source":{"device":"FrontLock1","status":"Locked","user":"Manny Kin","timestamp":"2018-04-12T21:41:45.740Z"}}
{"_index":"ifttt-2018-04-12","_type":"webhook","_id":"Thu Apr 12 2018 21:43:54 GMT+0000 (UTC)","_score":1,"_source":{"device":"FrontLock1","status":"Locked","user":"Manny Kin","timestamp":"2018-04-12T21:43:54.333Z"}}
{"_index":"ifttt-2018-04-12","_type":"webhook","_id":"Thu Apr 12 2018 21:40:06 GMT+0000 (UTC)","_score":1,"_source":{"device":"Room1Plug1","message":"Activated","timestamp":"2018-04-12T21:40:06.479Z"}}
{"_index":"ifttt-2018-04-12","_type":"webhook","_id":"Thu Apr 12 2018 21:44:25 GMT+0000 (UTC)","_score":1,"_source":{"device":"Room1Lamp","message":"Off","timestamp":"2018-04-12T21:44:25.015Z"}}
{"_index":"ifttt-2018-04-12","_type":"webhook","_id":"Thu Apr 12 2018 13:14:26 GMT+0000 (UTC)","_score":1,"_source":{"time":"April 12, 2018","device":"miniCam","message":"motion","location":"Exterior-FrontDoor","timestamp":"2018-04-12T13:14:26.192Z"}}
{"_index":"ifttt-2018-04-12","_type":"webhook","_id":"Thu Apr 12 2018 15:39:16 GMT+0000 (UTC)","_score":1,"_source":{"time":"April 12, 2018","device":"miniCam","message":"motion","location":"Exterior-FrontDoor","timestamp":"2018-04-12T15:39:16.203Z"}}
{"_index":"ifttt-2018-04-12","_type":"webhook","_id":"Thu Apr 12 2018 15:54:08 GMT+0000 (UTC)","_score":1,"_source":{"time":"April 12, 2018","device":"miniCam","message":"motion","location":"Exterior-FrontDoor","timestamp":"2018-04-12T15:54:08.528Z"}}
{"_index":"ifttt-2018-04-12","_type":"webhook","_id":"Thu Apr 12 2018 16:04:08 GMT+0000 (UTC)","_score":1,"_source":{"time":"April 12, 2018","device":"miniCam","message":"motion","location":"Exterior-FrontDoor","timestamp":"2018-04-12T16:04:08.581Z"}}
{"_index":"ifttt-2018-04-12","_type":"webhook","_id":"Thu Apr 12 2018 16:14:33 GMT+0000 (UTC)","_score":1,"_source":{"time":"April 12, 2018","device":"miniCam","message":"motion","location":"Exterior-FrontDoor","timestamp":"2018-04-12T16:14:33.591Z"}}
{"_index":"ifttt-2018-04-12","_type":"webhook","_id":"Thu Apr 12 2018 16:24:18 GMT+0000 (UTC)","_score":1,"_source":{"time":"April 12, 2018","device":"miniCam","message":"motion","location":"Exterior-FrontDoor","timestamp":"2018-04-12T16:24:18.776Z"}}
{"_index":"ifttt-2018-04-12","_type":"webhook","_id":"Thu Apr 12 2018 16:29:39 GMT+0000 (UTC)","_score":1,"_source":{"time":"April 12, 2018","device":"miniCam","message":"motion","location":"Exterior-FrontDoor","timestamp":"2018-04-12T16:29:39.659Z"}}
{"_index":"ifttt-2018-04-12","_type":"webhook","_id":"Thu Apr 12 2018 16:59:13 GMT+0000 (UTC)","_score":1,"_source":{"time":"April 12, 2018","device":"miniCam","message":"motion","location":"Exterior-FrontDoor","timestamp":"2018-04-12T16:59:13.485Z"}}
{"_index":"ifttt-2018-04-12","_type":"webhook","_id":"Thu Apr 12 2018 01:59:25 GMT+0000 (UTC)","_score":1,"_source":{"device":"Room1Lamp","message":"Off","timestamp":"2018-04-12T01:59:25.015Z"}}
{"_index":"ifttt-2018-04-12","_type":"webhook","_id":"Thu Apr 12 2018 16:04:07 GMT+0000 (UTC)","_score":1,"_source":{"time":"April 12, 2018","device":"miniCam","message":"motion","location":"Exterior-FrontDoor","timestamp":"2018-04-12T16:04:07.287Z"}}
{"_index":"ifttt-2018-04-12","_type":"webhook","_id":"Thu Apr 12 2018 17:29:22 GMT+0000 (UTC)","_score":1,"_source":{"time":"April 12, 2018","device":"miniCam","message":"motion","location":"Exterior-FrontDoor","timestamp":"2018-04-12T17:29:22.506Z"}}
{"_index":"ifttt-2018-04-12","_type":"webhook","_id":"Thu Apr 12 2018 17:34:20 GMT+0000 (UTC)","_score":1,"_source":{"time":"April 12, 2018","device":"miniCam","message":"motion","location":"Exterior-FrontDoor","timestamp":"2018-04-12T17:34:20.419Z"}}
{"_index":"ifttt-2018-04-12","_type":"webhook","_id":"Thu Apr 12 2018 17:39:24 GMT+0000 (UTC)","_score":1,"_source":{"time":"April 12, 2018","device":"miniCam","message":"motion","location":"Exterior-FrontDoor","timestamp":"2018-04-12T17:39:24.090Z"}}
{"_index":"ifttt-2018-04-12","_type":"webhook","_id":"Thu Apr 12 2018 18:09:35 GMT+0000 (UTC)","_score":1,"_source":{"time":"April 12, 2018","device":"miniCam","message":"motion","location":"Exterior-FrontDoor","timestamp":"2018-04-12T18:09:35.305Z"}}
{"_index":"ifttt-2018-04-12","_type":"webhook","_id":"Thu Apr 12 2018 18:14:31 GMT+0000 (UTC)","_score":1,"_source":{"time":"April 12, 2018","device":"miniCam","message":"motion","location":"Exterior-FrontDoor","timestamp":"2018-04-12T18:14:31.375Z"}}
{"_index":"ifttt-2018-04-12","_type":"webhook","_id":"Thu Apr 12 2018 18:20:02 GMT+0000 (UTC)","_score":1,"_source":{"time":"April 12, 2018","device":"miniCam","message":"motion","location":"Exterior-FrontDoor","timestamp":"2018-04-12T18:20:02.828Z"}}
{"_index":"ifttt-2018-04-12","_type":"webhook","_id":"Thu Apr 12 2018 18:29:08 GMT+0000 (UTC)","_score":1,"_source":{"time":"April 12, 2018","device":"miniCam","message":"motion","location":"Exterior-FrontDoor","timestamp":"2018-04-12T18:29:08.355Z"}}
{"_index":"ifttt-2018-04-12","_type":"webhook","_id":"Thu Apr 12 2018 17:04:42 GMT+0000 (UTC)","_score":1,"_source":{"time":"April 12, 2018","device":"miniCam","message":"motion","location":"Exterior-FrontDoor","timestamp":"2018-04-12T17:04:42.947Z"}}
{"_index":"ifttt-2018-04-12","_type":"webhook","_id":"Thu Apr 12 2018 17:24:14 GMT+0000 (UTC)","_score":1,"_source":{"time":"April 12, 2018","device":"miniCam","message":"motion","location":"Exterior-FrontDoor","timestamp":"2018-04-12T17:24:14.565Z"}}
{"_index":"ifttt-2018-04-12","_type":"webhook","_id":"Thu Apr 12 2018 19:57:18 GMT+0000 (UTC)","_score":1,"_source":{"time":"April 12, 2018 at 03:57PM","device":"Alexa","message":"Played Music","artist":" Metallica","album":" S&M [Explicit]","song":" Master Of Puppets (Live With The Sfso)","timestamp":"2018-04-12T19:57:18.453Z"}}
{"_index":"ifttt-2018-04-12","_type":"webhook","_id":"Thu Apr 12 2018 19:34:39 GMT+0000 (UTC)","_score":1,"_source":{"time":"April 12, 2018","device":"miniCam","message":"motion","location":"Exterior-FrontDoor","timestamp":"2018-04-12T19:34:39.517Z"}}
{"_index":"ifttt-2018-04-12","_type":"webhook","_id":"Thu Apr 12 2018 19:34:40 GMT+0000 (UTC)","_score":1,"_source":{"time":"April 12, 2018","device":"miniCam","message":"motion","location":"Exterior-FrontDoor","timestamp":"2018-04-12T19:34:40.109Z"}}
{"_index":"ifttt-2018-04-12","_type":"webhook","_id":"Thu Apr 12 2018 18:34:45 GMT+0000 (UTC)","_score":1,"_source":{"time":"April 12, 2018","device":"miniCam","message":"motion","location":"Exterior-FrontDoor","timestamp":"2018-04-12T18:34:45.593Z"}}
{"_index":"ifttt-2018-04-12","_type":"webhook","_id":"Thu Apr 12 2018 18:59:05 GMT+0000 (UTC)","_score":1,"_source":{"time":"April 12, 2018","device":"miniCam","message":"motion","location":"Exterior-FrontDoor","timestamp":"2018-04-12T18:59:05.915Z"}}
{"_index":"ifttt-2018-04-12","_type":"webhook","_id":"Thu Apr 12 2018 19:04:50 GMT+0000 (UTC)","_score":1,"_source":{"time":"April 12, 2018","device":"miniCam","message":"motion","location":"Exterior-FrontDoor","timestamp":"2018-04-12T19:04:50.205Z"}}
{"_index":"ifttt-2018-04-12","_type":"webhook","_id":"Thu Apr 12 2018 19:14:39 GMT+0000 (UTC)","_score":1,"_source":{"time":"April 12, 2018","device":"miniCam","message":"motion","location":"Exterior-FrontDoor","timestamp":"2018-04-12T19:14:39.527Z"}}
{"_index":"ifttt-2018-04-12","_type":"webhook","_id":"Thu Apr 12 2018 19:34:38 GMT+0000 (UTC)","_score":1,"_source":{"time":"April 12, 2018","device":"miniCam","message":"motion","location":"Exterior-FrontDoor","timestamp":"2018-04-12T19:34:38.820Z"}}
{"_index":"ifttt-2018-04-12","_type":"webhook","_id":"Thu Apr 12 2018 19:49:54 GMT+0000 (UTC)","_score":1,"_source":{"time":"April 12, 2018","device":"miniCam","message":"motion","location":"Exterior-FrontDoor","timestamp":"2018-04-12T19:49:54.370Z"}}
{"_index":"ifttt-2018-04-12","_type":"webhook","_id":"Thu Apr 12 2018 19:34:41 GMT+0000 (UTC)","_score":1,"_source":{"device":"Room1Lamp","message":"Off","timestamp":"2018-04-12T19:34:41.008Z"}}
{"_index":"ifttt-2018-04-12","_type":"webhook","_id":"Thu Apr 12 2018 20:09:36 GMT+0000 (UTC)","_score":1,"_source":{"time":"April 12, 2018 at 04:09PM","device":"Alexa","message":"Voice Deactivation","target":"lamp","timestamp":"2018-04-12T20:09:36.664Z"}}
{"_index":"ifttt-2018-04-12","_type":"webhook","_id":"Thu Apr 12 2018 20:51:23 GMT+0000 (UTC)","_score":1,"_source":{"time":"April 12, 2018 at 04:51PM","device":"Alexa","message":"Voice Deactivation","target":"lamp","timestamp":"2018-04-12T20:51:23.560Z"}}
{"_index":"ifttt-2018-04-12","_type":"webhook","_id":"Thu Apr 12 2018 20:55:24 GMT+0000 (UTC)","_score":1,"_source":{"time":"April 12, 2018 at 04:55PM","device":"Alexa","message":"Voice Deactivation","target":"lamp","timestamp":"2018-04-12T20:55:24.830Z"}}
{"_index":"ifttt-2018-04-12","_type":"webhook","_id":"Thu Apr 12 2018 20:52:34 GMT+0000 (UTC)","_score":1,"_source":{"time":" April 12, 2018 at 04:52PM","device":"Alexa","message":"Voice Activation","target":"lamp","timestamp":"2018-04-12T20:52:34.402Z"}}
{"_index":"ifttt-2018-04-12","_type":"webhook","_id":"Thu Apr 12 2018 20:54:25 GMT+0000 (UTC)","_score":1,"_source":{"device":"FrontLock1","status":"Unlocked","user":" Manny Kin","timestamp":"2018-04-12T20:54:25.468Z"}}
{"_index":"ifttt-2018-04-12","_type":"webhook","_id":"Thu Apr 12 2018 20:06:11 GMT+0000 (UTC)","_score":1,"_source":{"device":"FrontLock1","status":"Unlocked","user":" Manny Kin","timestamp":"2018-04-12T20:06:11.363Z"}}
{"_index":"ifttt-2018-04-12","_type":"webhook","_id":"Thu Apr 12 2018 20:14:22 GMT+0000 (UTC)","_score":1,"_source":{"device":"FrontLock1","status":"Locked","user":"Manny Kin","timestamp":"2018-04-12T20:14:22.785Z"}}
{"_index":"ifttt-2018-04-12","_type":"webhook","_id":"Thu Apr 12 2018 20:48:42 GMT+0000 (UTC)","_score":1,"_source":{"device":"FrontLock1","status":"Locked","user":"Manny Kin","timestamp":"2018-04-12T20:48:42.699Z"}}
{"_index":"ifttt-2018-04-12","_type":"webhook","_id":"Thu Apr 12 2018 20:53:15 GMT+0000 (UTC)","_score":1,"_source":{"device":"FrontLock1","status":"Locked","user":"Manny Kin","timestamp":"2018-04-12T20:53:15.365Z"}}
{"_index":"ifttt-2018-04-12","_type":"webhook","_id":"Thu Apr 12 2018 21:01:27 GMT+0000 (UTC)","_score":1,"_source":{"time":"April 12, 2018 at 05:01PM","device":"Alexa","message":"Voice Deactivation","target":"lamp","timestamp":"2018-04-12T21:01:27.314Z"}}
{"_index":"ifttt-2018-04-12","_type":"webhook","_id":"Thu Apr 12 2018 20:57:37 GMT+0000 (UTC)","_score":1,"_source":{"time":"April 12, 2018 at 04:57PM","device":"Alexa","message":"Voice Deactivation","target":"lamp","timestamp":"2018-04-12T20:57:37.298Z"}}
{"_index":"ifttt-2018-04-12","_type":"webhook","_id":"Thu Apr 12 2018 20:56:36 GMT+0000 (UTC)","_score":1,"_source":{"device":"FrontLock1","status":"Unlocked","user":" Manny Kin","timestamp":"2018-04-12T20:56:36.164Z"}}
{"_index":"ifttt-2018-04-12","_type":"webhook","_id":"Thu Apr 12 2018 20:55:38 GMT+0000 (UTC)","_score":1,"_source":{"device":"FrontLock1","status":"Locked","user":"Manny Kin","timestamp":"2018-04-12T20:55:38.423Z"}}
{"_index":"ifttt-2018-04-12","_type":"webhook","_id":"Thu Apr 12 2018 20:59:45 GMT+0000 (UTC)","_score":1,"_source":{"device":"FrontLock1","status":"Locked","user":"Manny Kin","timestamp":"2018-04-12T20:59:45.500Z"}}
{"_index":"ifttt-2018-04-12","_type":"webhook","_id":"Thu Apr 12 2018 21:01:41 GMT+0000 (UTC)","_score":1,"_source":{"device":"FrontLock1","status":"Locked","user":"Manny Kin","timestamp":"2018-04-12T21:01:41.954Z"}}
{"_index":"ifttt-2018-04-12","_type":"webhook","_id":"Thu Apr 12 2018 21:06:53 GMT+0000 (UTC)","_score":1,"_source":{"device":"FrontLock1","status":"Locked","user":"Manny Kin","timestamp":"2018-04-12T21:06:53.357Z"}}
{"_index":"ifttt-2018-04-12","_type":"webhook","_id":"Thu Apr 12 2018 21:09:05 GMT+0000 (UTC)","_score":1,"_source":{"device":"Room1Lamp","message":"Off","timestamp":"2018-04-12T21:09:05.264Z"}}
{"_index":"ifttt-2018-04-12","_type":"webhook","_id":"Thu Apr 12 2018 21:10:38 GMT+0000 (UTC)","_score":1,"_source":{"time":"April 12, 2018 at 05:10PM","device":"Alexa","message":"Voice Deactivation","target":"lamp","timestamp":"2018-04-12T21:10:38.867Z"}}
{"_index":"ifttt-2018-04-12","_type":"webhook","_id":"Thu Apr 12 2018 21:14:36 GMT+0000 (UTC)","_score":1,"_source":{"time":"April 12, 2018 at 05:14PM","device":"Alexa","message":"Voice Deactivation","target":"lamp","timestamp":"2018-04-12T21:14:36.695Z"}}
{"_index":"ifttt-2018-04-12","_type":"webhook","_id":"Thu Apr 12 2018 21:10:17 GMT+0000 (UTC)","_score":1,"_source":{"time":" April 12, 2018 at 05:10PM","device":"Alexa","message":"Voice Activation","target":"lamp","timestamp":"2018-04-12T21:10:17.564Z"}}
{"_index":"ifttt-2018-04-12","_type":"webhook","_id":"Thu Apr 12 2018 21:12:23 GMT+0000 (UTC)","_score":1,"_source":{"time":" April 12, 2018 at 05:12PM","device":"Alexa","message":"Voice Activation","target":"lamp","timestamp":"2018-04-12T21:12:23.849Z"}}
{"_index":"ifttt-2018-04-12","_type":"webhook","_id":"Thu Apr 12 2018 21:09:22 GMT+0000 (UTC)","_score":1,"_source":{"time":"April 12, 2018","device":"miniCam","message":"motion","location":"Exterior-FrontDoor","timestamp":"2018-04-12T21:09:22.858Z"}}
{"_index":"ifttt-2018-04-12","_type":"webhook","_id":"Thu Apr 12 2018 21:14:15 GMT+0000 (UTC)","_score":1,"_source":{"time":"April 12, 2018","device":"miniCam","message":"motion","location":"Exterior-FrontDoor","timestamp":"2018-04-12T21:14:15.911Z"}}
{"_index":"ifttt-2018-04-12","_type":"webhook","_id":"Thu Apr 12 2018 21:09:53 GMT+0000 (UTC)","_score":1,"_source":{"device":"FrontLock1","status":"Unlocked","user":" Manny Kin","timestamp":"2018-04-12T21:09:53.362Z"}}
{"_index":"ifttt-2018-04-12","_type":"webhook","_id":"Thu Apr 12 2018 21:13:04 GMT+0000 (UTC)","_score":1,"_source":{"device":"FrontLock1","status":"Locked","user":"Manny Kin","timestamp":"2018-04-12T21:13:04.545Z"}}
{"_index":"ifttt-2018-04-12","_type":"webhook","_id":"Thu Apr 12 2018 21:15:03 GMT+0000 (UTC)","_score":1,"_source":{"device":"FrontLock1","status":"Locked","user":"Manny Kin","timestamp":"2018-04-12T21:15:03.280Z"}}
{"_index":"ifttt-2018-04-12","_type":"webhook","_id":"Thu Apr 12 2018 21:19:30 GMT+0000 (UTC)","_score":1,"_source":{"time":"April 12, 2018 at 05:19PM","device":"Alexa","message":"Voice Deactivation","target":"lamp","timestamp":"2018-04-12T21:19:30.563Z"}}
{"_index":"ifttt-2018-04-12","_type":"webhook","_id":"Thu Apr 12 2018 21:30:07 GMT+0000 (UTC)","_score":1,"_source":{"time":" April 12, 2018 at 05:29PM","device":"Alexa","message":"Voice Activation","target":"lamp","timestamp":"2018-04-12T21:30:07.371Z"}}
{"_index":"ifttt-2018-04-12","_type":"webhook","_id":"Thu Apr 12 2018 21:32:23 GMT+0000 (UTC)","_score":1,"_source":{"time":" April 12, 2018 at 05:32PM","device":"Alexa","message":"Voice Activation","target":"lamp","timestamp":"2018-04-12T21:32:23.366Z"}}
{"_index":"ifttt-2018-04-12","_type":"webhook","_id":"Thu Apr 12 2018 21:19:07 GMT+0000 (UTC)","_score":1,"_source":{"time":"April 12, 2018","device":"miniCam","message":"motion","location":"Exterior-FrontDoor","timestamp":"2018-04-12T21:19:07.508Z"}}
{"_index":"ifttt-2018-04-12","_type":"webhook","_id":"Thu Apr 12 2018 21:24:33 GMT+0000 (UTC)","_score":1,"_source":{"time":"April 12, 2018","device":"miniCam","message":"motion","location":"Exterior-FrontDoor","timestamp":"2018-04-12T21:24:33.605Z"}}
{"_index":"ifttt-2018-04-12","_type":"webhook","_id":"Thu Apr 12 2018 21:24:35 GMT+0000 (UTC)","_score":1,"_source":{"time":"April 12, 2018","device":"miniCam","message":"motion","location":"Exterior-FrontDoor","timestamp":"2018-04-12T21:24:35.569Z"}}
{"_index":"ifttt-2018-04-12","_type":"webhook","_id":"Thu Apr 12 2018 21:19:45 GMT+0000 (UTC)","_score":1,"_source":{"device":"FrontLock1","status":"Locked","user":"Manny Kin","timestamp":"2018-04-12T21:19:45.594Z"}}
{"_index":"ifttt-2018-04-12","_type":"webhook","_id":"Thu Apr 12 2018 21:26:12 GMT+0000 (UTC)","_score":1,"_source":{"device":"FrontLock1","status":"Locked","user":"Manny Kin","timestamp":"2018-04-12T21:26:12.716Z"}}
{"_index":"ifttt-2018-04-12","_type":"webhook","_id":"Thu Apr 12 2018 21:24:16 GMT+0000 (UTC)","_score":1,"_source":{"device":"Room1Lamp","message":"Off","timestamp":"2018-04-12T21:24:16.354Z"}}
{"_index":"ifttt-2018-04-12","_type":"webhook","_id":"Thu Apr 12 2018 21:37:22 GMT+0000 (UTC)","_score":1,"_source":{"time":"April 12, 2018 at 05:37PM","device":"Alexa","message":"Voice Deactivation","target":"lamp","timestamp":"2018-04-12T21:37:22.248Z"}}
{"_index":"ifttt-2018-04-12","_type":"webhook","_id":"Thu Apr 12 2018 21:37:27 GMT+0000 (UTC)","_score":1,"_source":{"device":"FrontLock1","status":"Locked","user":"Manny Kin","timestamp":"2018-04-12T21:37:27.643Z"}}
{"_index":"ifttt-2018-04-12","_type":"webhook","_id":"Thu Apr 12 2018 21:39:33 GMT+0000 (UTC)","_score":1,"_source":{"device":"FrontLock1","status":"Locked","user":"Manny Kin","timestamp":"2018-04-12T21:39:33.835Z"}}
{"_index":"ifttt-2018-04-12","_type":"webhook","_id":"Thu Apr 12 2018 21:40:47 GMT+0000 (UTC)","_score":1,"_source":{"time":" April 12, 2018 at 05:40PM","device":"Alexa","message":"Voice Activation","target":"lamp","timestamp":"2018-04-12T21:40:47.405Z"}}
{"_index":"ifttt-2018-04-12","_type":"webhook","_id":"Thu Apr 12 2018 21:42:36 GMT+0000 (UTC)","_score":1,"_source":{"device":"FrontLock1","status":"Unlocked","user":" Manny Kin","timestamp":"2018-04-12T21:42:36.255Z"}}
{"_index":"ifttt-2018-04-12","_type":"webhook","_id":"Thu Apr 12 2018 21:43:40 GMT+0000 (UTC)","_score":1,"_source":{"time":"April 12, 2018 at 05:43PM","device":"Alexa","message":"Voice Deactivation","target":"lamp","timestamp":"2018-04-12T21:43:40.619Z"}}
{"_index":"ifttt-2018-04-12","_type":"webhook","_id":"Thu Apr 12 2018 16:24:19 GMT+0000 (UTC)","_score":1,"_source":{"time":"April 12, 2018","device":"miniCam","message":"motion","location":"Exterior-FrontDoor","timestamp":"2018-04-12T16:24:19.499Z"}}
{"_index":"ifttt-2018-04-12","_type":"webhook","_id":"Thu Apr 12 2018 16:24:20 GMT+0000 (UTC)","_score":1,"_source":{"time":"April 12, 2018","device":"miniCam","message":"motion","location":"Exterior-FrontDoor","timestamp":"2018-04-12T16:24:20.015Z"}}
{"_index":"ifttt-2018-04-12","_type":"webhook","_id":"Thu Apr 12 2018 12:54:29 GMT+0000 (UTC)","_score":1,"_source":{"time":"April 12, 2018","device":"miniCam","message":"motion","location":"Exterior-FrontDoor","timestamp":"2018-04-12T12:54:29.974Z"}}
{"_index":"ifttt-2018-04-12","_type":"webhook","_id":"Thu Apr 12 2018 13:24:11 GMT+0000 (UTC)","_score":1,"_source":{"time":"April 12, 2018","device":"miniCam","message":"motion","location":"Exterior-FrontDoor","timestamp":"2018-04-12T13:24:11.191Z"}}
{"_index":"ifttt-2018-04-12","_type":"webhook","_id":"Thu Apr 12 2018 14:39:21 GMT+0000 (UTC)","_score":1,"_source":{"time":"April 12, 2018","device":"miniCam","message":"motion","location":"Exterior-FrontDoor","timestamp":"2018-04-12T14:39:21.366Z"}}
{"_index":"ifttt-2018-04-12","_type":"webhook","_id":"Thu Apr 12 2018 15:49:18 GMT+0000 (UTC)","_score":1,"_source":{"time":"April 12, 2018","device":"miniCam","message":"motion","location":"Exterior-FrontDoor","timestamp":"2018-04-12T15:49:18.789Z"}}
{"_index":"ifttt-2018-04-12","_type":"webhook","_id":"Thu Apr 12 2018 16:09:11 GMT+0000 (UTC)","_score":1,"_source":{"time":"April 12, 2018","device":"miniCam","message":"motion","location":"Exterior-FrontDoor","timestamp":"2018-04-12T16:09:11.122Z"}}
{"_index":"ifttt-2018-04-12","_type":"webhook","_id":"Thu Apr 12 2018 16:14:35 GMT+0000 (UTC)","_score":1,"_source":{"time":"April 12, 2018","device":"miniCam","message":"motion","location":"Exterior-FrontDoor","timestamp":"2018-04-12T16:14:35.199Z"}}
{"_index":"ifttt-2018-04-12","_type":"webhook","_id":"Thu Apr 12 2018 16:44:17 GMT+0000 (UTC)","_score":1,"_source":{"time":"April 12, 2018","device":"miniCam","message":"motion","location":"Exterior-FrontDoor","timestamp":"2018-04-12T16:44:17.206Z"}}
{"_index":"ifttt-2018-04-12","_type":"webhook","_id":"Thu Apr 12 2018 16:59:15 GMT+0000 (UTC)","_score":1,"_source":{"time":"April 12, 2018","device":"miniCam","message":"motion","location":"Exterior-FrontDoor","timestamp":"2018-04-12T16:59:15.148Z"}}
{"_index":"ifttt-2018-04-12","_type":"webhook","_id":"Thu Apr 12 2018 15:44:29 GMT+0000 (UTC)","_score":1,"_source":{"time":"April 12, 2018","device":"miniCam","message":"motion","location":"Exterior-FrontDoor","timestamp":"2018-04-12T15:44:29.915Z"}}
{"_index":"ifttt-2018-04-12","_type":"webhook","_id":"Thu Apr 12 2018 17:49:07 GMT+0000 (UTC)","_score":1,"_source":{"time":"April 12, 2018","device":"miniCam","message":"motion","location":"Exterior-FrontDoor","timestamp":"2018-04-12T17:49:07.142Z"}}
{"_index":"ifttt-2018-04-12","_type":"webhook","_id":"Thu Apr 12 2018 18:04:33 GMT+0000 (UTC)","_score":1,"_source":{"time":"April 12, 2018","device":"miniCam","message":"motion","location":"Exterior-FrontDoor","timestamp":"2018-04-12T18:04:33.315Z"}}
{"_index":"ifttt-2018-04-12","_type":"webhook","_id":"Thu Apr 12 2018 18:14:28 GMT+0000 (UTC)","_score":1,"_source":{"time":"April 12, 2018","device":"miniCam","message":"motion","location":"Exterior-FrontDoor","timestamp":"2018-04-12T18:14:28.425Z"}}
{"_index":"ifttt-2018-04-12","_type":"webhook","_id":"Thu Apr 12 2018 18:20:01 GMT+0000 (UTC)","_score":1,"_source":{"time":"April 12, 2018","device":"miniCam","message":"motion","location":"Exterior-FrontDoor","timestamp":"2018-04-12T18:20:01.402Z"}}
{"_index":"ifttt-2018-04-12","_type":"webhook","_id":"Thu Apr 12 2018 18:39:28 GMT+0000 (UTC)","_score":1,"_source":{"time":"April 12, 2018","device":"miniCam","message":"motion","location":"Exterior-FrontDoor","timestamp":"2018-04-12T18:39:28.548Z"}}
{"_index":"ifttt-2018-04-12","_type":"webhook","_id":"Thu Apr 12 2018 18:34:34 GMT+0000 (UTC)","_score":1,"_source":{"device":"Room1Lamp","message":"Off","timestamp":"2018-04-12T18:34:34.507Z"}}
{"_index":"ifttt-2018-04-12","_type":"webhook","_id":"Thu Apr 12 2018 17:34:19 GMT+0000 (UTC)","_score":1,"_source":{"time":"April 12, 2018","device":"miniCam","message":"motion","location":"Exterior-FrontDoor","timestamp":"2018-04-12T17:34:19.931Z"}}
{"_index":"ifttt-2018-04-12","_type":"webhook","_id":"Thu Apr 12 2018 17:59:14 GMT+0000 (UTC)","_score":1,"_source":{"time":"April 12, 2018","device":"miniCam","message":"motion","location":"Exterior-FrontDoor","timestamp":"2018-04-12T17:59:14.482Z"}}
{"_index":"ifttt-2018-04-12","_type":"webhook","_id":"Thu Apr 12 2018 18:29:09 GMT+0000 (UTC)","_score":1,"_source":{"time":"April 12, 2018","device":"miniCam","message":"motion","location":"Exterior-FrontDoor","timestamp":"2018-04-12T18:29:09.458Z"}}
{"_index":"ifttt-2018-04-12","_type":"webhook","_id":"Thu Apr 12 2018 20:09:03 GMT+0000 (UTC)","_score":1,"_source":{"time":" April 12, 2018 at 04:09PM","device":"Alexa","message":"Voice Activation","target":"lamp","timestamp":"2018-04-12T20:09:03.912Z"}}
{"_index":"ifttt-2018-04-12","_type":"webhook","_id":"Thu Apr 12 2018 18:39:29 GMT+0000 (UTC)","_score":1,"_source":{"time":"April 12, 2018","device":"miniCam","message":"motion","location":"Exterior-FrontDoor","timestamp":"2018-04-12T18:39:29.171Z"}}
{"_index":"ifttt-2018-04-12","_type":"webhook","_id":"Thu Apr 12 2018 18:49:31 GMT+0000 (UTC)","_score":1,"_source":{"time":"April 12, 2018","device":"miniCam","message":"motion","location":"Exterior-FrontDoor","timestamp":"2018-04-12T18:49:31.865Z"}}
{"_index":"ifttt-2018-04-12","_type":"webhook","_id":"Thu Apr 12 2018 19:09:07 GMT+0000 (UTC)","_score":1,"_source":{"time":"April 12, 2018","device":"miniCam","message":"motion","location":"Exterior-FrontDoor","timestamp":"2018-04-12T19:09:07.251Z"}}
{"_index":"ifttt-2018-04-12","_type":"webhook","_id":"Thu Apr 12 2018 19:34:37 GMT+0000 (UTC)","_score":1,"_source":{"time":"April 12, 2018","device":"miniCam","message":"motion","location":"Exterior-FrontDoor","timestamp":"2018-04-12T19:34:37.405Z"}}
{"_index":"ifttt-2018-04-12","_type":"webhook","_id":"Thu Apr 12 2018 19:59:07 GMT+0000 (UTC)","_score":1,"_source":{"time":"April 12, 2018","device":"miniCam","message":"motion","location":"Exterior-FrontDoor","timestamp":"2018-04-12T19:59:07.170Z"}}
{"_index":"ifttt-2018-04-12","_type":"webhook","_id":"Thu Apr 12 2018 20:11:11 GMT+0000 (UTC)","_score":1,"_source":{"device":"FrontLock1","status":"Unlocked","user":" Manny Kin","timestamp":"2018-04-12T20:11:11.098Z"}}
{"_index":"ifttt-2018-04-12","_type":"webhook","_id":"Thu Apr 12 2018 18:54:09 GMT+0000 (UTC)","_score":1,"_source":{"time":"April 12, 2018","device":"miniCam","message":"motion","location":"Exterior-FrontDoor","timestamp":"2018-04-12T18:54:09.701Z"}}
{"_index":"ifttt-2018-04-12","_type":"webhook","_id":"Thu Apr 12 2018 19:54:20 GMT+0000 (UTC)","_score":1,"_source":{"time":"April 12, 2018","device":"miniCam","message":"motion","location":"Exterior-FrontDoor","timestamp":"2018-04-12T19:54:20.891Z"}}
{"_index":"ifttt-2018-04-12","_type":"webhook","_id":"Thu Apr 12 2018 20:59:03 GMT+0000 (UTC)","_score":1,"_source":{"time":" April 12, 2018 at 04:58PM","device":"Alexa","message":"Voice Activation","target":"lamp","timestamp":"2018-04-12T20:59:03.973Z"}}
{"_index":"ifttt-2018-04-12","_type":"webhook","_id":"Thu Apr 12 2018 20:54:05 GMT+0000 (UTC)","_score":1,"_source":{"time":"April 12, 2018","device":"miniCam","message":"motion","location":"Exterior-FrontDoor","timestamp":"2018-04-12T20:54:05.435Z"}}
{"_index":"ifttt-2018-04-12","_type":"webhook","_id":"Thu Apr 12 2018 20:59:22 GMT+0000 (UTC)","_score":1,"_source":{"time":"April 12, 2018","device":"miniCam","message":"motion","location":"Exterior-FrontDoor","timestamp":"2018-04-12T20:59:22.849Z"}}
{"_index":"ifttt-2018-04-12","_type":"webhook","_id":"Thu Apr 12 2018 20:13:20 GMT+0000 (UTC)","_score":1,"_source":{"device":"FrontLock1","status":"Unlocked","user":" Manny Kin","timestamp":"2018-04-12T20:13:20.084Z"}}
{"_index":"ifttt-2018-04-12","_type":"webhook","_id":"Thu Apr 12 2018 20:51:39 GMT+0000 (UTC)","_score":1,"_source":{"device":"FrontLock1","status":"Locked","user":"Manny Kin","timestamp":"2018-04-12T20:51:39.846Z"}}
{"_index":"ifttt-2018-04-12","_type":"webhook","_id":"Thu Apr 12 2018 20:12:24 GMT+0000 (UTC)","_score":1,"_source":{"device":"FrontLock1","status":"Locked","user":"Manny Kin","timestamp":"2018-04-12T20:12:24.898Z"}}
{"_index":"ifttt-2018-04-12","_type":"webhook","_id":"Thu Apr 12 2018 20:40:03 GMT+0000 (UTC)","_score":1,"_source":{"device":"Room1Plug1","message":"Activated","timestamp":"2018-04-12T20:40:03.854Z"}}
{"_index":"ifttt-2018-04-12","_type":"webhook","_id":"Thu Apr 12 2018 20:49:22 GMT+0000 (UTC)","_score":1,"_source":{"device":"Room1Lamp","message":"Off","timestamp":"2018-04-12T20:49:22.332Z"}}
{"_index":"ifttt-2018-04-12","_type":"webhook","_id":"Thu Apr 12 2018 20:59:23 GMT+0000 (UTC)","_score":1,"_source":{"time":"April 12, 2018","device":"miniCam","message":"motion","location":"Exterior-FrontDoor","timestamp":"2018-04-12T20:59:23.896Z"}}
{"_index":"ifttt-2018-04-12","_type":"webhook","_id":"Thu Apr 12 2018 21:06:57 GMT+0000 (UTC)","_score":1,"_source":{"time":"April 12, 2018 at 05:06PM","device":"Alexa","message":"Voice Deactivation","target":"lamp","timestamp":"2018-04-12T21:06:57.167Z"}}
{"_index":"ifttt-2018-04-12","_type":"webhook","_id":"Thu Apr 12 2018 21:21:34 GMT+0000 (UTC)","_score":1,"_source":{"time":" April 12, 2018 at 05:21PM","device":"Alexa","message":"Voice Activation","target":"lamp","timestamp":"2018-04-12T21:21:34.227Z"}}
{"_index":"ifttt-2018-04-12","_type":"webhook","_id":"Thu Apr 12 2018 21:04:43 GMT+0000 (UTC)","_score":1,"_source":{"time":"April 12, 2018","device":"miniCam","message":"motion","location":"Exterior-FrontDoor","timestamp":"2018-04-12T21:04:43.928Z"}}
{"_index":"ifttt-2018-04-12","_type":"webhook","_id":"Thu Apr 12 2018 21:19:08 GMT+0000 (UTC)","_score":1,"_source":{"time":"April 12, 2018","device":"miniCam","message":"motion","location":"Exterior-FrontDoor","timestamp":"2018-04-12T21:19:08.463Z"}}
{"_index":"ifttt-2018-04-12","_type":"webhook","_id":"Thu Apr 12 2018 21:24:36 GMT+0000 (UTC)","_score":1,"_source":{"time":"April 12, 2018","device":"miniCam","message":"motion","location":"Exterior-FrontDoor","timestamp":"2018-04-12T21:24:36.069Z"}}
{"_index":"ifttt-2018-04-12","_type":"webhook","_id":"Thu Apr 12 2018 21:34:21 GMT+0000 (UTC)","_score":1,"_source":{"time":"April 12, 2018","device":"miniCam","message":"motion","location":"Exterior-FrontDoor","timestamp":"2018-04-12T21:34:21.094Z"}}
{"_index":"ifttt-2018-04-12","_type":"webhook","_id":"Thu Apr 12 2018 21:32:09 GMT+0000 (UTC)","_score":1,"_source":{"device":"FrontLock1","status":"Unlocked","user":" Manny Kin","timestamp":"2018-04-12T21:32:09.689Z"}}
{"_index":"ifttt-2018-04-12","_type":"webhook","_id":"Thu Apr 12 2018 21:34:18 GMT+0000 (UTC)","_score":1,"_source":{"device":"FrontLock1","status":"Unlocked","user":" Manny Kin","timestamp":"2018-04-12T21:34:18.721Z"}}
{"_index":"ifttt-2018-04-12","_type":"webhook","_id":"Thu Apr 12 2018 21:17:34 GMT+0000 (UTC)","_score":1,"_source":{"device":"FrontLock1","status":"Locked","user":"Manny Kin","timestamp":"2018-04-12T21:17:34.570Z"}}
{"_index":"ifttt-2018-04-12","_type":"webhook","_id":"Thu Apr 12 2018 21:36:30 GMT+0000 (UTC)","_score":1,"_source":{"device":"FrontLock1","status":"Unlocked","user":" Manny Kin","timestamp":"2018-04-12T21:36:30.904Z"}}
{"_index":"ifttt-2018-04-12","_type":"webhook","_id":"Thu Apr 12 2018 21:39:16 GMT+0000 (UTC)","_score":1,"_source":{"time":"April 12, 2018 at 05:39PM","device":"Alexa","message":"Voice Deactivation","target":"lamp","timestamp":"2018-04-12T21:39:16.988Z"}}
{"_index":"ifttt-2018-04-12","_type":"webhook","_id":"Thu Apr 12 2018 21:44:19 GMT+0000 (UTC)","_score":1,"_source":{"time":"April 12, 2018","device":"miniCam","message":"motion","location":"Exterior-FrontDoor","timestamp":"2018-04-12T21:44:19.748Z"}}
{"_index":"ifttt-2018-04-12","_type":"webhook","_id":"Thu Apr 12 2018 14:04:16 GMT+0000 (UTC)","_score":1,"_source":{"time":"April 12, 2018","device":"miniCam","message":"motion","location":"Exterior-FrontDoor","timestamp":"2018-04-12T14:04:16.457Z"}}
{"_index":"ifttt-2018-04-12","_type":"webhook","_id":"Thu Apr 12 2018 14:29:06 GMT+0000 (UTC)","_score":1,"_source":{"time":"April 12, 2018","device":"miniCam","message":"motion","location":"Exterior-FrontDoor","timestamp":"2018-04-12T14:29:06.460Z"}}
{"_index":"ifttt-2018-04-12","_type":"webhook","_id":"Thu Apr 12 2018 07:04:16 GMT+0000 (UTC)","_score":1,"_source":{"device":"Plug1","message":"Activated","time":" ","timestamp":"2018-04-12T07:04:16.978Z"}}
{"_index":"ifttt-2018-04-12","_type":"webhook","_id":"Thu Apr 12 2018 11:09:12 GMT+0000 (UTC)","_score":1,"_source":{"device":"Plug1","message":"Activated","time":" ","timestamp":"2018-04-12T11:09:12.099Z"}}
{"_index":"ifttt-2018-04-12","_type":"webhook","_id":"Thu Apr 12 2018 13:30:40 GMT+0000 (UTC)","_score":1,"_source":{"jsonrpc":"2.0","id":1,"method":"rpc_modules","params":null,"timestamp":"2018-04-12T13:30:40.359Z"}}
{"_index":"ifttt-2018-04-12","_type":"webhook","_id":"Thu Apr 12 2018 04:04:17 GMT+0000 (UTC)","_score":1,"_source":{"device":"Room1Lamp","message":"Off","timestamp":"2018-04-12T04:04:17.400Z"}}
{"_index":"ifttt-2018-04-12","_type":"webhook","_id":"Thu Apr 12 2018 11:19:16 GMT+0000 (UTC)","_score":1,"_source":{"device":"Room1Lamp","message":"Off","timestamp":"2018-04-12T11:19:16.286Z"}}
{"_index":"ifttt-2018-04-12","_type":"webhook","_id":"Thu Apr 12 2018 12:19:18 GMT+0000 (UTC)","_score":1,"_source":{"device":"Room1Lamp","message":"Off","timestamp":"2018-04-12T12:19:18.215Z"}}
{"_index":"ifttt-2018-04-12","_type":"webhook","_id":"Thu Apr 12 2018 13:19:18 GMT+0000 (UTC)","_score":1,"_source":{"device":"Room1Lamp","message":"Off","timestamp":"2018-04-12T13:19:18.858Z"}}
{"_index":"ifttt-2018-04-12","_type":"webhook","_id":"Thu Apr 12 2018 14:04:17 GMT+0000 (UTC)","_score":1,"_source":{"time":"April 12, 2018","device":"miniCam","message":"motion","location":"Exterior-FrontDoor","timestamp":"2018-04-12T14:04:17.581Z"}}
{"_index":"ifttt-2018-04-12","_type":"webhook","_id":"Thu Apr 12 2018 15:09:07 GMT+0000 (UTC)","_score":1,"_source":{"time":"April 12, 2018","device":"miniCam","message":"motion","location":"Exterior-FrontDoor","timestamp":"2018-04-12T15:09:07.220Z"}}
{"_index":"ifttt-2018-04-12","_type":"webhook","_id":"Thu Apr 12 2018 15:44:30 GMT+0000 (UTC)","_score":1,"_source":{"time":"April 12, 2018","device":"miniCam","message":"motion","location":"Exterior-FrontDoor","timestamp":"2018-04-12T15:44:30.677Z"}}
{"_index":"ifttt-2018-04-12","_type":"webhook","_id":"Thu Apr 12 2018 15:49:19 GMT+0000 (UTC)","_score":1,"_source":{"time":"April 12, 2018","device":"miniCam","message":"motion","location":"Exterior-FrontDoor","timestamp":"2018-04-12T15:49:19.707Z"}}
{"_index":"ifttt-2018-04-12","_type":"webhook","_id":"Thu Apr 12 2018 15:59:15 GMT+0000 (UTC)","_score":1,"_source":{"time":"April 12, 2018","device":"miniCam","message":"motion","location":"Exterior-FrontDoor","timestamp":"2018-04-12T15:59:15.763Z"}}
{"_index":"ifttt-2018-04-12","_type":"webhook","_id":"Thu Apr 12 2018 16:04:06 GMT+0000 (UTC)","_score":1,"_source":{"time":"April 12, 2018","device":"miniCam","message":"motion","location":"Exterior-FrontDoor","timestamp":"2018-04-12T16:04:06.434Z"}}
{"_index":"ifttt-2018-04-12","_type":"webhook","_id":"Thu Apr 12 2018 16:09:09 GMT+0000 (UTC)","_score":1,"_source":{"time":"April 12, 2018","device":"miniCam","message":"motion","location":"Exterior-FrontDoor","timestamp":"2018-04-12T16:09:09.627Z"}}
{"_index":"ifttt-2018-04-12","_type":"webhook","_id":"Thu Apr 12 2018 15:30:22 GMT+0000 (UTC)","_score":1,"_source":{"device":"FrontLock1","status":"Unlocked","user":" Manual Unlock","timestamp":"2018-04-12T15:30:22.880Z"}}
{"_index":"ifttt-2018-04-12","_type":"webhook","_id":"Thu Apr 12 2018 15:24:23 GMT+0000 (UTC)","_score":1,"_source":{"device":"Room1Lamp","message":"Off","timestamp":"2018-04-12T15:24:23.408Z"}}
{"_index":"ifttt-2018-04-12","_type":"webhook","_id":"Thu Apr 12 2018 15:34:40 GMT+0000 (UTC)","_score":1,"_source":{"time":"April 12, 2018","device":"miniCam","message":"motion","location":"Exterior-FrontDoor","timestamp":"2018-04-12T15:34:40.805Z"}}
{"_index":"ifttt-2018-04-12","_type":"webhook","_id":"Thu Apr 12 2018 16:14:34 GMT+0000 (UTC)","_score":1,"_source":{"time":"April 12, 2018","device":"miniCam","message":"motion","location":"Exterior-FrontDoor","timestamp":"2018-04-12T16:14:34.717Z"}}
{"_index":"ifttt-2018-04-12","_type":"webhook","_id":"Thu Apr 12 2018 16:39:10 GMT+0000 (UTC)","_score":1,"_source":{"time":"April 12, 2018","device":"miniCam","message":"motion","location":"Exterior-FrontDoor","timestamp":"2018-04-12T16:39:10.659Z"}}
{"_index":"ifttt-2018-04-12","_type":"webhook","_id":"Thu Apr 12 2018 16:49:23 GMT+0000 (UTC)","_score":1,"_source":{"time":"April 12, 2018","device":"miniCam","message":"motion","location":"Exterior-FrontDoor","timestamp":"2018-04-12T16:49:23.433Z"}}
{"_index":"ifttt-2018-04-12","_type":"webhook","_id":"Thu Apr 12 2018 17:04:40 GMT+0000 (UTC)","_score":1,"_source":{"time":"April 12, 2018","device":"miniCam","message":"motion","location":"Exterior-FrontDoor","timestamp":"2018-04-12T17:04:40.469Z"}}
{"_index":"ifttt-2018-04-12","_type":"webhook","_id":"Thu Apr 12 2018 17:14:07 GMT+0000 (UTC)","_score":1,"_source":{"time":"April 12, 2018","device":"miniCam","message":"motion","location":"Exterior-FrontDoor","timestamp":"2018-04-12T17:14:07.745Z"}}
{"_index":"ifttt-2018-04-12","_type":"webhook","_id":"Thu Apr 12 2018 17:29:24 GMT+0000 (UTC)","_score":1,"_source":{"time":"April 12, 2018","device":"miniCam","message":"motion","location":"Exterior-FrontDoor","timestamp":"2018-04-12T17:29:24.695Z"}}
{"_index":"ifttt-2018-04-12","_type":"webhook","_id":"Thu Apr 12 2018 17:29:23 GMT+0000 (UTC)","_score":1,"_source":{"time":"April 12, 2018","device":"miniCam","message":"motion","location":"Exterior-FrontDoor","timestamp":"2018-04-12T17:29:23.643Z"}}
{"_index":"ifttt-2018-04-12","_type":"webhook","_id":"Thu Apr 12 2018 16:19:28 GMT+0000 (UTC)","_score":1,"_source":{"time":"April 12, 2018","device":"miniCam","message":"motion","location":"Exterior-FrontDoor","timestamp":"2018-04-12T16:19:28.769Z"}}
{"_index":"ifttt-2018-04-12","_type":"webhook","_id":"Thu Apr 12 2018 17:44:12 GMT+0000 (UTC)","_score":1,"_source":{"time":"April 12, 2018","device":"miniCam","message":"motion","location":"Exterior-FrontDoor","timestamp":"2018-04-12T17:44:12.814Z"}}
{"_index":"ifttt-2018-04-12","_type":"webhook","_id":"Thu Apr 12 2018 18:44:44 GMT+0000 (UTC)","_score":1,"_source":{"time":"April 12, 2018","device":"miniCam","message":"motion","location":"Exterior-FrontDoor","timestamp":"2018-04-12T18:44:44.872Z"}}
{"_index":"ifttt-2018-04-12","_type":"webhook","_id":"Thu Apr 12 2018 18:44:45 GMT+0000 (UTC)","_score":1,"_source":{"time":"April 12, 2018","device":"miniCam","message":"motion","location":"Exterior-FrontDoor","timestamp":"2018-04-12T18:44:45.371Z"}}
{"_index":"ifttt-2018-04-12","_type":"webhook","_id":"Thu Apr 12 2018 19:19:10 GMT+0000 (UTC)","_score":1,"_source":{"time":"April 12, 2018","device":"miniCam","message":"motion","location":"Exterior-FrontDoor","timestamp":"2018-04-12T19:19:10.079Z"}}
{"_index":"ifttt-2018-04-12","_type":"webhook","_id":"Thu Apr 12 2018 18:04:32 GMT+0000 (UTC)","_score":1,"_source":{"time":"April 12, 2018","device":"miniCam","message":"motion","location":"Exterior-FrontDoor","timestamp":"2018-04-12T18:04:32.644Z"}}
{"_index":"ifttt-2018-04-12","_type":"webhook","_id":"Thu Apr 12 2018 18:14:30 GMT+0000 (UTC)","_score":1,"_source":{"time":"April 12, 2018","device":"miniCam","message":"motion","location":"Exterior-FrontDoor","timestamp":"2018-04-12T18:14:30.615Z"}}
{"_index":"ifttt-2018-04-12","_type":"webhook","_id":"Thu Apr 12 2018 18:20:03 GMT+0000 (UTC)","_score":1,"_source":{"time":"April 12, 2018","device":"miniCam","message":"motion","location":"Exterior-FrontDoor","timestamp":"2018-04-12T18:20:03.367Z"}}
{"_index":"ifttt-2018-04-12","_type":"webhook","_id":"Thu Apr 12 2018 17:49:04 GMT+0000 (UTC)","_score":1,"_source":{"time":"April 12, 2018","device":"miniCam","message":"motion","location":"Exterior-FrontDoor","timestamp":"2018-04-12T17:49:04.946Z"}}
{"_index":"ifttt-2018-04-12","_type":"webhook","_id":"Thu Apr 12 2018 19:24:08 GMT+0000 (UTC)","_score":1,"_source":{"device":"Plug1","message":"Activated","time":" ","timestamp":"2018-04-12T19:24:08.613Z"}}
{"_index":"ifttt-2018-04-12","_type":"webhook","_id":"Thu Apr 12 2018 17:44:13 GMT+0000 (UTC)","_score":1,"_source":{"time":"April 12, 2018","device":"miniCam","message":"motion","location":"Exterior-FrontDoor","timestamp":"2018-04-12T17:44:13.745Z"}}
{"_index":"ifttt-2018-04-12","_type":"webhook","_id":"Thu Apr 12 2018 17:54:14 GMT+0000 (UTC)","_score":1,"_source":{"time":"April 12, 2018","device":"miniCam","message":"motion","location":"Exterior-FrontDoor","timestamp":"2018-04-12T17:54:14.927Z"}}
{"_index":"ifttt-2018-04-12","_type":"webhook","_id":"Thu Apr 12 2018 20:07:02 GMT+0000 (UTC)","_score":1,"_source":{"time":"April 12, 2018 at 04:06PM","device":"Alexa","message":"Voice Deactivation","target":"lamp","timestamp":"2018-04-12T20:07:02.911Z"}}
{"_index":"ifttt-2018-04-12","_type":"webhook","_id":"Thu Apr 12 2018 19:29:17 GMT+0000 (UTC)","_score":1,"_source":{"time":"April 12, 2018","device":"miniCam","message":"motion","location":"Exterior-FrontDoor","timestamp":"2018-04-12T19:29:17.862Z"}}
{"_index":"ifttt-2018-04-12","_type":"webhook","_id":"Thu Apr 12 2018 19:44:28 GMT+0000 (UTC)","_score":1,"_source":{"time":"April 12, 2018","device":"miniCam","message":"motion","location":"Exterior-FrontDoor","timestamp":"2018-04-12T19:44:28.422Z"}}
{"_index":"ifttt-2018-04-12","_type":"webhook","_id":"Thu Apr 12 2018 19:44:29 GMT+0000 (UTC)","_score":1,"_source":{"time":"April 12, 2018","device":"miniCam","message":"motion","location":"Exterior-FrontDoor","timestamp":"2018-04-12T19:44:29.142Z"}}
{"_index":"ifttt-2018-04-12","_type":"webhook","_id":"Thu Apr 12 2018 20:04:20 GMT+0000 (UTC)","_score":1,"_source":{"time":"April 12, 2018","device":"miniCam","message":"motion","location":"Exterior-FrontDoor","timestamp":"2018-04-12T20:04:20.923Z"}}
{"_index":"ifttt-2018-04-12","_type":"webhook","_id":"Thu Apr 12 2018 20:12:19 GMT+0000 (UTC)","_score":1,"_source":{"device":"FrontLock1","status":"Locked","user":"Manual Lock","timestamp":"2018-04-12T20:12:19.084Z"}}
{"_index":"ifttt-2018-04-12","_type":"webhook","_id":"Thu Apr 12 2018 20:07:46 GMT+0000 (UTC)","_score":1,"_source":{"device":"FrontLock1","status":"Locked","user":"Manny Kin","timestamp":"2018-04-12T20:07:46.626Z"}}
{"_index":"ifttt-2018-04-12","_type":"webhook","_id":"Thu Apr 12 2018 20:09:14 GMT+0000 (UTC)","_score":1,"_source":{"time":"April 12, 2018","device":"miniCam","message":"motion","location":"Exterior-FrontDoor","timestamp":"2018-04-12T20:09:14.471Z"}}
{"_index":"ifttt-2018-04-12","_type":"webhook","_id":"Thu Apr 12 2018 20:04:19 GMT+0000 (UTC)","_score":1,"_source":{"time":"April 12, 2018","device":"miniCam","message":"motion","location":"Exterior-FrontDoor","timestamp":"2018-04-12T20:04:19.904Z"}}
{"_index":"ifttt-2018-04-12","_type":"webhook","_id":"Thu Apr 12 2018 20:14:07 GMT+0000 (UTC)","_score":1,"_source":{"time":"April 12, 2018 at 04:14PM","device":"Alexa","message":"Voice Deactivation","target":"lamp","timestamp":"2018-04-12T20:14:07.082Z"}}
{"_index":"ifttt-2018-04-12","_type":"webhook","_id":"Thu Apr 12 2018 21:06:18 GMT+0000 (UTC)","_score":1,"_source":{"time":" April 12, 2018 at 05:06PM","device":"Alexa","message":"Voice Activation","target":"lamp","timestamp":"2018-04-12T21:06:18.765Z"}}
{"_index":"ifttt-2018-04-12","_type":"webhook","_id":"Thu Apr 12 2018 20:14:17 GMT+0000 (UTC)","_score":1,"_source":{"time":"April 12, 2018","device":"miniCam","message":"motion","location":"Exterior-FrontDoor","timestamp":"2018-04-12T20:14:17.111Z"}}
{"_index":"ifttt-2018-04-12","_type":"webhook","_id":"Thu Apr 12 2018 20:54:07 GMT+0000 (UTC)","_score":1,"_source":{"time":"April 12, 2018","device":"miniCam","message":"motion","location":"Exterior-FrontDoor","timestamp":"2018-04-12T20:54:07.192Z"}}
{"_index":"ifttt-2018-04-12","_type":"webhook","_id":"Thu Apr 12 2018 20:59:24 GMT+0000 (UTC)","_score":1,"_source":{"time":"April 12, 2018","device":"miniCam","message":"motion","location":"Exterior-FrontDoor","timestamp":"2018-04-12T20:59:24.399Z"}}
{"_index":"ifttt-2018-04-12","_type":"webhook","_id":"Thu Apr 12 2018 21:00:38 GMT+0000 (UTC)","_score":1,"_source":{"device":"FrontLock1","status":"Unlocked","user":" Manny Kin","timestamp":"2018-04-12T21:00:38.803Z"}}
{"_index":"ifttt-2018-04-12","_type":"webhook","_id":"Thu Apr 12 2018 21:05:49 GMT+0000 (UTC)","_score":1,"_source":{"device":"FrontLock1","status":"Unlocked","user":" Manny Kin","timestamp":"2018-04-12T21:05:49.140Z"}}
{"_index":"ifttt-2018-04-12","_type":"webhook","_id":"Thu Apr 12 2018 20:24:14 GMT+0000 (UTC)","_score":1,"_source":{"device":"Plug1","message":"Activated","time":" ","timestamp":"2018-04-12T20:24:14.379Z"}}
{"_index":"ifttt-2018-04-12","_type":"webhook","_id":"Thu Apr 12 2018 20:49:36 GMT+0000 (UTC)","_score":1,"_source":{"time":"April 12, 2018","device":"miniCam","message":"motion","location":"Exterior-FrontDoor","timestamp":"2018-04-12T20:49:36.609Z"}}
{"_index":"ifttt-2018-04-12","_type":"webhook","_id":"Thu Apr 12 2018 21:08:46 GMT+0000 (UTC)","_score":1,"_source":{"time":"April 12, 2018 at 05:08PM","device":"Alexa","message":"Voice Deactivation","target":"lamp","timestamp":"2018-04-12T21:08:46.056Z"}}
{"_index":"ifttt-2018-04-12","_type":"webhook","_id":"Thu Apr 12 2018 21:16:34 GMT+0000 (UTC)","_score":1,"_source":{"time":" April 12, 2018 at 05:16PM","device":"Alexa","message":"Voice Activation","target":"lamp","timestamp":"2018-04-12T21:16:34.233Z"}}
{"_index":"ifttt-2018-04-12","_type":"webhook","_id":"Thu Apr 12 2018 21:18:49 GMT+0000 (UTC)","_score":1,"_source":{"time":" April 12, 2018 at 05:18PM","device":"Alexa","message":"Voice Activation","target":"lamp","timestamp":"2018-04-12T21:18:49.224Z"}}
{"_index":"ifttt-2018-04-12","_type":"webhook","_id":"Thu Apr 12 2018 21:23:22 GMT+0000 (UTC)","_score":1,"_source":{"time":" April 12, 2018 at 05:23PM","device":"Alexa","message":"Voice Activation","target":"lamp","timestamp":"2018-04-12T21:23:22.420Z"}}
{"_index":"ifttt-2018-04-12","_type":"webhook","_id":"Thu Apr 12 2018 21:25:18 GMT+0000 (UTC)","_score":1,"_source":{"time":" April 12, 2018 at 05:25PM","device":"Alexa","message":"Voice Activation","target":"lamp","timestamp":"2018-04-12T21:25:18.438Z"}}
{"_index":"ifttt-2018-04-12","_type":"webhook","_id":"Thu Apr 12 2018 21:21:20 GMT+0000 (UTC)","_score":1,"_source":{"device":"FrontLock1","status":"Unlocked","user":" Manny Kin","timestamp":"2018-04-12T21:21:20.287Z"}}
{"_index":"ifttt-2018-04-12","_type":"webhook","_id":"Thu Apr 12 2018 21:23:03 GMT+0000 (UTC)","_score":1,"_source":{"device":"FrontLock1","status":"Unlocked","user":" Manny Kin","timestamp":"2018-04-12T21:23:03.545Z"}}
{"_index":"ifttt-2018-04-12","_type":"webhook","_id":"Thu Apr 12 2018 21:24:58 GMT+0000 (UTC)","_score":1,"_source":{"device":"FrontLock1","status":"Unlocked","user":" Manny Kin","timestamp":"2018-04-12T21:24:58.282Z"}}
{"_index":"ifttt-2018-04-12","_type":"webhook","_id":"Thu Apr 12 2018 21:14:16 GMT+0000 (UTC)","_score":1,"_source":{"time":"April 12, 2018","device":"miniCam","message":"motion","location":"Exterior-FrontDoor","timestamp":"2018-04-12T21:14:16.825Z"}}
{"_index":"ifttt-2018-04-12","_type":"webhook","_id":"Thu Apr 12 2018 21:25:54 GMT+0000 (UTC)","_score":1,"_source":{"time":"April 12, 2018 at 05:25PM","device":"Alexa","message":"Voice Deactivation","target":"lamp","timestamp":"2018-04-12T21:25:54.023Z"}}
{"_index":"ifttt-2018-04-12","_type":"webhook","_id":"Thu Apr 12 2018 21:27:44 GMT+0000 (UTC)","_score":1,"_source":{"time":"April 12, 2018 at 05:27PM","device":"Alexa","message":"Voice Deactivation","target":"lamp","timestamp":"2018-04-12T21:27:44.542Z"}}
{"_index":"ifttt-2018-04-12","_type":"webhook","_id":"Thu Apr 12 2018 21:36:44 GMT+0000 (UTC)","_score":1,"_source":{"time":" April 12, 2018 at 05:36PM","device":"Alexa","message":"Voice Activation","target":"lamp","timestamp":"2018-04-12T21:36:44.122Z"}}
{"_index":"ifttt-2018-04-12","_type":"webhook","_id":"Thu Apr 12 2018 21:34:19 GMT+0000 (UTC)","_score":1,"_source":{"time":"April 12, 2018","device":"miniCam","message":"motion","location":"Exterior-FrontDoor","timestamp":"2018-04-12T21:34:19.928Z"}}
{"_index":"ifttt-2018-04-12","_type":"webhook","_id":"Thu Apr 12 2018 21:29:42 GMT+0000 (UTC)","_score":1,"_source":{"device":"FrontLock1","status":"Unlocked","user":" Manny Kin","timestamp":"2018-04-12T21:29:42.864Z"}}
{"_index":"ifttt-2018-04-12","_type":"webhook","_id":"Thu Apr 12 2018 21:28:15 GMT+0000 (UTC)","_score":1,"_source":{"device":"FrontLock1","status":"Locked","user":"Manny Kin","timestamp":"2018-04-12T21:28:15.154Z"}}
{"_index":"ifttt-2018-04-12","_type":"webhook","_id":"Thu Apr 12 2018 21:31:14 GMT+0000 (UTC)","_score":1,"_source":{"device":"FrontLock1","status":"Locked","user":"Manny Kin","timestamp":"2018-04-12T21:31:14.881Z"}}
{"_index":"ifttt-2018-04-12","_type":"webhook","_id":"Thu Apr 12 2018 21:33:19 GMT+0000 (UTC)","_score":1,"_source":{"device":"FrontLock1","status":"Locked","user":"Manny Kin","timestamp":"2018-04-12T21:33:19.174Z"}}
{"_index":"ifttt-2018-04-12","_type":"webhook","_id":"Thu Apr 12 2018 21:34:13 GMT+0000 (UTC)","_score":1,"_source":{"device":"Room1Lamp","message":"Off","timestamp":"2018-04-12T21:34:13.106Z"}}
{"_index":"ifttt-2018-04-12","_type":"webhook","_id":"Thu Apr 12 2018 21:39:17 GMT+0000 (UTC)","_score":1,"_source":{"time":"April 12, 2018","device":"miniCam","message":"motion","location":"Exterior-FrontDoor","timestamp":"2018-04-12T21:39:17.640Z"}}
{"_index":"ifttt-2018-04-12","_type":"webhook","_id":"Thu Apr 12 2018 13:14:25 GMT+0000 (UTC)","_score":1,"_source":{"time":"April 12, 2018","device":"miniCam","message":"motion","location":"Exterior-FrontDoor","timestamp":"2018-04-12T13:14:25.617Z"}}
{"_index":"ifttt-2018-04-12","_type":"webhook","_id":"Thu Apr 12 2018 15:54:09 GMT+0000 (UTC)","_score":1,"_source":{"time":"April 12, 2018","device":"miniCam","message":"motion","location":"Exterior-FrontDoor","timestamp":"2018-04-12T15:54:09.376Z"}}
{"_index":"ifttt-2018-04-12","_type":"webhook","_id":"Thu Apr 12 2018 16:09:10 GMT+0000 (UTC)","_score":1,"_source":{"time":"April 12, 2018","device":"miniCam","message":"motion","location":"Exterior-FrontDoor","timestamp":"2018-04-12T16:09:10.660Z"}}
{"_index":"ifttt-2018-04-12","_type":"webhook","_id":"Thu Apr 12 2018 16:29:38 GMT+0000 (UTC)","_score":1,"_source":{"time":"April 12, 2018","device":"miniCam","message":"motion","location":"Exterior-FrontDoor","timestamp":"2018-04-12T16:29:38.744Z"}}
{"_index":"ifttt-2018-04-12","_type":"webhook","_id":"Thu Apr 12 2018 16:29:40 GMT+0000 (UTC)","_score":1,"_source":{"time":"April 12, 2018","device":"miniCam","message":"motion","location":"Exterior-FrontDoor","timestamp":"2018-04-12T16:29:40.158Z"}}
{"_index":"ifttt-2018-04-12","_type":"webhook","_id":"Thu Apr 12 2018 16:34:06 GMT+0000 (UTC)","_score":1,"_source":{"time":"April 12, 2018","device":"miniCam","message":"motion","location":"Exterior-FrontDoor","timestamp":"2018-04-12T16:34:06.852Z"}}
{"_index":"ifttt-2018-04-12","_type":"webhook","_id":"Thu Apr 12 2018 16:16:41 GMT+0000 (UTC)","_score":1,"_source":{"device":"FrontLock1","status":"Locked","user":"Manual Lock","timestamp":"2018-04-12T16:16:41.582Z"}}
{"_index":"ifttt-2018-04-12","_type":"webhook","_id":"Thu Apr 12 2018 03:15:44 GMT+0000 (UTC)","_score":1,"_source":{"device":"Room1Plug1","message":"Activated","timestamp":"2018-04-12T03:15:44.042Z"}}
{"_index":"ifttt-2018-04-12","_type":"webhook","_id":"Thu Apr 12 2018 06:09:30 GMT+0000 (UTC)","_score":1,"_source":{"device":"Room1Lamp","message":"Off","timestamp":"2018-04-12T06:09:30.825Z"}}
{"_index":"ifttt-2018-04-12","_type":"webhook","_id":"Thu Apr 12 2018 16:34:05 GMT+0000 (UTC)","_score":1,"_source":{"time":"April 12, 2018","device":"miniCam","message":"motion","location":"Exterior-FrontDoor","timestamp":"2018-04-12T16:34:05.917Z"}}
{"_index":"ifttt-2018-04-12","_type":"webhook","_id":"Thu Apr 12 2018 16:54:12 GMT+0000 (UTC)","_score":1,"_source":{"time":"April 12, 2018","device":"miniCam","message":"motion","location":"Exterior-FrontDoor","timestamp":"2018-04-12T16:54:12.954Z"}}
{"_index":"ifttt-2018-04-12","_type":"webhook","_id":"Thu Apr 12 2018 17:24:13 GMT+0000 (UTC)","_score":1,"_source":{"time":"April 12, 2018","device":"miniCam","message":"motion","location":"Exterior-FrontDoor","timestamp":"2018-04-12T17:24:13.205Z"}}
{"_index":"ifttt-2018-04-12","_type":"webhook","_id":"Thu Apr 12 2018 17:49:05 GMT+0000 (UTC)","_score":1,"_source":{"time":"April 12, 2018","device":"miniCam","message":"motion","location":"Exterior-FrontDoor","timestamp":"2018-04-12T17:49:05.831Z"}}
{"_index":"ifttt-2018-04-12","_type":"webhook","_id":"Thu Apr 12 2018 17:54:13 GMT+0000 (UTC)","_score":1,"_source":{"time":"April 12, 2018","device":"miniCam","message":"motion","location":"Exterior-FrontDoor","timestamp":"2018-04-12T17:54:13.876Z"}}
{"_index":"ifttt-2018-04-12","_type":"webhook","_id":"Thu Apr 12 2018 17:59:13 GMT+0000 (UTC)","_score":1,"_source":{"time":"April 12, 2018","device":"miniCam","message":"motion","location":"Exterior-FrontDoor","timestamp":"2018-04-12T17:59:13.401Z"}}
{"_index":"ifttt-2018-04-12","_type":"webhook","_id":"Thu Apr 12 2018 18:14:29 GMT+0000 (UTC)","_score":1,"_source":{"time":"April 12, 2018","device":"miniCam","message":"motion","location":"Exterior-FrontDoor","timestamp":"2018-04-12T18:14:29.875Z"}}
{"_index":"ifttt-2018-04-12","_type":"webhook","_id":"Thu Apr 12 2018 16:51:19 GMT+0000 (UTC)","_score":1,"_source":{"device":"FrontLock1","status":"Unlocked","user":" Manual Unlock","timestamp":"2018-04-12T16:51:19.689Z"}}
{"_index":"ifttt-2018-04-12","_type":"webhook","_id":"Thu Apr 12 2018 17:35:20 GMT+0000 (UTC)","_score":1,"_source":{"device":"Room1Plug1","message":"Activated","timestamp":"2018-04-12T17:35:20.579Z"}}
{"_index":"ifttt-2018-04-12","_type":"webhook","_id":"Thu Apr 12 2018 18:34:46 GMT+0000 (UTC)","_score":1,"_source":{"time":"April 12, 2018","device":"miniCam","message":"motion","location":"Exterior-FrontDoor","timestamp":"2018-04-12T18:34:46.743Z"}}
{"_index":"ifttt-2018-04-12","_type":"webhook","_id":"Thu Apr 12 2018 18:49:32 GMT+0000 (UTC)","_score":1,"_source":{"time":"April 12, 2018","device":"miniCam","message":"motion","location":"Exterior-FrontDoor","timestamp":"2018-04-12T18:49:32.339Z"}}
{"_index":"ifttt-2018-04-12","_type":"webhook","_id":"Thu Apr 12 2018 18:54:10 GMT+0000 (UTC)","_score":1,"_source":{"time":"April 12, 2018","device":"miniCam","message":"motion","location":"Exterior-FrontDoor","timestamp":"2018-04-12T18:54:10.136Z"}}
{"_index":"ifttt-2018-04-12","_type":"webhook","_id":"Thu Apr 12 2018 19:24:07 GMT+0000 (UTC)","_score":1,"_source":{"time":"April 12, 2018","device":"miniCam","message":"motion","location":"Exterior-FrontDoor","timestamp":"2018-04-12T19:24:07.384Z"}}
{"_index":"ifttt-2018-04-12","_type":"webhook","_id":"Thu Apr 12 2018 19:29:18 GMT+0000 (UTC)","_score":1,"_source":{"time":"April 12, 2018","device":"miniCam","message":"motion","location":"Exterior-FrontDoor","timestamp":"2018-04-12T19:29:18.507Z"}}
{"_index":"ifttt-2018-04-12","_type":"webhook","_id":"Thu Apr 12 2018 19:49:53 GMT+0000 (UTC)","_score":1,"_source":{"time":"April 12, 2018","device":"miniCam","message":"motion","location":"Exterior-FrontDoor","timestamp":"2018-04-12T19:49:53.901Z"}}
{"_index":"ifttt-2018-04-12","_type":"webhook","_id":"Thu Apr 12 2018 20:09:13 GMT+0000 (UTC)","_score":1,"_source":{"time":"April 12, 2018","device":"miniCam","message":"motion","location":"Exterior-FrontDoor","timestamp":"2018-04-12T20:09:13.622Z"}}
{"_index":"ifttt-2018-04-12","_type":"webhook","_id":"Thu Apr 12 2018 20:14:15 GMT+0000 (UTC)","_score":1,"_source":{"time":"April 12, 2018","device":"miniCam","message":"motion","location":"Exterior-FrontDoor","timestamp":"2018-04-12T20:14:15.574Z"}}
{"_index":"ifttt-2018-04-12","_type":"webhook","_id":"Thu Apr 12 2018 20:10:01 GMT+0000 (UTC)","_score":1,"_source":{"device":"FrontLock1","status":"Locked","user":"Manny Kin","timestamp":"2018-04-12T20:10:01.586Z"}}
{"_index":"ifttt-2018-04-12","_type":"webhook","_id":"Thu Apr 12 2018 19:04:51 GMT+0000 (UTC)","_score":1,"_source":{"time":"April 12, 2018","device":"miniCam","message":"motion","location":"Exterior-FrontDoor","timestamp":"2018-04-12T19:04:51.511Z"}}
{"_index":"ifttt-2018-04-12","_type":"webhook","_id":"Thu Apr 12 2018 20:48:48 GMT+0000 (UTC)","_score":1,"_source":{"time":"April 12, 2018 at 04:48PM","device":"Alexa","message":"Voice Deactivation","target":"lamp","timestamp":"2018-04-12T20:48:48.817Z"}}
{"_index":"ifttt-2018-04-12","_type":"webhook","_id":"Thu Apr 12 2018 20:54:36 GMT+0000 (UTC)","_score":1,"_source":{"time":" April 12, 2018 at 04:54PM","device":"Alexa","message":"Voice Activation","target":"lamp","timestamp":"2018-04-12T20:54:36.931Z"}}
{"_index":"ifttt-2018-04-12","_type":"webhook","_id":"Thu Apr 12 2018 20:57:01 GMT+0000 (UTC)","_score":1,"_source":{"time":" April 12, 2018 at 04:56PM","device":"Alexa","message":"Voice Activation","target":"lamp","timestamp":"2018-04-12T20:57:01.717Z"}}
{"_index":"ifttt-2018-04-12","_type":"webhook","_id":"Thu Apr 12 2018 20:49:35 GMT+0000 (UTC)","_score":1,"_source":{"time":"April 12, 2018","device":"miniCam","message":"motion","location":"Exterior-FrontDoor","timestamp":"2018-04-12T20:49:35.774Z"}}
{"_index":"ifttt-2018-04-12","_type":"webhook","_id":"Thu Apr 12 2018 21:04:44 GMT+0000 (UTC)","_score":1,"_source":{"time":"April 12, 2018","device":"miniCam","message":"motion","location":"Exterior-FrontDoor","timestamp":"2018-04-12T21:04:44.646Z"}}
{"_index":"ifttt-2018-04-12","_type":"webhook","_id":"Thu Apr 12 2018 20:57:49 GMT+0000 (UTC)","_score":1,"_source":{"device":"FrontLock1","status":"Locked","user":"Manny Kin","timestamp":"2018-04-12T20:57:49.299Z"}}
{"_index":"ifttt-2018-04-12","_type":"webhook","_id":"Thu Apr 12 2018 20:14:20 GMT+0000 (UTC)","_score":1,"_source":{"device":"Room1Lamp","message":"Off","timestamp":"2018-04-12T20:14:20.464Z"}}
{"_index":"ifttt-2018-04-12","_type":"webhook","_id":"Thu Apr 12 2018 20:54:29 GMT+0000 (UTC)","_score":1,"_source":{"device":"Room1Lamp","message":"Off","timestamp":"2018-04-12T20:54:29.000Z"}}
{"_index":"ifttt-2018-04-12","_type":"webhook","_id":"Thu Apr 12 2018 20:14:16 GMT+0000 (UTC)","_score":1,"_source":{"time":"April 12, 2018","device":"miniCam","message":"motion","location":"Exterior-FrontDoor","timestamp":"2018-04-12T20:14:16.657Z"}}
{"_index":"ifttt-2018-04-12","_type":"webhook","_id":"Thu Apr 12 2018 21:14:02 GMT+0000 (UTC)","_score":1,"_source":{"time":" April 12, 2018 at 05:13PM","device":"Alexa","message":"Voice Activation","target":"lamp","timestamp":"2018-04-12T21:14:02.020Z"}}
{"_index":"ifttt-2018-04-12","_type":"webhook","_id":"Thu Apr 12 2018 21:09:21 GMT+0000 (UTC)","_score":1,"_source":{"time":"April 12, 2018","device":"miniCam","message":"motion","location":"Exterior-FrontDoor","timestamp":"2018-04-12T21:09:21.869Z"}}
{"_index":"ifttt-2018-04-12","_type":"webhook","_id":"Thu Apr 12 2018 21:24:34 GMT+0000 (UTC)","_score":1,"_source":{"time":"April 12, 2018","device":"miniCam","message":"motion","location":"Exterior-FrontDoor","timestamp":"2018-04-12T21:24:34.799Z"}}
{"_index":"ifttt-2018-04-12","_type":"webhook","_id":"Thu Apr 12 2018 21:29:20 GMT+0000 (UTC)","_score":1,"_source":{"time":"April 12, 2018","device":"miniCam","message":"motion","location":"Exterior-FrontDoor","timestamp":"2018-04-12T21:29:20.191Z"}}
{"_index":"ifttt-2018-04-12","_type":"webhook","_id":"Thu Apr 12 2018 21:07:46 GMT+0000 (UTC)","_score":1,"_source":{"device":"FrontLock1","status":"Unlocked","user":" Manny Kin","timestamp":"2018-04-12T21:07:46.610Z"}}
{"_index":"ifttt-2018-04-12","_type":"webhook","_id":"Thu Apr 12 2018 21:16:14 GMT+0000 (UTC)","_score":1,"_source":{"device":"FrontLock1","status":"Unlocked","user":" Manny Kin","timestamp":"2018-04-12T21:16:14.325Z"}}
{"_index":"ifttt-2018-04-12","_type":"webhook","_id":"Thu Apr 12 2018 21:27:08 GMT+0000 (UTC)","_score":1,"_source":{"device":"FrontLock1","status":"Unlocked","user":" Manny Kin","timestamp":"2018-04-12T21:27:08.877Z"}}
{"_index":"ifttt-2018-04-12","_type":"webhook","_id":"Thu Apr 12 2018 21:09:08 GMT+0000 (UTC)","_score":1,"_source":{"device":"FrontLock1","status":"Locked","user":"Manny Kin","timestamp":"2018-04-12T21:09:08.444Z"}}
{"_index":"ifttt-2018-04-12","_type":"webhook","_id":"Thu Apr 12 2018 21:11:10 GMT+0000 (UTC)","_score":1,"_source":{"device":"FrontLock1","status":"Locked","user":"Manny Kin","timestamp":"2018-04-12T21:11:10.011Z"}}
{"_index":"ifttt-2018-04-12","_type":"webhook","_id":"Thu Apr 12 2018 21:30:56 GMT+0000 (UTC)","_score":1,"_source":{"time":"April 12, 2018 at 05:30PM","device":"Alexa","message":"Voice Deactivation","target":"lamp","timestamp":"2018-04-12T21:30:56.727Z"}}
{"_index":"ifttt-2018-04-12","_type":"webhook","_id":"Thu Apr 12 2018 21:33:00 GMT+0000 (UTC)","_score":1,"_source":{"time":"April 12, 2018 at 05:32PM","device":"Alexa","message":"Voice Deactivation","target":"lamp","timestamp":"2018-04-12T21:33:00.673Z"}}
{"_index":"ifttt-2018-04-12","_type":"webhook","_id":"Thu Apr 12 2018 21:35:24 GMT+0000 (UTC)","_score":1,"_source":{"time":"April 12, 2018 at 05:35PM","device":"Alexa","message":"Voice Deactivation","target":"lamp","timestamp":"2018-04-12T21:35:24.177Z"}}
{"_index":"ifttt-2018-04-12","_type":"webhook","_id":"Thu Apr 12 2018 21:41:44 GMT+0000 (UTC)","_score":1,"_source":{"time":"April 12, 2018 at 05:41PM","device":"Alexa","message":"Voice Deactivation","target":"lamp","timestamp":"2018-04-12T21:41:44.810Z"}}
{"_index":"ifttt-2018-04-12","_type":"webhook","_id":"Thu Apr 12 2018 21:38:54 GMT+0000 (UTC)","_score":1,"_source":{"time":" April 12, 2018 at 05:38PM","device":"Alexa","message":"Voice Activation","target":"lamp","timestamp":"2018-04-12T21:38:54.819Z"}}
{"_index":"ifttt-2018-04-12","_type":"webhook","_id":"Thu Apr 12 2018 21:34:20 GMT+0000 (UTC)","_score":1,"_source":{"time":"April 12, 2018","device":"miniCam","message":"motion","location":"Exterior-FrontDoor","timestamp":"2018-04-12T21:34:20.455Z"}}
{"_index":"ifttt-2018-04-12","_type":"webhook","_id":"Thu Apr 12 2018 21:35:41 GMT+0000 (UTC)","_score":1,"_source":{"device":"FrontLock1","status":"Locked","user":"Manny Kin","timestamp":"2018-04-12T21:35:41.971Z"}}
{"_index":"ifttt-2018-04-12","_type":"webhook","_id":"Thu Apr 12 2018 21:39:18 GMT+0000 (UTC)","_score":1,"_source":{"time":"April 12, 2018","device":"miniCam","message":"motion","location":"Exterior-FrontDoor","timestamp":"2018-04-12T21:39:18.727Z"}}
{"_index":"ifttt-2018-04-12","_type":"webhook","_id":"Thu Apr 12 2018 21:44:20 GMT+0000 (UTC)","_score":1,"_source":{"time":"April 12, 2018","device":"miniCam","message":"motion","location":"Exterior-FrontDoor","timestamp":"2018-04-12T21:44:20.782Z"}}
{"_index":"ifttt-2018-04-12","_type":"webhook","_id":"Thu Apr 12 2018 22:34:08 GMT+0000 (UTC)","_score":1,"_source":{"device":"Plug1","message":"Activated","time":" ","timestamp":"2018-04-12T22:34:08.159Z"}}
{"_index":"ifttt-2018-04-12","_type":"webhook","_id":"Thu Apr 12 2018 22:39:30 GMT+0000 (UTC)","_score":1,"_source":{"time":"April 12, 2018","device":"miniCam","message":"motion","location":"Exterior-FrontDoor","timestamp":"2018-04-12T22:39:30.142Z"}}
