{"_index":"ifttt-2018-03-29","_type":"webhook","_id":"Thu Mar 29 2018 16:23:39 GMT+0000 (UTC)","_score":1,"_source":{"device":"Google Echo","deviceID":"11","action":"Voice Deactivation","target":"Room1Lamp","target-deviceID":"7","timestamp":"2018-03-29T16:23:39.835Z"}}
{"_index":"ifttt-2018-03-29","_type":"webhook","_id":"Thu Mar 29 2018 17:07:55 GMT+0000 (UTC)","_score":1,"_source":{"device":"Google Echo","deviceID":"11","action":"Voice Deactivation","target":"Room1Lamp","target-deviceID":"7","timestamp":"2018-03-29T17:07:55.249Z"}}
{"_index":"ifttt-2018-03-29","_type":"webhook","_id":"Thu Mar 29 2018 17:34:03 GMT+0000 (UTC)","_score":1,"_source":{"device":"Alexa","deviceID":"10","action":"Voice Activation","target":"Room1Lamp","target-deviceID":"7","timestamp":"2018-03-29T17:34:03.059Z"}}
{"_index":"ifttt-2018-03-29","_type":"webhook","_id":"Thu Mar 29 2018 17:41:58 GMT+0000 (UTC)","_score":1,"_source":{"device":"Alexa","action":"play music","time":" March 29, 2018 at 01:41PM","timestamp":"2018-03-29T17:41:58.487Z"}}
{"_index":"ifttt-2018-03-29","_type":"webhook","_id":"Thu Mar 29 2018 17:40:00 GMT+0000 (UTC)","_score":1,"_source":{"device":"FrontLock1","status":"Unlocked","user":" Manual Unlock","timestamp":"2018-03-29T17:40:00.591Z"}}
{"_index":"ifttt-2018-03-29","_type":"webhook","_id":"Thu Mar 29 2018 17:28:16 GMT+0000 (UTC)","_score":1,"_source":{"device":"FrontLock1","status":"Unlocked","user":" Manny Kin","timestamp":"2018-03-29T17:28:16.094Z"}}
{"_index":"ifttt-2018-03-29","_type":"webhook","_id":"Thu Mar 29 2018 16:34:26 GMT+0000 (UTC)","_score":1,"_source":{"device":"FrontLock1","status":"Locked","User":"Manual Lock","timestamp":"2018-03-29T16:34:26.611Z"}}
{"_index":"ifttt-2018-03-29","_type":"webhook","_id":"Thu Mar 29 2018 17:40:15 GMT+0000 (UTC)","_score":1,"_source":{"device":"FrontLock1","status":"Locked","User":"Manny Kin","timestamp":"2018-03-29T17:40:15.647Z"}}
{"_index":"ifttt-2018-03-29","_type":"webhook","_id":"Thu Mar 29 2018 12:31:19 GMT+0000 (UTC)","_score":1,"_source":{"device":"Room1Plug2","status":"Activated","time":" ","timestamp":"2018-03-29T12:31:19.255Z"}}
{"_index":"ifttt-2018-03-29","_type":"webhook","_id":"Thu Mar 29 2018 14:32:05 GMT+0000 (UTC)","_score":1,"_source":{"device":"Room1Plug2","status":"Activated","time":" ","timestamp":"2018-03-29T14:32:05.740Z"}}
{"_index":"ifttt-2018-03-29","_type":"webhook","_id":"Thu Mar 29 2018 18:21:19 GMT+0000 (UTC)","_score":1,"_source":{"device":"FrontLock1","status":"Unlocked","user":" Manny Kin","timestamp":"2018-03-29T18:21:19.380Z"}}
{"_index":"ifttt-2018-03-29","_type":"webhook","_id":"Thu Mar 29 2018 18:49:08 GMT+0000 (UTC)","_score":1,"_source":{"device":"FrontLock1","status":"Unlocked","user":" Manny Kin","timestamp":"2018-03-29T18:49:08.743Z"}}
{"_index":"ifttt-2018-03-29","_type":"webhook","_id":"Thu Mar 29 2018 18:52:14 GMT+0000 (UTC)","_score":1,"_source":{"device":"FrontLock1","status":"Unlocked","user":" Manny Kin","timestamp":"2018-03-29T18:52:14.501Z"}}
{"_index":"ifttt-2018-03-29","_type":"webhook","_id":"Thu Mar 29 2018 18:06:14 GMT+0000 (UTC)","_score":1,"_source":{"device":"FrontLock1","status":"Locked","User":"Manny Kin","timestamp":"2018-03-29T18:06:14.486Z"}}
{"_index":"ifttt-2018-03-29","_type":"webhook","_id":"Thu Mar 29 2018 17:46:19 GMT+0000 (UTC)","_score":1,"_source":{"alert":"PIR event","location":"Exterior-Front Door","timestamp":"2018-03-29T17:46:19.541Z"}}
{"_index":"ifttt-2018-03-29","_type":"webhook","_id":"Thu Mar 29 2018 17:46:21 GMT+0000 (UTC)","_score":1,"_source":{"alert":"PIR event","location":"Exterior-Front Door","timestamp":"2018-03-29T17:46:21.568Z"}}
{"_index":"ifttt-2018-03-29","_type":"webhook","_id":"Thu Mar 29 2018 18:02:23 GMT+0000 (UTC)","_score":1,"_source":{"alert":"PIR event","location":"Exterior-Front Door","timestamp":"2018-03-29T18:02:23.529Z"}}
{"_index":"ifttt-2018-03-29","_type":"webhook","_id":"Thu Mar 29 2018 18:35:36 GMT+0000 (UTC)","_score":1,"_source":{"alert":"motion","location":"Exterior-Front Door","timestamp":"2018-03-29T18:35:36.809Z"}}
{"_index":"ifttt-2018-03-29","_type":"webhook","_id":"Thu Mar 29 2018 18:47:06 GMT+0000 (UTC)","_score":1,"_source":{"alert":"motion","location":"Exterior-Front Door","timestamp":"2018-03-29T18:47:06.996Z"}}
{"_index":"ifttt-2018-03-29","_type":"webhook","_id":"Thu Mar 29 2018 18:56:43 GMT+0000 (UTC)","_score":1,"_source":{"device":"Alexa","deviceID":"10","action":"Voice Deactivation","target":"Room1Lamp","target-deviceID":"7","timestamp":"2018-03-29T18:56:43.626Z"}}
{"_index":"ifttt-2018-03-29","_type":"webhook","_id":"Thu Mar 29 2018 18:57:05 GMT+0000 (UTC)","_score":1,"_source":{"alert":"motion","location":"Exterior-Front Door","timestamp":"2018-03-29T18:57:05.124Z"}}
{"_index":"ifttt-2018-03-29","_type":"webhook","_id":"Thu Mar 29 2018 19:01:03 GMT+0000 (UTC)","_score":1,"_source":{"alert":"motion","location":"Exterior-Front Door","timestamp":"2018-03-29T19:01:03.915Z"}}
{"_index":"ifttt-2018-03-29","_type":"webhook","_id":"Thu Mar 29 2018 19:02:08 GMT+0000 (UTC)","_score":1,"_source":{"alert":"motion","location":"Exterior-Front Door","timestamp":"2018-03-29T19:02:08.236Z"}}
{"_index":"ifttt-2018-03-29","_type":"webhook","_id":"Thu Mar 29 2018 19:03:10 GMT+0000 (UTC)","_score":1,"_source":{"alert":"motion","location":"Exterior-Front Door","timestamp":"2018-03-29T19:03:10.605Z"}}
{"_index":"ifttt-2018-03-29","_type":"webhook","_id":"Thu Mar 29 2018 19:10:24 GMT+0000 (UTC)","_score":1,"_source":{"alert":"motion","location":"Exterior-Front Door","timestamp":"2018-03-29T19:10:24.581Z"}}
{"_index":"ifttt-2018-03-29","_type":"webhook","_id":"Thu Mar 29 2018 19:20:16 GMT+0000 (UTC)","_score":1,"_source":{"alert":"motion","location":"Exterior-Front Door","timestamp":"2018-03-29T19:20:16.682Z"}}
{"_index":"ifttt-2018-03-29","_type":"webhook","_id":"Thu Mar 29 2018 19:22:23 GMT+0000 (UTC)","_score":1,"_source":{"alert":"motion","location":"Exterior-Front Door","timestamp":"2018-03-29T19:22:23.416Z"}}
{"_index":"ifttt-2018-03-29","_type":"webhook","_id":"Thu Mar 29 2018 19:37:19 GMT+0000 (UTC)","_score":1,"_source":{"alert":"motion","location":"Exterior-Front Door","timestamp":"2018-03-29T19:37:19.482Z"}}
{"_index":"ifttt-2018-03-29","_type":"webhook","_id":"Thu Mar 29 2018 20:04:14 GMT+0000 (UTC)","_score":1,"_source":{"device":"Alexa","deviceID":"10","action":"Voice Deactivation","target":"Room1Lamp","target-deviceID":"7","timestamp":"2018-03-29T20:04:14.781Z"}}
{"_index":"ifttt-2018-03-29","_type":"webhook","_id":"Thu Mar 29 2018 20:04:15 GMT+0000 (UTC)","_score":1,"_source":{"device":"Alexa","deviceID":"10","action":"Voice Deactivation","target":"Room1Lamp","target-deviceID":"7","timestamp":"2018-03-29T20:04:15.253Z"}}
{"_index":"ifttt-2018-03-29","_type":"webhook","_id":"Thu Mar 29 2018 20:06:05 GMT+0000 (UTC)","_score":1,"_source":{"device":"Alexa","deviceID":"10","action":"Voice Deactivation","target":"Room1Lamp","target-deviceID":"7","timestamp":"2018-03-29T20:06:05.279Z"}}
{"_index":"ifttt-2018-03-29","_type":"webhook","_id":"Thu Mar 29 2018 19:39:43 GMT+0000 (UTC)","_score":1,"_source":{"device":"Alexa","deviceID":"10","action":"Voice Deactivation","target":"Room1Lamp","target-deviceID":"7","timestamp":"2018-03-29T19:39:43.370Z"}}
{"_index":"ifttt-2018-03-29","_type":"webhook","_id":"Thu Mar 29 2018 19:54:43 GMT+0000 (UTC)","_score":1,"_source":{"device":"FrontLock1","status":"Unlocked","user":" Manny Kin","timestamp":"2018-03-29T19:54:43.274Z"}}
{"_index":"ifttt-2018-03-29","_type":"webhook","_id":"Thu Mar 29 2018 19:54:49 GMT+0000 (UTC)","_score":1,"_source":{"device":"FrontLock1","status":"Locked","User":"Manny Kin","timestamp":"2018-03-29T19:54:49.108Z"}}
{"_index":"ifttt-2018-03-29","_type":"webhook","_id":"Thu Mar 29 2018 20:03:04 GMT+0000 (UTC)","_score":1,"_source":{"device":"FrontLock1","status":"Locked","User":"Manny Kin","timestamp":"2018-03-29T20:03:04.620Z"}}
{"_index":"ifttt-2018-03-29","_type":"webhook","_id":"Thu Mar 29 2018 19:52:17 GMT+0000 (UTC)","_score":1,"_source":{"alert":"motion","location":"Exterior-Front Door","timestamp":"2018-03-29T19:52:17.187Z"}}
{"_index":"ifttt-2018-03-29","_type":"webhook","_id":"Thu Mar 29 2018 20:01:44 GMT+0000 (UTC)","_score":1,"_source":{"alert":"motion","location":"Exterior-Front Door","timestamp":"2018-03-29T20:01:44.235Z"}}
{"_index":"ifttt-2018-03-29","_type":"webhook","_id":"Thu Mar 29 2018 19:37:20 GMT+0000 (UTC)","_score":1,"_source":{"alert":"motion","location":"Exterior-Front Door","timestamp":"2018-03-29T19:37:20.194Z"}}
{"_index":"ifttt-2018-03-29","_type":"webhook","_id":"Thu Mar 29 2018 20:11:11 GMT+0000 (UTC)","_score":1,"_source":{"device":"Alexa","deviceID":"10","action":"Voice Deactivation","target":"Room1Lamp","target-deviceID":"7","timestamp":"2018-03-29T20:11:11.537Z"}}
{"_index":"ifttt-2018-03-29","_type":"webhook","_id":"Thu Mar 29 2018 20:21:42 GMT+0000 (UTC)","_score":1,"_source":{"device":"FrontLock1","status":"Unlocked","user":" Manny Kin","timestamp":"2018-03-29T20:21:42.636Z"}}
{"_index":"ifttt-2018-03-29","_type":"webhook","_id":"Thu Mar 29 2018 20:23:53 GMT+0000 (UTC)","_score":1,"_source":{"device":"FrontLock1","status":"Unlocked","user":" Manny Kin","timestamp":"2018-03-29T20:23:53.299Z"}}
{"_index":"ifttt-2018-03-29","_type":"webhook","_id":"Thu Mar 29 2018 20:11:45 GMT+0000 (UTC)","_score":1,"_source":{"device":"FrontLock1","status":"Locked","User":"Manny Kin","timestamp":"2018-03-29T20:11:45.655Z"}}
{"_index":"ifttt-2018-03-29","_type":"webhook","_id":"Thu Mar 29 2018 20:18:58 GMT+0000 (UTC)","_score":1,"_source":{"device":"FrontLock1","status":"Locked","User":"Manny Kin","timestamp":"2018-03-29T20:18:58.588Z"}}
{"_index":"ifttt-2018-03-29","_type":"webhook","_id":"Thu Mar 29 2018 20:06:24 GMT+0000 (UTC)","_score":1,"_source":{"device":"FrontLock1","status":"Locked","User":"Manny Kin","timestamp":"2018-03-29T20:06:24.596Z"}}
{"_index":"ifttt-2018-03-29","_type":"webhook","_id":"Thu Mar 29 2018 20:19:10 GMT+0000 (UTC)","_score":1,"_source":{"alert":"motion","location":"Exterior-Front Door","timestamp":"2018-03-29T20:19:10.986Z"}}
{"_index":"ifttt-2018-03-29","_type":"webhook","_id":"Thu Mar 29 2018 20:19:11 GMT+0000 (UTC)","_score":1,"_source":{"alert":"motion","location":"Exterior-Front Door","timestamp":"2018-03-29T20:19:11.604Z"}}
{"_index":"ifttt-2018-03-29","_type":"webhook","_id":"Thu Mar 29 2018 20:28:14 GMT+0000 (UTC)","_score":1,"_source":{"alert":"motion","location":"Exterior-Front Door","timestamp":"2018-03-29T20:28:14.425Z"}}
{"_index":"ifttt-2018-03-29","_type":"webhook","_id":"Thu Mar 29 2018 20:28:15 GMT+0000 (UTC)","_score":1,"_source":{"alert":"motion","location":"Exterior-Front Door","timestamp":"2018-03-29T20:28:15.040Z"}}
{"_index":"ifttt-2018-03-29","_type":"webhook","_id":"Thu Mar 29 2018 20:07:24 GMT+0000 (UTC)","_score":1,"_source":{"alert":"motion","location":"Exterior-Front Door","timestamp":"2018-03-29T20:07:24.409Z"}}
{"_index":"ifttt-2018-03-29","_type":"webhook","_id":"Thu Mar 29 2018 20:37:29 GMT+0000 (UTC)","_score":1,"_source":{"device":"Alexa","deviceID":"10","action":"Voice Deactivation","target":"Room1Lamp","target-deviceID":"7","timestamp":"2018-03-29T20:37:29.239Z"}}
{"_index":"ifttt-2018-03-29","_type":"webhook","_id":"Thu Mar 29 2018 21:06:35 GMT+0000 (UTC)","_score":1,"_source":{"device":"Alexa","deviceID":"10","action":"Voice Activation","target":"Room1Lamp","target-deviceID":"7","timestamp":"2018-03-29T21:06:35.542Z"}}
{"_index":"ifttt-2018-03-29","_type":"webhook","_id":"Thu Mar 29 2018 21:08:52 GMT+0000 (UTC)","_score":1,"_source":{"device":"Alexa","deviceID":"10","action":"Voice Activation","target":"Room1Lamp","target-deviceID":"7","timestamp":"2018-03-29T21:08:52.962Z"}}
{"_index":"ifttt-2018-03-29","_type":"webhook","_id":"Thu Mar 29 2018 20:31:35 GMT+0000 (UTC)","_score":1,"_source":{"device":"FrontLock1","status":"Unlocked","user":" Manny Kin","timestamp":"2018-03-29T20:31:35.739Z"}}
{"_index":"ifttt-2018-03-29","_type":"webhook","_id":"Thu Mar 29 2018 20:34:56 GMT+0000 (UTC)","_score":1,"_source":{"device":"FrontLock1","status":"Unlocked","user":" Manny Kin","timestamp":"2018-03-29T20:34:56.330Z"}}
{"_index":"ifttt-2018-03-29","_type":"webhook","_id":"Thu Mar 29 2018 21:12:53 GMT+0000 (UTC)","_score":1,"_source":{"device":"FrontLock1","status":"Unlocked","user":" Manny Kin","timestamp":"2018-03-29T21:12:53.350Z"}}
{"_index":"ifttt-2018-03-29","_type":"webhook","_id":"Thu Mar 29 2018 20:43:08 GMT+0000 (UTC)","_score":1,"_source":{"device":"FrontLock1","status":"Locked","User":"Manny Kin","timestamp":"2018-03-29T20:43:08.183Z"}}
{"_index":"ifttt-2018-03-29","_type":"webhook","_id":"Thu Mar 29 2018 20:31:32 GMT+0000 (UTC)","_score":1,"_source":{"alert":"motion","location":"Exterior-Front Door","timestamp":"2018-03-29T20:31:32.019Z"}}
{"_index":"ifttt-2018-03-29","_type":"webhook","_id":"Thu Mar 29 2018 21:16:34 GMT+0000 (UTC)","_score":1,"_source":{"alert":"motion","location":"Exterior-Front Door","timestamp":"2018-03-29T21:16:34.430Z"}}
{"_index":"ifttt-2018-03-29","_type":"webhook","_id":"Thu Mar 29 2018 21:30:11 GMT+0000 (UTC)","_score":1,"_source":{"device":"Alexa","deviceID":"10","action":"Voice Deactivation","target":"Room1Lamp","target-deviceID":"7","timestamp":"2018-03-29T21:30:11.901Z"}}
{"_index":"ifttt-2018-03-29","_type":"webhook","_id":"Thu Mar 29 2018 21:38:17 GMT+0000 (UTC)","_score":1,"_source":{"device":"Alexa","deviceID":"10","action":"Voice Activation","target":"Room1Lamp","target-deviceID":"7","timestamp":"2018-03-29T21:38:17.663Z"}}
{"_index":"ifttt-2018-03-29","_type":"webhook","_id":"Thu Mar 29 2018 21:26:35 GMT+0000 (UTC)","_score":1,"_source":{"device":"FrontLock1","status":"Unlocked","user":" Manny Kin","timestamp":"2018-03-29T21:26:35.424Z"}}
{"_index":"ifttt-2018-03-29","_type":"webhook","_id":"Thu Mar 29 2018 21:26:11 GMT+0000 (UTC)","_score":1,"_source":{"device":"FrontLock1","status":"Locked","User":"Manny Kin","timestamp":"2018-03-29T21:26:11.567Z"}}
{"_index":"ifttt-2018-03-29","_type":"webhook","_id":"Thu Mar 29 2018 21:36:47 GMT+0000 (UTC)","_score":1,"_source":{"device":"FrontLock1","status":"Locked","User":"Manny Kin","timestamp":"2018-03-29T21:36:47.580Z"}}
{"_index":"ifttt-2018-03-29","_type":"webhook","_id":"Thu Mar 29 2018 21:16:36 GMT+0000 (UTC)","_score":1,"_source":{"alert":"motion","location":"Exterior-Front Door","timestamp":"2018-03-29T21:16:36.683Z"}}
{"_index":"ifttt-2018-03-29","_type":"webhook","_id":"Thu Mar 29 2018 21:31:19 GMT+0000 (UTC)","_score":1,"_source":{"alert":"motion","location":"Exterior-Front Door","timestamp":"2018-03-29T21:31:19.996Z"}}
{"_index":"ifttt-2018-03-29","_type":"webhook","_id":"Thu Mar 29 2018 21:31:24 GMT+0000 (UTC)","_score":1,"_source":{"alert":"motion","location":"Exterior-Front Door","timestamp":"2018-03-29T21:31:24.096Z"}}
{"_index":"ifttt-2018-03-29","_type":"webhook","_id":"Thu Mar 29 2018 21:16:35 GMT+0000 (UTC)","_score":1,"_source":{"alert":"motion","location":"Exterior-Front Door","timestamp":"2018-03-29T21:16:35.682Z"}}
{"_index":"ifttt-2018-03-29","_type":"webhook","_id":"Thu Mar 29 2018 21:40:18 GMT+0000 (UTC)","_score":1,"_source":{"device":"FrontLock1","status":"Locked","User":"Manny Kin","timestamp":"2018-03-29T21:40:18.330Z"}}
{"_index":"ifttt-2018-03-29","_type":"webhook","_id":"Thu Mar 29 2018 16:34:24 GMT+0000 (UTC)","_score":1,"_source":{"device":"FrontLock1","status":"Unlocked","user":" Manual Unlock","timestamp":"2018-03-29T16:34:24.972Z"}}
{"_index":"ifttt-2018-03-29","_type":"webhook","_id":"Thu Mar 29 2018 17:41:14 GMT+0000 (UTC)","_score":1,"_source":{"device":"FrontLock1","status":"Unlocked","user":" Manny Kin","timestamp":"2018-03-29T17:41:14.050Z"}}
{"_index":"ifttt-2018-03-29","_type":"webhook","_id":"Thu Mar 29 2018 16:34:27 GMT+0000 (UTC)","_score":1,"_source":{"device":"FrontLock1","status":"Locked","User":"Manual Lock","timestamp":"2018-03-29T16:34:27.021Z"}}
{"_index":"ifttt-2018-03-29","_type":"webhook","_id":"Thu Mar 29 2018 09:26:04 GMT+0000 (UTC)","_score":1,"_source":{"device":"Room1Plug2","status":"Activated","time":" ","timestamp":"2018-03-29T09:26:04.308Z"}}
{"_index":"ifttt-2018-03-29","_type":"webhook","_id":"Thu Mar 29 2018 10:26:11 GMT+0000 (UTC)","_score":1,"_source":{"device":"Room1Plug2","status":"Activated","time":" ","timestamp":"2018-03-29T10:26:11.439Z"}}
{"_index":"ifttt-2018-03-29","_type":"webhook","_id":"Thu Mar 29 2018 16:36:02 GMT+0000 (UTC)","_score":1,"_source":{"device":"Room1Plug2","status":"Activated","time":" ","timestamp":"2018-03-29T16:36:02.257Z"}}
{"_index":"ifttt-2018-03-29","_type":"webhook","_id":"Thu Mar 29 2018 16:07:11 GMT+0000 (UTC)","_score":1,"_source":{"device":"Room1Plug1","status":"Activated","timestamp":"2018-03-29T16:07:11.549Z"}}
{"_index":"ifttt-2018-03-29","_type":"webhook","_id":"Thu Mar 29 2018 17:07:17 GMT+0000 (UTC)","_score":1,"_source":{"device":"Room1Plug1","status":"Activated","timestamp":"2018-03-29T17:07:17.567Z"}}
{"_index":"ifttt-2018-03-29","_type":"webhook","_id":"Thu Mar 29 2018 17:31:26 GMT+0000 (UTC)","_score":1,"_source":{"alert":"PIR event","location":"Exterior-Front Door","timestamp":"2018-03-29T17:31:26.970Z"}}
{"_index":"ifttt-2018-03-29","_type":"webhook","_id":"Thu Mar 29 2018 17:31:28 GMT+0000 (UTC)","_score":1,"_source":{"alert":"PIR event","location":"Exterior-Front Door","timestamp":"2018-03-29T17:31:28.716Z"}}
{"_index":"ifttt-2018-03-29","_type":"webhook","_id":"Thu Mar 29 2018 18:33:19 GMT+0000 (UTC)","_score":1,"_source":{"device":"Alexa","deviceID":"10","action":"Voice Deactivation","target":"Room1Lamp","target-deviceID":"7","timestamp":"2018-03-29T18:33:19.375Z"}}
{"_index":"ifttt-2018-03-29","_type":"webhook","_id":"Thu Mar 29 2018 17:42:43 GMT+0000 (UTC)","_score":1,"_source":{"device":"FrontLock1","status":"Unlocked","user":" Manny Kin","timestamp":"2018-03-29T17:42:43.648Z"}}
{"_index":"ifttt-2018-03-29","_type":"webhook","_id":"Thu Mar 29 2018 18:23:24 GMT+0000 (UTC)","_score":1,"_source":{"device":"FrontLock1","status":"Unlocked","user":" Manny Kin","timestamp":"2018-03-29T18:23:24.785Z"}}
{"_index":"ifttt-2018-03-29","_type":"webhook","_id":"Thu Mar 29 2018 18:30:48 GMT+0000 (UTC)","_score":1,"_source":{"device":"FrontLock1","status":"Locked","User":"Manny Kin","timestamp":"2018-03-29T18:30:48.542Z"}}
{"_index":"ifttt-2018-03-29","_type":"webhook","_id":"Thu Mar 29 2018 18:44:00 GMT+0000 (UTC)","_score":1,"_source":{"device":"FrontLock1","status":"Locked","User":"Manny Kin","timestamp":"2018-03-29T18:44:00.125Z"}}
{"_index":"ifttt-2018-03-29","_type":"webhook","_id":"Thu Mar 29 2018 18:02:20 GMT+0000 (UTC)","_score":1,"_source":{"alert":"PIR event","location":"Exterior-Front Door","timestamp":"2018-03-29T18:02:20.968Z"}}
{"_index":"ifttt-2018-03-29","_type":"webhook","_id":"Thu Mar 29 2018 18:15:53 GMT+0000 (UTC)","_score":1,"_source":{"alert":"PIR event","location":"Exterior-Front Door","timestamp":"2018-03-29T18:15:53.273Z"}}
{"_index":"ifttt-2018-03-29","_type":"webhook","_id":"Thu Mar 29 2018 18:31:15 GMT+0000 (UTC)","_score":1,"_source":{"alert":"motion","location":"Exterior-Front Door","timestamp":"2018-03-29T18:31:15.261Z"}}
{"_index":"ifttt-2018-03-29","_type":"webhook","_id":"Thu Mar 29 2018 17:42:38 GMT+0000 (UTC)","_score":1,"_source":{"device":"FrontLock1","status":"Locked","User":"Manny Kin","timestamp":"2018-03-29T17:42:38.106Z"}}
{"_index":"ifttt-2018-03-29","_type":"webhook","_id":"Thu Mar 29 2018 18:50:52 GMT+0000 (UTC)","_score":1,"_source":{"device":"Alexa","deviceID":"10","action":"Voice Activation","target":"Room1Lamp","target-deviceID":"7","timestamp":"2018-03-29T18:50:52.761Z"}}
{"_index":"ifttt-2018-03-29","_type":"webhook","_id":"Thu Mar 29 2018 18:51:07 GMT+0000 (UTC)","_score":1,"_source":{"device":"Alexa","action":"play music","time":" March 29, 2018 at 02:51PM","timestamp":"2018-03-29T18:51:07.326Z"}}
{"_index":"ifttt-2018-03-29","_type":"webhook","_id":"Thu Mar 29 2018 18:55:11 GMT+0000 (UTC)","_score":1,"_source":{"device":"FrontLock1","status":"Unlocked","user":" Manny Kin","timestamp":"2018-03-29T18:55:11.655Z"}}
{"_index":"ifttt-2018-03-29","_type":"webhook","_id":"Thu Mar 29 2018 18:57:09 GMT+0000 (UTC)","_score":1,"_source":{"device":"FrontLock1","status":"Locked","User":"Manny Kin","timestamp":"2018-03-29T18:57:09.216Z"}}
{"_index":"ifttt-2018-03-29","_type":"webhook","_id":"Thu Mar 29 2018 18:53:09 GMT+0000 (UTC)","_score":1,"_source":{"alert":"motion","location":"Exterior-Front Door","timestamp":"2018-03-29T18:53:09.391Z"}}
{"_index":"ifttt-2018-03-29","_type":"webhook","_id":"Thu Mar 29 2018 18:55:15 GMT+0000 (UTC)","_score":1,"_source":{"alert":"motion","location":"Exterior-Front Door","timestamp":"2018-03-29T18:55:15.664Z"}}
{"_index":"ifttt-2018-03-29","_type":"webhook","_id":"Thu Mar 29 2018 19:06:19 GMT+0000 (UTC)","_score":1,"_source":{"alert":"motion","location":"Exterior-Front Door","timestamp":"2018-03-29T19:06:19.122Z"}}
{"_index":"ifttt-2018-03-29","_type":"webhook","_id":"Thu Mar 29 2018 18:56:24 GMT+0000 (UTC)","_score":1,"_source":{"device":"Room1Lamp","status":"Activated","timestamp":"2018-03-29T18:56:24.060Z"}}
{"_index":"ifttt-2018-03-29","_type":"webhook","_id":"Thu Mar 29 2018 19:14:21 GMT+0000 (UTC)","_score":1,"_source":{"alert":"motion","location":"Exterior-Front Door","timestamp":"2018-03-29T19:14:21.862Z"}}
{"_index":"ifttt-2018-03-29","_type":"webhook","_id":"Thu Mar 29 2018 19:39:30 GMT+0000 (UTC)","_score":1,"_source":{"device":"Alexa","deviceID":"10","action":"Voice Activation","target":"Room1Lamp","target-deviceID":"7","timestamp":"2018-03-29T19:39:30.042Z"}}
{"_index":"ifttt-2018-03-29","_type":"webhook","_id":"Thu Mar 29 2018 19:40:24 GMT+0000 (UTC)","_score":1,"_source":{"device":"FrontLock1","status":"Locked","User":"Manny Kin","timestamp":"2018-03-29T19:40:24.530Z"}}
{"_index":"ifttt-2018-03-29","_type":"webhook","_id":"Thu Mar 29 2018 20:09:39 GMT+0000 (UTC)","_score":1,"_source":{"device":"FrontLock1","status":"Locked","User":"Manny Kin","timestamp":"2018-03-29T20:09:39.493Z"}}
{"_index":"ifttt-2018-03-29","_type":"webhook","_id":"Thu Mar 29 2018 19:33:53 GMT+0000 (UTC)","_score":1,"_source":{"device":"FrontLock1","status":"Locked","User":"Manny Kin","timestamp":"2018-03-29T19:33:53.749Z"}}
{"_index":"ifttt-2018-03-29","_type":"webhook","_id":"Thu Mar 29 2018 19:40:35 GMT+0000 (UTC)","_score":1,"_source":{"alert":"motion","location":"Exterior-Front Door","timestamp":"2018-03-29T19:40:35.272Z"}}
{"_index":"ifttt-2018-03-29","_type":"webhook","_id":"Thu Mar 29 2018 19:52:15 GMT+0000 (UTC)","_score":1,"_source":{"alert":"motion","location":"Exterior-Front Door","timestamp":"2018-03-29T19:52:15.873Z"}}
{"_index":"ifttt-2018-03-29","_type":"webhook","_id":"Thu Mar 29 2018 19:58:17 GMT+0000 (UTC)","_score":1,"_source":{"alert":"motion","location":"Exterior-Front Door","timestamp":"2018-03-29T19:58:17.759Z"}}
{"_index":"ifttt-2018-03-29","_type":"webhook","_id":"Thu Mar 29 2018 19:34:03 GMT+0000 (UTC)","_score":1,"_source":{"alert":"motion","location":"Exterior-Front Door","timestamp":"2018-03-29T19:34:03.786Z"}}
{"_index":"ifttt-2018-03-29","_type":"webhook","_id":"Thu Mar 29 2018 19:55:22 GMT+0000 (UTC)","_score":1,"_source":{"alert":"motion","location":"Exterior-Front Door","timestamp":"2018-03-29T19:55:22.755Z"}}
{"_index":"ifttt-2018-03-29","_type":"webhook","_id":"Thu Mar 29 2018 20:11:23 GMT+0000 (UTC)","_score":1,"_source":{"device":"Alexa","deviceID":"10","action":"Voice Deactivation","target":"Room1Lamp","target-deviceID":"7","timestamp":"2018-03-29T20:11:23.832Z"}}
{"_index":"ifttt-2018-03-29","_type":"webhook","_id":"Thu Mar 29 2018 20:23:08 GMT+0000 (UTC)","_score":1,"_source":{"device":"Alexa","deviceID":"10","action":"Voice Deactivation","target":"Room1Lamp","target-deviceID":"7","timestamp":"2018-03-29T20:23:08.243Z"}}
{"_index":"ifttt-2018-03-29","_type":"webhook","_id":"Thu Mar 29 2018 20:27:48 GMT+0000 (UTC)","_score":1,"_source":{"device":"Alexa","deviceID":"10","action":"Voice Deactivation","target":"Room1Lamp","target-deviceID":"7","timestamp":"2018-03-29T20:27:48.315Z"}}
{"_index":"ifttt-2018-03-29","_type":"webhook","_id":"Thu Mar 29 2018 20:17:35 GMT+0000 (UTC)","_score":1,"_source":{"device":"Alexa","deviceID":"10","action":"Voice Activation","target":"Room1Lamp","target-deviceID":"7","timestamp":"2018-03-29T20:17:35.443Z"}}
{"_index":"ifttt-2018-03-29","_type":"webhook","_id":"Thu Mar 29 2018 20:22:17 GMT+0000 (UTC)","_score":1,"_source":{"device":"Alexa","deviceID":"10","action":"Voice Activation","target":"Room1Lamp","target-deviceID":"7","timestamp":"2018-03-29T20:22:17.555Z"}}
{"_index":"ifttt-2018-03-29","_type":"webhook","_id":"Thu Mar 29 2018 20:27:09 GMT+0000 (UTC)","_score":1,"_source":{"device":"Alexa","deviceID":"10","action":"Voice Activation","target":"Room1Lamp","target-deviceID":"7","timestamp":"2018-03-29T20:27:09.847Z"}}
{"_index":"ifttt-2018-03-29","_type":"webhook","_id":"Thu Mar 29 2018 20:12:40 GMT+0000 (UTC)","_score":1,"_source":{"device":"FrontLock1","status":"Unlocked","user":" Manny Kin","timestamp":"2018-03-29T20:12:40.421Z"}}
{"_index":"ifttt-2018-03-29","_type":"webhook","_id":"Thu Mar 29 2018 20:13:18 GMT+0000 (UTC)","_score":1,"_source":{"alert":"motion","location":"Exterior-Front Door","timestamp":"2018-03-29T20:13:18.316Z"}}
{"_index":"ifttt-2018-03-29","_type":"webhook","_id":"Thu Mar 29 2018 20:16:47 GMT+0000 (UTC)","_score":1,"_source":{"alert":"motion","location":"Exterior-Front Door","timestamp":"2018-03-29T20:16:47.929Z"}}
{"_index":"ifttt-2018-03-29","_type":"webhook","_id":"Thu Mar 29 2018 20:30:10 GMT+0000 (UTC)","_score":1,"_source":{"device":"Alexa","deviceID":"10","action":"Voice Deactivation","target":"Room1Lamp","target-deviceID":"7","timestamp":"2018-03-29T20:30:10.956Z"}}
{"_index":"ifttt-2018-03-29","_type":"webhook","_id":"Thu Mar 29 2018 20:31:58 GMT+0000 (UTC)","_score":1,"_source":{"device":"Alexa","deviceID":"10","action":"Voice Activation","target":"Room1Lamp","target-deviceID":"7","timestamp":"2018-03-29T20:31:58.025Z"}}
{"_index":"ifttt-2018-03-29","_type":"webhook","_id":"Thu Mar 29 2018 21:13:34 GMT+0000 (UTC)","_score":1,"_source":{"device":"Alexa","deviceID":"10","action":"Voice Activation","target":"Room1Lamp","target-deviceID":"7","timestamp":"2018-03-29T21:13:34.718Z"}}
{"_index":"ifttt-2018-03-29","_type":"webhook","_id":"Thu Mar 29 2018 20:27:57 GMT+0000 (UTC)","_score":1,"_source":{"device":"FrontLock1","status":"Locked","User":"Manny Kin","timestamp":"2018-03-29T20:27:57.848Z"}}
{"_index":"ifttt-2018-03-29","_type":"webhook","_id":"Thu Mar 29 2018 21:09:38 GMT+0000 (UTC)","_score":1,"_source":{"device":"FrontLock1","status":"Locked","User":"Manny Kin","timestamp":"2018-03-29T21:09:38.578Z"}}
{"_index":"ifttt-2018-03-29","_type":"webhook","_id":"Thu Mar 29 2018 20:31:30 GMT+0000 (UTC)","_score":1,"_source":{"alert":"motion","location":"Exterior-Front Door","timestamp":"2018-03-29T20:31:30.767Z"}}
{"_index":"ifttt-2018-03-29","_type":"webhook","_id":"Thu Mar 29 2018 20:46:10 GMT+0000 (UTC)","_score":1,"_source":{"alert":"motion","location":"Exterior-Front Door","timestamp":"2018-03-29T20:46:10.665Z"}}
{"_index":"ifttt-2018-03-29","_type":"webhook","_id":"Thu Mar 29 2018 21:16:38 GMT+0000 (UTC)","_score":1,"_source":{"alert":"motion","location":"Exterior-Front Door","timestamp":"2018-03-29T21:16:38.321Z"}}
{"_index":"ifttt-2018-03-29","_type":"webhook","_id":"Thu Mar 29 2018 20:36:07 GMT+0000 (UTC)","_score":1,"_source":{"device":"Room1Lamp","status":"Activated","timestamp":"2018-03-29T20:36:07.008Z"}}
{"_index":"ifttt-2018-03-29","_type":"webhook","_id":"Thu Mar 29 2018 21:16:52 GMT+0000 (UTC)","_score":1,"_source":{"device":"Alexa","deviceID":"10","action":"Voice Deactivation","target":"Room1Lamp","target-deviceID":"7","timestamp":"2018-03-29T21:16:52.730Z"}}
{"_index":"ifttt-2018-03-29","_type":"webhook","_id":"Thu Mar 29 2018 21:27:45 GMT+0000 (UTC)","_score":1,"_source":{"device":"Alexa","deviceID":"10","action":"Voice Deactivation","target":"Room1Lamp","target-deviceID":"7","timestamp":"2018-03-29T21:27:45.158Z"}}
{"_index":"ifttt-2018-03-29","_type":"webhook","_id":"Thu Mar 29 2018 21:29:28 GMT+0000 (UTC)","_score":1,"_source":{"device":"Alexa","deviceID":"10","action":"Voice Activation","target":"Room1Lamp","target-deviceID":"7","timestamp":"2018-03-29T21:29:28.304Z"}}
{"_index":"ifttt-2018-03-29","_type":"webhook","_id":"Thu Mar 29 2018 21:18:40 GMT+0000 (UTC)","_score":1,"_source":{"device":"FrontLock1","status":"Unlocked","user":" Manny Kin","timestamp":"2018-03-29T21:18:40.588Z"}}
{"_index":"ifttt-2018-03-29","_type":"webhook","_id":"Thu Mar 29 2018 21:28:55 GMT+0000 (UTC)","_score":1,"_source":{"device":"FrontLock1","status":"Unlocked","user":" Manny Kin","timestamp":"2018-03-29T21:28:55.717Z"}}
{"_index":"ifttt-2018-03-29","_type":"webhook","_id":"Thu Mar 29 2018 21:22:29 GMT+0000 (UTC)","_score":1,"_source":{"device":"FrontLock1","status":"Locked","User":"Manny Kin","timestamp":"2018-03-29T21:22:29.868Z"}}
{"_index":"ifttt-2018-03-29","_type":"webhook","_id":"Thu Mar 29 2018 21:30:40 GMT+0000 (UTC)","_score":1,"_source":{"device":"FrontLock1","status":"Locked","User":"Manny Kin","timestamp":"2018-03-29T21:30:40.166Z"}}
{"_index":"ifttt-2018-03-29","_type":"webhook","_id":"Thu Mar 29 2018 21:31:23 GMT+0000 (UTC)","_score":1,"_source":{"alert":"motion","location":"Exterior-Front Door","timestamp":"2018-03-29T21:31:23.482Z"}}
{"_index":"ifttt-2018-03-29","_type":"webhook","_id":"Thu Mar 29 2018 21:31:22 GMT+0000 (UTC)","_score":1,"_source":{"alert":"motion","location":"Exterior-Front Door","timestamp":"2018-03-29T21:31:22.738Z"}}
{"_index":"ifttt-2018-03-29","_type":"webhook","_id":"Thu Mar 29 2018 21:32:46 GMT+0000 (UTC)","_score":1,"_source":{"device":"Alexa","deviceID":"10","action":"Voice Activation","target":"Room1Lamp","target-deviceID":"7","timestamp":"2018-03-29T21:32:46.834Z"}}
{"_index":"ifttt-2018-03-29","_type":"webhook","_id":"Thu Mar 29 2018 21:34:46 GMT+0000 (UTC)","_score":1,"_source":{"device":"FrontLock1","status":"Unlocked","user":" Manny Kin","timestamp":"2018-03-29T21:34:46.440Z"}}
{"_index":"ifttt-2018-03-29","_type":"webhook","_id":"Thu Mar 29 2018 21:35:24 GMT+0000 (UTC)","_score":1,"_source":{"device":"Alexa","deviceID":"10","action":"Voice Activation","target":"Room1Lamp","target-deviceID":"7","timestamp":"2018-03-29T21:35:24.735Z"}}
{"_index":"ifttt-2018-03-29","_type":"webhook","_id":"Thu Mar 29 2018 21:46:11 GMT+0000 (UTC)","_score":1,"_source":{"device":"Room1Plug2","status":"Activated","time":" ","timestamp":"2018-03-29T21:46:11.212Z"}}
{"_index":"ifttt-2018-03-29","_type":"webhook","_id":"Thu Mar 29 2018 21:46:17 GMT+0000 (UTC)","_score":1,"_source":{"alert":"motion","location":"Exterior-Front Door","timestamp":"2018-03-29T21:46:17.982Z"}}
{"_index":"ifttt-2018-03-29","_type":"webhook","_id":"Thu Mar 29 2018 21:46:18 GMT+0000 (UTC)","_score":1,"_source":{"alert":"motion","location":"Exterior-Front Door","timestamp":"2018-03-29T21:46:18.490Z"}}
{"_index":"ifttt-2018-03-29","_type":"webhook","_id":"Thu Mar 29 2018 23:16:17 GMT+0000 (UTC)","_score":1,"_source":{"alert":"motion","location":"Exterior-Front Door","timestamp":"2018-03-29T23:16:17.475Z"}}
{"_index":"ifttt-2018-03-29","_type":"webhook","_id":"Thu Mar 29 2018 16:22:14 GMT+0000 (UTC)","_score":1,"_source":{"device":"Google Echo","deviceID":"11","action":"Voice Deactivation","target":"Room1Lamp","target-deviceID":"7","timestamp":"2018-03-29T16:22:14.941Z"}}
{"_index":"ifttt-2018-03-29","_type":"webhook","_id":"Thu Mar 29 2018 17:07:57 GMT+0000 (UTC)","_score":1,"_source":{"device":"Alexa","deviceID":"10","action":"Voice Deactivation","target":"Room1Lamp","target-deviceID":"7","timestamp":"2018-03-29T17:07:57.807Z"}}
{"_index":"ifttt-2018-03-29","_type":"webhook","_id":"Thu Mar 29 2018 17:09:08 GMT+0000 (UTC)","_score":1,"_source":{"device":"Alexa","deviceID":"10","action":"Voice Deactivation","target":"Room1Lamp","target-deviceID":"7","timestamp":"2018-03-29T17:09:08.784Z"}}
{"_index":"ifttt-2018-03-29","_type":"webhook","_id":"Thu Mar 29 2018 17:28:37 GMT+0000 (UTC)","_score":1,"_source":{"device":"Alexa","deviceID":"10","action":"Voice Deactivation","target":"Room1Lamp","target-deviceID":"7","timestamp":"2018-03-29T17:28:37.769Z"}}
{"_index":"ifttt-2018-03-29","_type":"webhook","_id":"Thu Mar 29 2018 17:28:49 GMT+0000 (UTC)","_score":1,"_source":{"device":"Alexa","action":"play music","time":" March 29, 2018 at 01:28PM","timestamp":"2018-03-29T17:28:49.660Z"}}
{"_index":"ifttt-2018-03-29","_type":"webhook","_id":"Thu Mar 29 2018 17:28:04 GMT+0000 (UTC)","_score":1,"_source":{"device":"FrontLock1","status":"Locked","User":"Manual Lock","timestamp":"2018-03-29T17:28:04.625Z"}}
{"_index":"ifttt-2018-03-29","_type":"webhook","_id":"Thu Mar 29 2018 00:34:29 GMT+0000 (UTC)","_score":1,"_source":{"device":"Room1Plug1","status":"Activated","timestamp":"2018-03-29T00:34:29.191Z"}}
{"_index":"ifttt-2018-03-29","_type":"webhook","_id":"Thu Mar 29 2018 07:49:24 GMT+0000 (UTC)","_score":1,"_source":{"device":"Room1Plug1","status":"Activated","timestamp":"2018-03-29T07:49:24.408Z"}}
{"_index":"ifttt-2018-03-29","_type":"webhook","_id":"Thu Mar 29 2018 17:06:12 GMT+0000 (UTC)","_score":1,"_source":{"device":"Room1Lamp","status":"Activated","timestamp":"2018-03-29T17:06:12.744Z"}}
{"_index":"ifttt-2018-03-29","_type":"webhook","_id":"Thu Mar 29 2018 16:34:25 GMT+0000 (UTC)","_score":1,"_source":{"device":"FrontLock1","status":"Locked","User":"Manual Lock","timestamp":"2018-03-29T16:34:25.618Z"}}
{"_index":"ifttt-2018-03-29","_type":"webhook","_id":"Thu Mar 29 2018 17:28:59 GMT+0000 (UTC)","_score":1,"_source":{"device":"Alexa","deviceID":"10","action":"Voice Deactivation","target":"Room1Lamp","target-deviceID":"7","timestamp":"2018-03-29T17:28:59.527Z"}}
{"_index":"ifttt-2018-03-29","_type":"webhook","_id":"Thu Mar 29 2018 17:30:06 GMT+0000 (UTC)","_score":1,"_source":{"device":"FrontLock1","status":"Unlocked","user":" Manny Kin","timestamp":"2018-03-29T17:30:06.379Z"}}
{"_index":"ifttt-2018-03-29","_type":"webhook","_id":"Thu Mar 29 2018 17:29:42 GMT+0000 (UTC)","_score":1,"_source":{"device":"FrontLock1","status":"Locked","User":"Manual Lock","timestamp":"2018-03-29T17:29:42.093Z"}}
{"_index":"ifttt-2018-03-29","_type":"webhook","_id":"Thu Mar 29 2018 18:33:39 GMT+0000 (UTC)","_score":1,"_source":{"device":"FrontLock1","status":"Locked","User":"Manual Lock","timestamp":"2018-03-29T18:33:39.546Z"}}
{"_index":"ifttt-2018-03-29","_type":"webhook","_id":"Thu Mar 29 2018 17:31:35 GMT+0000 (UTC)","_score":1,"_source":{"device":"FrontLock1","status":"Locked","User":"Manny Kin","timestamp":"2018-03-29T17:31:35.740Z"}}
{"_index":"ifttt-2018-03-29","_type":"webhook","_id":"Thu Mar 29 2018 18:07:24 GMT+0000 (UTC)","_score":1,"_source":{"device":"FrontLock1","status":"Locked","User":"Manny Kin","timestamp":"2018-03-29T18:07:24.680Z"}}
{"_index":"ifttt-2018-03-29","_type":"webhook","_id":"Thu Mar 29 2018 18:02:24 GMT+0000 (UTC)","_score":1,"_source":{"alert":"PIR event","location":"Exterior-Front Door","timestamp":"2018-03-29T18:02:24.267Z"}}
{"_index":"ifttt-2018-03-29","_type":"webhook","_id":"Thu Mar 29 2018 18:15:50 GMT+0000 (UTC)","_score":1,"_source":{"alert":"PIR event","location":"Exterior-Front Door","timestamp":"2018-03-29T18:15:50.673Z"}}
{"_index":"ifttt-2018-03-29","_type":"webhook","_id":"Thu Mar 29 2018 17:31:27 GMT+0000 (UTC)","_score":1,"_source":{"alert":"PIR event","location":"Exterior-Front Door","timestamp":"2018-03-29T17:31:27.892Z"}}
{"_index":"ifttt-2018-03-29","_type":"webhook","_id":"Thu Mar 29 2018 18:52:01 GMT+0000 (UTC)","_score":1,"_source":{"device":"Alexa","deviceID":"10","action":"Voice Deactivation","target":"Room1Lamp","target-deviceID":"7","timestamp":"2018-03-29T18:52:01.813Z"}}
{"_index":"ifttt-2018-03-29","_type":"webhook","_id":"Thu Mar 29 2018 18:55:32 GMT+0000 (UTC)","_score":1,"_source":{"device":"Alexa","deviceID":"10","action":"Voice Activation","target":"Room1Lamp","target-deviceID":"7","timestamp":"2018-03-29T18:55:32.151Z"}}
{"_index":"ifttt-2018-03-29","_type":"webhook","_id":"Thu Mar 29 2018 18:49:09 GMT+0000 (UTC)","_score":1,"_source":{"device":"FrontLock1","status":"Locked","User":"Manny Kin","timestamp":"2018-03-29T18:49:09.870Z"}}
{"_index":"ifttt-2018-03-29","_type":"webhook","_id":"Thu Mar 29 2018 18:52:16 GMT+0000 (UTC)","_score":1,"_source":{"alert":"motion","location":"Exterior-Front Door","timestamp":"2018-03-29T18:52:16.961Z"}}
{"_index":"ifttt-2018-03-29","_type":"webhook","_id":"Thu Mar 29 2018 18:54:22 GMT+0000 (UTC)","_score":1,"_source":{"alert":"motion","location":"Exterior-Front Door","timestamp":"2018-03-29T18:54:22.345Z"}}
{"_index":"ifttt-2018-03-29","_type":"webhook","_id":"Thu Mar 29 2018 19:08:34 GMT+0000 (UTC)","_score":1,"_source":{"alert":"motion","location":"Exterior-Front Door","timestamp":"2018-03-29T19:08:34.598Z"}}
{"_index":"ifttt-2018-03-29","_type":"webhook","_id":"Thu Mar 29 2018 19:12:11 GMT+0000 (UTC)","_score":1,"_source":{"alert":"motion","location":"Exterior-Front Door","timestamp":"2018-03-29T19:12:11.085Z"}}
{"_index":"ifttt-2018-03-29","_type":"webhook","_id":"Thu Mar 29 2018 19:16:23 GMT+0000 (UTC)","_score":1,"_source":{"alert":"motion","location":"Exterior-Front Door","timestamp":"2018-03-29T19:16:23.970Z"}}
{"_index":"ifttt-2018-03-29","_type":"webhook","_id":"Thu Mar 29 2018 18:33:40 GMT+0000 (UTC)","_score":1,"_source":{"device":"FrontLock1","status":"Unlocked","user":" Manual Unlock","timestamp":"2018-03-29T18:33:40.214Z"}}
{"_index":"ifttt-2018-03-29","_type":"webhook","_id":"Thu Mar 29 2018 20:10:32 GMT+0000 (UTC)","_score":1,"_source":{"device":"Alexa","deviceID":"10","action":"Voice Activation","target":"Room1Lamp","target-deviceID":"7","timestamp":"2018-03-29T20:10:32.791Z"}}
{"_index":"ifttt-2018-03-29","_type":"webhook","_id":"Thu Mar 29 2018 20:13:03 GMT+0000 (UTC)","_score":1,"_source":{"device":"Alexa","deviceID":"10","action":"Voice Activation","target":"Room1Lamp","target-deviceID":"7","timestamp":"2018-03-29T20:13:03.666Z"}}
{"_index":"ifttt-2018-03-29","_type":"webhook","_id":"Thu Mar 29 2018 20:03:33 GMT+0000 (UTC)","_score":1,"_source":{"device":"FrontLock1","status":"Unlocked","user":" Manny Kin","timestamp":"2018-03-29T20:03:33.134Z"}}
{"_index":"ifttt-2018-03-29","_type":"webhook","_id":"Thu Mar 29 2018 20:01:43 GMT+0000 (UTC)","_score":1,"_source":{"alert":"motion","location":"Exterior-Front Door","timestamp":"2018-03-29T20:01:43.724Z"}}
{"_index":"ifttt-2018-03-29","_type":"webhook","_id":"Thu Mar 29 2018 19:46:16 GMT+0000 (UTC)","_score":1,"_source":{"alert":"motion","location":"Exterior-Front Door","timestamp":"2018-03-29T19:46:16.248Z"}}
{"_index":"ifttt-2018-03-29","_type":"webhook","_id":"Thu Mar 29 2018 19:55:21 GMT+0000 (UTC)","_score":1,"_source":{"alert":"motion","location":"Exterior-Front Door","timestamp":"2018-03-29T19:55:21.568Z"}}
{"_index":"ifttt-2018-03-29","_type":"webhook","_id":"Thu Mar 29 2018 20:11:07 GMT+0000 (UTC)","_score":1,"_source":{"device":"Room1Lamp","status":"Activated","timestamp":"2018-03-29T20:11:07.443Z"}}
{"_index":"ifttt-2018-03-29","_type":"webhook","_id":"Thu Mar 29 2018 20:10:11 GMT+0000 (UTC)","_score":1,"_source":{"device":"FrontLock1","status":"Unlocked","user":" Manny Kin","timestamp":"2018-03-29T20:10:11.524Z"}}
{"_index":"ifttt-2018-03-29","_type":"webhook","_id":"Thu Mar 29 2018 19:43:20 GMT+0000 (UTC)","_score":1,"_source":{"alert":"motion","location":"Exterior-Front Door","timestamp":"2018-03-29T19:43:20.658Z"}}
{"_index":"ifttt-2018-03-29","_type":"webhook","_id":"Thu Mar 29 2018 20:18:31 GMT+0000 (UTC)","_score":1,"_source":{"device":"Alexa","deviceID":"10","action":"Voice Deactivation","target":"Room1Lamp","target-deviceID":"7","timestamp":"2018-03-29T20:18:31.570Z"}}
{"_index":"ifttt-2018-03-29","_type":"webhook","_id":"Thu Mar 29 2018 20:32:52 GMT+0000 (UTC)","_score":1,"_source":{"device":"Alexa","deviceID":"10","action":"Voice Deactivation","target":"Room1Lamp","target-deviceID":"7","timestamp":"2018-03-29T20:32:52.283Z"}}
{"_index":"ifttt-2018-03-29","_type":"webhook","_id":"Thu Mar 29 2018 20:40:34 GMT+0000 (UTC)","_score":1,"_source":{"device":"Alexa","deviceID":"10","action":"Voice Deactivation","target":"Room1Lamp","target-deviceID":"7","timestamp":"2018-03-29T20:40:34.971Z"}}
{"_index":"ifttt-2018-03-29","_type":"webhook","_id":"Thu Mar 29 2018 20:43:10 GMT+0000 (UTC)","_score":1,"_source":{"device":"Alexa","deviceID":"10","action":"Voice Deactivation","target":"Room1Lamp","target-deviceID":"7","timestamp":"2018-03-29T20:43:10.643Z"}}
{"_index":"ifttt-2018-03-29","_type":"webhook","_id":"Thu Mar 29 2018 20:29:03 GMT+0000 (UTC)","_score":1,"_source":{"device":"FrontLock1","status":"Unlocked","user":" Manny Kin","timestamp":"2018-03-29T20:29:03.375Z"}}
{"_index":"ifttt-2018-03-29","_type":"webhook","_id":"Thu Mar 29 2018 21:02:52 GMT+0000 (UTC)","_score":1,"_source":{"device":"FrontLock1","status":"Unlocked","user":" Manny Kin","timestamp":"2018-03-29T21:02:52.943Z"}}
{"_index":"ifttt-2018-03-29","_type":"webhook","_id":"Thu Mar 29 2018 20:40:50 GMT+0000 (UTC)","_score":1,"_source":{"device":"FrontLock1","status":"Locked","User":"Manny Kin","timestamp":"2018-03-29T20:40:50.465Z"}}
{"_index":"ifttt-2018-03-29","_type":"webhook","_id":"Thu Mar 29 2018 20:46:11 GMT+0000 (UTC)","_score":1,"_source":{"alert":"motion","location":"Exterior-Front Door","timestamp":"2018-03-29T20:46:11.647Z"}}
{"_index":"ifttt-2018-03-29","_type":"webhook","_id":"Thu Mar 29 2018 20:22:12 GMT+0000 (UTC)","_score":1,"_source":{"alert":"motion","location":"Exterior-Front Door","timestamp":"2018-03-29T20:22:12.756Z"}}
{"_index":"ifttt-2018-03-29","_type":"webhook","_id":"Thu Mar 29 2018 21:04:20 GMT+0000 (UTC)","_score":1,"_source":{"device":"Alexa","deviceID":"10","action":"Voice Activation","target":"Room1Lamp","target-deviceID":"7","timestamp":"2018-03-29T21:04:20.715Z"}}
{"_index":"ifttt-2018-03-29","_type":"webhook","_id":"Thu Mar 29 2018 21:19:11 GMT+0000 (UTC)","_score":1,"_source":{"device":"Alexa","deviceID":"10","action":"Voice Activation","target":"Room1Lamp","target-deviceID":"7","timestamp":"2018-03-29T21:19:11.629Z"}}
{"_index":"ifttt-2018-03-29","_type":"webhook","_id":"Thu Mar 29 2018 21:26:42 GMT+0000 (UTC)","_score":1,"_source":{"device":"Alexa","deviceID":"10","action":"Voice Activation","target":"Room1Lamp","target-deviceID":"7","timestamp":"2018-03-29T21:26:42.489Z"}}
{"_index":"ifttt-2018-03-29","_type":"webhook","_id":"Thu Mar 29 2018 21:05:59 GMT+0000 (UTC)","_score":1,"_source":{"device":"FrontLock1","status":"Unlocked","user":" Manny Kin","timestamp":"2018-03-29T21:05:59.139Z"}}
{"_index":"ifttt-2018-03-29","_type":"webhook","_id":"Thu Mar 29 2018 21:23:34 GMT+0000 (UTC)","_score":1,"_source":{"device":"FrontLock1","status":"Unlocked","user":" Manny Kin","timestamp":"2018-03-29T21:23:34.312Z"}}
{"_index":"ifttt-2018-03-29","_type":"webhook","_id":"Thu Mar 29 2018 21:07:19 GMT+0000 (UTC)","_score":1,"_source":{"device":"FrontLock1","status":"Locked","User":"Manny Kin","timestamp":"2018-03-29T21:07:19.826Z"}}
{"_index":"ifttt-2018-03-29","_type":"webhook","_id":"Thu Mar 29 2018 21:15:16 GMT+0000 (UTC)","_score":1,"_source":{"device":"FrontLock1","status":"Locked","User":"Manny Kin","timestamp":"2018-03-29T21:15:16.924Z"}}
{"_index":"ifttt-2018-03-29","_type":"webhook","_id":"Thu Mar 29 2018 21:20:16 GMT+0000 (UTC)","_score":1,"_source":{"device":"FrontLock1","status":"Locked","User":"Manny Kin","timestamp":"2018-03-29T21:20:16.744Z"}}
{"_index":"ifttt-2018-03-29","_type":"webhook","_id":"Thu Mar 29 2018 21:16:37 GMT+0000 (UTC)","_score":1,"_source":{"alert":"motion","location":"Exterior-Front Door","timestamp":"2018-03-29T21:16:37.683Z"}}
{"_index":"ifttt-2018-03-29","_type":"webhook","_id":"Thu Mar 29 2018 21:31:21 GMT+0000 (UTC)","_score":1,"_source":{"alert":"motion","location":"Exterior-Front Door","timestamp":"2018-03-29T21:31:21.537Z"}}
{"_index":"ifttt-2018-03-29","_type":"webhook","_id":"Thu Mar 29 2018 21:36:02 GMT+0000 (UTC)","_score":1,"_source":{"device":"Alexa","deviceID":"10","action":"Voice Activation","target":"Room1Lamp","target-deviceID":"7","timestamp":"2018-03-29T21:36:02.010Z"}}
{"_index":"ifttt-2018-03-29","_type":"webhook","_id":"Thu Mar 29 2018 21:42:52 GMT+0000 (UTC)","_score":1,"_source":{"device":"FrontLock1","status":"Unlocked","user":" Manny Kin","timestamp":"2018-03-29T21:42:52.692Z"}}
{"_index":"ifttt-2018-03-29","_type":"webhook","_id":"Thu Mar 29 2018 21:43:33 GMT+0000 (UTC)","_score":1,"_source":{"device":"Alexa","deviceID":"10","action":"Voice Activation","target":"Room1Lamp","target-deviceID":"7","timestamp":"2018-03-29T21:43:33.002Z"}}
{"_index":"ifttt-2018-03-29","_type":"webhook","_id":"Thu Mar 29 2018 22:01:49 GMT+0000 (UTC)","_score":1,"_source":{"alert":"motion","location":"Exterior-Front Door","timestamp":"2018-03-29T22:01:49.642Z"}}
{"_index":"ifttt-2018-03-29","_type":"webhook","_id":"Thu Mar 29 2018 17:31:15 GMT+0000 (UTC)","_score":1,"_source":{"device":"Alexa","deviceID":"10","action":"Voice Deactivation","target":"Room1Lamp","target-deviceID":"7","timestamp":"2018-03-29T17:31:15.093Z"}}
{"_index":"ifttt-2018-03-29","_type":"webhook","_id":"Thu Mar 29 2018 17:08:12 GMT+0000 (UTC)","_score":1,"_source":{"device":"Alexa","deviceID":"10","action":"Voice Activation","target":"Room1Lamp","target-deviceID":"7","timestamp":"2018-03-29T17:08:12.238Z"}}
{"_index":"ifttt-2018-03-29","_type":"webhook","_id":"Thu Mar 29 2018 17:09:33 GMT+0000 (UTC)","_score":1,"_source":{"device":"Alexa","deviceID":"10","action":"Voice Activation","target":"Room1Lamp","target-deviceID":"7","timestamp":"2018-03-29T17:09:33.759Z"}}
{"_index":"ifttt-2018-03-29","_type":"webhook","_id":"Thu Mar 29 2018 16:18:28 GMT+0000 (UTC)","_score":1,"_source":{"device":"Alexa","action":"play music","time":" March 29, 2018 at 12:18PM","timestamp":"2018-03-29T16:18:28.224Z"}}
{"_index":"ifttt-2018-03-29","_type":"webhook","_id":"Thu Mar 29 2018 16:34:29 GMT+0000 (UTC)","_score":1,"_source":{"device":"FrontLock1","status":"Unlocked","user":" Manual Unlock","timestamp":"2018-03-29T16:34:29.482Z"}}
{"_index":"ifttt-2018-03-29","_type":"webhook","_id":"Thu Mar 29 2018 00:08:16 GMT+0000 (UTC)","_score":1,"_source":{"device":"Room1Plug2","status":"Activated","time":" ","timestamp":"2018-03-29T00:08:16.891Z"}}
{"_index":"ifttt-2018-03-29","_type":"webhook","_id":"Thu Mar 29 2018 11:26:25 GMT+0000 (UTC)","_score":1,"_source":{"device":"Room1Plug2","status":"Activated","time":" ","timestamp":"2018-03-29T11:26:25.779Z"}}
{"_index":"ifttt-2018-03-29","_type":"webhook","_id":"Thu Mar 29 2018 13:31:26 GMT+0000 (UTC)","_score":1,"_source":{"device":"Room1Plug2","status":"Activated","time":" ","timestamp":"2018-03-29T13:31:26.926Z"}}
{"_index":"ifttt-2018-03-29","_type":"webhook","_id":"Thu Mar 29 2018 17:11:09 GMT+0000 (UTC)","_score":1,"_source":{"device":"Room1Lamp","status":"Activated","timestamp":"2018-03-29T17:11:09.100Z"}}
{"_index":"ifttt-2018-03-29","_type":"webhook","_id":"Thu Mar 29 2018 16:21:32 GMT+0000 (UTC)","_score":1,"_source":{"device":"Google Echo","deviceID":"11","action":"Voice Deactivation","target":"Room1Lamp","target-deviceID":"7","timestamp":"2018-03-29T16:21:32.959Z"}}
{"_index":"ifttt-2018-03-29","_type":"webhook","_id":"Thu Mar 29 2018 17:42:18 GMT+0000 (UTC)","_score":1,"_source":{"device":"Alexa","deviceID":"10","action":"Voice Deactivation","target":"Room1Lamp","target-deviceID":"7","timestamp":"2018-03-29T17:42:18.045Z"}}
{"_index":"ifttt-2018-03-29","_type":"webhook","_id":"Thu Mar 29 2018 18:09:21 GMT+0000 (UTC)","_score":1,"_source":{"device":"Alexa","deviceID":"10","action":"Voice Deactivation","target":"Room1Lamp","target-deviceID":"7","timestamp":"2018-03-29T18:09:21.948Z"}}
{"_index":"ifttt-2018-03-29","_type":"webhook","_id":"Thu Mar 29 2018 17:34:12 GMT+0000 (UTC)","_score":1,"_source":{"device":"Alexa","deviceID":"10","action":"Voice Activation","target":"Room1Lamp","target-deviceID":"7","timestamp":"2018-03-29T17:34:12.236Z"}}
{"_index":"ifttt-2018-03-29","_type":"webhook","_id":"Thu Mar 29 2018 18:08:12 GMT+0000 (UTC)","_score":1,"_source":{"device":"FrontLock1","status":"Unlocked","user":" Manny Kin","timestamp":"2018-03-29T18:08:12.093Z"}}
{"_index":"ifttt-2018-03-29","_type":"webhook","_id":"Thu Mar 29 2018 17:42:37 GMT+0000 (UTC)","_score":1,"_source":{"device":"FrontLock1","status":"Locked","User":"Manual Lock","timestamp":"2018-03-29T17:42:37.502Z"}}
{"_index":"ifttt-2018-03-29","_type":"webhook","_id":"Thu Mar 29 2018 18:09:49 GMT+0000 (UTC)","_score":1,"_source":{"device":"FrontLock1","status":"Locked","User":"Manny Kin","timestamp":"2018-03-29T18:09:49.397Z"}}
{"_index":"ifttt-2018-03-29","_type":"webhook","_id":"Thu Mar 29 2018 18:02:21 GMT+0000 (UTC)","_score":1,"_source":{"alert":"PIR event","location":"Exterior-Front Door","timestamp":"2018-03-29T18:02:21.995Z"}}
{"_index":"ifttt-2018-03-29","_type":"webhook","_id":"Thu Mar 29 2018 18:15:52 GMT+0000 (UTC)","_score":1,"_source":{"alert":"PIR event","location":"Exterior-Front Door","timestamp":"2018-03-29T18:15:52.927Z"}}
{"_index":"ifttt-2018-03-29","_type":"webhook","_id":"Thu Mar 29 2018 18:31:10 GMT+0000 (UTC)","_score":1,"_source":{"alert":"motion","location":"Exterior-Front Door","timestamp":"2018-03-29T18:31:10.591Z"}}
{"_index":"ifttt-2018-03-29","_type":"webhook","_id":"Thu Mar 29 2018 18:51:34 GMT+0000 (UTC)","_score":1,"_source":{"device":"Alexa","deviceID":"10","action":"Voice Deactivation","target":"Room1Lamp","target-deviceID":"7","timestamp":"2018-03-29T18:51:34.663Z"}}
{"_index":"ifttt-2018-03-29","_type":"webhook","_id":"Thu Mar 29 2018 18:50:39 GMT+0000 (UTC)","_score":1,"_source":{"device":"Alexa","deviceID":"10","action":"Voice Activation","target":"Room1Lamp","target-deviceID":"7","timestamp":"2018-03-29T18:50:39.879Z"}}
{"_index":"ifttt-2018-03-29","_type":"webhook","_id":"Thu Mar 29 2018 18:32:15 GMT+0000 (UTC)","_score":1,"_source":{"device":"FrontLock1","status":"Unlocked","user":" Manny Kin","timestamp":"2018-03-29T18:32:15.299Z"}}
{"_index":"ifttt-2018-03-29","_type":"webhook","_id":"Thu Mar 29 2018 18:50:14 GMT+0000 (UTC)","_score":1,"_source":{"device":"FrontLock1","status":"Unlocked","user":" Manny Kin","timestamp":"2018-03-29T18:50:14.281Z"}}
{"_index":"ifttt-2018-03-29","_type":"webhook","_id":"Thu Mar 29 2018 18:41:19 GMT+0000 (UTC)","_score":1,"_source":{"device":"Room1Plug2","status":"Activated","time":" ","timestamp":"2018-03-29T18:41:19.423Z"}}
{"_index":"ifttt-2018-03-29","_type":"webhook","_id":"Thu Mar 29 2018 18:31:12 GMT+0000 (UTC)","_score":1,"_source":{"alert":"motion","location":"Exterior-Front Door","timestamp":"2018-03-29T18:31:12.812Z"}}
{"_index":"ifttt-2018-03-29","_type":"webhook","_id":"Thu Mar 29 2018 18:50:20 GMT+0000 (UTC)","_score":1,"_source":{"alert":"motion","location":"Exterior-Front Door","timestamp":"2018-03-29T18:50:20.544Z"}}
{"_index":"ifttt-2018-03-29","_type":"webhook","_id":"Thu Mar 29 2018 18:51:11 GMT+0000 (UTC)","_score":1,"_source":{"device":"Room1Lamp","status":"Activated","timestamp":"2018-03-29T18:51:11.112Z"}}
{"_index":"ifttt-2018-03-29","_type":"webhook","_id":"Thu Mar 29 2018 18:31:14 GMT+0000 (UTC)","_score":1,"_source":{"alert":"motion","location":"Exterior-Front Door","timestamp":"2018-03-29T18:31:14.646Z"}}
{"_index":"ifttt-2018-03-29","_type":"webhook","_id":"Thu Mar 29 2018 18:57:12 GMT+0000 (UTC)","_score":1,"_source":{"device":"FrontLock1","status":"Unlocked","user":" Manny Kin","timestamp":"2018-03-29T18:57:12.818Z"}}
{"_index":"ifttt-2018-03-29","_type":"webhook","_id":"Thu Mar 29 2018 18:52:10 GMT+0000 (UTC)","_score":1,"_source":{"device":"FrontLock1","status":"Locked","User":"Manny Kin","timestamp":"2018-03-29T18:52:10.654Z"}}
{"_index":"ifttt-2018-03-29","_type":"webhook","_id":"Thu Mar 29 2018 18:54:09 GMT+0000 (UTC)","_score":1,"_source":{"device":"FrontLock1","status":"Locked","User":"Manny Kin","timestamp":"2018-03-29T18:54:09.807Z"}}
{"_index":"ifttt-2018-03-29","_type":"webhook","_id":"Thu Mar 29 2018 19:41:24 GMT+0000 (UTC)","_score":1,"_source":{"device":"Room1Plug2","status":"Activated","time":" ","timestamp":"2018-03-29T19:41:24.835Z"}}
{"_index":"ifttt-2018-03-29","_type":"webhook","_id":"Thu Mar 29 2018 19:49:35 GMT+0000 (UTC)","_score":1,"_source":{"alert":"motion","location":"Exterior-Front Door","timestamp":"2018-03-29T19:49:35.962Z"}}
{"_index":"ifttt-2018-03-29","_type":"webhook","_id":"Thu Mar 29 2018 19:49:36 GMT+0000 (UTC)","_score":1,"_source":{"alert":"motion","location":"Exterior-Front Door","timestamp":"2018-03-29T19:49:36.844Z"}}
{"_index":"ifttt-2018-03-29","_type":"webhook","_id":"Thu Mar 29 2018 19:10:23 GMT+0000 (UTC)","_score":1,"_source":{"alert":"motion","location":"Exterior-Front Door","timestamp":"2018-03-29T19:10:23.839Z"}}
{"_index":"ifttt-2018-03-29","_type":"webhook","_id":"Thu Mar 29 2018 19:16:24 GMT+0000 (UTC)","_score":1,"_source":{"alert":"motion","location":"Exterior-Front Door","timestamp":"2018-03-29T19:16:24.597Z"}}
{"_index":"ifttt-2018-03-29","_type":"webhook","_id":"Thu Mar 29 2018 19:40:34 GMT+0000 (UTC)","_score":1,"_source":{"alert":"motion","location":"Exterior-Front Door","timestamp":"2018-03-29T19:40:34.677Z"}}
{"_index":"ifttt-2018-03-29","_type":"webhook","_id":"Thu Mar 29 2018 19:43:19 GMT+0000 (UTC)","_score":1,"_source":{"alert":"motion","location":"Exterior-Front Door","timestamp":"2018-03-29T19:43:19.424Z"}}
{"_index":"ifttt-2018-03-29","_type":"webhook","_id":"Thu Mar 29 2018 20:04:45 GMT+0000 (UTC)","_score":1,"_source":{"device":"Alexa","deviceID":"10","action":"Voice Activation","target":"Room1Lamp","target-deviceID":"7","timestamp":"2018-03-29T20:04:45.281Z"}}
{"_index":"ifttt-2018-03-29","_type":"webhook","_id":"Thu Mar 29 2018 20:07:50 GMT+0000 (UTC)","_score":1,"_source":{"device":"Alexa","deviceID":"10","action":"Voice Activation","target":"Room1Lamp","target-deviceID":"7","timestamp":"2018-03-29T20:07:50.525Z"}}
{"_index":"ifttt-2018-03-29","_type":"webhook","_id":"Thu Mar 29 2018 20:16:31 GMT+0000 (UTC)","_score":1,"_source":{"device":"FrontLock1","status":"Unlocked","user":" Manny Kin","timestamp":"2018-03-29T20:16:31.319Z"}}
{"_index":"ifttt-2018-03-29","_type":"webhook","_id":"Thu Mar 29 2018 20:00:09 GMT+0000 (UTC)","_score":1,"_source":{"device":"FrontLock1","status":"Unlocked","user":" Manny Kin","timestamp":"2018-03-29T20:00:09.415Z"}}
{"_index":"ifttt-2018-03-29","_type":"webhook","_id":"Thu Mar 29 2018 20:07:06 GMT+0000 (UTC)","_score":1,"_source":{"device":"FrontLock1","status":"Unlocked","user":" Manny Kin","timestamp":"2018-03-29T20:07:06.901Z"}}
{"_index":"ifttt-2018-03-29","_type":"webhook","_id":"Thu Mar 29 2018 20:15:20 GMT+0000 (UTC)","_score":1,"_source":{"device":"FrontLock1","status":"Locked","User":"Manny Kin","timestamp":"2018-03-29T20:15:20.885Z"}}
{"_index":"ifttt-2018-03-29","_type":"webhook","_id":"Thu Mar 29 2018 19:49:37 GMT+0000 (UTC)","_score":1,"_source":{"alert":"motion","location":"Exterior-Front Door","timestamp":"2018-03-29T19:49:37.604Z"}}
{"_index":"ifttt-2018-03-29","_type":"webhook","_id":"Thu Mar 29 2018 20:07:23 GMT+0000 (UTC)","_score":1,"_source":{"alert":"motion","location":"Exterior-Front Door","timestamp":"2018-03-29T20:07:23.899Z"}}
{"_index":"ifttt-2018-03-29","_type":"webhook","_id":"Thu Mar 29 2018 20:13:17 GMT+0000 (UTC)","_score":1,"_source":{"alert":"motion","location":"Exterior-Front Door","timestamp":"2018-03-29T20:13:17.648Z"}}
{"_index":"ifttt-2018-03-29","_type":"webhook","_id":"Thu Mar 29 2018 20:24:42 GMT+0000 (UTC)","_score":1,"_source":{"device":"Alexa","deviceID":"10","action":"Voice Activation","target":"Room1Lamp","target-deviceID":"7","timestamp":"2018-03-29T20:24:42.968Z"}}
{"_index":"ifttt-2018-03-29","_type":"webhook","_id":"Thu Mar 29 2018 20:35:39 GMT+0000 (UTC)","_score":1,"_source":{"device":"Alexa","deviceID":"10","action":"Voice Activation","target":"Room1Lamp","target-deviceID":"7","timestamp":"2018-03-29T20:35:39.564Z"}}
{"_index":"ifttt-2018-03-29","_type":"webhook","_id":"Thu Mar 29 2018 20:26:36 GMT+0000 (UTC)","_score":1,"_source":{"device":"FrontLock1","status":"Unlocked","user":" Manny Kin","timestamp":"2018-03-29T20:26:36.016Z"}}
{"_index":"ifttt-2018-03-29","_type":"webhook","_id":"Thu Mar 29 2018 21:05:08 GMT+0000 (UTC)","_score":1,"_source":{"device":"FrontLock1","status":"Locked","User":"Manny Kin","timestamp":"2018-03-29T21:05:08.606Z"}}
{"_index":"ifttt-2018-03-29","_type":"webhook","_id":"Thu Mar 29 2018 20:25:43 GMT+0000 (UTC)","_score":1,"_source":{"device":"FrontLock1","status":"Locked","User":"Manny Kin","timestamp":"2018-03-29T20:25:43.997Z"}}
{"_index":"ifttt-2018-03-29","_type":"webhook","_id":"Thu Mar 29 2018 20:30:27 GMT+0000 (UTC)","_score":1,"_source":{"device":"FrontLock1","status":"Locked","User":"Manny Kin","timestamp":"2018-03-29T20:30:27.860Z"}}
{"_index":"ifttt-2018-03-29","_type":"webhook","_id":"Thu Mar 29 2018 20:33:10 GMT+0000 (UTC)","_score":1,"_source":{"device":"FrontLock1","status":"Locked","User":"Manny Kin","timestamp":"2018-03-29T20:33:10.246Z"}}
{"_index":"ifttt-2018-03-29","_type":"webhook","_id":"Thu Mar 29 2018 20:25:11 GMT+0000 (UTC)","_score":1,"_source":{"alert":"motion","location":"Exterior-Front Door","timestamp":"2018-03-29T20:25:11.641Z"}}
{"_index":"ifttt-2018-03-29","_type":"webhook","_id":"Thu Mar 29 2018 20:46:08 GMT+0000 (UTC)","_score":1,"_source":{"alert":"motion","location":"Exterior-Front Door","timestamp":"2018-03-29T20:46:08.818Z"}}
{"_index":"ifttt-2018-03-29","_type":"webhook","_id":"Thu Mar 29 2018 21:07:15 GMT+0000 (UTC)","_score":1,"_source":{"device":"Alexa","deviceID":"10","action":"Voice Deactivation","target":"Room1Lamp","target-deviceID":"7","timestamp":"2018-03-29T21:07:15.599Z"}}
{"_index":"ifttt-2018-03-29","_type":"webhook","_id":"Thu Mar 29 2018 21:09:26 GMT+0000 (UTC)","_score":1,"_source":{"device":"Alexa","deviceID":"10","action":"Voice Deactivation","target":"Room1Lamp","target-deviceID":"7","timestamp":"2018-03-29T21:09:26.290Z"}}
{"_index":"ifttt-2018-03-29","_type":"webhook","_id":"Thu Mar 29 2018 21:14:20 GMT+0000 (UTC)","_score":1,"_source":{"device":"Alexa","deviceID":"10","action":"Voice Deactivation","target":"Room1Lamp","target-deviceID":"7","timestamp":"2018-03-29T21:14:20.697Z"}}
{"_index":"ifttt-2018-03-29","_type":"webhook","_id":"Thu Mar 29 2018 21:20:03 GMT+0000 (UTC)","_score":1,"_source":{"device":"Alexa","deviceID":"10","action":"Voice Deactivation","target":"Room1Lamp","target-deviceID":"7","timestamp":"2018-03-29T21:20:03.740Z"}}
{"_index":"ifttt-2018-03-29","_type":"webhook","_id":"Thu Mar 29 2018 21:22:26 GMT+0000 (UTC)","_score":1,"_source":{"device":"Alexa","deviceID":"10","action":"Voice Deactivation","target":"Room1Lamp","target-deviceID":"7","timestamp":"2018-03-29T21:22:26.285Z"}}
{"_index":"ifttt-2018-03-29","_type":"webhook","_id":"Thu Mar 29 2018 21:15:23 GMT+0000 (UTC)","_score":1,"_source":{"device":"FrontLock1","status":"Unlocked","user":" Manny Kin","timestamp":"2018-03-29T21:15:23.569Z"}}
{"_index":"ifttt-2018-03-29","_type":"webhook","_id":"Thu Mar 29 2018 21:11:52 GMT+0000 (UTC)","_score":1,"_source":{"device":"FrontLock1","status":"Locked","User":"Manny Kin","timestamp":"2018-03-29T21:11:52.827Z"}}
{"_index":"ifttt-2018-03-29","_type":"webhook","_id":"Thu Mar 29 2018 21:17:22 GMT+0000 (UTC)","_score":1,"_source":{"device":"FrontLock1","status":"Locked","User":"Manny Kin","timestamp":"2018-03-29T21:17:22.048Z"}}
{"_index":"ifttt-2018-03-29","_type":"webhook","_id":"Thu Mar 29 2018 21:28:01 GMT+0000 (UTC)","_score":1,"_source":{"device":"FrontLock1","status":"Locked","User":"Manny Kin","timestamp":"2018-03-29T21:28:01.132Z"}}
{"_index":"ifttt-2018-03-29","_type":"webhook","_id":"Thu Mar 29 2018 21:36:27 GMT+0000 (UTC)","_score":1,"_source":{"device":"Alexa","deviceID":"10","action":"Voice Deactivation","target":"Room1Lamp","target-deviceID":"7","timestamp":"2018-03-29T21:36:27.738Z"}}
{"_index":"ifttt-2018-03-29","_type":"webhook","_id":"Thu Mar 29 2018 21:39:20 GMT+0000 (UTC)","_score":1,"_source":{"device":"Alexa","deviceID":"10","action":"Voice Deactivation","target":"Room1Lamp","target-deviceID":"7","timestamp":"2018-03-29T21:39:20.221Z"}}
{"_index":"ifttt-2018-03-29","_type":"webhook","_id":"Thu Mar 29 2018 21:32:05 GMT+0000 (UTC)","_score":1,"_source":{"device":"FrontLock1","status":"Unlocked","user":" Manny Kin","timestamp":"2018-03-29T21:32:05.669Z"}}
{"_index":"ifttt-2018-03-29","_type":"webhook","_id":"Thu Mar 29 2018 21:33:38 GMT+0000 (UTC)","_score":1,"_source":{"device":"FrontLock1","status":"Locked","User":"Manny Kin","timestamp":"2018-03-29T21:33:38.444Z"}}
{"_index":"ifttt-2018-03-29","_type":"webhook","_id":"Thu Mar 29 2018 21:31:20 GMT+0000 (UTC)","_score":1,"_source":{"alert":"motion","location":"Exterior-Front Door","timestamp":"2018-03-29T21:31:20.516Z"}}
{"_index":"ifttt-2018-03-29","_type":"webhook","_id":"Thu Mar 29 2018 21:46:20 GMT+0000 (UTC)","_score":1,"_source":{"alert":"motion","location":"Exterior-Front Door","timestamp":"2018-03-29T21:46:20.521Z"}}
{"_index":"ifttt-2018-03-29","_type":"webhook","_id":"Thu Mar 29 2018 23:31:22 GMT+0000 (UTC)","_score":1,"_source":{"alert":"motion","location":"Exterior-Front Door","timestamp":"2018-03-29T23:31:22.552Z"}}
{"_index":"ifttt-2018-03-29","_type":"webhook","_id":"Thu Mar 29 2018 21:46:19 GMT+0000 (UTC)","_score":1,"_source":{"alert":"motion","location":"Exterior-Front Door","timestamp":"2018-03-29T21:46:19.513Z"}}
{"_index":"ifttt-2018-03-29","_type":"webhook","_id":"Thu Mar 29 2018 21:31:18 GMT+0000 (UTC)","_score":1,"_source":{"alert":"motion","location":"Exterior-Front Door","timestamp":"2018-03-29T21:31:18.870Z"}}
{"_index":"ifttt-2018-03-29","_type":"webhook","_id":"Thu Mar 29 2018 16:23:06 GMT+0000 (UTC)","_score":1,"_source":{"device":"Alexa","deviceID":"10","action":"Voice Deactivation","target":"Room1Lamp","target-deviceID":"7","timestamp":"2018-03-29T16:23:06.642Z"}}
{"_index":"ifttt-2018-03-29","_type":"webhook","_id":"Thu Mar 29 2018 17:29:25 GMT+0000 (UTC)","_score":1,"_source":{"device":"Alexa","deviceID":"10","action":"Voice Deactivation","target":"Room1Lamp","target-deviceID":"7","timestamp":"2018-03-29T17:29:25.627Z"}}
{"_index":"ifttt-2018-03-29","_type":"webhook","_id":"Thu Mar 29 2018 17:08:42 GMT+0000 (UTC)","_score":1,"_source":{"device":"Alexa","deviceID":"10","action":"Voice Activation","target":"Room1Lamp","target-deviceID":"7","timestamp":"2018-03-29T17:08:42.048Z"}}
{"_index":"ifttt-2018-03-29","_type":"webhook","_id":"Thu Mar 29 2018 17:10:22 GMT+0000 (UTC)","_score":1,"_source":{"device":"Alexa","action":"play music","time":" March 29, 2018 at 01:10PM","timestamp":"2018-03-29T17:10:22.236Z"}}
{"_index":"ifttt-2018-03-29","_type":"webhook","_id":"Thu Mar 29 2018 17:30:29 GMT+0000 (UTC)","_score":1,"_source":{"device":"Alexa","action":"play music","time":" March 29, 2018 at 01:30PM","timestamp":"2018-03-29T17:30:29.373Z"}}
{"_index":"ifttt-2018-03-29","_type":"webhook","_id":"Thu Mar 29 2018 01:08:20 GMT+0000 (UTC)","_score":1,"_source":{"device":"Room1Plug2","status":"Activated","time":" ","timestamp":"2018-03-29T01:08:20.976Z"}}
{"_index":"ifttt-2018-03-29","_type":"webhook","_id":"Thu Mar 29 2018 08:23:06 GMT+0000 (UTC)","_score":1,"_source":{"device":"Room1Plug2","status":"Activated","time":" ","timestamp":"2018-03-29T08:23:06.461Z"}}
{"_index":"ifttt-2018-03-29","_type":"webhook","_id":"Thu Mar 29 2018 17:31:25 GMT+0000 (UTC)","_score":1,"_source":{"alert":"PIR event","location":"Exterior-Front Door","timestamp":"2018-03-29T17:31:25.848Z"}}
{"_index":"ifttt-2018-03-29","_type":"webhook","_id":"Thu Mar 29 2018 06:49:08 GMT+0000 (UTC)","_score":1,"_source":{"device":"Room1Plug1","status":"Activated","timestamp":"2018-03-29T06:49:08.652Z"}}
{"_index":"ifttt-2018-03-29","_type":"webhook","_id":"Thu Mar 29 2018 16:26:15 GMT+0000 (UTC)","_score":1,"_source":{"device":"Room1Lamp","status":"Activated","timestamp":"2018-03-29T16:26:15.198Z"}}
{"_index":"ifttt-2018-03-29","_type":"webhook","_id":"Thu Mar 29 2018 18:09:37 GMT+0000 (UTC)","_score":1,"_source":{"device":"Alexa","deviceID":"10","action":"Voice Deactivation","target":"Room1Lamp","target-deviceID":"7","timestamp":"2018-03-29T18:09:37.510Z"}}
{"_index":"ifttt-2018-03-29","_type":"webhook","_id":"Thu Mar 29 2018 18:08:49 GMT+0000 (UTC)","_score":1,"_source":{"device":"Alexa","action":"play music","time":" March 29, 2018 at 02:08PM","timestamp":"2018-03-29T18:08:49.389Z"}}
{"_index":"ifttt-2018-03-29","_type":"webhook","_id":"Thu Mar 29 2018 18:07:07 GMT+0000 (UTC)","_score":1,"_source":{"device":"FrontLock1","status":"Unlocked","user":" Manny Kin","timestamp":"2018-03-29T18:07:07.798Z"}}
{"_index":"ifttt-2018-03-29","_type":"webhook","_id":"Thu Mar 29 2018 18:09:58 GMT+0000 (UTC)","_score":1,"_source":{"device":"FrontLock1","status":"Unlocked","user":" Manny Kin","timestamp":"2018-03-29T18:09:58.408Z"}}
{"_index":"ifttt-2018-03-29","_type":"webhook","_id":"Thu Mar 29 2018 17:46:20 GMT+0000 (UTC)","_score":1,"_source":{"alert":"PIR event","location":"Exterior-Front Door","timestamp":"2018-03-29T17:46:20.436Z"}}
{"_index":"ifttt-2018-03-29","_type":"webhook","_id":"Thu Mar 29 2018 17:46:22 GMT+0000 (UTC)","_score":1,"_source":{"alert":"PIR event","location":"Exterior-Front Door","timestamp":"2018-03-29T17:46:22.282Z"}}
{"_index":"ifttt-2018-03-29","_type":"webhook","_id":"Thu Mar 29 2018 18:02:22 GMT+0000 (UTC)","_score":1,"_source":{"alert":"PIR event","location":"Exterior-Front Door","timestamp":"2018-03-29T18:02:22.915Z"}}
{"_index":"ifttt-2018-03-29","_type":"webhook","_id":"Thu Mar 29 2018 17:31:29 GMT+0000 (UTC)","_score":1,"_source":{"alert":"PIR event","location":"Exterior-Front Door","timestamp":"2018-03-29T17:31:29.225Z"}}
{"_index":"ifttt-2018-03-29","_type":"webhook","_id":"Thu Mar 29 2018 18:33:34 GMT+0000 (UTC)","_score":1,"_source":{"device":"Alexa","deviceID":"10","action":"Voice Deactivation","target":"Room1Lamp","target-deviceID":"7","timestamp":"2018-03-29T18:33:34.764Z"}}
{"_index":"ifttt-2018-03-29","_type":"webhook","_id":"Thu Mar 29 2018 18:32:47 GMT+0000 (UTC)","_score":1,"_source":{"device":"Alexa","action":"play music","time":" March 29, 2018 at 02:32PM","timestamp":"2018-03-29T18:32:47.424Z"}}
{"_index":"ifttt-2018-03-29","_type":"webhook","_id":"Thu Mar 29 2018 18:33:44 GMT+0000 (UTC)","_score":1,"_source":{"device":"FrontLock1","status":"Unlocked","user":" Manny Kin","timestamp":"2018-03-29T18:33:44.257Z"}}
{"_index":"ifttt-2018-03-29","_type":"webhook","_id":"Thu Mar 29 2018 18:21:15 GMT+0000 (UTC)","_score":1,"_source":{"device":"FrontLock1","status":"Locked","User":"Manny Kin","timestamp":"2018-03-29T18:21:15.391Z"}}
{"_index":"ifttt-2018-03-29","_type":"webhook","_id":"Thu Mar 29 2018 18:23:17 GMT+0000 (UTC)","_score":1,"_source":{"device":"FrontLock1","status":"Locked","User":"Manny Kin","timestamp":"2018-03-29T18:23:17.767Z"}}
{"_index":"ifttt-2018-03-29","_type":"webhook","_id":"Thu Mar 29 2018 18:15:51 GMT+0000 (UTC)","_score":1,"_source":{"alert":"PIR event","location":"Exterior-Front Door","timestamp":"2018-03-29T18:15:51.587Z"}}
{"_index":"ifttt-2018-03-29","_type":"webhook","_id":"Thu Mar 29 2018 18:31:11 GMT+0000 (UTC)","_score":1,"_source":{"alert":"motion","location":"Exterior-Front Door","timestamp":"2018-03-29T18:31:11.691Z"}}
{"_index":"ifttt-2018-03-29","_type":"webhook","_id":"Thu Mar 29 2018 18:31:13 GMT+0000 (UTC)","_score":1,"_source":{"alert":"motion","location":"Exterior-Front Door","timestamp":"2018-03-29T18:31:13.316Z"}}
{"_index":"ifttt-2018-03-29","_type":"webhook","_id":"Thu Mar 29 2018 18:44:11 GMT+0000 (UTC)","_score":1,"_source":{"alert":"motion","location":"Exterior-Front Door","timestamp":"2018-03-29T18:44:11.679Z"}}
{"_index":"ifttt-2018-03-29","_type":"webhook","_id":"Thu Mar 29 2018 18:55:59 GMT+0000 (UTC)","_score":1,"_source":{"device":"Alexa","action":"play music","time":" March 29, 2018 at 02:55PM","timestamp":"2018-03-29T18:55:59.993Z"}}
{"_index":"ifttt-2018-03-29","_type":"webhook","_id":"Thu Mar 29 2018 19:38:32 GMT+0000 (UTC)","_score":1,"_source":{"device":"FrontLock1","status":"Unlocked","user":" Manny Kin","timestamp":"2018-03-29T19:38:32.733Z"}}
{"_index":"ifttt-2018-03-29","_type":"webhook","_id":"Thu Mar 29 2018 18:49:22 GMT+0000 (UTC)","_score":1,"_source":{"device":"FrontLock1","status":"Locked","User":"Manny Kin","timestamp":"2018-03-29T18:49:22.463Z"}}
{"_index":"ifttt-2018-03-29","_type":"webhook","_id":"Thu Mar 29 2018 18:59:23 GMT+0000 (UTC)","_score":1,"_source":{"alert":"motion","location":"Exterior-Front Door","timestamp":"2018-03-29T18:59:23.348Z"}}
{"_index":"ifttt-2018-03-29","_type":"webhook","_id":"Thu Mar 29 2018 19:04:17 GMT+0000 (UTC)","_score":1,"_source":{"alert":"motion","location":"Exterior-Front Door","timestamp":"2018-03-29T19:04:17.161Z"}}
{"_index":"ifttt-2018-03-29","_type":"webhook","_id":"Thu Mar 29 2018 19:08:33 GMT+0000 (UTC)","_score":1,"_source":{"alert":"motion","location":"Exterior-Front Door","timestamp":"2018-03-29T19:08:33.778Z"}}
{"_index":"ifttt-2018-03-29","_type":"webhook","_id":"Thu Mar 29 2018 19:32:22 GMT+0000 (UTC)","_score":1,"_source":{"alert":"motion","location":"Exterior-Front Door","timestamp":"2018-03-29T19:32:22.527Z"}}
{"_index":"ifttt-2018-03-29","_type":"webhook","_id":"Thu Mar 29 2018 19:34:04 GMT+0000 (UTC)","_score":1,"_source":{"alert":"motion","location":"Exterior-Front Door","timestamp":"2018-03-29T19:34:04.297Z"}}
{"_index":"ifttt-2018-03-29","_type":"webhook","_id":"Thu Mar 29 2018 18:49:23 GMT+0000 (UTC)","_score":1,"_source":{"alert":"motion","location":"Exterior-Front Door","timestamp":"2018-03-29T18:49:23.282Z"}}
{"_index":"ifttt-2018-03-29","_type":"webhook","_id":"Thu Mar 29 2018 20:08:51 GMT+0000 (UTC)","_score":1,"_source":{"device":"Alexa","deviceID":"10","action":"Voice Deactivation","target":"Room1Lamp","target-deviceID":"7","timestamp":"2018-03-29T20:08:51.574Z"}}
{"_index":"ifttt-2018-03-29","_type":"webhook","_id":"Thu Mar 29 2018 20:14:08 GMT+0000 (UTC)","_score":1,"_source":{"device":"Alexa","deviceID":"10","action":"Voice Deactivation","target":"Room1Lamp","target-deviceID":"7","timestamp":"2018-03-29T20:14:08.180Z"}}
{"_index":"ifttt-2018-03-29","_type":"webhook","_id":"Thu Mar 29 2018 19:39:05 GMT+0000 (UTC)","_score":1,"_source":{"device":"Alexa","deviceID":"10","action":"Voice Activation","target":"Room1Lamp","target-deviceID":"7","timestamp":"2018-03-29T19:39:05.408Z"}}
{"_index":"ifttt-2018-03-29","_type":"webhook","_id":"Thu Mar 29 2018 20:00:37 GMT+0000 (UTC)","_score":1,"_source":{"device":"Alexa","deviceID":"10","action":"Voice Activation","target":"Room1Lamp","target-deviceID":"7","timestamp":"2018-03-29T20:00:37.474Z"}}
{"_index":"ifttt-2018-03-29","_type":"webhook","_id":"Thu Mar 29 2018 20:02:48 GMT+0000 (UTC)","_score":1,"_source":{"device":"FrontLock1","status":"Unlocked","user":" Manny Kin","timestamp":"2018-03-29T20:02:48.646Z"}}
{"_index":"ifttt-2018-03-29","_type":"webhook","_id":"Thu Mar 29 2018 20:01:53 GMT+0000 (UTC)","_score":1,"_source":{"device":"FrontLock1","status":"Locked","User":"Manny Kin","timestamp":"2018-03-29T20:01:53.348Z"}}
{"_index":"ifttt-2018-03-29","_type":"webhook","_id":"Thu Mar 29 2018 19:46:17 GMT+0000 (UTC)","_score":1,"_source":{"alert":"motion","location":"Exterior-Front Door","timestamp":"2018-03-29T19:46:17.008Z"}}
{"_index":"ifttt-2018-03-29","_type":"webhook","_id":"Thu Mar 29 2018 20:04:16 GMT+0000 (UTC)","_score":1,"_source":{"alert":"motion","location":"Exterior-Front Door","timestamp":"2018-03-29T20:04:16.342Z"}}
{"_index":"ifttt-2018-03-29","_type":"webhook","_id":"Thu Mar 29 2018 20:01:13 GMT+0000 (UTC)","_score":1,"_source":{"device":"Room1Lamp","status":"Activated","timestamp":"2018-03-29T20:01:13.312Z"}}
{"_index":"ifttt-2018-03-29","_type":"webhook","_id":"Thu Mar 29 2018 20:25:17 GMT+0000 (UTC)","_score":1,"_source":{"device":"Alexa","deviceID":"10","action":"Voice Deactivation","target":"Room1Lamp","target-deviceID":"7","timestamp":"2018-03-29T20:25:17.479Z"}}
{"_index":"ifttt-2018-03-29","_type":"webhook","_id":"Thu Mar 29 2018 20:29:28 GMT+0000 (UTC)","_score":1,"_source":{"device":"Alexa","deviceID":"10","action":"Voice Activation","target":"Room1Lamp","target-deviceID":"7","timestamp":"2018-03-29T20:29:28.361Z"}}
{"_index":"ifttt-2018-03-29","_type":"webhook","_id":"Thu Mar 29 2018 20:32:25 GMT+0000 (UTC)","_score":1,"_source":{"device":"Alexa","deviceID":"10","action":"Voice Activation","target":"Room1Lamp","target-deviceID":"7","timestamp":"2018-03-29T20:32:25.469Z"}}
{"_index":"ifttt-2018-03-29","_type":"webhook","_id":"Thu Mar 29 2018 20:39:12 GMT+0000 (UTC)","_score":1,"_source":{"device":"FrontLock1","status":"Unlocked","user":" Manny Kin","timestamp":"2018-03-29T20:39:12.726Z"}}
{"_index":"ifttt-2018-03-29","_type":"webhook","_id":"Thu Mar 29 2018 20:23:14 GMT+0000 (UTC)","_score":1,"_source":{"device":"FrontLock1","status":"Locked","User":"Manny Kin","timestamp":"2018-03-29T20:23:14.082Z"}}
{"_index":"ifttt-2018-03-29","_type":"webhook","_id":"Thu Mar 29 2018 20:37:45 GMT+0000 (UTC)","_score":1,"_source":{"device":"FrontLock1","status":"Locked","User":"Manny Kin","timestamp":"2018-03-29T20:37:45.421Z"}}
{"_index":"ifttt-2018-03-29","_type":"webhook","_id":"Thu Mar 29 2018 20:16:48 GMT+0000 (UTC)","_score":1,"_source":{"alert":"motion","location":"Exterior-Front Door","timestamp":"2018-03-29T20:16:48.438Z"}}
{"_index":"ifttt-2018-03-29","_type":"webhook","_id":"Thu Mar 29 2018 20:31:31 GMT+0000 (UTC)","_score":1,"_source":{"alert":"motion","location":"Exterior-Front Door","timestamp":"2018-03-29T20:31:31.536Z"}}
{"_index":"ifttt-2018-03-29","_type":"webhook","_id":"Thu Mar 29 2018 20:34:21 GMT+0000 (UTC)","_score":1,"_source":{"alert":"motion","location":"Exterior-Front Door","timestamp":"2018-03-29T20:34:21.943Z"}}
{"_index":"ifttt-2018-03-29","_type":"webhook","_id":"Thu Mar 29 2018 21:04:59 GMT+0000 (UTC)","_score":1,"_source":{"device":"Alexa","deviceID":"10","action":"Voice Deactivation","target":"Room1Lamp","target-deviceID":"7","timestamp":"2018-03-29T21:04:59.034Z"}}
{"_index":"ifttt-2018-03-29","_type":"webhook","_id":"Thu Mar 29 2018 20:39:45 GMT+0000 (UTC)","_score":1,"_source":{"device":"Alexa","deviceID":"10","action":"Voice Activation","target":"Room1Lamp","target-deviceID":"7","timestamp":"2018-03-29T20:39:45.535Z"}}
{"_index":"ifttt-2018-03-29","_type":"webhook","_id":"Thu Mar 29 2018 20:42:27 GMT+0000 (UTC)","_score":1,"_source":{"device":"Alexa","deviceID":"10","action":"Voice Activation","target":"Room1Lamp","target-deviceID":"7","timestamp":"2018-03-29T20:42:27.325Z"}}
{"_index":"ifttt-2018-03-29","_type":"webhook","_id":"Thu Mar 29 2018 21:11:04 GMT+0000 (UTC)","_score":1,"_source":{"device":"Alexa","deviceID":"10","action":"Voice Activation","target":"Room1Lamp","target-deviceID":"7","timestamp":"2018-03-29T21:11:04.193Z"}}
{"_index":"ifttt-2018-03-29","_type":"webhook","_id":"Thu Mar 29 2018 20:41:39 GMT+0000 (UTC)","_score":1,"_source":{"device":"FrontLock1","status":"Unlocked","user":" Manny Kin","timestamp":"2018-03-29T20:41:39.438Z"}}
{"_index":"ifttt-2018-03-29","_type":"webhook","_id":"Thu Mar 29 2018 21:08:14 GMT+0000 (UTC)","_score":1,"_source":{"device":"FrontLock1","status":"Unlocked","user":" Manny Kin","timestamp":"2018-03-29T21:08:14.928Z"}}
{"_index":"ifttt-2018-03-29","_type":"webhook","_id":"Thu Mar 29 2018 21:10:38 GMT+0000 (UTC)","_score":1,"_source":{"device":"FrontLock1","status":"Unlocked","user":" Manny Kin","timestamp":"2018-03-29T21:10:38.382Z"}}
{"_index":"ifttt-2018-03-29","_type":"webhook","_id":"Thu Mar 29 2018 20:46:09 GMT+0000 (UTC)","_score":1,"_source":{"alert":"motion","location":"Exterior-Front Door","timestamp":"2018-03-29T20:46:09.537Z"}}
{"_index":"ifttt-2018-03-29","_type":"webhook","_id":"Thu Mar 29 2018 21:01:28 GMT+0000 (UTC)","_score":1,"_source":{"alert":"motion","location":"Exterior-Front Door","timestamp":"2018-03-29T21:01:28.739Z"}}
{"_index":"ifttt-2018-03-29","_type":"webhook","_id":"Thu Mar 29 2018 21:15:55 GMT+0000 (UTC)","_score":1,"_source":{"device":"Alexa","deviceID":"10","action":"Voice Activation","target":"Room1Lamp","target-deviceID":"7","timestamp":"2018-03-29T21:15:55.421Z"}}
{"_index":"ifttt-2018-03-29","_type":"webhook","_id":"Thu Mar 29 2018 21:21:35 GMT+0000 (UTC)","_score":1,"_source":{"device":"Alexa","deviceID":"10","action":"Voice Activation","target":"Room1Lamp","target-deviceID":"7","timestamp":"2018-03-29T21:21:35.187Z"}}
{"_index":"ifttt-2018-03-29","_type":"webhook","_id":"Thu Mar 29 2018 21:24:07 GMT+0000 (UTC)","_score":1,"_source":{"device":"Alexa","deviceID":"10","action":"Voice Activation","target":"Room1Lamp","target-deviceID":"7","timestamp":"2018-03-29T21:24:07.914Z"}}
{"_index":"ifttt-2018-03-29","_type":"webhook","_id":"Thu Mar 29 2018 21:21:08 GMT+0000 (UTC)","_score":1,"_source":{"device":"FrontLock1","status":"Unlocked","user":" Manny Kin","timestamp":"2018-03-29T21:21:08.056Z"}}
{"_index":"ifttt-2018-03-29","_type":"webhook","_id":"Thu Mar 29 2018 21:37:38 GMT+0000 (UTC)","_score":1,"_source":{"device":"FrontLock1","status":"Unlocked","user":" Manny Kin","timestamp":"2018-03-29T21:37:38.478Z"}}
{"_index":"ifttt-2018-03-29","_type":"webhook","_id":"Thu Mar 29 2018 21:16:33 GMT+0000 (UTC)","_score":1,"_source":{"alert":"motion","location":"Exterior-Front Door","timestamp":"2018-03-29T21:16:33.816Z"}}
{"_index":"ifttt-2018-03-29","_type":"webhook","_id":"Thu Mar 29 2018 21:16:39 GMT+0000 (UTC)","_score":1,"_source":{"alert":"motion","location":"Exterior-Front Door","timestamp":"2018-03-29T21:16:39.353Z"}}
{"_index":"ifttt-2018-03-29","_type":"webhook","_id":"Thu Mar 29 2018 21:46:14 GMT+0000 (UTC)","_score":1,"_source":{"device":"Room1Lamp","status":"Activated","timestamp":"2018-03-29T21:46:14.288Z"}}
{"_index":"ifttt-2018-03-29","_type":"webhook","_id":"Thu Mar 29 2018 21:46:16 GMT+0000 (UTC)","_score":1,"_source":{"alert":"motion","location":"Exterior-Front Door","timestamp":"2018-03-29T21:46:16.954Z"}}
{"_index":"ifttt-2018-03-29","_type":"webhook","_id":"Thu Mar 29 2018 22:46:48 GMT+0000 (UTC)","_score":1,"_source":{"device":"Room1Plug2","status":"Activated","time":" ","timestamp":"2018-03-29T22:46:48.465Z"}}
{"_index":"ifttt-2018-03-29","_type":"webhook","_id":"Thu Mar 29 2018 23:46:32 GMT+0000 (UTC)","_score":1,"_source":{"alert":"motion","location":"Exterior-Front Door","timestamp":"2018-03-29T23:46:32.756Z"}}
