{"_index":"ifttt-2018-03-27","_type":"webhook","_id":"Tue Mar 27 2018 05:37:10 GMT+0000 (UTC)","_score":1,"_source":{"device":"Room1Plug1","status":"Deactivated","timestamp":"2018-03-27T05:37:10.992Z"}}
{"_index":"ifttt-2018-03-27","_type":"webhook","_id":"Tue Mar 27 2018 14:07:35 GMT+0000 (UTC)","_score":1,"_source":{"device":"Room1Plug1","status":"Deactivated","timestamp":"2018-03-27T14:07:35.579Z"}}
{"_index":"ifttt-2018-03-27","_type":"webhook","_id":"Tue Mar 27 2018 16:55:13 GMT+0000 (UTC)","_score":1,"_source":{"device":"FrontLock1","status":"Locked","User":"Manny Kin","timestamp":"2018-03-27T16:55:13.782Z"}}
{"_index":"ifttt-2018-03-27","_type":"webhook","_id":"Tue Mar 27 2018 18:26:05 GMT+0000 (UTC)","_score":1,"_source":{"device":"FrontLock1","status":"Unlocked","user":" Manny Kin","timestamp":"2018-03-27T18:26:05.236Z"}}
{"_index":"ifttt-2018-03-27","_type":"webhook","_id":"Tue Mar 27 2018 19:03:52 GMT+0000 (UTC)","_score":1,"_source":{"device":"Alexa","deviceID":"10","action":"Voice Activation","target":"Room1Lamp","target-deviceID":"7","timestamp":"2018-03-27T19:03:52.384Z"}}
{"_index":"ifttt-2018-03-27","_type":"webhook","_id":"Tue Mar 27 2018 19:24:19 GMT+0000 (UTC)","_score":1,"_source":{"device":"Alexa","deviceID":"10","action":"Voice Deactivation","target":"Room1Lamp","target-deviceID":"7","timestamp":"2018-03-27T19:24:19.898Z"}}
{"_index":"ifttt-2018-03-27","_type":"webhook","_id":"Tue Mar 27 2018 03:08:17 GMT+0000 (UTC)","_score":1,"_source":{"device":"Room1Plug2","status":"Activated","time":" ","timestamp":"2018-03-27T03:08:17.479Z"}}
{"_index":"ifttt-2018-03-27","_type":"webhook","_id":"Tue Mar 27 2018 06:23:15 GMT+0000 (UTC)","_score":1,"_source":{"device":"Room1Plug2","status":"Activated","time":" ","timestamp":"2018-03-27T06:23:15.896Z"}}
{"_index":"ifttt-2018-03-27","_type":"webhook","_id":"Tue Mar 27 2018 15:08:14 GMT+0000 (UTC)","_score":1,"_source":{"device":"Room1Plug1","status":"Deactivated","timestamp":"2018-03-27T15:08:14.818Z"}}
{"_index":"ifttt-2018-03-27","_type":"webhook","_id":"Tue Mar 27 2018 16:48:51 GMT+0000 (UTC)","_score":1,"_source":{"device":"FrontLock1","status":"Locked","User":"Manual Lock","timestamp":"2018-03-27T16:48:51.097Z"}}
{"_index":"ifttt-2018-03-27","_type":"webhook","_id":"Tue Mar 27 2018 16:49:03 GMT+0000 (UTC)","_score":1,"_source":{"device":"FrontLock1","status":"Locked","User":"Manny Kin","timestamp":"2018-03-27T16:49:03.099Z"}}
{"_index":"ifttt-2018-03-27","_type":"webhook","_id":"Tue Mar 27 2018 16:53:14 GMT+0000 (UTC)","_score":1,"_source":{"device":"FrontLock1","status":"Unlocked","user":" Manual Unlock","timestamp":"2018-03-27T16:53:14.477Z"}}
{"_index":"ifttt-2018-03-27","_type":"webhook","_id":"Tue Mar 27 2018 16:57:58 GMT+0000 (UTC)","_score":1,"_source":{"device":"FrontLock1","status":"Unlocked","user":" Manual Unlock","timestamp":"2018-03-27T16:57:58.098Z"}}
{"_index":"ifttt-2018-03-27","_type":"webhook","_id":"Tue Mar 27 2018 18:25:53 GMT+0000 (UTC)","_score":1,"_source":{"device":"FrontLock1","status":"Locked","User":"Manual Lock","timestamp":"2018-03-27T18:25:53.122Z"}}
{"_index":"ifttt-2018-03-27","_type":"webhook","_id":"Tue Mar 27 2018 20:34:25 GMT+0000 (UTC)","_score":1,"_source":{"device":"Room1Plug1","status":"Activated","timestamp":"2018-03-27T20:34:25.841Z"}}
{"_index":"ifttt-2018-03-27","_type":"webhook","_id":"Tue Mar 27 2018 21:02:13 GMT+0000 (UTC)","_score":1,"_source":{"device":"FrontLock1","status":"Unlocked","user":" Manual Unlock","timestamp":"2018-03-27T21:02:13.584Z"}}
{"_index":"ifttt-2018-03-27","_type":"webhook","_id":"Tue Mar 27 2018 18:26:15 GMT+0000 (UTC)","_score":1,"_source":{"device":"Alexa","deviceID":"10","action":"Voice Activation","target":"Room1Lamp","target-deviceID":"7","timestamp":"2018-03-27T18:26:15.753Z"}}
{"_index":"ifttt-2018-03-27","_type":"webhook","_id":"Tue Mar 27 2018 18:52:26 GMT+0000 (UTC)","_score":1,"_source":{"device":"Alexa","deviceID":"10","action":"Voice Activation","target":"Room1Lamp","target-deviceID":"7","timestamp":"2018-03-27T18:52:26.487Z"}}
{"_index":"ifttt-2018-03-27","_type":"webhook","_id":"Tue Mar 27 2018 16:34:10 GMT+0000 (UTC)","_score":1,"_source":{"device":"FrontLock1","status":"Unlocked","user":" Manual Unlock","timestamp":"2018-03-27T16:34:10.574Z"}}
{"_index":"ifttt-2018-03-27","_type":"webhook","_id":"Tue Mar 27 2018 19:03:06 GMT+0000 (UTC)","_score":1,"_source":{"device":"FrontLock1","status":"Unlocked","user":" Manny Kin","timestamp":"2018-03-27T19:03:06.699Z"}}
{"_index":"ifttt-2018-03-27","_type":"webhook","_id":"Tue Mar 27 2018 18:53:12 GMT+0000 (UTC)","_score":1,"_source":{"device":"FrontLock1","status":"Locked","User":"Manual Lock","timestamp":"2018-03-27T18:53:12.275Z"}}
{"_index":"ifttt-2018-03-27","_type":"webhook","_id":"Tue Mar 27 2018 16:57:21 GMT+0000 (UTC)","_score":1,"_source":{"device":"FrontLock1","status":"Locked","User":"Manny Kin","timestamp":"2018-03-27T16:57:21.987Z"}}
{"_index":"ifttt-2018-03-27","_type":"webhook","_id":"Tue Mar 27 2018 16:58:50 GMT+0000 (UTC)","_score":1,"_source":{"device":"FrontLock1","status":"Locked","User":"Manny Kin","timestamp":"2018-03-27T16:58:50.669Z"}}
{"_index":"ifttt-2018-03-27","_type":"webhook","_id":"Tue Mar 27 2018 19:04:00 GMT+0000 (UTC)","_score":1,"_source":{"device":"FrontLock1","status":"Locked","User":"Manny Kin","timestamp":"2018-03-27T19:04:00.993Z"}}
{"_index":"ifttt-2018-03-27","_type":"webhook","_id":"Tue Mar 27 2018 02:07:27 GMT+0000 (UTC)","_score":1,"_source":{"device":"Room1Plug1","status":"Deactivated","timestamp":"2018-03-27T02:07:27.412Z"}}
{"_index":"ifttt-2018-03-27","_type":"webhook","_id":"Tue Mar 27 2018 13:07:21 GMT+0000 (UTC)","_score":1,"_source":{"device":"Room1Plug1","status":"Deactivated","timestamp":"2018-03-27T13:07:21.722Z"}}
{"_index":"ifttt-2018-03-27","_type":"webhook","_id":"Tue Mar 27 2018 04:23:01 GMT+0000 (UTC)","_score":1,"_source":{"device":"Room1Plug1","status":"Deactivated","timestamp":"2018-03-27T04:23:01.921Z"}}
{"_index":"ifttt-2018-03-27","_type":"webhook","_id":"Tue Mar 27 2018 07:23:20 GMT+0000 (UTC)","_score":1,"_source":{"device":"Room1Plug2","status":"Activated","time":" ","timestamp":"2018-03-27T07:23:20.383Z"}}
{"_index":"ifttt-2018-03-27","_type":"webhook","_id":"Tue Mar 27 2018 07:37:48 GMT+0000 (UTC)","_score":1,"_source":{"device":"Room1Plug1","status":"Deactivated","timestamp":"2018-03-27T07:37:48.691Z"}}
{"_index":"ifttt-2018-03-27","_type":"webhook","_id":"Tue Mar 27 2018 09:52:16 GMT+0000 (UTC)","_score":1,"_source":{"device":"Room1Plug1","status":"Deactivated","timestamp":"2018-03-27T09:52:16.334Z"}}
{"_index":"ifttt-2018-03-27","_type":"webhook","_id":"Tue Mar 27 2018 12:07:16 GMT+0000 (UTC)","_score":1,"_source":{"device":"Room1Plug1","status":"Deactivated","timestamp":"2018-03-27T12:07:16.141Z"}}
{"_index":"ifttt-2018-03-27","_type":"webhook","_id":"Tue Mar 27 2018 16:24:04 GMT+0000 (UTC)","_score":1,"_source":{"device":"Room1Plug2","status":"Activated","time":" ","timestamp":"2018-03-27T16:24:04.336Z"}}
{"_index":"ifttt-2018-03-27","_type":"webhook","_id":"Tue Mar 27 2018 19:03:24 GMT+0000 (UTC)","_score":1,"_source":{"device":"Alexa","deviceID":"10","action":"Voice Activation","target":"Room1Lamp","target-deviceID":"7","timestamp":"2018-03-27T19:03:24.748Z"}}
{"_index":"ifttt-2018-03-27","_type":"webhook","_id":"Tue Mar 27 2018 16:55:39 GMT+0000 (UTC)","_score":1,"_source":{"device":"FrontLock1","status":"Unlocked","user":" Manual Unlock","timestamp":"2018-03-27T16:55:39.689Z"}}
{"_index":"ifttt-2018-03-27","_type":"webhook","_id":"Tue Mar 27 2018 17:01:15 GMT+0000 (UTC)","_score":1,"_source":{"device":"FrontLock1","status":"Unlocked","user":" Manual Unlock","timestamp":"2018-03-27T17:01:15.636Z"}}
{"_index":"ifttt-2018-03-27","_type":"webhook","_id":"Tue Mar 27 2018 16:57:33 GMT+0000 (UTC)","_score":1,"_source":{"device":"FrontLock1","status":"Locked","User":"Manny Kin","timestamp":"2018-03-27T16:57:33.766Z"}}
{"_index":"ifttt-2018-03-27","_type":"webhook","_id":"Tue Mar 27 2018 10:38:23 GMT+0000 (UTC)","_score":1,"_source":{"device":"Room1Plug2","status":"Activated","time":" ","timestamp":"2018-03-27T10:38:23.530Z"}}
{"_index":"ifttt-2018-03-27","_type":"webhook","_id":"Tue Mar 27 2018 00:52:16 GMT+0000 (UTC)","_score":1,"_source":{"device":"Room1Plug1","status":"Deactivated","timestamp":"2018-03-27T00:52:16.772Z"}}
{"_index":"ifttt-2018-03-27","_type":"webhook","_id":"Tue Mar 27 2018 03:22:10 GMT+0000 (UTC)","_score":1,"_source":{"device":"Room1Plug1","status":"Deactivated","timestamp":"2018-03-27T03:22:10.034Z"}}
{"_index":"ifttt-2018-03-27","_type":"webhook","_id":"Tue Mar 27 2018 06:37:12 GMT+0000 (UTC)","_score":1,"_source":{"device":"Room1Plug1","status":"Deactivated","timestamp":"2018-03-27T06:37:12.703Z"}}
{"_index":"ifttt-2018-03-27","_type":"webhook","_id":"Tue Mar 27 2018 08:52:08 GMT+0000 (UTC)","_score":1,"_source":{"device":"Room1Plug1","status":"Deactivated","timestamp":"2018-03-27T08:52:08.714Z"}}
{"_index":"ifttt-2018-03-27","_type":"webhook","_id":"Tue Mar 27 2018 11:07:07 GMT+0000 (UTC)","_score":1,"_source":{"device":"Room1Plug1","status":"Deactivated","timestamp":"2018-03-27T11:07:07.103Z"}}
{"_index":"ifttt-2018-03-27","_type":"webhook","_id":"Tue Mar 27 2018 16:23:21 GMT+0000 (UTC)","_score":1,"_source":{"device":"Room1Plug1","status":"Deactivated","timestamp":"2018-03-27T16:23:21.633Z"}}
{"_index":"ifttt-2018-03-27","_type":"webhook","_id":"Tue Mar 27 2018 18:50:59 GMT+0000 (UTC)","_score":1,"_source":{"device":"FrontLock1","status":"Locked","User":"Manual Lock","timestamp":"2018-03-27T18:50:59.534Z"}}
{"_index":"ifttt-2018-03-27","_type":"webhook","_id":"Tue Mar 27 2018 18:52:17 GMT+0000 (UTC)","_score":1,"_source":{"device":"FrontLock1","status":"Unlocked","user":" Manny Kin","timestamp":"2018-03-27T18:52:17.797Z"}}
{"_index":"ifttt-2018-03-27","_type":"webhook","_id":"Tue Mar 27 2018 19:34:23 GMT+0000 (UTC)","_score":1,"_source":{"device":"Room1Plug1","status":"Activated","timestamp":"2018-03-27T19:34:23.751Z"}}
