{"_index":"ifttt-2018-03-30","_type":"webhook","_id":"Fri Mar 30 2018 09:06:13 GMT+0000 (UTC)","_score":1,"_source":{"device":"Room1Plug2","status":"Activated","time":" ","timestamp":"2018-03-30T09:06:13.868Z"}}
{"_index":"ifttt-2018-03-30","_type":"webhook","_id":"Fri Mar 30 2018 14:11:35 GMT+0000 (UTC)","_score":1,"_source":{"device":"Room1Plug2","status":"Activated","time":" ","timestamp":"2018-03-30T14:11:35.623Z"}}
{"_index":"ifttt-2018-03-30","_type":"webhook","_id":"Fri Mar 30 2018 00:16:34 GMT+0000 (UTC)","_score":1,"_source":{"alert":"motion","location":"Exterior-Front Door","timestamp":"2018-03-30T00:16:34.379Z"}}
{"_index":"ifttt-2018-03-30","_type":"webhook","_id":"Fri Mar 30 2018 02:01:19 GMT+0000 (UTC)","_score":1,"_source":{"alert":"motion","location":"Exterior-Front Door","timestamp":"2018-03-30T02:01:19.777Z"}}
{"_index":"ifttt-2018-03-30","_type":"webhook","_id":"Fri Mar 30 2018 02:31:17 GMT+0000 (UTC)","_score":1,"_source":{"alert":"motion","location":"Exterior-Front Door","timestamp":"2018-03-30T02:31:17.412Z"}}
{"_index":"ifttt-2018-03-30","_type":"webhook","_id":"Fri Mar 30 2018 07:16:31 GMT+0000 (UTC)","_score":1,"_source":{"alert":"motion","location":"Exterior-Front Door","timestamp":"2018-03-30T07:16:31.383Z"}}
{"_index":"ifttt-2018-03-30","_type":"webhook","_id":"Fri Mar 30 2018 08:16:18 GMT+0000 (UTC)","_score":1,"_source":{"alert":"motion","location":"Exterior-Front Door","timestamp":"2018-03-30T08:16:18.390Z"}}
{"_index":"ifttt-2018-03-30","_type":"webhook","_id":"Fri Mar 30 2018 05:01:58 GMT+0000 (UTC)","_score":1,"_source":{"device":"Room1Lamp","status":"Activated","timestamp":"2018-03-30T05:01:58.135Z"}}
{"_index":"ifttt-2018-03-30","_type":"webhook","_id":"Fri Mar 30 2018 03:01:44 GMT+0000 (UTC)","_score":1,"_source":{"device":"Room1Lamp","status":"Activated","timestamp":"2018-03-30T03:01:44.390Z"}}
{"_index":"ifttt-2018-03-30","_type":"webhook","_id":"Fri Mar 30 2018 11:01:54 GMT+0000 (UTC)","_score":1,"_source":{"device":"Room1Lamp","status":"Activated","timestamp":"2018-03-30T11:01:54.129Z"}}
{"_index":"ifttt-2018-03-30","_type":"webhook","_id":"Fri Mar 30 2018 15:26:27 GMT+0000 (UTC)","_score":1,"_source":{"device":"Alexa","action":"play music","time":" March 30, 2018 at 11:26AM","timestamp":"2018-03-30T15:26:27.818Z"}}
{"_index":"ifttt-2018-03-30","_type":"webhook","_id":"Fri Mar 30 2018 15:46:36 GMT+0000 (UTC)","_score":1,"_source":{"device":"Alexa","action":"play music","time":" March 30, 2018 at 11:46AM","timestamp":"2018-03-30T15:46:36.503Z"}}
{"_index":"ifttt-2018-03-30","_type":"webhook","_id":"Fri Mar 30 2018 14:31:42 GMT+0000 (UTC)","_score":1,"_source":{"alert":"motion","location":"Exterior-Front Door","timestamp":"2018-03-30T14:31:42.624Z"}}
{"_index":"ifttt-2018-03-30","_type":"webhook","_id":"Fri Mar 30 2018 15:31:16 GMT+0000 (UTC)","_score":1,"_source":{"alert":"motion","location":"Exterior-Front Door","timestamp":"2018-03-30T15:31:16.497Z"}}
{"_index":"ifttt-2018-03-30","_type":"webhook","_id":"Fri Mar 30 2018 15:46:51 GMT+0000 (UTC)","_score":1,"_source":{"alert":"motion","location":"Exterior-Front Door","timestamp":"2018-03-30T15:46:51.567Z"}}
{"_index":"ifttt-2018-03-30","_type":"webhook","_id":"Fri Mar 30 2018 16:02:15 GMT+0000 (UTC)","_score":1,"_source":{"alert":"motion","location":"Exterior-Front Door","timestamp":"2018-03-30T16:02:15.444Z"}}
{"_index":"ifttt-2018-03-30","_type":"webhook","_id":"Fri Mar 30 2018 14:46:21 GMT+0000 (UTC)","_score":1,"_source":{"alert":"motion","location":"Exterior-Front Door","timestamp":"2018-03-30T14:46:21.842Z"}}
{"_index":"ifttt-2018-03-30","_type":"webhook","_id":"Fri Mar 30 2018 14:46:22 GMT+0000 (UTC)","_score":1,"_source":{"alert":"motion","location":"Exterior-Front Door","timestamp":"2018-03-30T14:46:22.666Z"}}
{"_index":"ifttt-2018-03-30","_type":"webhook","_id":"Fri Mar 30 2018 16:31:27 GMT+0000 (UTC)","_score":1,"_source":{"alert":"motion","location":"Exterior-Front Door","timestamp":"2018-03-30T16:31:27.949Z"}}
{"_index":"ifttt-2018-03-30","_type":"webhook","_id":"Fri Mar 30 2018 17:16:19 GMT+0000 (UTC)","_score":1,"_source":{"alert":"motion","location":"Exterior-Front Door","timestamp":"2018-03-30T17:16:19.612Z"}}
{"_index":"ifttt-2018-03-30","_type":"webhook","_id":"Fri Mar 30 2018 17:31:36 GMT+0000 (UTC)","_score":1,"_source":{"alert":"motion","location":"Exterior-Front Door","timestamp":"2018-03-30T17:31:36.530Z"}}
{"_index":"ifttt-2018-03-30","_type":"webhook","_id":"Fri Mar 30 2018 18:01:26 GMT+0000 (UTC)","_score":1,"_source":{"alert":"motion","location":"Exterior-Front Door","timestamp":"2018-03-30T18:01:26.495Z"}}
{"_index":"ifttt-2018-03-30","_type":"webhook","_id":"Fri Mar 30 2018 18:16:31 GMT+0000 (UTC)","_score":1,"_source":{"alert":"motion","location":"Exterior-Front Door","timestamp":"2018-03-30T18:16:31.853Z"}}
{"_index":"ifttt-2018-03-30","_type":"webhook","_id":"Fri Mar 30 2018 16:11:13 GMT+0000 (UTC)","_score":1,"_source":{"device":"Room1Lamp","status":"Activated","timestamp":"2018-03-30T16:11:13.151Z"}}
{"_index":"ifttt-2018-03-30","_type":"webhook","_id":"Fri Mar 30 2018 16:21:02 GMT+0000 (UTC)","_score":1,"_source":{"device":"Room1Lamp","status":"Activated","timestamp":"2018-03-30T16:21:02.761Z"}}
{"_index":"ifttt-2018-03-30","_type":"webhook","_id":"Fri Mar 30 2018 16:31:26 GMT+0000 (UTC)","_score":1,"_source":{"alert":"motion","location":"Exterior-Front Door","timestamp":"2018-03-30T16:31:26.823Z"}}
{"_index":"ifttt-2018-03-30","_type":"webhook","_id":"Fri Mar 30 2018 18:31:22 GMT+0000 (UTC)","_score":1,"_source":{"alert":"motion","location":"Exterior-Front Door","timestamp":"2018-03-30T18:31:22.598Z"}}
{"_index":"ifttt-2018-03-30","_type":"webhook","_id":"Fri Mar 30 2018 18:40:18 GMT+0000 (UTC)","_score":1,"_source":{"device":"Alexa","deviceID":"10","action":"Voice Deactivation","target":"Room1Lamp","target-deviceID":"7","timestamp":"2018-03-30T18:40:18.790Z"}}
{"_index":"ifttt-2018-03-30","_type":"webhook","_id":"Fri Mar 30 2018 19:18:01 GMT+0000 (UTC)","_score":1,"_source":{"alert":"motion","location":"Exterior-Front Door","timestamp":"2018-03-30T19:18:01.571Z"}}
{"_index":"ifttt-2018-03-30","_type":"webhook","_id":"Fri Mar 30 2018 19:24:25 GMT+0000 (UTC)","_score":1,"_source":{"alert":"motion","location":"Exterior-Front Door","timestamp":"2018-03-30T19:24:25.064Z"}}
{"_index":"ifttt-2018-03-30","_type":"webhook","_id":"Fri Mar 30 2018 19:40:09 GMT+0000 (UTC)","_score":1,"_source":{"alert":"motion","location":"Exterior-Front Door","timestamp":"2018-03-30T19:40:09.515Z"}}
{"_index":"ifttt-2018-03-30","_type":"webhook","_id":"Fri Mar 30 2018 18:46:18 GMT+0000 (UTC)","_score":1,"_source":{"alert":"motion","location":"Exterior-Front Door","timestamp":"2018-03-30T18:46:18.523Z"}}
{"_index":"ifttt-2018-03-30","_type":"webhook","_id":"Fri Mar 30 2018 18:52:10 GMT+0000 (UTC)","_score":1,"_source":{"alert":"motion","location":"Exterior-Front Door","timestamp":"2018-03-30T18:52:10.793Z"}}
{"_index":"ifttt-2018-03-30","_type":"webhook","_id":"Fri Mar 30 2018 20:07:10 GMT+0000 (UTC)","_score":1,"_source":{"device":"Room1Plug1","status":"Activated","timestamp":"2018-03-30T20:07:10.884Z"}}
{"_index":"ifttt-2018-03-30","_type":"webhook","_id":"Fri Mar 30 2018 19:49:26 GMT+0000 (UTC)","_score":1,"_source":{"alert":"motion","location":"Exterior-Front Door","timestamp":"2018-03-30T19:49:26.888Z"}}
{"_index":"ifttt-2018-03-30","_type":"webhook","_id":"Fri Mar 30 2018 20:17:08 GMT+0000 (UTC)","_score":1,"_source":{"alert":"motion","location":"Exterior-Front Door","timestamp":"2018-03-30T20:17:08.876Z"}}
{"_index":"ifttt-2018-03-30","_type":"webhook","_id":"Fri Mar 30 2018 20:19:28 GMT+0000 (UTC)","_score":1,"_source":{"alert":"motion","location":"Exterior-Front Door","timestamp":"2018-03-30T20:19:28.787Z"}}
{"_index":"ifttt-2018-03-30","_type":"webhook","_id":"Fri Mar 30 2018 20:49:28 GMT+0000 (UTC)","_score":1,"_source":{"device":"Alexa","deviceID":"10","action":"Voice Deactivation","target":"Room1Lamp","target-deviceID":"7","timestamp":"2018-03-30T20:49:28.216Z"}}
{"_index":"ifttt-2018-03-30","_type":"webhook","_id":"Fri Mar 30 2018 22:02:30 GMT+0000 (UTC)","_score":1,"_source":{"alert":"motion","location":"Exterior-Front Door","timestamp":"2018-03-30T22:02:30.412Z"}}
{"_index":"ifttt-2018-03-30","_type":"webhook","_id":"Fri Mar 30 2018 11:06:37 GMT+0000 (UTC)","_score":1,"_source":{"device":"Room1Plug2","status":"Activated","time":" ","timestamp":"2018-03-30T11:06:37.278Z"}}
{"_index":"ifttt-2018-03-30","_type":"webhook","_id":"Fri Mar 30 2018 03:01:17 GMT+0000 (UTC)","_score":1,"_source":{"alert":"motion","location":"Exterior-Front Door","timestamp":"2018-03-30T03:01:17.764Z"}}
{"_index":"ifttt-2018-03-30","_type":"webhook","_id":"Fri Mar 30 2018 04:01:34 GMT+0000 (UTC)","_score":1,"_source":{"alert":"motion","location":"Exterior-Front Door","timestamp":"2018-03-30T04:01:34.649Z"}}
{"_index":"ifttt-2018-03-30","_type":"webhook","_id":"Fri Mar 30 2018 05:16:31 GMT+0000 (UTC)","_score":1,"_source":{"alert":"motion","location":"Exterior-Front Door","timestamp":"2018-03-30T05:16:31.119Z"}}
{"_index":"ifttt-2018-03-30","_type":"webhook","_id":"Fri Mar 30 2018 06:16:08 GMT+0000 (UTC)","_score":1,"_source":{"alert":"motion","location":"Exterior-Front Door","timestamp":"2018-03-30T06:16:08.353Z"}}
{"_index":"ifttt-2018-03-30","_type":"webhook","_id":"Fri Mar 30 2018 07:46:22 GMT+0000 (UTC)","_score":1,"_source":{"alert":"motion","location":"Exterior-Front Door","timestamp":"2018-03-30T07:46:22.135Z"}}
{"_index":"ifttt-2018-03-30","_type":"webhook","_id":"Fri Mar 30 2018 08:01:32 GMT+0000 (UTC)","_score":1,"_source":{"alert":"motion","location":"Exterior-Front Door","timestamp":"2018-03-30T08:01:32.172Z"}}
{"_index":"ifttt-2018-03-30","_type":"webhook","_id":"Fri Mar 30 2018 07:01:43 GMT+0000 (UTC)","_score":1,"_source":{"device":"Room1Lamp","status":"Activated","timestamp":"2018-03-30T07:01:43.204Z"}}
{"_index":"ifttt-2018-03-30","_type":"webhook","_id":"Fri Mar 30 2018 09:01:35 GMT+0000 (UTC)","_score":1,"_source":{"device":"Room1Lamp","status":"Activated","timestamp":"2018-03-30T09:01:35.165Z"}}
{"_index":"ifttt-2018-03-30","_type":"webhook","_id":"Fri Mar 30 2018 11:46:40 GMT+0000 (UTC)","_score":1,"_source":{"alert":"motion","location":"Exterior-Front Door","timestamp":"2018-03-30T11:46:40.674Z"}}
{"_index":"ifttt-2018-03-30","_type":"webhook","_id":"Fri Mar 30 2018 15:26:37 GMT+0000 (UTC)","_score":1,"_source":{"device":"Alexa","action":"play music","time":" March 30, 2018 at 11:26AM","timestamp":"2018-03-30T15:26:37.645Z"}}
{"_index":"ifttt-2018-03-30","_type":"webhook","_id":"Fri Mar 30 2018 15:33:47 GMT+0000 (UTC)","_score":1,"_source":{"device":"Alexa","action":"play music","time":" March 30, 2018 at 11:33AM","timestamp":"2018-03-30T15:33:47.854Z"}}
{"_index":"ifttt-2018-03-30","_type":"webhook","_id":"Fri Mar 30 2018 15:41:37 GMT+0000 (UTC)","_score":1,"_source":{"device":"Alexa","action":"play music","time":" March 30, 2018 at 11:41AM","timestamp":"2018-03-30T15:41:37.333Z"}}
{"_index":"ifttt-2018-03-30","_type":"webhook","_id":"Fri Mar 30 2018 14:39:17 GMT+0000 (UTC)","_score":1,"_source":{"device":"FrontLock1","status":"Unlocked","user":" Manual Unlock","timestamp":"2018-03-30T14:39:17.194Z"}}
{"_index":"ifttt-2018-03-30","_type":"webhook","_id":"Fri Mar 30 2018 12:01:36 GMT+0000 (UTC)","_score":1,"_source":{"alert":"motion","location":"Exterior-Front Door","timestamp":"2018-03-30T12:01:36.335Z"}}
{"_index":"ifttt-2018-03-30","_type":"webhook","_id":"Fri Mar 30 2018 12:31:17 GMT+0000 (UTC)","_score":1,"_source":{"alert":"motion","location":"Exterior-Front Door","timestamp":"2018-03-30T12:31:17.632Z"}}
{"_index":"ifttt-2018-03-30","_type":"webhook","_id":"Fri Mar 30 2018 13:01:42 GMT+0000 (UTC)","_score":1,"_source":{"alert":"motion","location":"Exterior-Front Door","timestamp":"2018-03-30T13:01:42.744Z"}}
{"_index":"ifttt-2018-03-30","_type":"webhook","_id":"Fri Mar 30 2018 16:02:16 GMT+0000 (UTC)","_score":1,"_source":{"alert":"motion","location":"Exterior-Front Door","timestamp":"2018-03-30T16:02:16.060Z"}}
{"_index":"ifttt-2018-03-30","_type":"webhook","_id":"Fri Mar 30 2018 14:46:25 GMT+0000 (UTC)","_score":1,"_source":{"alert":"motion","location":"Exterior-Front Door","timestamp":"2018-03-30T14:46:25.629Z"}}
{"_index":"ifttt-2018-03-30","_type":"webhook","_id":"Fri Mar 30 2018 16:16:22 GMT+0000 (UTC)","_score":1,"_source":{"alert":"motion","location":"Exterior-Front Door","timestamp":"2018-03-30T16:16:22.432Z"}}
{"_index":"ifttt-2018-03-30","_type":"webhook","_id":"Fri Mar 30 2018 16:16:24 GMT+0000 (UTC)","_score":1,"_source":{"alert":"motion","location":"Exterior-Front Door","timestamp":"2018-03-30T16:16:24.675Z"}}
{"_index":"ifttt-2018-03-30","_type":"webhook","_id":"Fri Mar 30 2018 16:31:28 GMT+0000 (UTC)","_score":1,"_source":{"alert":"motion","location":"Exterior-Front Door","timestamp":"2018-03-30T16:31:28.877Z"}}
{"_index":"ifttt-2018-03-30","_type":"webhook","_id":"Fri Mar 30 2018 16:46:27 GMT+0000 (UTC)","_score":1,"_source":{"alert":"motion","location":"Exterior-Front Door","timestamp":"2018-03-30T16:46:27.437Z"}}
{"_index":"ifttt-2018-03-30","_type":"webhook","_id":"Fri Mar 30 2018 17:01:30 GMT+0000 (UTC)","_score":1,"_source":{"alert":"motion","location":"Exterior-Front Door","timestamp":"2018-03-30T17:01:30.816Z"}}
{"_index":"ifttt-2018-03-30","_type":"webhook","_id":"Fri Mar 30 2018 17:11:25 GMT+0000 (UTC)","_score":1,"_source":{"device":"Room1Lamp","status":"Activated","timestamp":"2018-03-30T17:11:25.813Z"}}
{"_index":"ifttt-2018-03-30","_type":"webhook","_id":"Fri Mar 30 2018 16:16:23 GMT+0000 (UTC)","_score":1,"_source":{"alert":"motion","location":"Exterior-Front Door","timestamp":"2018-03-30T16:16:23.661Z"}}
{"_index":"ifttt-2018-03-30","_type":"webhook","_id":"Fri Mar 30 2018 16:46:28 GMT+0000 (UTC)","_score":1,"_source":{"alert":"motion","location":"Exterior-Front Door","timestamp":"2018-03-30T16:46:28.558Z"}}
{"_index":"ifttt-2018-03-30","_type":"webhook","_id":"Fri Mar 30 2018 17:01:31 GMT+0000 (UTC)","_score":1,"_source":{"alert":"motion","location":"Exterior-Front Door","timestamp":"2018-03-30T17:01:31.911Z"}}
{"_index":"ifttt-2018-03-30","_type":"webhook","_id":"Fri Mar 30 2018 19:17:02 GMT+0000 (UTC)","_score":1,"_source":{"device":"Room1Plug2","status":"Activated","time":" ","timestamp":"2018-03-30T19:17:02.678Z"}}
{"_index":"ifttt-2018-03-30","_type":"webhook","_id":"Fri Mar 30 2018 18:16:30 GMT+0000 (UTC)","_score":1,"_source":{"alert":"motion","location":"Exterior-Front Door","timestamp":"2018-03-30T18:16:30.179Z"}}
{"_index":"ifttt-2018-03-30","_type":"webhook","_id":"Fri Mar 30 2018 18:16:33 GMT+0000 (UTC)","_score":1,"_source":{"alert":"motion","location":"Exterior-Front Door","timestamp":"2018-03-30T18:16:33.949Z"}}
{"_index":"ifttt-2018-03-30","_type":"webhook","_id":"Fri Mar 30 2018 19:04:19 GMT+0000 (UTC)","_score":1,"_source":{"alert":"motion","location":"Exterior-Front Door","timestamp":"2018-03-30T19:04:19.890Z"}}
{"_index":"ifttt-2018-03-30","_type":"webhook","_id":"Fri Mar 30 2018 19:14:30 GMT+0000 (UTC)","_score":1,"_source":{"alert":"motion","location":"Exterior-Front Door","timestamp":"2018-03-30T19:14:30.416Z"}}
{"_index":"ifttt-2018-03-30","_type":"webhook","_id":"Fri Mar 30 2018 17:46:24 GMT+0000 (UTC)","_score":1,"_source":{"alert":"motion","location":"Exterior-Front Door","timestamp":"2018-03-30T17:46:24.539Z"}}
{"_index":"ifttt-2018-03-30","_type":"webhook","_id":"Fri Mar 30 2018 18:16:28 GMT+0000 (UTC)","_score":1,"_source":{"alert":"motion","location":"Exterior-Front Door","timestamp":"2018-03-30T18:16:28.908Z"}}
{"_index":"ifttt-2018-03-30","_type":"webhook","_id":"Fri Mar 30 2018 18:35:15 GMT+0000 (UTC)","_score":1,"_source":{"alert":"motion","location":"Exterior-Front Door","timestamp":"2018-03-30T18:35:15.873Z"}}
{"_index":"ifttt-2018-03-30","_type":"webhook","_id":"Fri Mar 30 2018 18:01:27 GMT+0000 (UTC)","_score":1,"_source":{"alert":"motion","location":"Exterior-Front Door","timestamp":"2018-03-30T18:01:27.927Z"}}
{"_index":"ifttt-2018-03-30","_type":"webhook","_id":"Fri Mar 30 2018 20:38:52 GMT+0000 (UTC)","_score":1,"_source":{"device":"Alexa","deviceID":"10","action":"Voice Activation","target":"Room1Lamp","target-deviceID":"7","timestamp":"2018-03-30T20:38:52.602Z"}}
{"_index":"ifttt-2018-03-30","_type":"webhook","_id":"Fri Mar 30 2018 20:50:54 GMT+0000 (UTC)","_score":1,"_source":{"device":"Alexa","deviceID":"10","action":"Voice Activation","target":"Room1Lamp","target-deviceID":"7","timestamp":"2018-03-30T20:50:54.272Z"}}
{"_index":"ifttt-2018-03-30","_type":"webhook","_id":"Fri Mar 30 2018 20:21:09 GMT+0000 (UTC)","_score":1,"_source":{"device":"Room1Plug2","status":"Activated","time":" ","timestamp":"2018-03-30T20:21:09.038Z"}}
{"_index":"ifttt-2018-03-30","_type":"webhook","_id":"Fri Mar 30 2018 19:18:00 GMT+0000 (UTC)","_score":1,"_source":{"alert":"motion","location":"Exterior-Front Door","timestamp":"2018-03-30T19:18:00.540Z"}}
{"_index":"ifttt-2018-03-30","_type":"webhook","_id":"Fri Mar 30 2018 19:20:22 GMT+0000 (UTC)","_score":1,"_source":{"alert":"motion","location":"Exterior-Front Door","timestamp":"2018-03-30T19:20:22.569Z"}}
{"_index":"ifttt-2018-03-30","_type":"webhook","_id":"Fri Mar 30 2018 19:32:34 GMT+0000 (UTC)","_score":1,"_source":{"alert":"motion","location":"Exterior-Front Door","timestamp":"2018-03-30T19:32:34.435Z"}}
{"_index":"ifttt-2018-03-30","_type":"webhook","_id":"Fri Mar 30 2018 20:02:04 GMT+0000 (UTC)","_score":1,"_source":{"alert":"motion","location":"Exterior-Front Door","timestamp":"2018-03-30T20:02:04.671Z"}}
{"_index":"ifttt-2018-03-30","_type":"webhook","_id":"Fri Mar 30 2018 21:02:06 GMT+0000 (UTC)","_score":1,"_source":{"alert":"motion","location":"Exterior-Front Door","timestamp":"2018-03-30T21:02:06.709Z"}}
{"_index":"ifttt-2018-03-30","_type":"webhook","_id":"Fri Mar 30 2018 21:02:07 GMT+0000 (UTC)","_score":1,"_source":{"alert":"motion","location":"Exterior-Front Door","timestamp":"2018-03-30T21:02:07.429Z"}}
{"_index":"ifttt-2018-03-30","_type":"webhook","_id":"Fri Mar 30 2018 21:07:20 GMT+0000 (UTC)","_score":1,"_source":{"device":"Room1Plug1","status":"Activated","timestamp":"2018-03-30T21:07:20.566Z"}}
{"_index":"ifttt-2018-03-30","_type":"webhook","_id":"Fri Mar 30 2018 10:06:18 GMT+0000 (UTC)","_score":1,"_source":{"device":"Room1Plug2","status":"Activated","time":" ","timestamp":"2018-03-30T10:06:18.647Z"}}
{"_index":"ifttt-2018-03-30","_type":"webhook","_id":"Fri Mar 30 2018 00:01:20 GMT+0000 (UTC)","_score":1,"_source":{"alert":"motion","location":"Exterior-Front Door","timestamp":"2018-03-30T00:01:20.383Z"}}
{"_index":"ifttt-2018-03-30","_type":"webhook","_id":"Fri Mar 30 2018 01:01:55 GMT+0000 (UTC)","_score":1,"_source":{"alert":"motion","location":"Exterior-Front Door","timestamp":"2018-03-30T01:01:55.892Z"}}
{"_index":"ifttt-2018-03-30","_type":"webhook","_id":"Fri Mar 30 2018 01:01:56 GMT+0000 (UTC)","_score":1,"_source":{"alert":"motion","location":"Exterior-Front Door","timestamp":"2018-03-30T01:01:56.769Z"}}
{"_index":"ifttt-2018-03-30","_type":"webhook","_id":"Fri Mar 30 2018 04:46:27 GMT+0000 (UTC)","_score":1,"_source":{"alert":"motion","location":"Exterior-Front Door","timestamp":"2018-03-30T04:46:27.383Z"}}
{"_index":"ifttt-2018-03-30","_type":"webhook","_id":"Fri Mar 30 2018 06:31:19 GMT+0000 (UTC)","_score":1,"_source":{"alert":"motion","location":"Exterior-Front Door","timestamp":"2018-03-30T06:31:19.408Z"}}
{"_index":"ifttt-2018-03-30","_type":"webhook","_id":"Fri Mar 30 2018 07:01:36 GMT+0000 (UTC)","_score":1,"_source":{"alert":"motion","location":"Exterior-Front Door","timestamp":"2018-03-30T07:01:36.138Z"}}
{"_index":"ifttt-2018-03-30","_type":"webhook","_id":"Fri Mar 30 2018 09:47:03 GMT+0000 (UTC)","_score":1,"_source":{"alert":"motion","location":"Exterior-Front Door","timestamp":"2018-03-30T09:47:03.755Z"}}
{"_index":"ifttt-2018-03-30","_type":"webhook","_id":"Fri Mar 30 2018 08:42:10 GMT+0000 (UTC)","_score":1,"_source":{"device":"Room1Plug1","status":"Activated","timestamp":"2018-03-30T08:42:10.905Z"}}
{"_index":"ifttt-2018-03-30","_type":"webhook","_id":"Fri Mar 30 2018 06:01:38 GMT+0000 (UTC)","_score":1,"_source":{"alert":"motion","location":"Exterior-Front Door","timestamp":"2018-03-30T06:01:38.979Z"}}
{"_index":"ifttt-2018-03-30","_type":"webhook","_id":"Fri Mar 30 2018 16:13:55 GMT+0000 (UTC)","_score":1,"_source":{"device":"Alexa","deviceID":"10","action":"Voice Deactivation","target":"Room1Lamp","target-deviceID":"7","timestamp":"2018-03-30T16:13:55.800Z"}}
{"_index":"ifttt-2018-03-30","_type":"webhook","_id":"Fri Mar 30 2018 16:12:44 GMT+0000 (UTC)","_score":1,"_source":{"device":"Alexa","deviceID":"10","action":"Voice Activation","target":"Room1Lamp","target-deviceID":"7","timestamp":"2018-03-30T16:12:44.312Z"}}
{"_index":"ifttt-2018-03-30","_type":"webhook","_id":"Fri Mar 30 2018 15:40:10 GMT+0000 (UTC)","_score":1,"_source":{"device":"Alexa","action":"play music","time":" March 30, 2018 at 11:40AM","timestamp":"2018-03-30T15:40:10.023Z"}}
{"_index":"ifttt-2018-03-30","_type":"webhook","_id":"Fri Mar 30 2018 12:11:21 GMT+0000 (UTC)","_score":1,"_source":{"device":"Room1Plug2","status":"Activated","time":" ","timestamp":"2018-03-30T12:11:21.499Z"}}
{"_index":"ifttt-2018-03-30","_type":"webhook","_id":"Fri Mar 30 2018 13:11:28 GMT+0000 (UTC)","_score":1,"_source":{"device":"Room1Plug2","status":"Activated","time":" ","timestamp":"2018-03-30T13:11:28.642Z"}}
{"_index":"ifttt-2018-03-30","_type":"webhook","_id":"Fri Mar 30 2018 11:31:20 GMT+0000 (UTC)","_score":1,"_source":{"alert":"motion","location":"Exterior-Front Door","timestamp":"2018-03-30T11:31:20.895Z"}}
{"_index":"ifttt-2018-03-30","_type":"webhook","_id":"Fri Mar 30 2018 12:16:37 GMT+0000 (UTC)","_score":1,"_source":{"alert":"motion","location":"Exterior-Front Door","timestamp":"2018-03-30T12:16:37.912Z"}}
{"_index":"ifttt-2018-03-30","_type":"webhook","_id":"Fri Mar 30 2018 14:31:43 GMT+0000 (UTC)","_score":1,"_source":{"alert":"motion","location":"Exterior-Front Door","timestamp":"2018-03-30T14:31:43.854Z"}}
{"_index":"ifttt-2018-03-30","_type":"webhook","_id":"Fri Mar 30 2018 16:02:14 GMT+0000 (UTC)","_score":1,"_source":{"alert":"motion","location":"Exterior-Front Door","timestamp":"2018-03-30T16:02:14.724Z"}}
{"_index":"ifttt-2018-03-30","_type":"webhook","_id":"Fri Mar 30 2018 16:15:55 GMT+0000 (UTC)","_score":1,"_source":{"device":"FrontLock1","status":"Locked","User":"Manny Kin","timestamp":"2018-03-30T16:15:55.705Z"}}
{"_index":"ifttt-2018-03-30","_type":"webhook","_id":"Fri Mar 30 2018 16:16:21 GMT+0000 (UTC)","_score":1,"_source":{"alert":"motion","location":"Exterior-Front Door","timestamp":"2018-03-30T16:16:21.921Z"}}
{"_index":"ifttt-2018-03-30","_type":"webhook","_id":"Fri Mar 30 2018 16:16:25 GMT+0000 (UTC)","_score":1,"_source":{"alert":"motion","location":"Exterior-Front Door","timestamp":"2018-03-30T16:16:25.814Z"}}
{"_index":"ifttt-2018-03-30","_type":"webhook","_id":"Fri Mar 30 2018 16:46:26 GMT+0000 (UTC)","_score":1,"_source":{"alert":"motion","location":"Exterior-Front Door","timestamp":"2018-03-30T16:46:26.819Z"}}
{"_index":"ifttt-2018-03-30","_type":"webhook","_id":"Fri Mar 30 2018 17:01:32 GMT+0000 (UTC)","_score":1,"_source":{"alert":"motion","location":"Exterior-Front Door","timestamp":"2018-03-30T17:01:32.832Z"}}
{"_index":"ifttt-2018-03-30","_type":"webhook","_id":"Fri Mar 30 2018 18:16:29 GMT+0000 (UTC)","_score":1,"_source":{"alert":"motion","location":"Exterior-Front Door","timestamp":"2018-03-30T18:16:29.658Z"}}
{"_index":"ifttt-2018-03-30","_type":"webhook","_id":"Fri Mar 30 2018 16:31:29 GMT+0000 (UTC)","_score":1,"_source":{"alert":"motion","location":"Exterior-Front Door","timestamp":"2018-03-30T16:31:29.770Z"}}
{"_index":"ifttt-2018-03-30","_type":"webhook","_id":"Fri Mar 30 2018 18:01:28 GMT+0000 (UTC)","_score":1,"_source":{"alert":"motion","location":"Exterior-Front Door","timestamp":"2018-03-30T18:01:28.748Z"}}
{"_index":"ifttt-2018-03-30","_type":"webhook","_id":"Fri Mar 30 2018 18:31:20 GMT+0000 (UTC)","_score":1,"_source":{"alert":"motion","location":"Exterior-Front Door","timestamp":"2018-03-30T18:31:20.752Z"}}
{"_index":"ifttt-2018-03-30","_type":"webhook","_id":"Fri Mar 30 2018 20:12:24 GMT+0000 (UTC)","_score":1,"_source":{"device":"Alexa","deviceID":"10","action":"Voice Deactivation","target":"Room1Lamp","target-deviceID":"7","timestamp":"2018-03-30T20:12:24.832Z"}}
{"_index":"ifttt-2018-03-30","_type":"webhook","_id":"Fri Mar 30 2018 20:28:25 GMT+0000 (UTC)","_score":1,"_source":{"device":"Alexa","deviceID":"10","action":"Voice Deactivation","target":"Room1Lamp","target-deviceID":"7","timestamp":"2018-03-30T20:28:25.327Z"}}
{"_index":"ifttt-2018-03-30","_type":"webhook","_id":"Fri Mar 30 2018 19:02:45 GMT+0000 (UTC)","_score":1,"_source":{"device":"FrontLock1","status":"Unlocked","user":" Manual Unlock","timestamp":"2018-03-30T19:02:45.582Z"}}
{"_index":"ifttt-2018-03-30","_type":"webhook","_id":"Fri Mar 30 2018 19:10:25 GMT+0000 (UTC)","_score":1,"_source":{"alert":"motion","location":"Exterior-Front Door","timestamp":"2018-03-30T19:10:25.168Z"}}
{"_index":"ifttt-2018-03-30","_type":"webhook","_id":"Fri Mar 30 2018 19:10:26 GMT+0000 (UTC)","_score":1,"_source":{"alert":"motion","location":"Exterior-Front Door","timestamp":"2018-03-30T19:10:26.088Z"}}
{"_index":"ifttt-2018-03-30","_type":"webhook","_id":"Fri Mar 30 2018 18:57:22 GMT+0000 (UTC)","_score":1,"_source":{"alert":"motion","location":"Exterior-Front Door","timestamp":"2018-03-30T18:57:22.380Z"}}
{"_index":"ifttt-2018-03-30","_type":"webhook","_id":"Fri Mar 30 2018 19:22:44 GMT+0000 (UTC)","_score":1,"_source":{"alert":"motion","location":"Exterior-Front Door","timestamp":"2018-03-30T19:22:44.806Z"}}
{"_index":"ifttt-2018-03-30","_type":"webhook","_id":"Fri Mar 30 2018 19:28:23 GMT+0000 (UTC)","_score":1,"_source":{"alert":"motion","location":"Exterior-Front Door","timestamp":"2018-03-30T19:28:23.347Z"}}
{"_index":"ifttt-2018-03-30","_type":"webhook","_id":"Fri Mar 30 2018 18:31:23 GMT+0000 (UTC)","_score":1,"_source":{"alert":"motion","location":"Exterior-Front Door","timestamp":"2018-03-30T18:31:23.624Z"}}
{"_index":"ifttt-2018-03-30","_type":"webhook","_id":"Fri Mar 30 2018 19:12:12 GMT+0000 (UTC)","_score":1,"_source":{"alert":"motion","location":"Exterior-Front Door","timestamp":"2018-03-30T19:12:12.891Z"}}
{"_index":"ifttt-2018-03-30","_type":"webhook","_id":"Fri Mar 30 2018 20:46:55 GMT+0000 (UTC)","_score":1,"_source":{"alert":"motion","location":"Exterior-Front Door","timestamp":"2018-03-30T20:46:55.536Z"}}
{"_index":"ifttt-2018-03-30","_type":"webhook","_id":"Fri Mar 30 2018 21:02:09 GMT+0000 (UTC)","_score":1,"_source":{"alert":"motion","location":"Exterior-Front Door","timestamp":"2018-03-30T21:02:09.691Z"}}
{"_index":"ifttt-2018-03-30","_type":"webhook","_id":"Fri Mar 30 2018 04:56:10 GMT+0000 (UTC)","_score":1,"_source":{"device":"Room1Plug2","status":"Activated","time":" ","timestamp":"2018-03-30T04:56:10.685Z"}}
{"_index":"ifttt-2018-03-30","_type":"webhook","_id":"Fri Mar 30 2018 08:01:21 GMT+0000 (UTC)","_score":1,"_source":{"device":"Room1Plug2","status":"Activated","time":" ","timestamp":"2018-03-30T08:01:21.543Z"}}
{"_index":"ifttt-2018-03-30","_type":"webhook","_id":"Fri Mar 30 2018 00:01:18 GMT+0000 (UTC)","_score":1,"_source":{"alert":"motion","location":"Exterior-Front Door","timestamp":"2018-03-30T00:01:18.704Z"}}
{"_index":"ifttt-2018-03-30","_type":"webhook","_id":"Fri Mar 30 2018 04:01:35 GMT+0000 (UTC)","_score":1,"_source":{"alert":"motion","location":"Exterior-Front Door","timestamp":"2018-03-30T04:01:35.263Z"}}
{"_index":"ifttt-2018-03-30","_type":"webhook","_id":"Fri Mar 30 2018 07:31:25 GMT+0000 (UTC)","_score":1,"_source":{"alert":"motion","location":"Exterior-Front Door","timestamp":"2018-03-30T07:31:25.915Z"}}
{"_index":"ifttt-2018-03-30","_type":"webhook","_id":"Fri Mar 30 2018 09:01:17 GMT+0000 (UTC)","_score":1,"_source":{"alert":"motion","location":"Exterior-Front Door","timestamp":"2018-03-30T09:01:17.693Z"}}
{"_index":"ifttt-2018-03-30","_type":"webhook","_id":"Fri Mar 30 2018 10:01:27 GMT+0000 (UTC)","_score":1,"_source":{"alert":"motion","location":"Exterior-Front Door","timestamp":"2018-03-30T10:01:27.824Z"}}
{"_index":"ifttt-2018-03-30","_type":"webhook","_id":"Fri Mar 30 2018 10:01:28 GMT+0000 (UTC)","_score":1,"_source":{"alert":"motion","location":"Exterior-Front Door","timestamp":"2018-03-30T10:01:28.850Z"}}
{"_index":"ifttt-2018-03-30","_type":"webhook","_id":"Fri Mar 30 2018 07:37:15 GMT+0000 (UTC)","_score":1,"_source":{"device":"Room1Plug1","status":"Activated","timestamp":"2018-03-30T07:37:15.305Z"}}
{"_index":"ifttt-2018-03-30","_type":"webhook","_id":"Fri Mar 30 2018 11:46:41 GMT+0000 (UTC)","_score":1,"_source":{"alert":"motion","location":"Exterior-Front Door","timestamp":"2018-03-30T11:46:41.600Z"}}
{"_index":"ifttt-2018-03-30","_type":"webhook","_id":"Fri Mar 30 2018 16:12:17 GMT+0000 (UTC)","_score":1,"_source":{"device":"FrontLock1","status":"Unlocked","user":" Manny Kin","timestamp":"2018-03-30T16:12:17.372Z"}}
{"_index":"ifttt-2018-03-30","_type":"webhook","_id":"Fri Mar 30 2018 14:38:56 GMT+0000 (UTC)","_score":1,"_source":{"device":"FrontLock1","status":"Locked","User":"Manual Lock","timestamp":"2018-03-30T14:38:56.308Z"}}
{"_index":"ifttt-2018-03-30","_type":"webhook","_id":"Fri Mar 30 2018 12:01:38 GMT+0000 (UTC)","_score":1,"_source":{"alert":"motion","location":"Exterior-Front Door","timestamp":"2018-03-30T12:01:38.383Z"}}
{"_index":"ifttt-2018-03-30","_type":"webhook","_id":"Fri Mar 30 2018 12:31:16 GMT+0000 (UTC)","_score":1,"_source":{"alert":"motion","location":"Exterior-Front Door","timestamp":"2018-03-30T12:31:16.910Z"}}
{"_index":"ifttt-2018-03-30","_type":"webhook","_id":"Fri Mar 30 2018 15:57:18 GMT+0000 (UTC)","_score":1,"_source":{"device":"Room1Plug1","status":"Activated","timestamp":"2018-03-30T15:57:18.266Z"}}
{"_index":"ifttt-2018-03-30","_type":"webhook","_id":"Fri Mar 30 2018 13:01:32 GMT+0000 (UTC)","_score":1,"_source":{"device":"Room1Lamp","status":"Activated","timestamp":"2018-03-30T13:01:32.267Z"}}
{"_index":"ifttt-2018-03-30","_type":"webhook","_id":"Fri Mar 30 2018 14:36:18 GMT+0000 (UTC)","_score":1,"_source":{"device":"Room1Lamp","status":"Activated","timestamp":"2018-03-30T14:36:18.704Z"}}
{"_index":"ifttt-2018-03-30","_type":"webhook","_id":"Fri Mar 30 2018 14:46:23 GMT+0000 (UTC)","_score":1,"_source":{"alert":"motion","location":"Exterior-Front Door","timestamp":"2018-03-30T14:46:23.822Z"}}
{"_index":"ifttt-2018-03-30","_type":"webhook","_id":"Fri Mar 30 2018 14:46:24 GMT+0000 (UTC)","_score":1,"_source":{"alert":"motion","location":"Exterior-Front Door","timestamp":"2018-03-30T14:46:24.811Z"}}
{"_index":"ifttt-2018-03-30","_type":"webhook","_id":"Fri Mar 30 2018 16:17:50 GMT+0000 (UTC)","_score":1,"_source":{"device":"FrontLock1","status":"Unlocked","user":" Manny Kin","timestamp":"2018-03-30T16:17:50.805Z"}}
{"_index":"ifttt-2018-03-30","_type":"webhook","_id":"Fri Mar 30 2018 16:16:26 GMT+0000 (UTC)","_score":1,"_source":{"alert":"motion","location":"Exterior-Front Door","timestamp":"2018-03-30T16:16:26.731Z"}}
{"_index":"ifttt-2018-03-30","_type":"webhook","_id":"Fri Mar 30 2018 16:46:24 GMT+0000 (UTC)","_score":1,"_source":{"alert":"motion","location":"Exterior-Front Door","timestamp":"2018-03-30T16:46:24.461Z"}}
{"_index":"ifttt-2018-03-30","_type":"webhook","_id":"Fri Mar 30 2018 17:31:37 GMT+0000 (UTC)","_score":1,"_source":{"alert":"motion","location":"Exterior-Front Door","timestamp":"2018-03-30T17:31:37.361Z"}}
{"_index":"ifttt-2018-03-30","_type":"webhook","_id":"Fri Mar 30 2018 18:16:34 GMT+0000 (UTC)","_score":1,"_source":{"alert":"motion","location":"Exterior-Front Door","timestamp":"2018-03-30T18:16:34.509Z"}}
{"_index":"ifttt-2018-03-30","_type":"webhook","_id":"Fri Mar 30 2018 18:39:30 GMT+0000 (UTC)","_score":1,"_source":{"alert":"motion","location":"Exterior-Front Door","timestamp":"2018-03-30T18:39:30.038Z"}}
{"_index":"ifttt-2018-03-30","_type":"webhook","_id":"Fri Mar 30 2018 18:44:21 GMT+0000 (UTC)","_score":1,"_source":{"alert":"motion","location":"Exterior-Front Door","timestamp":"2018-03-30T18:44:21.167Z"}}
{"_index":"ifttt-2018-03-30","_type":"webhook","_id":"Fri Mar 30 2018 18:53:29 GMT+0000 (UTC)","_score":1,"_source":{"alert":"motion","location":"Exterior-Front Door","timestamp":"2018-03-30T18:53:29.909Z"}}
{"_index":"ifttt-2018-03-30","_type":"webhook","_id":"Fri Mar 30 2018 18:31:21 GMT+0000 (UTC)","_score":1,"_source":{"alert":"motion","location":"Exterior-Front Door","timestamp":"2018-03-30T18:31:21.643Z"}}
{"_index":"ifttt-2018-03-30","_type":"webhook","_id":"Fri Mar 30 2018 19:31:27 GMT+0000 (UTC)","_score":1,"_source":{"alert":"motion","location":"Exterior-Front Door","timestamp":"2018-03-30T19:31:27.060Z"}}
{"_index":"ifttt-2018-03-30","_type":"webhook","_id":"Fri Mar 30 2018 19:34:08 GMT+0000 (UTC)","_score":1,"_source":{"alert":"motion","location":"Exterior-Front Door","timestamp":"2018-03-30T19:34:08.446Z"}}
{"_index":"ifttt-2018-03-30","_type":"webhook","_id":"Fri Mar 30 2018 20:02:05 GMT+0000 (UTC)","_score":1,"_source":{"alert":"motion","location":"Exterior-Front Door","timestamp":"2018-03-30T20:02:05.283Z"}}
{"_index":"ifttt-2018-03-30","_type":"webhook","_id":"Fri Mar 30 2018 20:07:14 GMT+0000 (UTC)","_score":1,"_source":{"alert":"motion","location":"Exterior-Front Door","timestamp":"2018-03-30T20:07:14.249Z"}}
{"_index":"ifttt-2018-03-30","_type":"webhook","_id":"Fri Mar 30 2018 20:10:11 GMT+0000 (UTC)","_score":1,"_source":{"alert":"motion","location":"Exterior-Front Door","timestamp":"2018-03-30T20:10:11.195Z"}}
{"_index":"ifttt-2018-03-30","_type":"webhook","_id":"Fri Mar 30 2018 18:54:19 GMT+0000 (UTC)","_score":1,"_source":{"alert":"motion","location":"Exterior-Front Door","timestamp":"2018-03-30T18:54:19.507Z"}}
{"_index":"ifttt-2018-03-30","_type":"webhook","_id":"Fri Mar 30 2018 18:55:37 GMT+0000 (UTC)","_score":1,"_source":{"alert":"motion","location":"Exterior-Front Door","timestamp":"2018-03-30T18:55:37.942Z"}}
{"_index":"ifttt-2018-03-30","_type":"webhook","_id":"Fri Mar 30 2018 18:58:26 GMT+0000 (UTC)","_score":1,"_source":{"alert":"motion","location":"Exterior-Front Door","timestamp":"2018-03-30T18:58:26.773Z"}}
{"_index":"ifttt-2018-03-30","_type":"webhook","_id":"Fri Mar 30 2018 19:02:14 GMT+0000 (UTC)","_score":1,"_source":{"alert":"motion","location":"Exterior-Front Door","timestamp":"2018-03-30T19:02:14.645Z"}}
{"_index":"ifttt-2018-03-30","_type":"webhook","_id":"Fri Mar 30 2018 20:11:31 GMT+0000 (UTC)","_score":1,"_source":{"device":"Alexa","deviceID":"10","action":"Voice Deactivation","target":"Room1Lamp","target-deviceID":"7","timestamp":"2018-03-30T20:11:31.224Z"}}
{"_index":"ifttt-2018-03-30","_type":"webhook","_id":"Fri Mar 30 2018 22:26:08 GMT+0000 (UTC)","_score":1,"_source":{"device":"Room1Plug2","status":"Activated","time":" ","timestamp":"2018-03-30T22:26:08.540Z"}}
{"_index":"ifttt-2018-03-30","_type":"webhook","_id":"Fri Mar 30 2018 02:51:17 GMT+0000 (UTC)","_score":1,"_source":{"device":"Room1Plug2","status":"Activated","time":" ","timestamp":"2018-03-30T02:51:17.376Z"}}
{"_index":"ifttt-2018-03-30","_type":"webhook","_id":"Fri Mar 30 2018 05:56:18 GMT+0000 (UTC)","_score":1,"_source":{"device":"Room1Plug2","status":"Activated","time":" ","timestamp":"2018-03-30T05:56:18.973Z"}}
{"_index":"ifttt-2018-03-30","_type":"webhook","_id":"Fri Mar 30 2018 06:01:37 GMT+0000 (UTC)","_score":1,"_source":{"alert":"motion","location":"Exterior-Front Door","timestamp":"2018-03-30T06:01:37.958Z"}}
{"_index":"ifttt-2018-03-30","_type":"webhook","_id":"Fri Mar 30 2018 07:31:26 GMT+0000 (UTC)","_score":1,"_source":{"alert":"motion","location":"Exterior-Front Door","timestamp":"2018-03-30T07:31:26.518Z"}}
{"_index":"ifttt-2018-03-30","_type":"webhook","_id":"Fri Mar 30 2018 09:01:18 GMT+0000 (UTC)","_score":1,"_source":{"alert":"motion","location":"Exterior-Front Door","timestamp":"2018-03-30T09:01:18.334Z"}}
{"_index":"ifttt-2018-03-30","_type":"webhook","_id":"Fri Mar 30 2018 09:47:02 GMT+0000 (UTC)","_score":1,"_source":{"alert":"motion","location":"Exterior-Front Door","timestamp":"2018-03-30T09:47:02.930Z"}}
{"_index":"ifttt-2018-03-30","_type":"webhook","_id":"Fri Mar 30 2018 11:46:39 GMT+0000 (UTC)","_score":1,"_source":{"alert":"motion","location":"Exterior-Front Door","timestamp":"2018-03-30T11:46:39.444Z"}}
{"_index":"ifttt-2018-03-30","_type":"webhook","_id":"Fri Mar 30 2018 08:16:17 GMT+0000 (UTC)","_score":1,"_source":{"alert":"motion","location":"Exterior-Front Door","timestamp":"2018-03-30T08:16:17.884Z"}}
{"_index":"ifttt-2018-03-30","_type":"webhook","_id":"Fri Mar 30 2018 12:01:37 GMT+0000 (UTC)","_score":1,"_source":{"alert":"motion","location":"Exterior-Front Door","timestamp":"2018-03-30T12:01:37.907Z"}}
{"_index":"ifttt-2018-03-30","_type":"webhook","_id":"Fri Mar 30 2018 16:18:27 GMT+0000 (UTC)","_score":1,"_source":{"device":"Alexa","deviceID":"10","action":"Voice Activation","target":"Room1Lamp","target-deviceID":"7","timestamp":"2018-03-30T16:18:27.162Z"}}
{"_index":"ifttt-2018-03-30","_type":"webhook","_id":"Fri Mar 30 2018 15:01:29 GMT+0000 (UTC)","_score":1,"_source":{"alert":"motion","location":"Exterior-Front Door","timestamp":"2018-03-30T15:01:29.837Z"}}
{"_index":"ifttt-2018-03-30","_type":"webhook","_id":"Fri Mar 30 2018 16:46:25 GMT+0000 (UTC)","_score":1,"_source":{"alert":"motion","location":"Exterior-Front Door","timestamp":"2018-03-30T16:46:25.298Z"}}
{"_index":"ifttt-2018-03-30","_type":"webhook","_id":"Fri Mar 30 2018 18:16:32 GMT+0000 (UTC)","_score":1,"_source":{"alert":"motion","location":"Exterior-Front Door","timestamp":"2018-03-30T18:16:32.413Z"}}
{"_index":"ifttt-2018-03-30","_type":"webhook","_id":"Fri Mar 30 2018 18:37:08 GMT+0000 (UTC)","_score":1,"_source":{"alert":"motion","location":"Exterior-Front Door","timestamp":"2018-03-30T18:37:08.905Z"}}
{"_index":"ifttt-2018-03-30","_type":"webhook","_id":"Fri Mar 30 2018 18:47:25 GMT+0000 (UTC)","_score":1,"_source":{"alert":"motion","location":"Exterior-Front Door","timestamp":"2018-03-30T18:47:25.369Z"}}
{"_index":"ifttt-2018-03-30","_type":"webhook","_id":"Fri Mar 30 2018 18:49:20 GMT+0000 (UTC)","_score":1,"_source":{"alert":"motion","location":"Exterior-Front Door","timestamp":"2018-03-30T18:49:20.911Z"}}
{"_index":"ifttt-2018-03-30","_type":"webhook","_id":"Fri Mar 30 2018 15:11:08 GMT+0000 (UTC)","_score":1,"_source":{"device":"Room1Lamp","status":"Activated","timestamp":"2018-03-30T15:11:08.707Z"}}
{"_index":"ifttt-2018-03-30","_type":"webhook","_id":"Fri Mar 30 2018 15:46:52 GMT+0000 (UTC)","_score":1,"_source":{"alert":"motion","location":"Exterior-Front Door","timestamp":"2018-03-30T15:46:52.984Z"}}
{"_index":"ifttt-2018-03-30","_type":"webhook","_id":"Fri Mar 30 2018 19:02:47 GMT+0000 (UTC)","_score":1,"_source":{"device":"FrontLock1","status":"Locked","User":"Manual Lock","timestamp":"2018-03-30T19:02:47.159Z"}}
{"_index":"ifttt-2018-03-30","_type":"webhook","_id":"Fri Mar 30 2018 19:01:30 GMT+0000 (UTC)","_score":1,"_source":{"alert":"motion","location":"Exterior-Front Door","timestamp":"2018-03-30T19:01:30.520Z"}}
{"_index":"ifttt-2018-03-30","_type":"webhook","_id":"Fri Mar 30 2018 19:02:56 GMT+0000 (UTC)","_score":1,"_source":{"alert":"motion","location":"Exterior-Front Door","timestamp":"2018-03-30T19:02:56.946Z"}}
{"_index":"ifttt-2018-03-30","_type":"webhook","_id":"Fri Mar 30 2018 19:06:16 GMT+0000 (UTC)","_score":1,"_source":{"alert":"motion","location":"Exterior-Front Door","timestamp":"2018-03-30T19:06:16.532Z"}}
{"_index":"ifttt-2018-03-30","_type":"webhook","_id":"Fri Mar 30 2018 19:20:23 GMT+0000 (UTC)","_score":1,"_source":{"alert":"motion","location":"Exterior-Front Door","timestamp":"2018-03-30T19:20:23.389Z"}}
{"_index":"ifttt-2018-03-30","_type":"webhook","_id":"Fri Mar 30 2018 20:07:13 GMT+0000 (UTC)","_score":1,"_source":{"alert":"motion","location":"Exterior-Front Door","timestamp":"2018-03-30T20:07:13.835Z"}}
{"_index":"ifttt-2018-03-30","_type":"webhook","_id":"Fri Mar 30 2018 20:19:29 GMT+0000 (UTC)","_score":1,"_source":{"alert":"motion","location":"Exterior-Front Door","timestamp":"2018-03-30T20:19:29.399Z"}}
{"_index":"ifttt-2018-03-30","_type":"webhook","_id":"Fri Mar 30 2018 20:22:15 GMT+0000 (UTC)","_score":1,"_source":{"alert":"motion","location":"Exterior-Front Door","timestamp":"2018-03-30T20:22:15.806Z"}}
{"_index":"ifttt-2018-03-30","_type":"webhook","_id":"Fri Mar 30 2018 19:03:17 GMT+0000 (UTC)","_score":1,"_source":{"device":"Room1Plug1","status":"Activated","timestamp":"2018-03-30T19:03:17.426Z"}}
{"_index":"ifttt-2018-03-30","_type":"webhook","_id":"Fri Mar 30 2018 20:46:40 GMT+0000 (UTC)","_score":1,"_source":{"device":"Room1Lamp","status":"Activated","timestamp":"2018-03-30T20:46:40.552Z"}}
{"_index":"ifttt-2018-03-30","_type":"webhook","_id":"Fri Mar 30 2018 20:46:54 GMT+0000 (UTC)","_score":1,"_source":{"alert":"motion","location":"Exterior-Front Door","timestamp":"2018-03-30T20:46:54.609Z"}}
{"_index":"ifttt-2018-03-30","_type":"webhook","_id":"Fri Mar 30 2018 20:49:55 GMT+0000 (UTC)","_score":1,"_source":{"device":"Alexa","deviceID":"10","action":"Voice Deactivation","target":"Room1Lamp","target-deviceID":"7","timestamp":"2018-03-30T20:49:55.932Z"}}
{"_index":"ifttt-2018-03-30","_type":"webhook","_id":"Fri Mar 30 2018 21:02:08 GMT+0000 (UTC)","_score":1,"_source":{"alert":"motion","location":"Exterior-Front Door","timestamp":"2018-03-30T21:02:08.830Z"}}
{"_index":"ifttt-2018-03-30","_type":"webhook","_id":"Fri Mar 30 2018 23:16:46 GMT+0000 (UTC)","_score":1,"_source":{"alert":"motion","location":"Exterior-Front Door","timestamp":"2018-03-30T23:16:46.225Z"}}
