{"_index":"ifttt-2018-04-08","_type":"webhook","_id":"Sun Apr 08 2018 00:40:10 GMT+0000 (UTC)","_score":1,"_source":{"device":"Room1Lamp","message":"Off","timestamp":"2018-04-08T00:40:10.283Z"}}
{"_index":"ifttt-2018-04-08","_type":"webhook","_id":"Sun Apr 08 2018 07:10:02 GMT+0000 (UTC)","_score":1,"_source":{"device":"Plug1","message":"Activated","time":" ","timestamp":"2018-04-08T07:10:02.727Z"}}
{"_index":"ifttt-2018-04-08","_type":"webhook","_id":"Sun Apr 08 2018 20:35:08 GMT+0000 (UTC)","_score":1,"_source":{"device":"Room1Plug1","message":"Activated","timestamp":"2018-04-08T20:35:08.117Z"}}
{"_index":"ifttt-2018-04-08","_type":"webhook","_id":"Sun Apr 08 2018 22:10:31 GMT+0000 (UTC)","_score":1,"_source":{"device":"Room1Lamp","message":"Off","timestamp":"2018-04-08T22:10:31.405Z"}}
{"_index":"ifttt-2018-04-08","_type":"webhook","_id":"Sun Apr 08 2018 03:12:22 GMT+0000 (UTC)","_score":1,"_source":{"device":"Room1Plug1","message":"Activated","timestamp":"2018-04-08T03:12:22.184Z"}}
{"_index":"ifttt-2018-04-08","_type":"webhook","_id":"Sun Apr 08 2018 04:55:31 GMT+0000 (UTC)","_score":1,"_source":{"device":"Room1Lamp","message":"Off","timestamp":"2018-04-08T04:55:31.794Z"}}
{"_index":"ifttt-2018-04-08","_type":"webhook","_id":"Sun Apr 08 2018 08:10:14 GMT+0000 (UTC)","_score":1,"_source":{"device":"Room1Lamp","message":"Off","timestamp":"2018-04-08T08:10:14.992Z"}}
{"_index":"ifttt-2018-04-08","_type":"webhook","_id":"Sun Apr 08 2018 09:10:07 GMT+0000 (UTC)","_score":1,"_source":{"device":"Plug1","message":"Activated","time":" ","timestamp":"2018-04-08T09:10:07.305Z"}}
{"_index":"ifttt-2018-04-08","_type":"webhook","_id":"Sun Apr 08 2018 13:27:19 GMT+0000 (UTC)","_score":1,"_source":{"device":"Room1Plug1","message":"Activated","timestamp":"2018-04-08T13:27:19.509Z"}}
{"_index":"ifttt-2018-04-08","_type":"webhook","_id":"Sun Apr 08 2018 15:55:43 GMT+0000 (UTC)","_score":1,"_source":{"device":"Room1Lamp","message":"Off","timestamp":"2018-04-08T15:55:43.035Z"}}
{"_index":"ifttt-2018-04-08","_type":"webhook","_id":"Sun Apr 08 2018 19:04:15 GMT+0000 (UTC)","_score":1,"_source":{"device":"Room1Lamp","message":"Off","timestamp":"2018-04-08T19:04:15.590Z"}}
{"_index":"ifttt-2018-04-08","_type":"webhook","_id":"Sun Apr 08 2018 03:55:19 GMT+0000 (UTC)","_score":1,"_source":{"device":"Room1Lamp","message":"Off","timestamp":"2018-04-08T03:55:19.171Z"}}
{"_index":"ifttt-2018-04-08","_type":"webhook","_id":"Sun Apr 08 2018 08:10:06 GMT+0000 (UTC)","_score":1,"_source":{"device":"Plug1","message":"Activated","time":" ","timestamp":"2018-04-08T08:10:06.903Z"}}
{"_index":"ifttt-2018-04-08","_type":"webhook","_id":"Sun Apr 08 2018 12:40:08 GMT+0000 (UTC)","_score":1,"_source":{"device":"Room1Lamp","message":"Off","timestamp":"2018-04-08T12:40:08.323Z"}}
{"_index":"ifttt-2018-04-08","_type":"webhook","_id":"Sun Apr 08 2018 13:40:13 GMT+0000 (UTC)","_score":1,"_source":{"device":"Room1Lamp","message":"Off","timestamp":"2018-04-08T13:40:13.476Z"}}
{"_index":"ifttt-2018-04-08","_type":"webhook","_id":"Sun Apr 08 2018 19:25:23 GMT+0000 (UTC)","_score":1,"_source":{"device":"Plug1","message":"Activated","time":" ","timestamp":"2018-04-08T19:25:23.941Z"}}
{"_index":"ifttt-2018-04-08","_type":"webhook","_id":"Sun Apr 08 2018 20:27:19 GMT+0000 (UTC)","_score":1,"_source":{"device":"Plug1","message":"Activated","time":" ","timestamp":"2018-04-08T20:27:19.209Z"}}
{"_index":"ifttt-2018-04-08","_type":"webhook","_id":"Sun Apr 08 2018 10:10:20 GMT+0000 (UTC)","_score":1,"_source":{"device":"Plug1","message":"Activated","time":" ","timestamp":"2018-04-08T10:10:20.059Z"}}
{"_index":"ifttt-2018-04-08","_type":"webhook","_id":"Sun Apr 08 2018 20:04:27 GMT+0000 (UTC)","_score":1,"_source":{"device":"Room1Lamp","message":"Off","timestamp":"2018-04-08T20:04:27.987Z"}}
{"_index":"ifttt-2018-04-08","_type":"webhook","_id":"Sun Apr 08 2018 21:10:18 GMT+0000 (UTC)","_score":1,"_source":{"device":"Room1Lamp","message":"Off","timestamp":"2018-04-08T21:10:18.419Z"}}
{"_index":"ifttt-2018-04-08","_type":"webhook","_id":"Sun Apr 08 2018 10:25:16 GMT+0000 (UTC)","_score":1,"_source":{"device":"Room1Lamp","message":"Off","timestamp":"2018-04-08T10:25:16.267Z"}}
