{"_index":"ifttt-2018-05-04","_type":"webhook","_id":"Fri May 04 2018 12:58:05 GMT+0000 (UTC)","_score":1,"_source":{"time":"May 4, 2018","device":"miniCam","message":"motion","location":"Exterior-FrontDoor","timestamp":"2018-05-04T12:58:05.863Z"}}
{"_index":"ifttt-2018-05-04","_type":"webhook","_id":"Fri May 04 2018 12:58:06 GMT+0000 (UTC)","_score":1,"_source":{"time":"May 4, 2018","device":"miniCam","message":"motion","location":"Exterior-FrontDoor","timestamp":"2018-05-04T12:58:06.682Z"}}
{"_index":"ifttt-2018-05-04","_type":"webhook","_id":"Fri May 04 2018 13:08:14 GMT+0000 (UTC)","_score":1,"_source":{"time":"May 4, 2018","device":"miniCam","message":"motion","location":"Exterior-FrontDoor","timestamp":"2018-05-04T13:08:14.523Z"}}
{"_index":"ifttt-2018-05-04","_type":"webhook","_id":"Fri May 04 2018 13:48:22 GMT+0000 (UTC)","_score":1,"_source":{"time":"May 4, 2018","device":"miniCam","message":"motion","location":"Exterior-FrontDoor","timestamp":"2018-05-04T13:48:22.897Z"}}
{"_index":"ifttt-2018-05-04","_type":"webhook","_id":"Fri May 04 2018 13:53:16 GMT+0000 (UTC)","_score":1,"_source":{"time":"May 4, 2018","device":"miniCam","message":"motion","location":"Exterior-FrontDoor","timestamp":"2018-05-04T13:53:16.214Z"}}
{"_index":"ifttt-2018-05-04","_type":"webhook","_id":"Fri May 04 2018 13:58:08 GMT+0000 (UTC)","_score":1,"_source":{"time":"May 4, 2018","device":"miniCam","message":"motion","location":"Exterior-FrontDoor","timestamp":"2018-05-04T13:58:08.270Z"}}
{"_index":"ifttt-2018-05-04","_type":"webhook","_id":"Fri May 04 2018 15:08:33 GMT+0000 (UTC)","_score":1,"_source":{"time":"May 4, 2018","device":"miniCam","message":"motion","location":"Exterior-FrontDoor","timestamp":"2018-05-04T15:08:33.634Z"}}
{"_index":"ifttt-2018-05-04","_type":"webhook","_id":"Fri May 04 2018 15:38:49 GMT+0000 (UTC)","_score":1,"_source":{"time":"May 4, 2018","device":"miniCam","message":"motion","location":"Exterior-FrontDoor","timestamp":"2018-05-04T15:38:49.463Z"}}
{"_index":"ifttt-2018-05-04","_type":"webhook","_id":"Fri May 04 2018 17:03:16 GMT+0000 (UTC)","_score":1,"_source":{"time":"May 4, 2018","device":"miniCam","message":"motion","location":"Exterior-FrontDoor","timestamp":"2018-05-04T17:03:16.551Z"}}
{"_index":"ifttt-2018-05-04","_type":"webhook","_id":"Fri May 04 2018 13:50:44 GMT+0000 (UTC)","_score":1,"_source":{"device":"Room1Lamp","message":"Activated","timestamp":"2018-05-04T13:50:44.583Z"}}
{"_index":"ifttt-2018-05-04","_type":"webhook","_id":"Fri May 04 2018 17:03:17 GMT+0000 (UTC)","_score":1,"_source":{"time":"May 4, 2018","device":"miniCam","message":"motion","location":"Exterior-FrontDoor","timestamp":"2018-05-04T17:03:17.285Z"}}
{"_index":"ifttt-2018-05-04","_type":"webhook","_id":"Fri May 04 2018 17:08:22 GMT+0000 (UTC)","_score":1,"_source":{"time":"May 4, 2018","device":"miniCam","message":"motion","location":"Exterior-FrontDoor","timestamp":"2018-05-04T17:08:22.254Z"}}
{"_index":"ifttt-2018-05-04","_type":"webhook","_id":"Fri May 04 2018 17:39:36 GMT+0000 (UTC)","_score":1,"_source":{"time":"May 4, 2018","device":"miniCam","message":"motion","location":"Exterior-FrontDoor","timestamp":"2018-05-04T17:39:36.428Z"}}
{"_index":"ifttt-2018-05-04","_type":"webhook","_id":"Fri May 04 2018 17:54:20 GMT+0000 (UTC)","_score":1,"_source":{"time":"May 4, 2018","device":"miniCam","message":"motion","location":"Exterior-FrontDoor","timestamp":"2018-05-04T17:54:20.692Z"}}
{"_index":"ifttt-2018-05-04","_type":"webhook","_id":"Fri May 04 2018 18:14:07 GMT+0000 (UTC)","_score":1,"_source":{"time":"May 4, 2018","device":"miniCam","message":"motion","location":"Exterior-FrontDoor","timestamp":"2018-05-04T18:14:07.642Z"}}
{"_index":"ifttt-2018-05-04","_type":"webhook","_id":"Fri May 04 2018 19:09:22 GMT+0000 (UTC)","_score":1,"_source":{"time":"May 4, 2018","device":"miniCam","message":"motion","location":"Exterior-FrontDoor","timestamp":"2018-05-04T19:09:22.139Z"}}
{"_index":"ifttt-2018-05-04","_type":"webhook","_id":"Fri May 04 2018 17:11:06 GMT+0000 (UTC)","_score":1,"_source":{"device":"Plug1","message":"Activated","time":" ","timestamp":"2018-05-04T17:11:06.114Z"}}
{"_index":"ifttt-2018-05-04","_type":"webhook","_id":"Fri May 04 2018 17:29:12 GMT+0000 (UTC)","_score":1,"_source":{"time":"May 4, 2018","device":"miniCam","message":"motion","location":"Exterior-FrontDoor","timestamp":"2018-05-04T17:29:12.851Z"}}
{"_index":"ifttt-2018-05-04","_type":"webhook","_id":"Fri May 04 2018 19:39:27 GMT+0000 (UTC)","_score":1,"_source":{"time":"May 4, 2018","device":"miniCam","message":"motion","location":"Exterior-FrontDoor","timestamp":"2018-05-04T19:39:27.607Z"}}
{"_index":"ifttt-2018-05-04","_type":"webhook","_id":"Fri May 04 2018 20:24:26 GMT+0000 (UTC)","_score":1,"_source":{"time":"May 4, 2018","device":"miniCam","message":"motion","location":"Exterior-FrontDoor","timestamp":"2018-05-04T20:24:26.546Z"}}
{"_index":"ifttt-2018-05-04","_type":"webhook","_id":"Fri May 04 2018 20:29:10 GMT+0000 (UTC)","_score":1,"_source":{"time":"May 4, 2018","device":"miniCam","message":"motion","location":"Exterior-FrontDoor","timestamp":"2018-05-04T20:29:10.845Z"}}
{"_index":"ifttt-2018-05-04","_type":"webhook","_id":"Fri May 04 2018 21:59:24 GMT+0000 (UTC)","_score":1,"_source":{"time":"May 4, 2018","device":"miniCam","message":"motion","location":"Exterior-FrontDoor","timestamp":"2018-05-04T21:59:24.012Z"}}
{"_index":"ifttt-2018-05-04","_type":"webhook","_id":"Fri May 04 2018 22:19:14 GMT+0000 (UTC)","_score":1,"_source":{"time":"May 4, 2018","device":"miniCam","message":"motion","location":"Exterior-FrontDoor","timestamp":"2018-05-04T22:19:14.330Z"}}
{"_index":"ifttt-2018-05-04","_type":"webhook","_id":"Fri May 04 2018 22:34:23 GMT+0000 (UTC)","_score":1,"_source":{"time":"May 4, 2018","device":"miniCam","message":"motion","location":"Exterior-FrontDoor","timestamp":"2018-05-04T22:34:23.876Z"}}
{"_index":"ifttt-2018-05-04","_type":"webhook","_id":"Fri May 04 2018 22:39:06 GMT+0000 (UTC)","_score":1,"_source":{"time":"May 4, 2018","device":"miniCam","message":"motion","location":"Exterior-FrontDoor","timestamp":"2018-05-04T22:39:06.200Z"}}
{"_index":"ifttt-2018-05-04","_type":"webhook","_id":"Fri May 04 2018 22:30:09 GMT+0000 (UTC)","_score":1,"_source":{"device":"Room1Plug1","message":"Activated","timestamp":"2018-05-04T22:30:09.285Z"}}
{"_index":"ifttt-2018-05-04","_type":"webhook","_id":"Fri May 04 2018 22:29:11 GMT+0000 (UTC)","_score":1,"_source":{"time":"May 4, 2018","device":"miniCam","message":"motion","location":"Exterior-FrontDoor","timestamp":"2018-05-04T22:29:11.709Z"}}
{"_index":"ifttt-2018-05-04","_type":"webhook","_id":"Fri May 04 2018 00:08:13 GMT+0000 (UTC)","_score":1,"_source":{"time":"May 4, 2018","device":"miniCam","message":"motion","location":"Exterior-FrontDoor","timestamp":"2018-05-04T00:08:13.512Z"}}
{"_index":"ifttt-2018-05-04","_type":"webhook","_id":"Fri May 04 2018 03:33:10 GMT+0000 (UTC)","_score":1,"_source":{"time":"May 4, 2018","device":"miniCam","message":"motion","location":"Exterior-FrontDoor","timestamp":"2018-05-04T03:33:10.569Z"}}
{"_index":"ifttt-2018-05-04","_type":"webhook","_id":"Fri May 04 2018 11:53:16 GMT+0000 (UTC)","_score":1,"_source":{"time":"May 4, 2018","device":"miniCam","message":"motion","location":"Exterior-FrontDoor","timestamp":"2018-05-04T11:53:16.142Z"}}
{"_index":"ifttt-2018-05-04","_type":"webhook","_id":"Fri May 04 2018 12:08:20 GMT+0000 (UTC)","_score":1,"_source":{"time":"May 4, 2018","device":"miniCam","message":"motion","location":"Exterior-FrontDoor","timestamp":"2018-05-04T12:08:20.618Z"}}
{"_index":"ifttt-2018-05-04","_type":"webhook","_id":"Fri May 04 2018 15:13:13 GMT+0000 (UTC)","_score":1,"_source":{"time":"May 4, 2018","device":"miniCam","message":"motion","location":"Exterior-FrontDoor","timestamp":"2018-05-04T15:13:13.144Z"}}
{"_index":"ifttt-2018-05-04","_type":"webhook","_id":"Fri May 04 2018 17:14:04 GMT+0000 (UTC)","_score":1,"_source":{"time":"May 4, 2018","device":"miniCam","message":"motion","location":"Exterior-FrontDoor","timestamp":"2018-05-04T17:14:04.664Z"}}
{"_index":"ifttt-2018-05-04","_type":"webhook","_id":"Fri May 04 2018 19:24:16 GMT+0000 (UTC)","_score":1,"_source":{"time":"May 4, 2018","device":"miniCam","message":"motion","location":"Exterior-FrontDoor","timestamp":"2018-05-04T19:24:16.240Z"}}
{"_index":"ifttt-2018-05-04","_type":"webhook","_id":"Fri May 04 2018 09:56:22 GMT+0000 (UTC)","_score":1,"_source":{"device":"Plug1","message":"Activated","time":" ","timestamp":"2018-05-04T09:56:22.152Z"}}
{"_index":"ifttt-2018-05-04","_type":"webhook","_id":"Fri May 04 2018 14:22:13 GMT+0000 (UTC)","_score":1,"_source":{"device":"Room1Plug1","message":"Activated","timestamp":"2018-05-04T14:22:13.236Z"}}
{"_index":"ifttt-2018-05-04","_type":"webhook","_id":"Fri May 04 2018 02:30:35 GMT+0000 (UTC)","_score":1,"_source":{"device":"Room1Lamp","message":"Activated","timestamp":"2018-05-04T02:30:35.191Z"}}
{"_index":"ifttt-2018-05-04","_type":"webhook","_id":"Fri May 04 2018 19:44:09 GMT+0000 (UTC)","_score":1,"_source":{"time":"May 4, 2018","device":"miniCam","message":"motion","location":"Exterior-FrontDoor","timestamp":"2018-05-04T19:44:09.552Z"}}
{"_index":"ifttt-2018-05-04","_type":"webhook","_id":"Fri May 04 2018 20:39:22 GMT+0000 (UTC)","_score":1,"_source":{"time":"May 4, 2018","device":"miniCam","message":"motion","location":"Exterior-FrontDoor","timestamp":"2018-05-04T20:39:22.504Z"}}
{"_index":"ifttt-2018-05-04","_type":"webhook","_id":"Fri May 04 2018 22:24:10 GMT+0000 (UTC)","_score":1,"_source":{"time":"May 4, 2018","device":"miniCam","message":"motion","location":"Exterior-FrontDoor","timestamp":"2018-05-04T22:24:10.240Z"}}
{"_index":"ifttt-2018-05-04","_type":"webhook","_id":"Fri May 04 2018 22:54:05 GMT+0000 (UTC)","_score":1,"_source":{"time":"May 4, 2018","device":"miniCam","message":"motion","location":"Exterior-FrontDoor","timestamp":"2018-05-04T22:54:05.485Z"}}
{"_index":"ifttt-2018-05-04","_type":"webhook","_id":"Fri May 04 2018 23:30:28 GMT+0000 (UTC)","_score":1,"_source":{"device":"Room1Plug1","message":"Activated","timestamp":"2018-05-04T23:30:28.280Z"}}
{"_index":"ifttt-2018-05-04","_type":"webhook","_id":"Fri May 04 2018 09:08:12 GMT+0000 (UTC)","_score":1,"_source":{"time":"May 4, 2018","device":"miniCam","message":"motion","location":"Exterior-FrontDoor","timestamp":"2018-05-04T09:08:12.095Z"}}
{"_index":"ifttt-2018-05-04","_type":"webhook","_id":"Fri May 04 2018 11:33:14 GMT+0000 (UTC)","_score":1,"_source":{"time":"May 4, 2018","device":"miniCam","message":"motion","location":"Exterior-FrontDoor","timestamp":"2018-05-04T11:33:14.143Z"}}
{"_index":"ifttt-2018-05-04","_type":"webhook","_id":"Fri May 04 2018 12:03:15 GMT+0000 (UTC)","_score":1,"_source":{"time":"May 4, 2018","device":"miniCam","message":"motion","location":"Exterior-FrontDoor","timestamp":"2018-05-04T12:03:15.941Z"}}
{"_index":"ifttt-2018-05-04","_type":"webhook","_id":"Fri May 04 2018 12:28:13 GMT+0000 (UTC)","_score":1,"_source":{"time":"May 4, 2018","device":"miniCam","message":"motion","location":"Exterior-FrontDoor","timestamp":"2018-05-04T12:28:13.777Z"}}
{"_index":"ifttt-2018-05-04","_type":"webhook","_id":"Fri May 04 2018 04:51:20 GMT+0000 (UTC)","_score":1,"_source":{"device":"Plug1","message":"Activated","time":" ","timestamp":"2018-05-04T04:51:20.703Z"}}
{"_index":"ifttt-2018-05-04","_type":"webhook","_id":"Fri May 04 2018 06:51:28 GMT+0000 (UTC)","_score":1,"_source":{"device":"Plug1","message":"Activated","time":" ","timestamp":"2018-05-04T06:51:28.875Z"}}
{"_index":"ifttt-2018-05-04","_type":"webhook","_id":"Fri May 04 2018 07:35:28 GMT+0000 (UTC)","_score":1,"_source":{"device":"Room1Lamp","message":"Activated","timestamp":"2018-05-04T07:35:28.664Z"}}
{"_index":"ifttt-2018-05-04","_type":"webhook","_id":"Fri May 04 2018 09:40:20 GMT+0000 (UTC)","_score":1,"_source":{"device":"Room1Lamp","message":"Activated","timestamp":"2018-05-04T09:40:20.881Z"}}
{"_index":"ifttt-2018-05-04","_type":"webhook","_id":"Fri May 04 2018 10:40:21 GMT+0000 (UTC)","_score":1,"_source":{"device":"Room1Lamp","message":"Activated","timestamp":"2018-05-04T10:40:21.608Z"}}
{"_index":"ifttt-2018-05-04","_type":"webhook","_id":"Fri May 04 2018 12:45:34 GMT+0000 (UTC)","_score":1,"_source":{"device":"Room1Lamp","message":"Activated","timestamp":"2018-05-04T12:45:34.641Z"}}
{"_index":"ifttt-2018-05-04","_type":"webhook","_id":"Fri May 04 2018 13:03:20 GMT+0000 (UTC)","_score":1,"_source":{"time":"May 4, 2018","device":"miniCam","message":"motion","location":"Exterior-FrontDoor","timestamp":"2018-05-04T13:03:20.859Z"}}
{"_index":"ifttt-2018-05-04","_type":"webhook","_id":"Fri May 04 2018 13:08:15 GMT+0000 (UTC)","_score":1,"_source":{"time":"May 4, 2018","device":"miniCam","message":"motion","location":"Exterior-FrontDoor","timestamp":"2018-05-04T13:08:15.220Z"}}
{"_index":"ifttt-2018-05-04","_type":"webhook","_id":"Fri May 04 2018 13:33:14 GMT+0000 (UTC)","_score":1,"_source":{"time":"May 4, 2018","device":"miniCam","message":"motion","location":"Exterior-FrontDoor","timestamp":"2018-05-04T13:33:14.335Z"}}
{"_index":"ifttt-2018-05-04","_type":"webhook","_id":"Fri May 04 2018 13:58:07 GMT+0000 (UTC)","_score":1,"_source":{"time":"May 4, 2018","device":"miniCam","message":"motion","location":"Exterior-FrontDoor","timestamp":"2018-05-04T13:58:07.499Z"}}
{"_index":"ifttt-2018-05-04","_type":"webhook","_id":"Fri May 04 2018 14:18:17 GMT+0000 (UTC)","_score":1,"_source":{"time":"May 4, 2018","device":"miniCam","message":"motion","location":"Exterior-FrontDoor","timestamp":"2018-05-04T14:18:17.393Z"}}
{"_index":"ifttt-2018-05-04","_type":"webhook","_id":"Fri May 04 2018 15:23:27 GMT+0000 (UTC)","_score":1,"_source":{"time":"May 4, 2018","device":"miniCam","message":"motion","location":"Exterior-FrontDoor","timestamp":"2018-05-04T15:23:27.807Z"}}
{"_index":"ifttt-2018-05-04","_type":"webhook","_id":"Fri May 04 2018 16:23:21 GMT+0000 (UTC)","_score":1,"_source":{"time":"May 4, 2018","device":"miniCam","message":"motion","location":"Exterior-FrontDoor","timestamp":"2018-05-04T16:23:21.466Z"}}
{"_index":"ifttt-2018-05-04","_type":"webhook","_id":"Fri May 04 2018 16:58:13 GMT+0000 (UTC)","_score":1,"_source":{"time":"May 4, 2018","device":"miniCam","message":"motion","location":"Exterior-FrontDoor","timestamp":"2018-05-04T16:58:13.277Z"}}
{"_index":"ifttt-2018-05-04","_type":"webhook","_id":"Fri May 04 2018 16:55:24 GMT+0000 (UTC)","_score":1,"_source":{"device":"Room1Lamp","message":"Activated","timestamp":"2018-05-04T16:55:24.650Z"}}
{"_index":"ifttt-2018-05-04","_type":"webhook","_id":"Fri May 04 2018 17:08:21 GMT+0000 (UTC)","_score":1,"_source":{"time":"May 4, 2018","device":"miniCam","message":"motion","location":"Exterior-FrontDoor","timestamp":"2018-05-04T17:08:21.656Z"}}
{"_index":"ifttt-2018-05-04","_type":"webhook","_id":"Fri May 04 2018 17:29:13 GMT+0000 (UTC)","_score":1,"_source":{"time":"May 4, 2018","device":"miniCam","message":"motion","location":"Exterior-FrontDoor","timestamp":"2018-05-04T17:29:13.276Z"}}
{"_index":"ifttt-2018-05-04","_type":"webhook","_id":"Fri May 04 2018 17:39:35 GMT+0000 (UTC)","_score":1,"_source":{"time":"May 4, 2018","device":"miniCam","message":"motion","location":"Exterior-FrontDoor","timestamp":"2018-05-04T17:39:35.776Z"}}
{"_index":"ifttt-2018-05-04","_type":"webhook","_id":"Fri May 04 2018 17:49:07 GMT+0000 (UTC)","_score":1,"_source":{"time":"May 4, 2018","device":"miniCam","message":"motion","location":"Exterior-FrontDoor","timestamp":"2018-05-04T17:49:07.426Z"}}
{"_index":"ifttt-2018-05-04","_type":"webhook","_id":"Fri May 04 2018 18:14:08 GMT+0000 (UTC)","_score":1,"_source":{"time":"May 4, 2018","device":"miniCam","message":"motion","location":"Exterior-FrontDoor","timestamp":"2018-05-04T18:14:08.250Z"}}
{"_index":"ifttt-2018-05-04","_type":"webhook","_id":"Fri May 04 2018 18:54:10 GMT+0000 (UTC)","_score":1,"_source":{"time":"May 4, 2018","device":"miniCam","message":"motion","location":"Exterior-FrontDoor","timestamp":"2018-05-04T18:54:10.974Z"}}
{"_index":"ifttt-2018-05-04","_type":"webhook","_id":"Fri May 04 2018 19:29:27 GMT+0000 (UTC)","_score":1,"_source":{"time":"May 4, 2018","device":"miniCam","message":"motion","location":"Exterior-FrontDoor","timestamp":"2018-05-04T19:29:27.910Z"}}
{"_index":"ifttt-2018-05-04","_type":"webhook","_id":"Fri May 04 2018 20:19:11 GMT+0000 (UTC)","_score":1,"_source":{"time":"May 4, 2018","device":"miniCam","message":"motion","location":"Exterior-FrontDoor","timestamp":"2018-05-04T20:19:11.850Z"}}
{"_index":"ifttt-2018-05-04","_type":"webhook","_id":"Fri May 04 2018 19:04:08 GMT+0000 (UTC)","_score":1,"_source":{"time":"May 4, 2018","device":"miniCam","message":"motion","location":"Exterior-FrontDoor","timestamp":"2018-05-04T19:04:08.793Z"}}
{"_index":"ifttt-2018-05-04","_type":"webhook","_id":"Fri May 04 2018 20:34:22 GMT+0000 (UTC)","_score":1,"_source":{"time":"May 4, 2018","device":"miniCam","message":"motion","location":"Exterior-FrontDoor","timestamp":"2018-05-04T20:34:22.236Z"}}
{"_index":"ifttt-2018-05-04","_type":"webhook","_id":"Fri May 04 2018 20:49:15 GMT+0000 (UTC)","_score":1,"_source":{"time":"May 4, 2018","device":"miniCam","message":"motion","location":"Exterior-FrontDoor","timestamp":"2018-05-04T20:49:15.158Z"}}
{"_index":"ifttt-2018-05-04","_type":"webhook","_id":"Fri May 04 2018 20:54:05 GMT+0000 (UTC)","_score":1,"_source":{"time":"May 4, 2018","device":"miniCam","message":"motion","location":"Exterior-FrontDoor","timestamp":"2018-05-04T20:54:05.865Z"}}
{"_index":"ifttt-2018-05-04","_type":"webhook","_id":"Fri May 04 2018 22:34:24 GMT+0000 (UTC)","_score":1,"_source":{"time":"May 4, 2018","device":"miniCam","message":"motion","location":"Exterior-FrontDoor","timestamp":"2018-05-04T22:34:24.677Z"}}
{"_index":"ifttt-2018-05-04","_type":"webhook","_id":"Fri May 04 2018 12:33:28 GMT+0000 (UTC)","_score":1,"_source":{"time":"May 4, 2018","device":"miniCam","message":"motion","location":"Exterior-FrontDoor","timestamp":"2018-05-04T12:33:28.309Z"}}
{"_index":"ifttt-2018-05-04","_type":"webhook","_id":"Fri May 04 2018 15:43:13 GMT+0000 (UTC)","_score":1,"_source":{"time":"May 4, 2018","device":"miniCam","message":"motion","location":"Exterior-FrontDoor","timestamp":"2018-05-04T15:43:13.606Z"}}
{"_index":"ifttt-2018-05-04","_type":"webhook","_id":"Fri May 04 2018 15:49:01 GMT+0000 (UTC)","_score":1,"_source":{"time":"May 4, 2018","device":"miniCam","message":"motion","location":"Exterior-FrontDoor","timestamp":"2018-05-04T15:49:01.711Z"}}
{"_index":"ifttt-2018-05-04","_type":"webhook","_id":"Fri May 04 2018 17:14:03 GMT+0000 (UTC)","_score":1,"_source":{"time":"May 4, 2018","device":"miniCam","message":"motion","location":"Exterior-FrontDoor","timestamp":"2018-05-04T17:14:03.916Z"}}
{"_index":"ifttt-2018-05-04","_type":"webhook","_id":"Fri May 04 2018 17:24:19 GMT+0000 (UTC)","_score":1,"_source":{"time":"May 4, 2018","device":"miniCam","message":"motion","location":"Exterior-FrontDoor","timestamp":"2018-05-04T17:24:19.477Z"}}
{"_index":"ifttt-2018-05-04","_type":"webhook","_id":"Fri May 04 2018 00:46:19 GMT+0000 (UTC)","_score":1,"_source":{"device":"Plug1","message":"Activated","time":" ","timestamp":"2018-05-04T00:46:19.634Z"}}
{"_index":"ifttt-2018-05-04","_type":"webhook","_id":"Fri May 04 2018 03:51:04 GMT+0000 (UTC)","_score":1,"_source":{"device":"Plug1","message":"Activated","time":" ","timestamp":"2018-05-04T03:51:04.806Z"}}
{"_index":"ifttt-2018-05-04","_type":"webhook","_id":"Fri May 04 2018 08:56:14 GMT+0000 (UTC)","_score":1,"_source":{"device":"Plug1","message":"Activated","time":" ","timestamp":"2018-05-04T08:56:14.139Z"}}
{"_index":"ifttt-2018-05-04","_type":"webhook","_id":"Fri May 04 2018 15:55:11 GMT+0000 (UTC)","_score":1,"_source":{"device":"Room1Lamp","message":"Activated","timestamp":"2018-05-04T15:55:11.762Z"}}
{"_index":"ifttt-2018-05-04","_type":"webhook","_id":"Fri May 04 2018 12:13:35 GMT+0000 (UTC)","_score":1,"_source":{"time":"May 4, 2018","device":"miniCam","message":"motion","location":"Exterior-FrontDoor","timestamp":"2018-05-04T12:13:35.861Z"}}
{"_index":"ifttt-2018-05-04","_type":"webhook","_id":"Fri May 04 2018 17:59:27 GMT+0000 (UTC)","_score":1,"_source":{"time":"May 4, 2018","device":"miniCam","message":"motion","location":"Exterior-FrontDoor","timestamp":"2018-05-04T17:59:27.433Z"}}
{"_index":"ifttt-2018-05-04","_type":"webhook","_id":"Fri May 04 2018 18:19:22 GMT+0000 (UTC)","_score":1,"_source":{"time":"May 4, 2018","device":"miniCam","message":"motion","location":"Exterior-FrontDoor","timestamp":"2018-05-04T18:19:22.210Z"}}
{"_index":"ifttt-2018-05-04","_type":"webhook","_id":"Fri May 04 2018 18:29:14 GMT+0000 (UTC)","_score":1,"_source":{"time":"May 4, 2018","device":"miniCam","message":"motion","location":"Exterior-FrontDoor","timestamp":"2018-05-04T18:29:14.440Z"}}
{"_index":"ifttt-2018-05-04","_type":"webhook","_id":"Fri May 04 2018 18:39:30 GMT+0000 (UTC)","_score":1,"_source":{"time":"May 4, 2018","device":"miniCam","message":"motion","location":"Exterior-FrontDoor","timestamp":"2018-05-04T18:39:30.786Z"}}
{"_index":"ifttt-2018-05-04","_type":"webhook","_id":"Fri May 04 2018 18:54:11 GMT+0000 (UTC)","_score":1,"_source":{"time":"May 4, 2018","device":"miniCam","message":"motion","location":"Exterior-FrontDoor","timestamp":"2018-05-04T18:54:11.564Z"}}
{"_index":"ifttt-2018-05-04","_type":"webhook","_id":"Fri May 04 2018 19:34:31 GMT+0000 (UTC)","_score":1,"_source":{"time":"May 4, 2018","device":"miniCam","message":"motion","location":"Exterior-FrontDoor","timestamp":"2018-05-04T19:34:31.174Z"}}
{"_index":"ifttt-2018-05-04","_type":"webhook","_id":"Fri May 04 2018 19:54:15 GMT+0000 (UTC)","_score":1,"_source":{"time":"May 4, 2018","device":"miniCam","message":"motion","location":"Exterior-FrontDoor","timestamp":"2018-05-04T19:54:15.912Z"}}
{"_index":"ifttt-2018-05-04","_type":"webhook","_id":"Fri May 04 2018 20:09:19 GMT+0000 (UTC)","_score":1,"_source":{"time":"May 4, 2018","device":"miniCam","message":"motion","location":"Exterior-FrontDoor","timestamp":"2018-05-04T20:09:19.240Z"}}
{"_index":"ifttt-2018-05-04","_type":"webhook","_id":"Fri May 04 2018 20:14:07 GMT+0000 (UTC)","_score":1,"_source":{"time":"May 4, 2018","device":"miniCam","message":"motion","location":"Exterior-FrontDoor","timestamp":"2018-05-04T20:14:07.058Z"}}
{"_index":"ifttt-2018-05-04","_type":"webhook","_id":"Fri May 04 2018 20:19:12 GMT+0000 (UTC)","_score":1,"_source":{"time":"May 4, 2018","device":"miniCam","message":"motion","location":"Exterior-FrontDoor","timestamp":"2018-05-04T20:19:12.473Z"}}
{"_index":"ifttt-2018-05-04","_type":"webhook","_id":"Fri May 04 2018 20:29:11 GMT+0000 (UTC)","_score":1,"_source":{"time":"May 4, 2018","device":"miniCam","message":"motion","location":"Exterior-FrontDoor","timestamp":"2018-05-04T20:29:11.531Z"}}
{"_index":"ifttt-2018-05-04","_type":"webhook","_id":"Fri May 04 2018 20:59:15 GMT+0000 (UTC)","_score":1,"_source":{"time":"May 4, 2018","device":"miniCam","message":"motion","location":"Exterior-FrontDoor","timestamp":"2018-05-04T20:59:15.278Z"}}
{"_index":"ifttt-2018-05-04","_type":"webhook","_id":"Fri May 04 2018 21:49:19 GMT+0000 (UTC)","_score":1,"_source":{"time":"May 4, 2018","device":"miniCam","message":"motion","location":"Exterior-FrontDoor","timestamp":"2018-05-04T21:49:19.692Z"}}
{"_index":"ifttt-2018-05-04","_type":"webhook","_id":"Fri May 04 2018 22:29:12 GMT+0000 (UTC)","_score":1,"_source":{"time":"May 4, 2018","device":"miniCam","message":"motion","location":"Exterior-FrontDoor","timestamp":"2018-05-04T22:29:12.162Z"}}
{"_index":"ifttt-2018-05-04","_type":"webhook","_id":"Fri May 04 2018 23:19:21 GMT+0000 (UTC)","_score":1,"_source":{"time":"May 4, 2018","device":"miniCam","message":"motion","location":"Exterior-FrontDoor","timestamp":"2018-05-04T23:19:21.743Z"}}
{"_index":"ifttt-2018-05-04","_type":"webhook","_id":"Fri May 04 2018 11:43:21 GMT+0000 (UTC)","_score":1,"_source":{"time":"May 4, 2018","device":"miniCam","message":"motion","location":"Exterior-FrontDoor","timestamp":"2018-05-04T11:43:21.604Z"}}
{"_index":"ifttt-2018-05-04","_type":"webhook","_id":"Fri May 04 2018 13:13:26 GMT+0000 (UTC)","_score":1,"_source":{"time":"May 4, 2018","device":"miniCam","message":"motion","location":"Exterior-FrontDoor","timestamp":"2018-05-04T13:13:26.980Z"}}
{"_index":"ifttt-2018-05-04","_type":"webhook","_id":"Fri May 04 2018 13:23:13 GMT+0000 (UTC)","_score":1,"_source":{"time":"May 4, 2018","device":"miniCam","message":"motion","location":"Exterior-FrontDoor","timestamp":"2018-05-04T13:23:13.532Z"}}
{"_index":"ifttt-2018-05-04","_type":"webhook","_id":"Fri May 04 2018 15:13:12 GMT+0000 (UTC)","_score":1,"_source":{"time":"May 4, 2018","device":"miniCam","message":"motion","location":"Exterior-FrontDoor","timestamp":"2018-05-04T15:13:12.580Z"}}
{"_index":"ifttt-2018-05-04","_type":"webhook","_id":"Fri May 04 2018 15:23:28 GMT+0000 (UTC)","_score":1,"_source":{"time":"May 4, 2018","device":"miniCam","message":"motion","location":"Exterior-FrontDoor","timestamp":"2018-05-04T15:23:28.250Z"}}
{"_index":"ifttt-2018-05-04","_type":"webhook","_id":"Fri May 04 2018 15:53:10 GMT+0000 (UTC)","_score":1,"_source":{"time":"May 4, 2018","device":"miniCam","message":"motion","location":"Exterior-FrontDoor","timestamp":"2018-05-04T15:53:10.962Z"}}
{"_index":"ifttt-2018-05-04","_type":"webhook","_id":"Fri May 04 2018 16:18:25 GMT+0000 (UTC)","_score":1,"_source":{"time":"May 4, 2018","device":"miniCam","message":"motion","location":"Exterior-FrontDoor","timestamp":"2018-05-04T16:18:25.995Z"}}
{"_index":"ifttt-2018-05-04","_type":"webhook","_id":"Fri May 04 2018 02:47:20 GMT+0000 (UTC)","_score":1,"_source":{"device":"Plug1","message":"Activated","time":" ","timestamp":"2018-05-04T02:47:20.648Z"}}
{"_index":"ifttt-2018-05-04","_type":"webhook","_id":"Fri May 04 2018 05:51:25 GMT+0000 (UTC)","_score":1,"_source":{"device":"Plug1","message":"Activated","time":" ","timestamp":"2018-05-04T05:51:25.154Z"}}
{"_index":"ifttt-2018-05-04","_type":"webhook","_id":"Fri May 04 2018 15:22:21 GMT+0000 (UTC)","_score":1,"_source":{"device":"Room1Plug1","message":"Activated","timestamp":"2018-05-04T15:22:21.039Z"}}
{"_index":"ifttt-2018-05-04","_type":"webhook","_id":"Fri May 04 2018 16:53:07 GMT+0000 (UTC)","_score":1,"_source":{"time":"May 4, 2018","device":"miniCam","message":"motion","location":"Exterior-FrontDoor","timestamp":"2018-05-04T16:53:07.746Z"}}
{"_index":"ifttt-2018-05-04","_type":"webhook","_id":"Fri May 04 2018 17:49:06 GMT+0000 (UTC)","_score":1,"_source":{"time":"May 4, 2018","device":"miniCam","message":"motion","location":"Exterior-FrontDoor","timestamp":"2018-05-04T17:49:06.618Z"}}
{"_index":"ifttt-2018-05-04","_type":"webhook","_id":"Fri May 04 2018 17:54:21 GMT+0000 (UTC)","_score":1,"_source":{"time":"May 4, 2018","device":"miniCam","message":"motion","location":"Exterior-FrontDoor","timestamp":"2018-05-04T17:54:21.644Z"}}
{"_index":"ifttt-2018-05-04","_type":"webhook","_id":"Fri May 04 2018 20:24:27 GMT+0000 (UTC)","_score":1,"_source":{"time":"May 4, 2018","device":"miniCam","message":"motion","location":"Exterior-FrontDoor","timestamp":"2018-05-04T20:24:27.232Z"}}
{"_index":"ifttt-2018-05-04","_type":"webhook","_id":"Fri May 04 2018 21:04:11 GMT+0000 (UTC)","_score":1,"_source":{"time":"May 4, 2018","device":"miniCam","message":"motion","location":"Exterior-FrontDoor","timestamp":"2018-05-04T21:04:11.772Z"}}
{"_index":"ifttt-2018-05-04","_type":"webhook","_id":"Fri May 04 2018 21:54:12 GMT+0000 (UTC)","_score":1,"_source":{"time":"May 4, 2018","device":"miniCam","message":"motion","location":"Exterior-FrontDoor","timestamp":"2018-05-04T21:54:12.644Z"}}
{"_index":"ifttt-2018-05-04","_type":"webhook","_id":"Fri May 04 2018 17:14:05 GMT+0000 (UTC)","_score":1,"_source":{"time":"May 4, 2018","device":"miniCam","message":"motion","location":"Exterior-FrontDoor","timestamp":"2018-05-04T17:14:05.602Z"}}
{"_index":"ifttt-2018-05-04","_type":"webhook","_id":"Fri May 04 2018 17:59:28 GMT+0000 (UTC)","_score":1,"_source":{"time":"May 4, 2018","device":"miniCam","message":"motion","location":"Exterior-FrontDoor","timestamp":"2018-05-04T17:59:28.612Z"}}
{"_index":"ifttt-2018-05-04","_type":"webhook","_id":"Fri May 04 2018 22:24:11 GMT+0000 (UTC)","_score":1,"_source":{"time":"May 4, 2018","device":"miniCam","message":"motion","location":"Exterior-FrontDoor","timestamp":"2018-05-04T22:24:11.493Z"}}
{"_index":"ifttt-2018-05-04","_type":"webhook","_id":"Fri May 04 2018 22:34:25 GMT+0000 (UTC)","_score":1,"_source":{"time":"May 4, 2018","device":"miniCam","message":"motion","location":"Exterior-FrontDoor","timestamp":"2018-05-04T22:34:25.135Z"}}
{"_index":"ifttt-2018-05-04","_type":"webhook","_id":"Fri May 04 2018 22:49:06 GMT+0000 (UTC)","_score":1,"_source":{"time":"May 4, 2018","device":"miniCam","message":"motion","location":"Exterior-FrontDoor","timestamp":"2018-05-04T22:49:06.897Z"}}
