{"_index":"ifttt-2018-03-25","_type":"webhook","_id":"Sun Mar 25 2018 02:07:13 GMT+0000 (UTC)","_score":1,"_source":{"device":"Room1Plug1","status":"Deactivated","timestamp":"2018-03-25T02:07:13.214Z"}}
{"_index":"ifttt-2018-03-25","_type":"webhook","_id":"Sun Mar 25 2018 07:37:42 GMT+0000 (UTC)","_score":1,"_source":{"device":"Room1Plug1","status":"Deactivated","timestamp":"2018-03-25T07:37:42.380Z"}}
{"_index":"ifttt-2018-03-25","_type":"webhook","_id":"Sun Mar 25 2018 12:37:32 GMT+0000 (UTC)","_score":1,"_source":{"device":"Room1Plug1","status":"Deactivated","timestamp":"2018-03-25T12:37:32.210Z"}}
{"_index":"ifttt-2018-03-25","_type":"webhook","_id":"Sun Mar 25 2018 15:42:22 GMT+0000 (UTC)","_score":1,"_source":{"device":"Room1Plug2","status":"Activated","time":" ","timestamp":"2018-03-25T15:42:22.183Z"}}
{"_index":"ifttt-2018-03-25","_type":"webhook","_id":"Sun Mar 25 2018 00:07:07 GMT+0000 (UTC)","_score":1,"_source":{"device":"Room1Plug1","status":"Deactivated","timestamp":"2018-03-25T00:07:07.260Z"}}
{"_index":"ifttt-2018-03-25","_type":"webhook","_id":"Sun Mar 25 2018 06:37:15 GMT+0000 (UTC)","_score":1,"_source":{"device":"Room1Plug1","status":"Deactivated","timestamp":"2018-03-25T06:37:15.594Z"}}
{"_index":"ifttt-2018-03-25","_type":"webhook","_id":"Sun Mar 25 2018 09:23:10 GMT+0000 (UTC)","_score":1,"_source":{"device":"Room1Plug2","status":"Activated","time":" ","timestamp":"2018-03-25T09:23:10.838Z"}}
{"_index":"ifttt-2018-03-25","_type":"webhook","_id":"Sun Mar 25 2018 10:07:29 GMT+0000 (UTC)","_score":1,"_source":{"device":"Room1Plug1","status":"Deactivated","timestamp":"2018-03-25T10:07:29.546Z"}}
{"_index":"ifttt-2018-03-25","_type":"webhook","_id":"Sun Mar 25 2018 11:22:28 GMT+0000 (UTC)","_score":1,"_source":{"device":"Room1Plug1","status":"Deactivated","timestamp":"2018-03-25T11:22:28.469Z"}}
{"_index":"ifttt-2018-03-25","_type":"webhook","_id":"Sun Mar 25 2018 17:07:15 GMT+0000 (UTC)","_score":1,"_source":{"device":"Room1Plug1","status":"Deactivated","timestamp":"2018-03-25T17:07:15.172Z"}}
{"_index":"ifttt-2018-03-25","_type":"webhook","_id":"Sun Mar 25 2018 02:53:50 GMT+0000 (UTC)","_score":1,"_source":{"device":"Room1Plug2","status":"Activated","time":" ","timestamp":"2018-03-25T02:53:50.016Z"}}
{"_index":"ifttt-2018-03-25","_type":"webhook","_id":"Sun Mar 25 2018 03:07:15 GMT+0000 (UTC)","_score":1,"_source":{"device":"Room1Plug1","status":"Deactivated","timestamp":"2018-03-25T03:07:15.097Z"}}
{"_index":"ifttt-2018-03-25","_type":"webhook","_id":"Sun Mar 25 2018 08:23:05 GMT+0000 (UTC)","_score":1,"_source":{"device":"Room1Plug2","status":"Activated","time":" ","timestamp":"2018-03-25T08:23:05.577Z"}}
{"_index":"ifttt-2018-03-25","_type":"webhook","_id":"Sun Mar 25 2018 10:23:25 GMT+0000 (UTC)","_score":1,"_source":{"device":"Room1Plug2","status":"Activated","time":" ","timestamp":"2018-03-25T10:23:25.287Z"}}
{"_index":"ifttt-2018-03-25","_type":"webhook","_id":"Sun Mar 25 2018 13:52:10 GMT+0000 (UTC)","_score":1,"_source":{"device":"Room1Plug1","status":"Deactivated","timestamp":"2018-03-25T13:52:10.920Z"}}
{"_index":"ifttt-2018-03-25","_type":"webhook","_id":"Sun Mar 25 2018 19:37:09 GMT+0000 (UTC)","_score":1,"_source":{"device":"Room1Plug1","status":"Deactivated","timestamp":"2018-03-25T19:37:09.636Z"}}
{"_index":"ifttt-2018-03-25","_type":"webhook","_id":"Sun Mar 25 2018 19:53:17 GMT+0000 (UTC)","_score":1,"_source":{"device":"Room1Plug2","status":"Activated","time":" ","timestamp":"2018-03-25T19:53:17.775Z"}}
{"_index":"ifttt-2018-03-25","_type":"webhook","_id":"Sun Mar 25 2018 00:53:09 GMT+0000 (UTC)","_score":1,"_source":{"device":"Room1Plug2","status":"Activated","time":" ","timestamp":"2018-03-25T00:53:09.226Z"}}
{"_index":"ifttt-2018-03-25","_type":"webhook","_id":"Sun Mar 25 2018 01:53:19 GMT+0000 (UTC)","_score":1,"_source":{"device":"Room1Plug2","status":"Activated","time":" ","timestamp":"2018-03-25T01:53:19.884Z"}}
{"_index":"ifttt-2018-03-25","_type":"webhook","_id":"Sun Mar 25 2018 04:07:23 GMT+0000 (UTC)","_score":1,"_source":{"device":"Room1Plug1","status":"Deactivated","timestamp":"2018-03-25T04:07:23.685Z"}}
{"_index":"ifttt-2018-03-25","_type":"webhook","_id":"Sun Mar 25 2018 05:08:33 GMT+0000 (UTC)","_score":1,"_source":{"device":"Room1Plug2","status":"Activated","time":" ","timestamp":"2018-03-25T05:08:33.053Z"}}
{"_index":"ifttt-2018-03-25","_type":"webhook","_id":"Sun Mar 25 2018 05:22:17 GMT+0000 (UTC)","_score":1,"_source":{"device":"Room1Plug1","status":"Deactivated","timestamp":"2018-03-25T05:22:17.328Z"}}
{"_index":"ifttt-2018-03-25","_type":"webhook","_id":"Sun Mar 25 2018 08:52:27 GMT+0000 (UTC)","_score":1,"_source":{"device":"Room1Plug1","status":"Deactivated","timestamp":"2018-03-25T08:52:27.544Z"}}
{"_index":"ifttt-2018-03-25","_type":"webhook","_id":"Sun Mar 25 2018 14:52:28 GMT+0000 (UTC)","_score":1,"_source":{"device":"Room1Plug1","status":"Deactivated","timestamp":"2018-03-25T14:52:28.874Z"}}
{"_index":"ifttt-2018-03-25","_type":"webhook","_id":"Sun Mar 25 2018 18:53:11 GMT+0000 (UTC)","_score":1,"_source":{"device":"Room1Plug2","status":"Activated","time":" ","timestamp":"2018-03-25T18:53:11.128Z"}}
{"_index":"ifttt-2018-03-25","_type":"webhook","_id":"Sun Mar 25 2018 01:07:09 GMT+0000 (UTC)","_score":1,"_source":{"device":"Room1Plug1","status":"Deactivated","timestamp":"2018-03-25T01:07:09.718Z"}}
{"_index":"ifttt-2018-03-25","_type":"webhook","_id":"Sun Mar 25 2018 13:38:28 GMT+0000 (UTC)","_score":1,"_source":{"device":"Room1Plug2","status":"Activated","time":" ","timestamp":"2018-03-25T13:38:28.482Z"}}
{"_index":"ifttt-2018-03-25","_type":"webhook","_id":"Sun Mar 25 2018 16:45:13 GMT+0000 (UTC)","_score":1,"_source":{"device":"Room1Plug2","status":"Activated","time":" ","timestamp":"2018-03-25T16:45:13.287Z"}}
