{"_index":"ifttt-2018-04-05","_type":"webhook","_id":"Thu Apr 05 2018 08:54:24 GMT+0000 (UTC)","_score":1,"_source":{"device":"Room1Plug2","status":"Activated","time":" ","timestamp":"2018-04-05T08:54:24.333Z"}}
{"_index":"ifttt-2018-04-05","_type":"webhook","_id":"Thu Apr 05 2018 09:59:13 GMT+0000 (UTC)","_score":1,"_source":{"device":"Room1Plug2","status":"Activated","time":" ","timestamp":"2018-04-05T09:59:13.874Z"}}
{"_index":"ifttt-2018-04-05","_type":"webhook","_id":"Thu Apr 05 2018 11:04:14 GMT+0000 (UTC)","_score":1,"_source":{"device":"Room1Plug2","status":"Activated","time":" ","timestamp":"2018-04-05T11:04:14.638Z"}}
{"_index":"ifttt-2018-04-05","_type":"webhook","_id":"Thu Apr 05 2018 15:01:38 GMT+0000 (UTC)","_score":1,"_source":{"alert":"motion","location":"Exterior-Front Door","timestamp":"2018-04-05T15:01:38.962Z"}}
{"_index":"ifttt-2018-04-05","_type":"webhook","_id":"Thu Apr 05 2018 15:11:16 GMT+0000 (UTC)","_score":1,"_source":{"alert":"motion","location":"Exterior-Front Door","timestamp":"2018-04-05T15:11:16.636Z"}}
{"_index":"ifttt-2018-04-05","_type":"webhook","_id":"Thu Apr 05 2018 15:00:48 GMT+0000 (UTC)","_score":1,"_source":{"device":"Room1Plug1","status":"Activated","timestamp":"2018-04-05T15:00:48.537Z"}}
{"_index":"ifttt-2018-04-05","_type":"webhook","_id":"Thu Apr 05 2018 08:47:17 GMT+0000 (UTC)","_score":1,"_source":{"device":"Room1Lamp","status":"Activated","timestamp":"2018-04-05T08:47:17.317Z"}}
{"_index":"ifttt-2018-04-05","_type":"webhook","_id":"Thu Apr 05 2018 14:27:03 GMT+0000 (UTC)","_score":1,"_source":{"device":"Room1Lamp","status":"Activated","timestamp":"2018-04-05T14:27:03.945Z"}}
{"_index":"ifttt-2018-04-05","_type":"webhook","_id":"Thu Apr 05 2018 13:51:58 GMT+0000 (UTC)","_score":1,"_source":{"alert":"motion","location":"Exterior-Front Door","timestamp":"2018-04-05T13:51:58.839Z"}}
{"_index":"ifttt-2018-04-05","_type":"webhook","_id":"Thu Apr 05 2018 15:26:18 GMT+0000 (UTC)","_score":1,"_source":{"alert":"motion","location":"Exterior-Front Door","timestamp":"2018-04-05T15:26:18.787Z"}}
{"_index":"ifttt-2018-04-05","_type":"webhook","_id":"Thu Apr 05 2018 15:40:24 GMT+0000 (UTC)","_score":1,"_source":{"device":"FrontLock1","status":"Unlocked","user":" Manual Unlock","timestamp":"2018-04-05T15:40:24.223Z"}}
{"_index":"ifttt-2018-04-05","_type":"webhook","_id":"Thu Apr 05 2018 15:40:08 GMT+0000 (UTC)","_score":1,"_source":{"device":"FrontLock1","status":"Locked","User":"Manual Lock","timestamp":"2018-04-05T15:40:08.096Z"}}
{"_index":"ifttt-2018-04-05","_type":"webhook","_id":"Thu Apr 05 2018 16:24:22 GMT+0000 (UTC)","_score":1,"_source":{"device":"Room1Plug2","status":"Activated","time":" ","timestamp":"2018-04-05T16:24:22.796Z"}}
{"_index":"ifttt-2018-04-05","_type":"webhook","_id":"Thu Apr 05 2018 15:46:43 GMT+0000 (UTC)","_score":1,"_source":{"alert":"motion","location":"Exterior-Front Door","timestamp":"2018-04-05T15:46:43.892Z"}}
{"_index":"ifttt-2018-04-05","_type":"webhook","_id":"Thu Apr 05 2018 16:11:30 GMT+0000 (UTC)","_score":1,"_source":{"alert":"motion","location":"Exterior-Front Door","timestamp":"2018-04-05T16:11:30.924Z"}}
{"_index":"ifttt-2018-04-05","_type":"webhook","_id":"Thu Apr 05 2018 16:36:04 GMT+0000 (UTC)","_score":1,"_source":{"alert":"motion","location":"Exterior-Front Door","timestamp":"2018-04-05T16:36:04.201Z"}}
{"_index":"ifttt-2018-04-05","_type":"webhook","_id":"Thu Apr 05 2018 16:36:06 GMT+0000 (UTC)","_score":1,"_source":{"alert":"motion","location":"Exterior-Front Door","timestamp":"2018-04-05T16:36:06.313Z"}}
{"_index":"ifttt-2018-04-05","_type":"webhook","_id":"Thu Apr 05 2018 17:16:32 GMT+0000 (UTC)","_score":1,"_source":{"alert":"motion","location":"Exterior-Front Door","timestamp":"2018-04-05T17:16:32.346Z"}}
{"_index":"ifttt-2018-04-05","_type":"webhook","_id":"Thu Apr 05 2018 16:06:10 GMT+0000 (UTC)","_score":1,"_source":{"alert":"motion","location":"Exterior-Front Door","timestamp":"2018-04-05T16:06:10.882Z"}}
{"_index":"ifttt-2018-04-05","_type":"webhook","_id":"Thu Apr 05 2018 18:09:32 GMT+0000 (UTC)","_score":1,"_source":{"device":"FrontLock1","status":"Unlocked","user":" Manny Kin","timestamp":"2018-04-05T18:09:32.474Z"}}
{"_index":"ifttt-2018-04-05","_type":"webhook","_id":"Thu Apr 05 2018 18:09:29 GMT+0000 (UTC)","_score":1,"_source":{"device":"FrontLock1","status":"Locked","User":"Manual Lock","timestamp":"2018-04-05T18:09:29.457Z"}}
{"_index":"ifttt-2018-04-05","_type":"webhook","_id":"Thu Apr 05 2018 18:02:07 GMT+0000 (UTC)","_score":1,"_source":{"device":"FrontLock1","status":"Locked","User":"Manny Kin","timestamp":"2018-04-05T18:02:07.792Z"}}
{"_index":"ifttt-2018-04-05","_type":"webhook","_id":"Thu Apr 05 2018 18:02:08 GMT+0000 (UTC)","_score":1,"_source":{"device":"FrontLock1","status":"Locked","User":"Manny Kin","timestamp":"2018-04-05T18:02:08.532Z"}}
{"_index":"ifttt-2018-04-05","_type":"webhook","_id":"Thu Apr 05 2018 17:21:12 GMT+0000 (UTC)","_score":1,"_source":{"alert":"motion","location":"Exterior-Front Door","timestamp":"2018-04-05T17:21:12.005Z"}}
{"_index":"ifttt-2018-04-05","_type":"webhook","_id":"Thu Apr 05 2018 17:36:18 GMT+0000 (UTC)","_score":1,"_source":{"alert":"motion","location":"Exterior-Front Door","timestamp":"2018-04-05T17:36:18.279Z"}}
{"_index":"ifttt-2018-04-05","_type":"webhook","_id":"Thu Apr 05 2018 17:41:12 GMT+0000 (UTC)","_score":1,"_source":{"alert":"motion","location":"Exterior-Front Door","timestamp":"2018-04-05T17:41:12.392Z"}}
{"_index":"ifttt-2018-04-05","_type":"webhook","_id":"Thu Apr 05 2018 18:07:14 GMT+0000 (UTC)","_score":1,"_source":{"device":"FrontLock1","status":"Locked","User":"Manny Kin","timestamp":"2018-04-05T18:07:14.592Z"}}
{"_index":"ifttt-2018-04-05","_type":"webhook","_id":"Thu Apr 05 2018 17:16:33 GMT+0000 (UTC)","_score":1,"_source":{"alert":"motion","location":"Exterior-Front Door","timestamp":"2018-04-05T17:16:33.458Z"}}
{"_index":"ifttt-2018-04-05","_type":"webhook","_id":"Thu Apr 05 2018 18:11:28 GMT+0000 (UTC)","_score":1,"_source":{"device":"FrontLock1","status":"Unlocked","user":" Manny Kin","timestamp":"2018-04-05T18:11:28.933Z"}}
{"_index":"ifttt-2018-04-05","_type":"webhook","_id":"Thu Apr 05 2018 18:09:39 GMT+0000 (UTC)","_score":1,"_source":{"device":"FrontLock1","status":"Locked","User":"Manny Kin","timestamp":"2018-04-05T18:09:39.200Z"}}
{"_index":"ifttt-2018-04-05","_type":"webhook","_id":"Thu Apr 05 2018 18:11:17 GMT+0000 (UTC)","_score":1,"_source":{"device":"FrontLock1","status":"Locked","User":"Manny Kin","timestamp":"2018-04-05T18:11:17.196Z"}}
{"_index":"ifttt-2018-04-05","_type":"webhook","_id":"Thu Apr 05 2018 18:27:17 GMT+0000 (UTC)","_score":1,"_source":{"alert":"motion","location":"Exterior-Front Door","timestamp":"2018-04-05T18:27:17.692Z"}}
{"_index":"ifttt-2018-04-05","_type":"webhook","_id":"Thu Apr 05 2018 18:47:38 GMT+0000 (UTC)","_score":1,"_source":{"alert":"motion","location":"Exterior-Front Door","timestamp":"2018-04-05T18:47:38.420Z"}}
{"_index":"ifttt-2018-04-05","_type":"webhook","_id":"Thu Apr 05 2018 18:52:45 GMT+0000 (UTC)","_score":1,"_source":{"alert":"motion","location":"Exterior-Front Door","timestamp":"2018-04-05T18:52:45.027Z"}}
{"_index":"ifttt-2018-04-05","_type":"webhook","_id":"Thu Apr 05 2018 18:57:18 GMT+0000 (UTC)","_score":1,"_source":{"alert":"motion","location":"Exterior-Front Door","timestamp":"2018-04-05T18:57:18.739Z"}}
{"_index":"ifttt-2018-04-05","_type":"webhook","_id":"Thu Apr 05 2018 18:24:23 GMT+0000 (UTC)","_score":1,"_source":{"device":"FrontLock1","status":"Unlocked","user":" Manny Kin","timestamp":"2018-04-05T18:24:23.922Z"}}
{"_index":"ifttt-2018-04-05","_type":"webhook","_id":"Thu Apr 05 2018 19:07:15 GMT+0000 (UTC)","_score":1,"_source":{"alert":"motion","location":"Exterior-Front Door","timestamp":"2018-04-05T19:07:15.824Z"}}
{"_index":"ifttt-2018-04-05","_type":"webhook","_id":"Thu Apr 05 2018 19:26:52 GMT+0000 (UTC)","_score":1,"_source":{"device":"Alexa","deviceID":"10","action":"Voice Deactivation","target":"Room1Lamp","target-deviceID":"7","timestamp":"2018-04-05T19:26:52.664Z"}}
{"_index":"ifttt-2018-04-05","_type":"webhook","_id":"Thu Apr 05 2018 19:34:55 GMT+0000 (UTC)","_score":1,"_source":{"device":"Alexa","deviceID":"10","action":"Voice Activation","target":"Room1Lamp","target-deviceID":"7","timestamp":"2018-04-05T19:34:55.494Z"}}
{"_index":"ifttt-2018-04-05","_type":"webhook","_id":"Thu Apr 05 2018 20:02:54 GMT+0000 (UTC)","_score":1,"_source":{"device":"Alexa","deviceID":"10","action":"Voice Activation","target":"Room1Lamp","target-deviceID":"7","timestamp":"2018-04-05T20:02:54.508Z"}}
{"_index":"ifttt-2018-04-05","_type":"webhook","_id":"Thu Apr 05 2018 19:23:07 GMT+0000 (UTC)","_score":1,"_source":{"device":"FrontLock1","status":"Locked","User":"Manny Kin","timestamp":"2018-04-05T19:23:07.844Z"}}
{"_index":"ifttt-2018-04-05","_type":"webhook","_id":"Thu Apr 05 2018 19:07:16 GMT+0000 (UTC)","_score":1,"_source":{"alert":"motion","location":"Exterior-Front Door","timestamp":"2018-04-05T19:07:16.316Z"}}
{"_index":"ifttt-2018-04-05","_type":"webhook","_id":"Thu Apr 05 2018 19:17:53 GMT+0000 (UTC)","_score":1,"_source":{"alert":"motion","location":"Exterior-Front Door","timestamp":"2018-04-05T19:17:53.772Z"}}
{"_index":"ifttt-2018-04-05","_type":"webhook","_id":"Thu Apr 05 2018 19:27:26 GMT+0000 (UTC)","_score":1,"_source":{"alert":"motion","location":"Exterior-Front Door","timestamp":"2018-04-05T19:27:26.577Z"}}
{"_index":"ifttt-2018-04-05","_type":"webhook","_id":"Thu Apr 05 2018 19:37:21 GMT+0000 (UTC)","_score":1,"_source":{"alert":"motion","location":"Exterior-Front Door","timestamp":"2018-04-05T19:37:21.504Z"}}
{"_index":"ifttt-2018-04-05","_type":"webhook","_id":"Thu Apr 05 2018 19:52:28 GMT+0000 (UTC)","_score":1,"_source":{"alert":"motion","location":"Exterior-Front Door","timestamp":"2018-04-05T19:52:28.765Z"}}
{"_index":"ifttt-2018-04-05","_type":"webhook","_id":"Thu Apr 05 2018 20:03:06 GMT+0000 (UTC)","_score":1,"_source":{"device":"Alexa","deviceID":"10","action":"Voice Deactivation","target":"Room1Lamp","target-deviceID":"7","timestamp":"2018-04-05T20:03:06.584Z"}}
{"_index":"ifttt-2018-04-05","_type":"webhook","_id":"Thu Apr 05 2018 20:35:49 GMT+0000 (UTC)","_score":1,"_source":{"device":"Alexa","deviceID":"10","action":"Voice Activation","target":"Room1Lamp","target-deviceID":"7","timestamp":"2018-04-05T20:35:49.400Z"}}
{"_index":"ifttt-2018-04-05","_type":"webhook","_id":"Thu Apr 05 2018 20:35:08 GMT+0000 (UTC)","_score":1,"_source":{"device":"FrontLock1","status":"Unlocked","user":" Manny Kin","timestamp":"2018-04-05T20:35:08.942Z"}}
{"_index":"ifttt-2018-04-05","_type":"webhook","_id":"Thu Apr 05 2018 20:29:20 GMT+0000 (UTC)","_score":1,"_source":{"device":"FrontLock1","status":"Locked","User":"Manny Kin","timestamp":"2018-04-05T20:29:20.694Z"}}
{"_index":"ifttt-2018-04-05","_type":"webhook","_id":"Thu Apr 05 2018 20:36:44 GMT+0000 (UTC)","_score":1,"_source":{"device":"FrontLock1","status":"Locked","User":"Manny Kin","timestamp":"2018-04-05T20:36:44.473Z"}}
{"_index":"ifttt-2018-04-05","_type":"webhook","_id":"Thu Apr 05 2018 20:27:12 GMT+0000 (UTC)","_score":1,"_source":{"alert":"motion","location":"Exterior-Front Door","timestamp":"2018-04-05T20:27:12.632Z"}}
{"_index":"ifttt-2018-04-05","_type":"webhook","_id":"Thu Apr 05 2018 20:47:15 GMT+0000 (UTC)","_score":1,"_source":{"alert":"motion","location":"Exterior-Front Door","timestamp":"2018-04-05T20:47:15.637Z"}}
{"_index":"ifttt-2018-04-05","_type":"webhook","_id":"Thu Apr 05 2018 20:47:16 GMT+0000 (UTC)","_score":1,"_source":{"alert":"motion","location":"Exterior-Front Door","timestamp":"2018-04-05T20:47:16.716Z"}}
{"_index":"ifttt-2018-04-05","_type":"webhook","_id":"Thu Apr 05 2018 21:20:07 GMT+0000 (UTC)","_score":1,"_source":{"device":"Alexa","deviceID":"10","action":"Voice Deactivation","target":"Room1Lamp","target-deviceID":"7","timestamp":"2018-04-05T21:20:07.501Z"}}
{"_index":"ifttt-2018-04-05","_type":"webhook","_id":"Thu Apr 05 2018 21:05:43 GMT+0000 (UTC)","_score":1,"_source":{"device":"Alexa","deviceID":"10","action":"Voice Activation","target":"Room1Lamp","target-deviceID":"7","timestamp":"2018-04-05T21:05:43.583Z"}}
{"_index":"ifttt-2018-04-05","_type":"webhook","_id":"Thu Apr 05 2018 21:06:18 GMT+0000 (UTC)","_score":1,"_source":{"device":"Alexa","deviceID":"10","action":"Voice Activation","target":"Room1Lamp","target-deviceID":"7","timestamp":"2018-04-05T21:06:18.170Z"}}
{"_index":"ifttt-2018-04-05","_type":"webhook","_id":"Thu Apr 05 2018 21:10:49 GMT+0000 (UTC)","_score":1,"_source":{"device":"FrontLock1","status":"Locked","User":"Manny Kin","timestamp":"2018-04-05T21:10:49.133Z"}}
{"_index":"ifttt-2018-04-05","_type":"webhook","_id":"Thu Apr 05 2018 21:17:06 GMT+0000 (UTC)","_score":1,"_source":{"device":"FrontLock1","status":"Locked","User":"Manny Kin","timestamp":"2018-04-05T21:17:06.057Z"}}
{"_index":"ifttt-2018-04-05","_type":"webhook","_id":"Thu Apr 05 2018 21:07:05 GMT+0000 (UTC)","_score":1,"_source":{"alert":"motion","location":"Exterior-Front Door","timestamp":"2018-04-05T21:07:05.941Z"}}
{"_index":"ifttt-2018-04-05","_type":"webhook","_id":"Thu Apr 05 2018 21:07:06 GMT+0000 (UTC)","_score":1,"_source":{"alert":"motion","location":"Exterior-Front Door","timestamp":"2018-04-05T21:07:06.517Z"}}
{"_index":"ifttt-2018-04-05","_type":"webhook","_id":"Thu Apr 05 2018 20:52:23 GMT+0000 (UTC)","_score":1,"_source":{"alert":"motion","location":"Exterior-Front Door","timestamp":"2018-04-05T20:52:23.803Z"}}
{"_index":"ifttt-2018-04-05","_type":"webhook","_id":"Thu Apr 05 2018 21:12:06 GMT+0000 (UTC)","_score":1,"_source":{"alert":"motion","location":"Exterior-Front Door","timestamp":"2018-04-05T21:12:06.265Z"}}
{"_index":"ifttt-2018-04-05","_type":"webhook","_id":"Thu Apr 05 2018 21:47:20 GMT+0000 (UTC)","_score":1,"_source":{"alert":"motion","location":"Exterior-Front Door","timestamp":"2018-04-05T21:47:20.524Z"}}
{"_index":"ifttt-2018-04-05","_type":"webhook","_id":"Thu Apr 05 2018 14:44:16 GMT+0000 (UTC)","_score":1,"_source":{"device":"FrontLock1","status":"Unlocked","user":" Manny Kin","timestamp":"2018-04-05T14:44:16.749Z"}}
{"_index":"ifttt-2018-04-05","_type":"webhook","_id":"Thu Apr 05 2018 13:14:32 GMT+0000 (UTC)","_score":1,"_source":{"device":"Room1Plug2","status":"Activated","time":" ","timestamp":"2018-04-05T13:14:32.040Z"}}
{"_index":"ifttt-2018-04-05","_type":"webhook","_id":"Thu Apr 05 2018 13:01:39 GMT+0000 (UTC)","_score":1,"_source":{"alert":"motion","location":"Exterior-Front Door","timestamp":"2018-04-05T13:01:39.893Z"}}
{"_index":"ifttt-2018-04-05","_type":"webhook","_id":"Thu Apr 05 2018 13:41:36 GMT+0000 (UTC)","_score":1,"_source":{"alert":"motion","location":"Exterior-Front Door","timestamp":"2018-04-05T13:41:36.057Z"}}
{"_index":"ifttt-2018-04-05","_type":"webhook","_id":"Thu Apr 05 2018 15:11:17 GMT+0000 (UTC)","_score":1,"_source":{"alert":"motion","location":"Exterior-Front Door","timestamp":"2018-04-05T15:11:17.078Z"}}
{"_index":"ifttt-2018-04-05","_type":"webhook","_id":"Thu Apr 05 2018 05:40:23 GMT+0000 (UTC)","_score":1,"_source":{"device":"Room1Plug1","status":"Activated","timestamp":"2018-04-05T05:40:23.397Z"}}
{"_index":"ifttt-2018-04-05","_type":"webhook","_id":"Thu Apr 05 2018 04:17:03 GMT+0000 (UTC)","_score":1,"_source":{"device":"Room1Lamp","status":"Activated","timestamp":"2018-04-05T04:17:03.532Z"}}
{"_index":"ifttt-2018-04-05","_type":"webhook","_id":"Thu Apr 05 2018 06:17:18 GMT+0000 (UTC)","_score":1,"_source":{"device":"Room1Lamp","status":"Activated","timestamp":"2018-04-05T06:17:18.751Z"}}
{"_index":"ifttt-2018-04-05","_type":"webhook","_id":"Thu Apr 05 2018 11:02:45 GMT+0000 (UTC)","_score":1,"_source":{"device":"Room1Lamp","status":"Activated","timestamp":"2018-04-05T11:02:45.771Z"}}
{"_index":"ifttt-2018-04-05","_type":"webhook","_id":"Thu Apr 05 2018 12:17:14 GMT+0000 (UTC)","_score":1,"_source":{"device":"Room1Lamp","status":"Activated","timestamp":"2018-04-05T12:17:14.105Z"}}
{"_index":"ifttt-2018-04-05","_type":"webhook","_id":"Thu Apr 05 2018 15:21:10 GMT+0000 (UTC)","_score":1,"_source":{"alert":"motion","location":"Exterior-Front Door","timestamp":"2018-04-05T15:21:10.411Z"}}
{"_index":"ifttt-2018-04-05","_type":"webhook","_id":"Thu Apr 05 2018 15:21:11 GMT+0000 (UTC)","_score":1,"_source":{"alert":"motion","location":"Exterior-Front Door","timestamp":"2018-04-05T15:21:11.185Z"}}
{"_index":"ifttt-2018-04-05","_type":"webhook","_id":"Thu Apr 05 2018 15:26:17 GMT+0000 (UTC)","_score":1,"_source":{"alert":"motion","location":"Exterior-Front Door","timestamp":"2018-04-05T15:26:17.845Z"}}
{"_index":"ifttt-2018-04-05","_type":"webhook","_id":"Thu Apr 05 2018 15:46:42 GMT+0000 (UTC)","_score":1,"_source":{"alert":"motion","location":"Exterior-Front Door","timestamp":"2018-04-05T15:46:42.766Z"}}
{"_index":"ifttt-2018-04-05","_type":"webhook","_id":"Thu Apr 05 2018 16:06:09 GMT+0000 (UTC)","_score":1,"_source":{"alert":"motion","location":"Exterior-Front Door","timestamp":"2018-04-05T16:06:09.774Z"}}
{"_index":"ifttt-2018-04-05","_type":"webhook","_id":"Thu Apr 05 2018 16:21:46 GMT+0000 (UTC)","_score":1,"_source":{"alert":"motion","location":"Exterior-Front Door","timestamp":"2018-04-05T16:21:46.731Z"}}
{"_index":"ifttt-2018-04-05","_type":"webhook","_id":"Thu Apr 05 2018 15:31:55 GMT+0000 (UTC)","_score":1,"_source":{"alert":"motion","location":"Exterior-Front Door","timestamp":"2018-04-05T15:31:55.922Z"}}
{"_index":"ifttt-2018-04-05","_type":"webhook","_id":"Thu Apr 05 2018 15:56:13 GMT+0000 (UTC)","_score":1,"_source":{"alert":"motion","location":"Exterior-Front Door","timestamp":"2018-04-05T15:56:13.918Z"}}
{"_index":"ifttt-2018-04-05","_type":"webhook","_id":"Thu Apr 05 2018 16:51:21 GMT+0000 (UTC)","_score":1,"_source":{"alert":"motion","location":"Exterior-Front Door","timestamp":"2018-04-05T16:51:21.736Z"}}
{"_index":"ifttt-2018-04-05","_type":"webhook","_id":"Thu Apr 05 2018 18:04:19 GMT+0000 (UTC)","_score":1,"_source":{"device":"FrontLock1","status":"Unlocked","user":" Manny Kin","timestamp":"2018-04-05T18:04:19.727Z"}}
{"_index":"ifttt-2018-04-05","_type":"webhook","_id":"Thu Apr 05 2018 17:06:18 GMT+0000 (UTC)","_score":1,"_source":{"alert":"motion","location":"Exterior-Front Door","timestamp":"2018-04-05T17:06:18.899Z"}}
{"_index":"ifttt-2018-04-05","_type":"webhook","_id":"Thu Apr 05 2018 17:06:19 GMT+0000 (UTC)","_score":1,"_source":{"alert":"motion","location":"Exterior-Front Door","timestamp":"2018-04-05T17:06:19.292Z"}}
{"_index":"ifttt-2018-04-05","_type":"webhook","_id":"Thu Apr 05 2018 17:11:10 GMT+0000 (UTC)","_score":1,"_source":{"alert":"motion","location":"Exterior-Front Door","timestamp":"2018-04-05T17:11:10.768Z"}}
{"_index":"ifttt-2018-04-05","_type":"webhook","_id":"Thu Apr 05 2018 17:56:09 GMT+0000 (UTC)","_score":1,"_source":{"alert":"motion","location":"Exterior-Front Door","timestamp":"2018-04-05T17:56:09.569Z"}}
{"_index":"ifttt-2018-04-05","_type":"webhook","_id":"Thu Apr 05 2018 18:04:18 GMT+0000 (UTC)","_score":1,"_source":{"device":"FrontLock1","status":"Unlocked","user":" Manny Kin","timestamp":"2018-04-05T18:04:18.929Z"}}
{"_index":"ifttt-2018-04-05","_type":"webhook","_id":"Thu Apr 05 2018 18:04:16 GMT+0000 (UTC)","_score":1,"_source":{"device":"FrontLock1","status":"Unlocked","user":" Manny Kin","timestamp":"2018-04-05T18:04:16.548Z"}}
{"_index":"ifttt-2018-04-05","_type":"webhook","_id":"Thu Apr 05 2018 17:21:11 GMT+0000 (UTC)","_score":1,"_source":{"alert":"motion","location":"Exterior-Front Door","timestamp":"2018-04-05T17:21:11.601Z"}}
{"_index":"ifttt-2018-04-05","_type":"webhook","_id":"Thu Apr 05 2018 17:47:06 GMT+0000 (UTC)","_score":1,"_source":{"alert":"motion","location":"Exterior-Front Door","timestamp":"2018-04-05T17:47:06.577Z"}}
{"_index":"ifttt-2018-04-05","_type":"webhook","_id":"Thu Apr 05 2018 18:04:17 GMT+0000 (UTC)","_score":1,"_source":{"device":"FrontLock1","status":"Unlocked","user":" Manny Kin","timestamp":"2018-04-05T18:04:17.606Z"}}
{"_index":"ifttt-2018-04-05","_type":"webhook","_id":"Thu Apr 05 2018 18:22:06 GMT+0000 (UTC)","_score":1,"_source":{"device":"FrontLock1","status":"Locked","User":"Manny Kin","timestamp":"2018-04-05T18:22:06.378Z"}}
{"_index":"ifttt-2018-04-05","_type":"webhook","_id":"Thu Apr 05 2018 18:22:07 GMT+0000 (UTC)","_score":1,"_source":{"device":"FrontLock1","status":"Locked","User":"Manny Kin","timestamp":"2018-04-05T18:22:07.063Z"}}
{"_index":"ifttt-2018-04-05","_type":"webhook","_id":"Thu Apr 05 2018 18:09:38 GMT+0000 (UTC)","_score":1,"_source":{"device":"FrontLock1","status":"Unlocked","user":" Manny Kin","timestamp":"2018-04-05T18:09:38.873Z"}}
{"_index":"ifttt-2018-04-05","_type":"webhook","_id":"Thu Apr 05 2018 18:11:10 GMT+0000 (UTC)","_score":1,"_source":{"device":"FrontLock1","status":"Unlocked","user":" Manny Kin","timestamp":"2018-04-05T18:11:10.616Z"}}
{"_index":"ifttt-2018-04-05","_type":"webhook","_id":"Thu Apr 05 2018 18:09:28 GMT+0000 (UTC)","_score":1,"_source":{"device":"FrontLock1","status":"Locked","User":"Manual Lock","timestamp":"2018-04-05T18:09:28.939Z"}}
{"_index":"ifttt-2018-04-05","_type":"webhook","_id":"Thu Apr 05 2018 18:07:13 GMT+0000 (UTC)","_score":1,"_source":{"device":"FrontLock1","status":"Locked","User":"Manny Kin","timestamp":"2018-04-05T18:07:13.447Z"}}
{"_index":"ifttt-2018-04-05","_type":"webhook","_id":"Thu Apr 05 2018 18:09:15 GMT+0000 (UTC)","_score":1,"_source":{"device":"FrontLock1","status":"Locked","User":"Manual Lock","timestamp":"2018-04-05T18:09:15.997Z"}}
{"_index":"ifttt-2018-04-05","_type":"webhook","_id":"Thu Apr 05 2018 18:10:40 GMT+0000 (UTC)","_score":1,"_source":{"device":"FrontLock1","status":"Locked","User":"Manual Lock","timestamp":"2018-04-05T18:10:40.804Z"}}
{"_index":"ifttt-2018-04-05","_type":"webhook","_id":"Thu Apr 05 2018 18:09:26 GMT+0000 (UTC)","_score":1,"_source":{"device":"FrontLock1","status":"Unlocked","user":" Manual Unlock","timestamp":"2018-04-05T18:09:26.694Z"}}
{"_index":"ifttt-2018-04-05","_type":"webhook","_id":"Thu Apr 05 2018 18:12:47 GMT+0000 (UTC)","_score":1,"_source":{"alert":"motion","location":"Exterior-Front Door","timestamp":"2018-04-05T18:12:47.725Z"}}
{"_index":"ifttt-2018-04-05","_type":"webhook","_id":"Thu Apr 05 2018 19:33:47 GMT+0000 (UTC)","_score":1,"_source":{"device":"FrontLock1","status":"Unlocked","user":" Manny Kin","timestamp":"2018-04-05T19:33:47.543Z"}}
{"_index":"ifttt-2018-04-05","_type":"webhook","_id":"Thu Apr 05 2018 18:27:25 GMT+0000 (UTC)","_score":1,"_source":{"device":"FrontLock1","status":"Locked","User":"Manny Kin","timestamp":"2018-04-05T18:27:25.478Z"}}
{"_index":"ifttt-2018-04-05","_type":"webhook","_id":"Thu Apr 05 2018 19:28:44 GMT+0000 (UTC)","_score":1,"_source":{"device":"FrontLock1","status":"Locked","User":"Manny Kin","timestamp":"2018-04-05T19:28:44.678Z"}}
{"_index":"ifttt-2018-04-05","_type":"webhook","_id":"Thu Apr 05 2018 18:37:17 GMT+0000 (UTC)","_score":1,"_source":{"alert":"motion","location":"Exterior-Front Door","timestamp":"2018-04-05T18:37:17.483Z"}}
{"_index":"ifttt-2018-04-05","_type":"webhook","_id":"Thu Apr 05 2018 18:47:40 GMT+0000 (UTC)","_score":1,"_source":{"alert":"motion","location":"Exterior-Front Door","timestamp":"2018-04-05T18:47:40.644Z"}}
{"_index":"ifttt-2018-04-05","_type":"webhook","_id":"Thu Apr 05 2018 19:22:22 GMT+0000 (UTC)","_score":1,"_source":{"alert":"motion","location":"Exterior-Front Door","timestamp":"2018-04-05T19:22:22.850Z"}}
{"_index":"ifttt-2018-04-05","_type":"webhook","_id":"Thu Apr 05 2018 19:32:23 GMT+0000 (UTC)","_score":1,"_source":{"alert":"motion","location":"Exterior-Front Door","timestamp":"2018-04-05T19:32:23.026Z"}}
{"_index":"ifttt-2018-04-05","_type":"webhook","_id":"Thu Apr 05 2018 18:32:08 GMT+0000 (UTC)","_score":1,"_source":{"device":"Room1Lamp","status":"Activated","timestamp":"2018-04-05T18:32:08.088Z"}}
{"_index":"ifttt-2018-04-05","_type":"webhook","_id":"Thu Apr 05 2018 19:02:15 GMT+0000 (UTC)","_score":1,"_source":{"alert":"motion","location":"Exterior-Front Door","timestamp":"2018-04-05T19:02:15.609Z"}}
{"_index":"ifttt-2018-04-05","_type":"webhook","_id":"Thu Apr 05 2018 19:35:43 GMT+0000 (UTC)","_score":1,"_source":{"device":"Alexa","deviceID":"10","action":"Voice Deactivation","target":"Room1Lamp","target-deviceID":"7","timestamp":"2018-04-05T19:35:43.060Z"}}
{"_index":"ifttt-2018-04-05","_type":"webhook","_id":"Thu Apr 05 2018 20:36:25 GMT+0000 (UTC)","_score":1,"_source":{"device":"Alexa","deviceID":"10","action":"Voice Deactivation","target":"Room1Lamp","target-deviceID":"7","timestamp":"2018-04-05T20:36:25.647Z"}}
{"_index":"ifttt-2018-04-05","_type":"webhook","_id":"Thu Apr 05 2018 19:34:10 GMT+0000 (UTC)","_score":1,"_source":{"device":"Alexa","deviceID":"10","action":"Voice Activation","target":"Room1Lamp","target-deviceID":"7","timestamp":"2018-04-05T19:34:10.937Z"}}
{"_index":"ifttt-2018-04-05","_type":"webhook","_id":"Thu Apr 05 2018 20:28:19 GMT+0000 (UTC)","_score":1,"_source":{"device":"Alexa","deviceID":"10","action":"Voice Activation","target":"Room1Lamp","target-deviceID":"7","timestamp":"2018-04-05T20:28:19.743Z"}}
{"_index":"ifttt-2018-04-05","_type":"webhook","_id":"Thu Apr 05 2018 20:31:02 GMT+0000 (UTC)","_score":1,"_source":{"device":"FrontLock1","status":"Unlocked","user":" Manny Kin","timestamp":"2018-04-05T20:31:02.469Z"}}
{"_index":"ifttt-2018-04-05","_type":"webhook","_id":"Thu Apr 05 2018 19:57:20 GMT+0000 (UTC)","_score":1,"_source":{"alert":"motion","location":"Exterior-Front Door","timestamp":"2018-04-05T19:57:20.899Z"}}
{"_index":"ifttt-2018-04-05","_type":"webhook","_id":"Thu Apr 05 2018 20:22:10 GMT+0000 (UTC)","_score":1,"_source":{"alert":"motion","location":"Exterior-Front Door","timestamp":"2018-04-05T20:22:10.487Z"}}
{"_index":"ifttt-2018-04-05","_type":"webhook","_id":"Thu Apr 05 2018 20:32:25 GMT+0000 (UTC)","_score":1,"_source":{"alert":"motion","location":"Exterior-Front Door","timestamp":"2018-04-05T20:32:25.695Z"}}
{"_index":"ifttt-2018-04-05","_type":"webhook","_id":"Thu Apr 05 2018 20:42:14 GMT+0000 (UTC)","_score":1,"_source":{"alert":"motion","location":"Exterior-Front Door","timestamp":"2018-04-05T20:42:14.540Z"}}
{"_index":"ifttt-2018-04-05","_type":"webhook","_id":"Thu Apr 05 2018 20:42:15 GMT+0000 (UTC)","_score":1,"_source":{"device":"FrontLock1","status":"Unlocked","user":" Manny Kin","timestamp":"2018-04-05T20:42:15.649Z"}}
{"_index":"ifttt-2018-04-05","_type":"webhook","_id":"Thu Apr 05 2018 20:57:46 GMT+0000 (UTC)","_score":1,"_source":{"alert":"motion","location":"Exterior-Front Door","timestamp":"2018-04-05T20:57:46.390Z"}}
{"_index":"ifttt-2018-04-05","_type":"webhook","_id":"Thu Apr 05 2018 21:02:32 GMT+0000 (UTC)","_score":1,"_source":{"alert":"motion","location":"Exterior-Front Door","timestamp":"2018-04-05T21:02:32.798Z"}}
{"_index":"ifttt-2018-04-05","_type":"webhook","_id":"Thu Apr 05 2018 21:12:05 GMT+0000 (UTC)","_score":1,"_source":{"alert":"motion","location":"Exterior-Front Door","timestamp":"2018-04-05T21:12:05.652Z"}}
{"_index":"ifttt-2018-04-05","_type":"webhook","_id":"Thu Apr 05 2018 21:20:27 GMT+0000 (UTC)","_score":1,"_source":{"device":"FrontLock1","status":"Locked","User":"Manny Kin","timestamp":"2018-04-05T21:20:27.555Z"}}
{"_index":"ifttt-2018-04-05","_type":"webhook","_id":"Thu Apr 05 2018 22:37:22 GMT+0000 (UTC)","_score":1,"_source":{"alert":"motion","location":"Exterior-Front Door","timestamp":"2018-04-05T22:37:22.939Z"}}
{"_index":"ifttt-2018-04-05","_type":"webhook","_id":"Thu Apr 05 2018 22:39:08 GMT+0000 (UTC)","_score":1,"_source":{"device":"Room1Plug2","status":"Activated","time":" ","timestamp":"2018-04-05T22:39:08.900Z"}}
{"_index":"ifttt-2018-04-05","_type":"webhook","_id":"Thu Apr 05 2018 15:41:04 GMT+0000 (UTC)","_score":1,"_source":{"device":"FrontLock1","status":"Unlocked","user":" Manny Kin","timestamp":"2018-04-05T15:41:04.361Z"}}
{"_index":"ifttt-2018-04-05","_type":"webhook","_id":"Thu Apr 05 2018 02:39:22 GMT+0000 (UTC)","_score":1,"_source":{"device":"Room1Plug2","status":"Activated","time":" ","timestamp":"2018-04-05T02:39:22.269Z"}}
{"_index":"ifttt-2018-04-05","_type":"webhook","_id":"Thu Apr 05 2018 16:16:17 GMT+0000 (UTC)","_score":1,"_source":{"alert":"motion","location":"Exterior-Front Door","timestamp":"2018-04-05T16:16:17.484Z"}}
{"_index":"ifttt-2018-04-05","_type":"webhook","_id":"Thu Apr 05 2018 14:41:13 GMT+0000 (UTC)","_score":1,"_source":{"alert":"motion","location":"Exterior-Front Door","timestamp":"2018-04-05T14:41:13.610Z"}}
{"_index":"ifttt-2018-04-05","_type":"webhook","_id":"Thu Apr 05 2018 15:11:15 GMT+0000 (UTC)","_score":1,"_source":{"alert":"motion","location":"Exterior-Front Door","timestamp":"2018-04-05T15:11:15.972Z"}}
{"_index":"ifttt-2018-04-05","_type":"webhook","_id":"Thu Apr 05 2018 16:01:43 GMT+0000 (UTC)","_score":1,"_source":{"alert":"motion","location":"Exterior-Front Door","timestamp":"2018-04-05T16:01:43.365Z"}}
{"_index":"ifttt-2018-04-05","_type":"webhook","_id":"Thu Apr 05 2018 08:45:22 GMT+0000 (UTC)","_score":1,"_source":{"device":"Room1Plug1","status":"Activated","timestamp":"2018-04-05T08:45:22.971Z"}}
{"_index":"ifttt-2018-04-05","_type":"webhook","_id":"Thu Apr 05 2018 05:17:08 GMT+0000 (UTC)","_score":1,"_source":{"device":"Room1Lamp","status":"Activated","timestamp":"2018-04-05T05:17:08.929Z"}}
{"_index":"ifttt-2018-04-05","_type":"webhook","_id":"Thu Apr 05 2018 15:51:17 GMT+0000 (UTC)","_score":1,"_source":{"alert":"motion","location":"Exterior-Front Door","timestamp":"2018-04-05T15:51:17.589Z"}}
{"_index":"ifttt-2018-04-05","_type":"webhook","_id":"Thu Apr 05 2018 16:01:44 GMT+0000 (UTC)","_score":1,"_source":{"alert":"motion","location":"Exterior-Front Door","timestamp":"2018-04-05T16:01:44.861Z"}}
{"_index":"ifttt-2018-04-05","_type":"webhook","_id":"Thu Apr 05 2018 18:07:12 GMT+0000 (UTC)","_score":1,"_source":{"device":"FrontLock1","status":"Locked","User":"Manny Kin","timestamp":"2018-04-05T18:07:12.510Z"}}
{"_index":"ifttt-2018-04-05","_type":"webhook","_id":"Thu Apr 05 2018 18:09:14 GMT+0000 (UTC)","_score":1,"_source":{"device":"FrontLock1","status":"Locked","User":"Manny Kin","timestamp":"2018-04-05T18:09:14.967Z"}}
{"_index":"ifttt-2018-04-05","_type":"webhook","_id":"Thu Apr 05 2018 16:31:27 GMT+0000 (UTC)","_score":1,"_source":{"alert":"motion","location":"Exterior-Front Door","timestamp":"2018-04-05T16:31:27.409Z"}}
{"_index":"ifttt-2018-04-05","_type":"webhook","_id":"Thu Apr 05 2018 16:51:22 GMT+0000 (UTC)","_score":1,"_source":{"alert":"motion","location":"Exterior-Front Door","timestamp":"2018-04-05T16:51:22.310Z"}}
{"_index":"ifttt-2018-04-05","_type":"webhook","_id":"Thu Apr 05 2018 17:01:47 GMT+0000 (UTC)","_score":1,"_source":{"alert":"motion","location":"Exterior-Front Door","timestamp":"2018-04-05T17:01:47.227Z"}}
{"_index":"ifttt-2018-04-05","_type":"webhook","_id":"Thu Apr 05 2018 17:11:11 GMT+0000 (UTC)","_score":1,"_source":{"alert":"motion","location":"Exterior-Front Door","timestamp":"2018-04-05T17:11:11.153Z"}}
{"_index":"ifttt-2018-04-05","_type":"webhook","_id":"Thu Apr 05 2018 17:47:05 GMT+0000 (UTC)","_score":1,"_source":{"alert":"motion","location":"Exterior-Front Door","timestamp":"2018-04-05T17:47:05.414Z"}}
{"_index":"ifttt-2018-04-05","_type":"webhook","_id":"Thu Apr 05 2018 16:21:47 GMT+0000 (UTC)","_score":1,"_source":{"alert":"motion","location":"Exterior-Front Door","timestamp":"2018-04-05T16:21:47.741Z"}}
{"_index":"ifttt-2018-04-05","_type":"webhook","_id":"Thu Apr 05 2018 16:46:14 GMT+0000 (UTC)","_score":1,"_source":{"alert":"motion","location":"Exterior-Front Door","timestamp":"2018-04-05T16:46:14.617Z"}}
{"_index":"ifttt-2018-04-05","_type":"webhook","_id":"Thu Apr 05 2018 19:32:04 GMT+0000 (UTC)","_score":1,"_source":{"device":"Alexa","deviceID":"10","action":"Voice Deactivation","target":"Room1Lamp","target-deviceID":"7","timestamp":"2018-04-05T19:32:04.524Z"}}
{"_index":"ifttt-2018-04-05","_type":"webhook","_id":"Thu Apr 05 2018 18:24:24 GMT+0000 (UTC)","_score":1,"_source":{"device":"FrontLock1","status":"Unlocked","user":" Manny Kin","timestamp":"2018-04-05T18:24:24.405Z"}}
{"_index":"ifttt-2018-04-05","_type":"webhook","_id":"Thu Apr 05 2018 19:23:01 GMT+0000 (UTC)","_score":1,"_source":{"device":"FrontLock1","status":"Unlocked","user":" Manny Kin","timestamp":"2018-04-05T19:23:01.826Z"}}
{"_index":"ifttt-2018-04-05","_type":"webhook","_id":"Thu Apr 05 2018 18:22:13 GMT+0000 (UTC)","_score":1,"_source":{"alert":"motion","location":"Exterior-Front Door","timestamp":"2018-04-05T18:22:13.083Z"}}
{"_index":"ifttt-2018-04-05","_type":"webhook","_id":"Thu Apr 05 2018 19:02:14 GMT+0000 (UTC)","_score":1,"_source":{"alert":"motion","location":"Exterior-Front Door","timestamp":"2018-04-05T19:02:14.382Z"}}
{"_index":"ifttt-2018-04-05","_type":"webhook","_id":"Thu Apr 05 2018 19:22:21 GMT+0000 (UTC)","_score":1,"_source":{"alert":"motion","location":"Exterior-Front Door","timestamp":"2018-04-05T19:22:21.879Z"}}
{"_index":"ifttt-2018-04-05","_type":"webhook","_id":"Thu Apr 05 2018 19:27:25 GMT+0000 (UTC)","_score":1,"_source":{"alert":"motion","location":"Exterior-Front Door","timestamp":"2018-04-05T19:27:25.707Z"}}
{"_index":"ifttt-2018-04-05","_type":"webhook","_id":"Thu Apr 05 2018 19:37:20 GMT+0000 (UTC)","_score":1,"_source":{"alert":"motion","location":"Exterior-Front Door","timestamp":"2018-04-05T19:37:20.982Z"}}
{"_index":"ifttt-2018-04-05","_type":"webhook","_id":"Thu Apr 05 2018 19:42:38 GMT+0000 (UTC)","_score":1,"_source":{"alert":"motion","location":"Exterior-Front Door","timestamp":"2018-04-05T19:42:38.521Z"}}
{"_index":"ifttt-2018-04-05","_type":"webhook","_id":"Thu Apr 05 2018 20:39:11 GMT+0000 (UTC)","_score":1,"_source":{"device":"Alexa","deviceID":"10","action":"Voice Deactivation","target":"Room1Lamp","target-deviceID":"7","timestamp":"2018-04-05T20:39:11.577Z"}}
{"_index":"ifttt-2018-04-05","_type":"webhook","_id":"Thu Apr 05 2018 20:40:19 GMT+0000 (UTC)","_score":1,"_source":{"device":"Alexa","deviceID":"10","action":"Voice Deactivation","target":"Room1Lamp","target-deviceID":"7","timestamp":"2018-04-05T20:40:19.603Z"}}
{"_index":"ifttt-2018-04-05","_type":"webhook","_id":"Thu Apr 05 2018 20:57:32 GMT+0000 (UTC)","_score":1,"_source":{"device":"Alexa","deviceID":"10","action":"Voice Activation","target":"Room1Lamp","target-deviceID":"7","timestamp":"2018-04-05T20:57:32.640Z"}}
{"_index":"ifttt-2018-04-05","_type":"webhook","_id":"Thu Apr 05 2018 20:29:11 GMT+0000 (UTC)","_score":1,"_source":{"device":"FrontLock1","status":"Unlocked","user":" Manny Kin","timestamp":"2018-04-05T20:29:11.211Z"}}
{"_index":"ifttt-2018-04-05","_type":"webhook","_id":"Thu Apr 05 2018 20:27:13 GMT+0000 (UTC)","_score":1,"_source":{"alert":"motion","location":"Exterior-Front Door","timestamp":"2018-04-05T20:27:13.687Z"}}
{"_index":"ifttt-2018-04-05","_type":"webhook","_id":"Thu Apr 05 2018 20:37:42 GMT+0000 (UTC)","_score":1,"_source":{"alert":"motion","location":"Exterior-Front Door","timestamp":"2018-04-05T20:37:42.478Z"}}
{"_index":"ifttt-2018-04-05","_type":"webhook","_id":"Thu Apr 05 2018 20:37:43 GMT+0000 (UTC)","_score":1,"_source":{"alert":"motion","location":"Exterior-Front Door","timestamp":"2018-04-05T20:37:43.054Z"}}
{"_index":"ifttt-2018-04-05","_type":"webhook","_id":"Thu Apr 05 2018 20:07:11 GMT+0000 (UTC)","_score":1,"_source":{"alert":"motion","location":"Exterior-Front Door","timestamp":"2018-04-05T20:07:11.908Z"}}
{"_index":"ifttt-2018-04-05","_type":"webhook","_id":"Thu Apr 05 2018 20:12:12 GMT+0000 (UTC)","_score":1,"_source":{"alert":"motion","location":"Exterior-Front Door","timestamp":"2018-04-05T20:12:12.514Z"}}
{"_index":"ifttt-2018-04-05","_type":"webhook","_id":"Thu Apr 05 2018 21:06:59 GMT+0000 (UTC)","_score":1,"_source":{"device":"Alexa","deviceID":"10","action":"Voice Deactivation","target":"Room1Lamp","target-deviceID":"7","timestamp":"2018-04-05T21:06:59.889Z"}}
{"_index":"ifttt-2018-04-05","_type":"webhook","_id":"Thu Apr 05 2018 21:09:19 GMT+0000 (UTC)","_score":1,"_source":{"device":"Alexa","deviceID":"10","action":"Voice Activation","target":"Room1Lamp","target-deviceID":"7","timestamp":"2018-04-05T21:09:19.748Z"}}
{"_index":"ifttt-2018-04-05","_type":"webhook","_id":"Thu Apr 05 2018 21:16:03 GMT+0000 (UTC)","_score":1,"_source":{"device":"Alexa","deviceID":"10","action":"Voice Activation","target":"Room1Lamp","target-deviceID":"7","timestamp":"2018-04-05T21:16:03.983Z"}}
{"_index":"ifttt-2018-04-05","_type":"webhook","_id":"Thu Apr 05 2018 21:12:37 GMT+0000 (UTC)","_score":1,"_source":{"device":"FrontLock1","status":"Unlocked","user":" Manny Kin","timestamp":"2018-04-05T21:12:37.940Z"}}
{"_index":"ifttt-2018-04-05","_type":"webhook","_id":"Thu Apr 05 2018 21:15:34 GMT+0000 (UTC)","_score":1,"_source":{"device":"FrontLock1","status":"Unlocked","user":" Manny Kin","timestamp":"2018-04-05T21:15:34.375Z"}}
{"_index":"ifttt-2018-04-05","_type":"webhook","_id":"Thu Apr 05 2018 21:01:00 GMT+0000 (UTC)","_score":1,"_source":{"device":"FrontLock1","status":"Locked","User":"Manny Kin","timestamp":"2018-04-05T21:01:00.651Z"}}
{"_index":"ifttt-2018-04-05","_type":"webhook","_id":"Thu Apr 05 2018 21:03:34 GMT+0000 (UTC)","_score":1,"_source":{"device":"FrontLock1","status":"Locked","User":"Manny Kin","timestamp":"2018-04-05T21:03:34.766Z"}}
{"_index":"ifttt-2018-04-05","_type":"webhook","_id":"Thu Apr 05 2018 21:14:20 GMT+0000 (UTC)","_score":1,"_source":{"device":"FrontLock1","status":"Locked","User":"Manny Kin","timestamp":"2018-04-05T21:14:20.215Z"}}
{"_index":"ifttt-2018-04-05","_type":"webhook","_id":"Thu Apr 05 2018 21:17:23 GMT+0000 (UTC)","_score":1,"_source":{"alert":"motion","location":"Exterior-Front Door","timestamp":"2018-04-05T21:17:23.956Z"}}
{"_index":"ifttt-2018-04-05","_type":"webhook","_id":"Thu Apr 05 2018 21:17:24 GMT+0000 (UTC)","_score":1,"_source":{"alert":"motion","location":"Exterior-Front Door","timestamp":"2018-04-05T21:17:24.333Z"}}
{"_index":"ifttt-2018-04-05","_type":"webhook","_id":"Thu Apr 05 2018 21:18:50 GMT+0000 (UTC)","_score":1,"_source":{"device":"FrontLock1","status":"Unlocked","user":" Manny Kin","timestamp":"2018-04-05T21:18:50.583Z"}}
{"_index":"ifttt-2018-04-05","_type":"webhook","_id":"Thu Apr 05 2018 21:19:23 GMT+0000 (UTC)","_score":1,"_source":{"device":"Alexa","deviceID":"10","action":"Voice Activation","target":"Room1Lamp","target-deviceID":"7","timestamp":"2018-04-05T21:19:23.275Z"}}
{"_index":"ifttt-2018-04-05","_type":"webhook","_id":"Thu Apr 05 2018 21:34:25 GMT+0000 (UTC)","_score":1,"_source":{"device":"Room1Plug2","status":"Activated","time":" ","timestamp":"2018-04-05T21:34:25.790Z"}}
{"_index":"ifttt-2018-04-05","_type":"webhook","_id":"Thu Apr 05 2018 21:42:24 GMT+0000 (UTC)","_score":1,"_source":{"alert":"motion","location":"Exterior-Front Door","timestamp":"2018-04-05T21:42:24.634Z"}}
{"_index":"ifttt-2018-04-05","_type":"webhook","_id":"Thu Apr 05 2018 00:34:15 GMT+0000 (UTC)","_score":1,"_source":{"device":"Room1Plug2","status":"Activated","time":" ","timestamp":"2018-04-05T00:34:15.490Z"}}
{"_index":"ifttt-2018-04-05","_type":"webhook","_id":"Thu Apr 05 2018 12:09:40 GMT+0000 (UTC)","_score":1,"_source":{"device":"Room1Plug2","status":"Activated","time":" ","timestamp":"2018-04-05T12:09:40.570Z"}}
{"_index":"ifttt-2018-04-05","_type":"webhook","_id":"Thu Apr 05 2018 07:11:08 GMT+0000 (UTC)","_score":1,"_source":{"alert":"motion","location":"Exterior-Front Door","timestamp":"2018-04-05T07:11:08.103Z"}}
{"_index":"ifttt-2018-04-05","_type":"webhook","_id":"Thu Apr 05 2018 12:41:09 GMT+0000 (UTC)","_score":1,"_source":{"alert":"motion","location":"Exterior-Front Door","timestamp":"2018-04-05T12:41:09.939Z"}}
{"_index":"ifttt-2018-04-05","_type":"webhook","_id":"Thu Apr 05 2018 14:41:15 GMT+0000 (UTC)","_score":1,"_source":{"alert":"motion","location":"Exterior-Front Door","timestamp":"2018-04-05T14:41:15.103Z"}}
{"_index":"ifttt-2018-04-05","_type":"webhook","_id":"Thu Apr 05 2018 14:51:19 GMT+0000 (UTC)","_score":1,"_source":{"alert":"motion","location":"Exterior-Front Door","timestamp":"2018-04-05T14:51:19.769Z"}}
{"_index":"ifttt-2018-04-05","_type":"webhook","_id":"Thu Apr 05 2018 15:16:41 GMT+0000 (UTC)","_score":1,"_source":{"alert":"motion","location":"Exterior-Front Door","timestamp":"2018-04-05T15:16:41.991Z"}}
{"_index":"ifttt-2018-04-05","_type":"webhook","_id":"Thu Apr 05 2018 03:02:25 GMT+0000 (UTC)","_score":1,"_source":{"device":"Room1Lamp","status":"Activated","timestamp":"2018-04-05T03:02:25.821Z"}}
{"_index":"ifttt-2018-04-05","_type":"webhook","_id":"Thu Apr 05 2018 13:22:31 GMT+0000 (UTC)","_score":1,"_source":{"device":"Room1Lamp","status":"Activated","timestamp":"2018-04-05T13:22:31.003Z"}}
{"_index":"ifttt-2018-04-05","_type":"webhook","_id":"Thu Apr 05 2018 15:27:35 GMT+0000 (UTC)","_score":1,"_source":{"device":"Room1Lamp","status":"Activated","timestamp":"2018-04-05T15:27:35.492Z"}}
{"_index":"ifttt-2018-04-05","_type":"webhook","_id":"Thu Apr 05 2018 15:40:45 GMT+0000 (UTC)","_score":1,"_source":{"device":"FrontLock1","status":"Locked","User":"Manual Lock","timestamp":"2018-04-05T15:40:45.639Z"}}
{"_index":"ifttt-2018-04-05","_type":"webhook","_id":"Thu Apr 05 2018 16:56:20 GMT+0000 (UTC)","_score":1,"_source":{"alert":"motion","location":"Exterior-Front Door","timestamp":"2018-04-05T16:56:20.328Z"}}
{"_index":"ifttt-2018-04-05","_type":"webhook","_id":"Thu Apr 05 2018 16:56:21 GMT+0000 (UTC)","_score":1,"_source":{"alert":"motion","location":"Exterior-Front Door","timestamp":"2018-04-05T16:56:21.051Z"}}
{"_index":"ifttt-2018-04-05","_type":"webhook","_id":"Thu Apr 05 2018 15:36:21 GMT+0000 (UTC)","_score":1,"_source":{"alert":"motion","location":"Exterior-Front Door","timestamp":"2018-04-05T15:36:21.298Z"}}
{"_index":"ifttt-2018-04-05","_type":"webhook","_id":"Thu Apr 05 2018 15:41:14 GMT+0000 (UTC)","_score":1,"_source":{"alert":"motion","location":"Exterior-Front Door","timestamp":"2018-04-05T15:41:14.608Z"}}
{"_index":"ifttt-2018-04-05","_type":"webhook","_id":"Thu Apr 05 2018 15:51:15 GMT+0000 (UTC)","_score":1,"_source":{"alert":"motion","location":"Exterior-Front Door","timestamp":"2018-04-05T15:51:15.797Z"}}
{"_index":"ifttt-2018-04-05","_type":"webhook","_id":"Thu Apr 05 2018 16:46:13 GMT+0000 (UTC)","_score":1,"_source":{"alert":"motion","location":"Exterior-Front Door","timestamp":"2018-04-05T16:46:13.321Z"}}
{"_index":"ifttt-2018-04-05","_type":"webhook","_id":"Thu Apr 05 2018 17:26:36 GMT+0000 (UTC)","_score":1,"_source":{"alert":"motion","location":"Exterior-Front Door","timestamp":"2018-04-05T17:26:36.330Z"}}
{"_index":"ifttt-2018-04-05","_type":"webhook","_id":"Thu Apr 05 2018 17:31:47 GMT+0000 (UTC)","_score":1,"_source":{"alert":"motion","location":"Exterior-Front Door","timestamp":"2018-04-05T17:31:47.677Z"}}
{"_index":"ifttt-2018-04-05","_type":"webhook","_id":"Thu Apr 05 2018 15:56:12 GMT+0000 (UTC)","_score":1,"_source":{"alert":"motion","location":"Exterior-Front Door","timestamp":"2018-04-05T15:56:12.667Z"}}
{"_index":"ifttt-2018-04-05","_type":"webhook","_id":"Thu Apr 05 2018 18:09:25 GMT+0000 (UTC)","_score":1,"_source":{"device":"FrontLock1","status":"Unlocked","user":" Manual Unlock","timestamp":"2018-04-05T18:09:25.845Z"}}
{"_index":"ifttt-2018-04-05","_type":"webhook","_id":"Thu Apr 05 2018 18:10:36 GMT+0000 (UTC)","_score":1,"_source":{"device":"FrontLock1","status":"Unlocked","user":" Manual Unlock","timestamp":"2018-04-05T18:10:36.509Z"}}
{"_index":"ifttt-2018-04-05","_type":"webhook","_id":"Thu Apr 05 2018 18:10:35 GMT+0000 (UTC)","_score":1,"_source":{"device":"FrontLock1","status":"Locked","User":"Manual Lock","timestamp":"2018-04-05T18:10:35.360Z"}}
{"_index":"ifttt-2018-04-05","_type":"webhook","_id":"Thu Apr 05 2018 18:11:05 GMT+0000 (UTC)","_score":1,"_source":{"device":"FrontLock1","status":"Locked","User":"Manny Kin","timestamp":"2018-04-05T18:11:05.462Z"}}
{"_index":"ifttt-2018-04-05","_type":"webhook","_id":"Thu Apr 05 2018 17:36:17 GMT+0000 (UTC)","_score":1,"_source":{"alert":"motion","location":"Exterior-Front Door","timestamp":"2018-04-05T17:36:17.635Z"}}
{"_index":"ifttt-2018-04-05","_type":"webhook","_id":"Thu Apr 05 2018 18:01:16 GMT+0000 (UTC)","_score":1,"_source":{"alert":"motion","location":"Exterior-Front Door","timestamp":"2018-04-05T18:01:16.297Z"}}
{"_index":"ifttt-2018-04-05","_type":"webhook","_id":"Thu Apr 05 2018 18:32:04 GMT+0000 (UTC)","_score":1,"_source":{"alert":"motion","location":"Exterior-Front Door","timestamp":"2018-04-05T18:32:04.045Z"}}
{"_index":"ifttt-2018-04-05","_type":"webhook","_id":"Thu Apr 05 2018 18:52:44 GMT+0000 (UTC)","_score":1,"_source":{"alert":"motion","location":"Exterior-Front Door","timestamp":"2018-04-05T18:52:44.570Z"}}
{"_index":"ifttt-2018-04-05","_type":"webhook","_id":"Thu Apr 05 2018 19:12:25 GMT+0000 (UTC)","_score":1,"_source":{"alert":"motion","location":"Exterior-Front Door","timestamp":"2018-04-05T19:12:25.594Z"}}
{"_index":"ifttt-2018-04-05","_type":"webhook","_id":"Thu Apr 05 2018 20:29:01 GMT+0000 (UTC)","_score":1,"_source":{"device":"Alexa","deviceID":"10","action":"Voice Deactivation","target":"Room1Lamp","target-deviceID":"7","timestamp":"2018-04-05T20:29:01.559Z"}}
{"_index":"ifttt-2018-04-05","_type":"webhook","_id":"Thu Apr 05 2018 19:30:29 GMT+0000 (UTC)","_score":1,"_source":{"device":"Alexa","deviceID":"10","action":"Voice Activation","target":"Room1Lamp","target-deviceID":"7","timestamp":"2018-04-05T19:30:29.477Z"}}
{"_index":"ifttt-2018-04-05","_type":"webhook","_id":"Thu Apr 05 2018 20:31:20 GMT+0000 (UTC)","_score":1,"_source":{"device":"Alexa","deviceID":"10","action":"Voice Activation","target":"Room1Lamp","target-deviceID":"7","timestamp":"2018-04-05T20:31:20.386Z"}}
{"_index":"ifttt-2018-04-05","_type":"webhook","_id":"Thu Apr 05 2018 19:30:04 GMT+0000 (UTC)","_score":1,"_source":{"device":"FrontLock1","status":"Unlocked","user":" Manny Kin","timestamp":"2018-04-05T19:30:04.572Z"}}
{"_index":"ifttt-2018-04-05","_type":"webhook","_id":"Thu Apr 05 2018 19:26:05 GMT+0000 (UTC)","_score":1,"_source":{"device":"FrontLock1","status":"Unlocked","user":" Manny Kin","timestamp":"2018-04-05T19:26:05.946Z"}}
{"_index":"ifttt-2018-04-05","_type":"webhook","_id":"Thu Apr 05 2018 19:52:30 GMT+0000 (UTC)","_score":1,"_source":{"alert":"motion","location":"Exterior-Front Door","timestamp":"2018-04-05T19:52:30.333Z"}}
{"_index":"ifttt-2018-04-05","_type":"webhook","_id":"Thu Apr 05 2018 20:02:32 GMT+0000 (UTC)","_score":1,"_source":{"alert":"motion","location":"Exterior-Front Door","timestamp":"2018-04-05T20:02:32.901Z"}}
{"_index":"ifttt-2018-04-05","_type":"webhook","_id":"Thu Apr 05 2018 19:22:23 GMT+0000 (UTC)","_score":1,"_source":{"alert":"motion","location":"Exterior-Front Door","timestamp":"2018-04-05T19:22:23.491Z"}}
{"_index":"ifttt-2018-04-05","_type":"webhook","_id":"Thu Apr 05 2018 19:47:24 GMT+0000 (UTC)","_score":1,"_source":{"alert":"motion","location":"Exterior-Front Door","timestamp":"2018-04-05T19:47:24.829Z"}}
{"_index":"ifttt-2018-04-05","_type":"webhook","_id":"Thu Apr 05 2018 21:03:17 GMT+0000 (UTC)","_score":1,"_source":{"device":"Alexa","deviceID":"10","action":"Voice Deactivation","target":"Room1Lamp","target-deviceID":"7","timestamp":"2018-04-05T21:03:17.117Z"}}
{"_index":"ifttt-2018-04-05","_type":"webhook","_id":"Thu Apr 05 2018 21:10:36 GMT+0000 (UTC)","_score":1,"_source":{"device":"Alexa","deviceID":"10","action":"Voice Deactivation","target":"Room1Lamp","target-deviceID":"7","timestamp":"2018-04-05T21:10:36.803Z"}}
{"_index":"ifttt-2018-04-05","_type":"webhook","_id":"Thu Apr 05 2018 21:16:46 GMT+0000 (UTC)","_score":1,"_source":{"device":"Alexa","deviceID":"10","action":"Voice Deactivation","target":"Room1Lamp","target-deviceID":"7","timestamp":"2018-04-05T21:16:46.879Z"}}
{"_index":"ifttt-2018-04-05","_type":"webhook","_id":"Thu Apr 05 2018 20:58:01 GMT+0000 (UTC)","_score":1,"_source":{"device":"Alexa","deviceID":"10","action":"Voice Activation","target":"Room1Lamp","target-deviceID":"7","timestamp":"2018-04-05T20:58:01.679Z"}}
{"_index":"ifttt-2018-04-05","_type":"webhook","_id":"Thu Apr 05 2018 20:57:01 GMT+0000 (UTC)","_score":1,"_source":{"device":"FrontLock1","status":"Unlocked","user":" Manny Kin","timestamp":"2018-04-05T20:57:01.845Z"}}
{"_index":"ifttt-2018-04-05","_type":"webhook","_id":"Thu Apr 05 2018 21:02:10 GMT+0000 (UTC)","_score":1,"_source":{"device":"FrontLock1","status":"Unlocked","user":" Manny Kin","timestamp":"2018-04-05T21:02:10.290Z"}}
{"_index":"ifttt-2018-04-05","_type":"webhook","_id":"Thu Apr 05 2018 21:05:21 GMT+0000 (UTC)","_score":1,"_source":{"device":"FrontLock1","status":"Unlocked","user":" Manny Kin","timestamp":"2018-04-05T21:05:21.086Z"}}
{"_index":"ifttt-2018-04-05","_type":"webhook","_id":"Thu Apr 05 2018 20:57:45 GMT+0000 (UTC)","_score":1,"_source":{"alert":"motion","location":"Exterior-Front Door","timestamp":"2018-04-05T20:57:45.792Z"}}
{"_index":"ifttt-2018-04-05","_type":"webhook","_id":"Thu Apr 05 2018 20:42:13 GMT+0000 (UTC)","_score":1,"_source":{"alert":"motion","location":"Exterior-Front Door","timestamp":"2018-04-05T20:42:13.642Z"}}
{"_index":"ifttt-2018-04-05","_type":"webhook","_id":"Thu Apr 05 2018 07:49:13 GMT+0000 (UTC)","_score":1,"_source":{"device":"Room1Plug2","status":"Activated","time":" ","timestamp":"2018-04-05T07:49:13.672Z"}}
{"_index":"ifttt-2018-04-05","_type":"webhook","_id":"Thu Apr 05 2018 14:31:37 GMT+0000 (UTC)","_score":1,"_source":{"alert":"motion","location":"Exterior-Front Door","timestamp":"2018-04-05T14:31:37.061Z"}}
{"_index":"ifttt-2018-04-05","_type":"webhook","_id":"Thu Apr 05 2018 14:41:14 GMT+0000 (UTC)","_score":1,"_source":{"alert":"motion","location":"Exterior-Front Door","timestamp":"2018-04-05T14:41:14.719Z"}}
{"_index":"ifttt-2018-04-05","_type":"webhook","_id":"Thu Apr 05 2018 14:51:20 GMT+0000 (UTC)","_score":1,"_source":{"alert":"motion","location":"Exterior-Front Door","timestamp":"2018-04-05T14:51:20.180Z"}}
{"_index":"ifttt-2018-04-05","_type":"webhook","_id":"Thu Apr 05 2018 15:01:37 GMT+0000 (UTC)","_score":1,"_source":{"alert":"motion","location":"Exterior-Front Door","timestamp":"2018-04-05T15:01:37.823Z"}}
{"_index":"ifttt-2018-04-05","_type":"webhook","_id":"Thu Apr 05 2018 15:41:13 GMT+0000 (UTC)","_score":1,"_source":{"alert":"motion","location":"Exterior-Front Door","timestamp":"2018-04-05T15:41:13.985Z"}}
{"_index":"ifttt-2018-04-05","_type":"webhook","_id":"Thu Apr 05 2018 15:51:16 GMT+0000 (UTC)","_score":1,"_source":{"alert":"motion","location":"Exterior-Front Door","timestamp":"2018-04-05T15:51:16.401Z"}}
{"_index":"ifttt-2018-04-05","_type":"webhook","_id":"Thu Apr 05 2018 07:32:10 GMT+0000 (UTC)","_score":1,"_source":{"device":"Room1Lamp","status":"Activated","timestamp":"2018-04-05T07:32:10.631Z"}}
{"_index":"ifttt-2018-04-05","_type":"webhook","_id":"Thu Apr 05 2018 10:02:08 GMT+0000 (UTC)","_score":1,"_source":{"device":"Room1Lamp","status":"Activated","timestamp":"2018-04-05T10:02:08.133Z"}}
{"_index":"ifttt-2018-04-05","_type":"webhook","_id":"Thu Apr 05 2018 16:26:11 GMT+0000 (UTC)","_score":1,"_source":{"alert":"motion","location":"Exterior-Front Door","timestamp":"2018-04-05T16:26:11.799Z"}}
{"_index":"ifttt-2018-04-05","_type":"webhook","_id":"Thu Apr 05 2018 18:02:09 GMT+0000 (UTC)","_score":1,"_source":{"device":"FrontLock1","status":"Locked","User":"Manny Kin","timestamp":"2018-04-05T18:02:09.038Z"}}
{"_index":"ifttt-2018-04-05","_type":"webhook","_id":"Thu Apr 05 2018 18:09:33 GMT+0000 (UTC)","_score":1,"_source":{"device":"FrontLock1","status":"Locked","User":"Manny Kin","timestamp":"2018-04-05T18:09:33.344Z"}}
{"_index":"ifttt-2018-04-05","_type":"webhook","_id":"Thu Apr 05 2018 16:31:28 GMT+0000 (UTC)","_score":1,"_source":{"alert":"motion","location":"Exterior-Front Door","timestamp":"2018-04-05T16:31:28.130Z"}}
{"_index":"ifttt-2018-04-05","_type":"webhook","_id":"Thu Apr 05 2018 16:36:05 GMT+0000 (UTC)","_score":1,"_source":{"alert":"motion","location":"Exterior-Front Door","timestamp":"2018-04-05T16:36:05.897Z"}}
{"_index":"ifttt-2018-04-05","_type":"webhook","_id":"Thu Apr 05 2018 17:26:35 GMT+0000 (UTC)","_score":1,"_source":{"alert":"motion","location":"Exterior-Front Door","timestamp":"2018-04-05T17:26:35.004Z"}}
{"_index":"ifttt-2018-04-05","_type":"webhook","_id":"Thu Apr 05 2018 17:31:48 GMT+0000 (UTC)","_score":1,"_source":{"alert":"motion","location":"Exterior-Front Door","timestamp":"2018-04-05T17:31:48.773Z"}}
{"_index":"ifttt-2018-04-05","_type":"webhook","_id":"Thu Apr 05 2018 17:41:13 GMT+0000 (UTC)","_score":1,"_source":{"alert":"motion","location":"Exterior-Front Door","timestamp":"2018-04-05T17:41:13.143Z"}}
{"_index":"ifttt-2018-04-05","_type":"webhook","_id":"Thu Apr 05 2018 18:06:18 GMT+0000 (UTC)","_score":1,"_source":{"alert":"motion","location":"Exterior-Front Door","timestamp":"2018-04-05T18:06:18.957Z"}}
{"_index":"ifttt-2018-04-05","_type":"webhook","_id":"Thu Apr 05 2018 17:56:10 GMT+0000 (UTC)","_score":1,"_source":{"alert":"motion","location":"Exterior-Front Door","timestamp":"2018-04-05T17:56:10.948Z"}}
{"_index":"ifttt-2018-04-05","_type":"webhook","_id":"Thu Apr 05 2018 18:09:51 GMT+0000 (UTC)","_score":1,"_source":{"device":"FrontLock1","status":"Unlocked","user":" Manny Kin","timestamp":"2018-04-05T18:09:51.000Z"}}
{"_index":"ifttt-2018-04-05","_type":"webhook","_id":"Thu Apr 05 2018 18:09:44 GMT+0000 (UTC)","_score":1,"_source":{"device":"FrontLock1","status":"Locked","User":"Manny Kin","timestamp":"2018-04-05T18:09:44.717Z"}}
{"_index":"ifttt-2018-04-05","_type":"webhook","_id":"Thu Apr 05 2018 18:17:27 GMT+0000 (UTC)","_score":1,"_source":{"device":"FrontLock1","status":"Locked","User":"Manny Kin","timestamp":"2018-04-05T18:17:27.939Z"}}
{"_index":"ifttt-2018-04-05","_type":"webhook","_id":"Thu Apr 05 2018 18:17:36 GMT+0000 (UTC)","_score":1,"_source":{"alert":"motion","location":"Exterior-Front Door","timestamp":"2018-04-05T18:17:36.537Z"}}
{"_index":"ifttt-2018-04-05","_type":"webhook","_id":"Thu Apr 05 2018 18:22:12 GMT+0000 (UTC)","_score":1,"_source":{"alert":"motion","location":"Exterior-Front Door","timestamp":"2018-04-05T18:22:12.589Z"}}
{"_index":"ifttt-2018-04-05","_type":"webhook","_id":"Thu Apr 05 2018 18:27:16 GMT+0000 (UTC)","_score":1,"_source":{"alert":"motion","location":"Exterior-Front Door","timestamp":"2018-04-05T18:27:16.763Z"}}
{"_index":"ifttt-2018-04-05","_type":"webhook","_id":"Thu Apr 05 2018 18:12:48 GMT+0000 (UTC)","_score":1,"_source":{"alert":"motion","location":"Exterior-Front Door","timestamp":"2018-04-05T18:12:48.533Z"}}
{"_index":"ifttt-2018-04-05","_type":"webhook","_id":"Thu Apr 05 2018 18:37:18 GMT+0000 (UTC)","_score":1,"_source":{"alert":"motion","location":"Exterior-Front Door","timestamp":"2018-04-05T18:37:18.490Z"}}
{"_index":"ifttt-2018-04-05","_type":"webhook","_id":"Thu Apr 05 2018 20:03:29 GMT+0000 (UTC)","_score":1,"_source":{"device":"Alexa","deviceID":"10","action":"Voice Activation","target":"Room1Lamp","target-deviceID":"7","timestamp":"2018-04-05T20:03:29.639Z"}}
{"_index":"ifttt-2018-04-05","_type":"webhook","_id":"Thu Apr 05 2018 19:33:42 GMT+0000 (UTC)","_score":1,"_source":{"device":"FrontLock1","status":"Locked","User":"Manny Kin","timestamp":"2018-04-05T19:33:42.464Z"}}
{"_index":"ifttt-2018-04-05","_type":"webhook","_id":"Thu Apr 05 2018 18:47:39 GMT+0000 (UTC)","_score":1,"_source":{"alert":"motion","location":"Exterior-Front Door","timestamp":"2018-04-05T18:47:39.616Z"}}
{"_index":"ifttt-2018-04-05","_type":"webhook","_id":"Thu Apr 05 2018 18:52:43 GMT+0000 (UTC)","_score":1,"_source":{"alert":"motion","location":"Exterior-Front Door","timestamp":"2018-04-05T18:52:43.866Z"}}
{"_index":"ifttt-2018-04-05","_type":"webhook","_id":"Thu Apr 05 2018 18:57:19 GMT+0000 (UTC)","_score":1,"_source":{"alert":"motion","location":"Exterior-Front Door","timestamp":"2018-04-05T18:57:19.617Z"}}
{"_index":"ifttt-2018-04-05","_type":"webhook","_id":"Thu Apr 05 2018 19:52:29 GMT+0000 (UTC)","_score":1,"_source":{"alert":"motion","location":"Exterior-Front Door","timestamp":"2018-04-05T19:52:29.686Z"}}
{"_index":"ifttt-2018-04-05","_type":"webhook","_id":"Thu Apr 05 2018 19:05:27 GMT+0000 (UTC)","_score":1,"_source":{"device":"Room1Plug1","status":"Activated","timestamp":"2018-04-05T19:05:27.814Z"}}
{"_index":"ifttt-2018-04-05","_type":"webhook","_id":"Thu Apr 05 2018 19:17:54 GMT+0000 (UTC)","_score":1,"_source":{"alert":"motion","location":"Exterior-Front Door","timestamp":"2018-04-05T19:17:54.811Z"}}
{"_index":"ifttt-2018-04-05","_type":"webhook","_id":"Thu Apr 05 2018 19:32:22 GMT+0000 (UTC)","_score":1,"_source":{"alert":"motion","location":"Exterior-Front Door","timestamp":"2018-04-05T19:32:22.615Z"}}
{"_index":"ifttt-2018-04-05","_type":"webhook","_id":"Thu Apr 05 2018 20:39:28 GMT+0000 (UTC)","_score":1,"_source":{"device":"Alexa","deviceID":"10","action":"Voice Activation","target":"Room1Lamp","target-deviceID":"7","timestamp":"2018-04-05T20:39:28.322Z"}}
{"_index":"ifttt-2018-04-05","_type":"webhook","_id":"Thu Apr 05 2018 20:32:08 GMT+0000 (UTC)","_score":1,"_source":{"device":"FrontLock1","status":"Locked","User":"Manny Kin","timestamp":"2018-04-05T20:32:08.179Z"}}
{"_index":"ifttt-2018-04-05","_type":"webhook","_id":"Thu Apr 05 2018 20:40:26 GMT+0000 (UTC)","_score":1,"_source":{"device":"FrontLock1","status":"Locked","User":"Manny Kin","timestamp":"2018-04-05T20:40:26.405Z"}}
{"_index":"ifttt-2018-04-05","_type":"webhook","_id":"Thu Apr 05 2018 20:56:55 GMT+0000 (UTC)","_score":1,"_source":{"device":"FrontLock1","status":"Locked","User":"Manny Kin","timestamp":"2018-04-05T20:56:55.819Z"}}
{"_index":"ifttt-2018-04-05","_type":"webhook","_id":"Thu Apr 05 2018 20:34:08 GMT+0000 (UTC)","_score":1,"_source":{"device":"Room1Plug2","status":"Activated","time":" ","timestamp":"2018-04-05T20:34:08.710Z"}}
{"_index":"ifttt-2018-04-05","_type":"webhook","_id":"Thu Apr 05 2018 20:27:14 GMT+0000 (UTC)","_score":1,"_source":{"alert":"motion","location":"Exterior-Front Door","timestamp":"2018-04-05T20:27:14.199Z"}}
{"_index":"ifttt-2018-04-05","_type":"webhook","_id":"Thu Apr 05 2018 20:32:26 GMT+0000 (UTC)","_score":1,"_source":{"alert":"motion","location":"Exterior-Front Door","timestamp":"2018-04-05T20:32:26.643Z"}}
{"_index":"ifttt-2018-04-05","_type":"webhook","_id":"Thu Apr 05 2018 20:05:35 GMT+0000 (UTC)","_score":1,"_source":{"device":"Room1Plug1","status":"Activated","timestamp":"2018-04-05T20:05:35.752Z"}}
{"_index":"ifttt-2018-04-05","_type":"webhook","_id":"Thu Apr 05 2018 20:17:22 GMT+0000 (UTC)","_score":1,"_source":{"alert":"motion","location":"Exterior-Front Door","timestamp":"2018-04-05T20:17:22.766Z"}}
{"_index":"ifttt-2018-04-05","_type":"webhook","_id":"Thu Apr 05 2018 21:00:28 GMT+0000 (UTC)","_score":1,"_source":{"device":"Alexa","deviceID":"10","action":"Voice Deactivation","target":"Room1Lamp","target-deviceID":"7","timestamp":"2018-04-05T21:00:28.932Z"}}
{"_index":"ifttt-2018-04-05","_type":"webhook","_id":"Thu Apr 05 2018 21:07:24 GMT+0000 (UTC)","_score":1,"_source":{"device":"FrontLock1","status":"Locked","User":"Manny Kin","timestamp":"2018-04-05T21:07:24.366Z"}}
{"_index":"ifttt-2018-04-05","_type":"webhook","_id":"Thu Apr 05 2018 21:09:04 GMT+0000 (UTC)","_score":1,"_source":{"device":"FrontLock1","status":"Unlocked","user":" Manny Kin","timestamp":"2018-04-05T21:09:04.501Z"}}
{"_index":"ifttt-2018-04-05","_type":"webhook","_id":"Thu Apr 05 2018 21:12:04 GMT+0000 (UTC)","_score":1,"_source":{"alert":"motion","location":"Exterior-Front Door","timestamp":"2018-04-05T21:12:04.410Z"}}
{"_index":"ifttt-2018-04-05","_type":"webhook","_id":"Thu Apr 05 2018 21:12:59 GMT+0000 (UTC)","_score":1,"_source":{"device":"Alexa","deviceID":"10","action":"Voice Activation","target":"Room1Lamp","target-deviceID":"7","timestamp":"2018-04-05T21:12:59.133Z"}}
{"_index":"ifttt-2018-04-05","_type":"webhook","_id":"Thu Apr 05 2018 21:14:16 GMT+0000 (UTC)","_score":1,"_source":{"device":"Alexa","deviceID":"10","action":"Voice Deactivation","target":"Room1Lamp","target-deviceID":"7","timestamp":"2018-04-05T21:14:16.469Z"}}
{"_index":"ifttt-2018-04-05","_type":"webhook","_id":"Thu Apr 05 2018 22:37:23 GMT+0000 (UTC)","_score":1,"_source":{"alert":"motion","location":"Exterior-Front Door","timestamp":"2018-04-05T22:37:23.598Z"}}
