{"_index":"ifttt-2018-04-01","_type":"webhook","_id":"Sun Apr 01 2018 01:01:55 GMT+0000 (UTC)","_score":1,"_source":{"alert":"motion","location":"Exterior-Front Door","timestamp":"2018-04-01T01:01:55.925Z"}}
{"_index":"ifttt-2018-04-01","_type":"webhook","_id":"Sun Apr 01 2018 02:11:14 GMT+0000 (UTC)","_score":1,"_source":{"device":"Room1Plug2","status":"Activated","time":" ","timestamp":"2018-04-01T02:11:14.492Z"}}
{"_index":"ifttt-2018-04-01","_type":"webhook","_id":"Sun Apr 01 2018 07:16:22 GMT+0000 (UTC)","_score":1,"_source":{"device":"Room1Plug2","status":"Activated","time":" ","timestamp":"2018-04-01T07:16:22.808Z"}}
{"_index":"ifttt-2018-04-01","_type":"webhook","_id":"Sun Apr 01 2018 09:21:05 GMT+0000 (UTC)","_score":1,"_source":{"device":"Room1Plug2","status":"Activated","time":" ","timestamp":"2018-04-01T09:21:05.246Z"}}
{"_index":"ifttt-2018-04-01","_type":"webhook","_id":"Sun Apr 01 2018 12:29:30 GMT+0000 (UTC)","_score":1,"_source":{"device":"Room1Plug2","status":"Activated","time":" ","timestamp":"2018-04-01T12:29:30.814Z"}}
{"_index":"ifttt-2018-04-01","_type":"webhook","_id":"Sun Apr 01 2018 13:01:49 GMT+0000 (UTC)","_score":1,"_source":{"alert":"motion","location":"Exterior-Front Door","timestamp":"2018-04-01T13:01:49.060Z"}}
{"_index":"ifttt-2018-04-01","_type":"webhook","_id":"Sun Apr 01 2018 15:01:35 GMT+0000 (UTC)","_score":1,"_source":{"alert":"motion","location":"Exterior-Front Door","timestamp":"2018-04-01T15:01:35.738Z"}}
{"_index":"ifttt-2018-04-01","_type":"webhook","_id":"Sun Apr 01 2018 22:02:09 GMT+0000 (UTC)","_score":1,"_source":{"alert":"motion","location":"Exterior-Front Door","timestamp":"2018-04-01T22:02:09.715Z"}}
{"_index":"ifttt-2018-04-01","_type":"webhook","_id":"Sun Apr 01 2018 22:49:23 GMT+0000 (UTC)","_score":1,"_source":{"device":"Room1Plug2","status":"Activated","time":" ","timestamp":"2018-04-01T22:49:23.322Z"}}
{"_index":"ifttt-2018-04-01","_type":"webhook","_id":"Sun Apr 01 2018 08:16:28 GMT+0000 (UTC)","_score":1,"_source":{"device":"Room1Plug2","status":"Activated","time":" ","timestamp":"2018-04-01T08:16:28.665Z"}}
{"_index":"ifttt-2018-04-01","_type":"webhook","_id":"Sun Apr 01 2018 11:29:15 GMT+0000 (UTC)","_score":1,"_source":{"device":"Room1Plug2","status":"Activated","time":" ","timestamp":"2018-04-01T11:29:15.056Z"}}
{"_index":"ifttt-2018-04-01","_type":"webhook","_id":"Sun Apr 01 2018 19:44:10 GMT+0000 (UTC)","_score":1,"_source":{"device":"Room1Plug2","status":"Activated","time":" ","timestamp":"2018-04-01T19:44:10.230Z"}}
{"_index":"ifttt-2018-04-01","_type":"webhook","_id":"Sun Apr 01 2018 00:02:10 GMT+0000 (UTC)","_score":1,"_source":{"alert":"motion","location":"Exterior-Front Door","timestamp":"2018-04-01T00:02:10.012Z"}}
{"_index":"ifttt-2018-04-01","_type":"webhook","_id":"Sun Apr 01 2018 09:01:53 GMT+0000 (UTC)","_score":1,"_source":{"alert":"motion","location":"Exterior-Front Door","timestamp":"2018-04-01T09:01:53.169Z"}}
{"_index":"ifttt-2018-04-01","_type":"webhook","_id":"Sun Apr 01 2018 19:55:18 GMT+0000 (UTC)","_score":1,"_source":{"alert":"motion","location":"Exterior-Front Door","timestamp":"2018-04-01T19:55:18.488Z"}}
{"_index":"ifttt-2018-04-01","_type":"webhook","_id":"Sun Apr 01 2018 21:02:01 GMT+0000 (UTC)","_score":1,"_source":{"alert":"motion","location":"Exterior-Front Door","timestamp":"2018-04-01T21:02:01.563Z"}}
{"_index":"ifttt-2018-04-01","_type":"webhook","_id":"Sun Apr 01 2018 23:02:04 GMT+0000 (UTC)","_score":1,"_source":{"alert":"motion","location":"Exterior-Front Door","timestamp":"2018-04-01T23:02:04.686Z"}}
{"_index":"ifttt-2018-04-01","_type":"webhook","_id":"Sun Apr 01 2018 15:28:05 GMT+0000 (UTC)","_score":1,"_source":{"device":"Room1Plug1","status":"Activated","timestamp":"2018-04-01T15:28:05.390Z"}}
{"_index":"ifttt-2018-04-01","_type":"webhook","_id":"Sun Apr 01 2018 16:28:27 GMT+0000 (UTC)","_score":1,"_source":{"device":"Room1Plug1","status":"Activated","timestamp":"2018-04-01T16:28:27.202Z"}}
{"_index":"ifttt-2018-04-01","_type":"webhook","_id":"Sun Apr 01 2018 00:16:12 GMT+0000 (UTC)","_score":1,"_source":{"alert":"motion","location":"Exterior-Front Door","timestamp":"2018-04-01T00:16:12.824Z"}}
{"_index":"ifttt-2018-04-01","_type":"webhook","_id":"Sun Apr 01 2018 02:16:26 GMT+0000 (UTC)","_score":1,"_source":{"alert":"motion","location":"Exterior-Front Door","timestamp":"2018-04-01T02:16:26.406Z"}}
{"_index":"ifttt-2018-04-01","_type":"webhook","_id":"Sun Apr 01 2018 04:01:34 GMT+0000 (UTC)","_score":1,"_source":{"alert":"motion","location":"Exterior-Front Door","timestamp":"2018-04-01T04:01:34.632Z"}}
{"_index":"ifttt-2018-04-01","_type":"webhook","_id":"Sun Apr 01 2018 11:01:46 GMT+0000 (UTC)","_score":1,"_source":{"alert":"motion","location":"Exterior-Front Door","timestamp":"2018-04-01T11:01:46.369Z"}}
{"_index":"ifttt-2018-04-01","_type":"webhook","_id":"Sun Apr 01 2018 18:01:39 GMT+0000 (UTC)","_score":1,"_source":{"alert":"motion","location":"Exterior-Front Door","timestamp":"2018-04-01T18:01:39.001Z"}}
{"_index":"ifttt-2018-04-01","_type":"webhook","_id":"Sun Apr 01 2018 20:38:52 GMT+0000 (UTC)","_score":1,"_source":{"device":"Room1Plug1","status":"Activated","timestamp":"2018-04-01T20:38:52.487Z"}}
{"_index":"ifttt-2018-04-01","_type":"webhook","_id":"Sun Apr 01 2018 01:11:11 GMT+0000 (UTC)","_score":1,"_source":{"device":"Room1Plug2","status":"Activated","time":" ","timestamp":"2018-04-01T01:11:11.245Z"}}
{"_index":"ifttt-2018-04-01","_type":"webhook","_id":"Sun Apr 01 2018 05:16:15 GMT+0000 (UTC)","_score":1,"_source":{"device":"Room1Plug2","status":"Activated","time":" ","timestamp":"2018-04-01T05:16:15.738Z"}}
{"_index":"ifttt-2018-04-01","_type":"webhook","_id":"Sun Apr 01 2018 17:39:40 GMT+0000 (UTC)","_score":1,"_source":{"device":"Room1Plug2","status":"Activated","time":" ","timestamp":"2018-04-01T17:39:40.751Z"}}
{"_index":"ifttt-2018-04-01","_type":"webhook","_id":"Sun Apr 01 2018 04:16:13 GMT+0000 (UTC)","_score":1,"_source":{"alert":"motion","location":"Exterior-Front Door","timestamp":"2018-04-01T04:16:13.651Z"}}
{"_index":"ifttt-2018-04-01","_type":"webhook","_id":"Sun Apr 01 2018 06:01:23 GMT+0000 (UTC)","_score":1,"_source":{"alert":"motion","location":"Exterior-Front Door","timestamp":"2018-04-01T06:01:23.473Z"}}
{"_index":"ifttt-2018-04-01","_type":"webhook","_id":"Sun Apr 01 2018 17:01:28 GMT+0000 (UTC)","_score":1,"_source":{"alert":"motion","location":"Exterior-Front Door","timestamp":"2018-04-01T17:01:28.827Z"}}
{"_index":"ifttt-2018-04-01","_type":"webhook","_id":"Sun Apr 01 2018 07:12:12 GMT+0000 (UTC)","_score":1,"_source":{"device":"Room1Plug1","status":"Activated","timestamp":"2018-04-01T07:12:12.640Z"}}
{"_index":"ifttt-2018-04-01","_type":"webhook","_id":"Sun Apr 01 2018 08:12:28 GMT+0000 (UTC)","_score":1,"_source":{"device":"Room1Plug1","status":"Activated","timestamp":"2018-04-01T08:12:28.572Z"}}
{"_index":"ifttt-2018-04-01","_type":"webhook","_id":"Sun Apr 01 2018 18:33:26 GMT+0000 (UTC)","_score":1,"_source":{"device":"Room1Plug1","status":"Activated","timestamp":"2018-04-01T18:33:26.316Z"}}
{"_index":"ifttt-2018-04-01","_type":"webhook","_id":"Sun Apr 01 2018 22:43:29 GMT+0000 (UTC)","_score":1,"_source":{"device":"Room1Plug1","status":"Activated","timestamp":"2018-04-01T22:43:29.928Z"}}
{"_index":"ifttt-2018-04-01","_type":"webhook","_id":"Sun Apr 01 2018 03:11:28 GMT+0000 (UTC)","_score":1,"_source":{"device":"Room1Plug2","status":"Activated","time":" ","timestamp":"2018-04-01T03:11:28.699Z"}}
{"_index":"ifttt-2018-04-01","_type":"webhook","_id":"Sun Apr 01 2018 06:16:19 GMT+0000 (UTC)","_score":1,"_source":{"device":"Room1Plug2","status":"Activated","time":" ","timestamp":"2018-04-01T06:16:19.095Z"}}
{"_index":"ifttt-2018-04-01","_type":"webhook","_id":"Sun Apr 01 2018 10:24:19 GMT+0000 (UTC)","_score":1,"_source":{"device":"Room1Plug2","status":"Activated","time":" ","timestamp":"2018-04-01T10:24:19.017Z"}}
{"_index":"ifttt-2018-04-01","_type":"webhook","_id":"Sun Apr 01 2018 16:01:45 GMT+0000 (UTC)","_score":1,"_source":{"alert":"motion","location":"Exterior-Front Door","timestamp":"2018-04-01T16:01:45.471Z"}}
{"_index":"ifttt-2018-04-01","_type":"webhook","_id":"Sun Apr 01 2018 16:39:19 GMT+0000 (UTC)","_score":1,"_source":{"device":"Room1Plug2","status":"Activated","time":" ","timestamp":"2018-04-01T16:39:19.023Z"}}
{"_index":"ifttt-2018-04-01","_type":"webhook","_id":"Sun Apr 01 2018 20:44:17 GMT+0000 (UTC)","_score":1,"_source":{"device":"Room1Plug2","status":"Activated","time":" ","timestamp":"2018-04-01T20:44:17.216Z"}}
