{"_index":"ifttt-2018-05-06","_type":"webhook","_id":"Sun May 06 2018 03:50:23 GMT+0000 (UTC)","_score":1,"_source":{"device":"Room1Lamp","message":"Activated","timestamp":"2018-05-06T03:50:23.634Z"}}
{"_index":"ifttt-2018-05-06","_type":"webhook","_id":"Sun May 06 2018 09:00:43 GMT+0000 (UTC)","_score":1,"_source":{"device":"Room1Lamp","message":"Activated","timestamp":"2018-05-06T09:00:43.664Z"}}
{"_index":"ifttt-2018-05-06","_type":"webhook","_id":"Sun May 06 2018 13:25:22 GMT+0000 (UTC)","_score":1,"_source":{"device":"Room1Plug1","message":"Activated","timestamp":"2018-05-06T13:25:22.887Z"}}
{"_index":"ifttt-2018-05-06","_type":"webhook","_id":"Sun May 06 2018 18:30:37 GMT+0000 (UTC)","_score":1,"_source":{"device":"Room1Plug1","message":"Activated","timestamp":"2018-05-06T18:30:37.402Z"}}
{"_index":"ifttt-2018-05-06","_type":"webhook","_id":"Sun May 06 2018 22:34:16 GMT+0000 (UTC)","_score":1,"_source":{"time":"May 6, 2018","device":"miniCam","message":"motion","location":"Exterior-FrontDoor","timestamp":"2018-05-06T22:34:16.825Z"}}
{"_index":"ifttt-2018-05-06","_type":"webhook","_id":"Sun May 06 2018 04:50:32 GMT+0000 (UTC)","_score":1,"_source":{"device":"Room1Lamp","message":"Activated","timestamp":"2018-05-06T04:50:32.147Z"}}
{"_index":"ifttt-2018-05-06","_type":"webhook","_id":"Sun May 06 2018 05:03:28 GMT+0000 (UTC)","_score":1,"_source":{"device":"Plug1","message":"Activated","time":" ","timestamp":"2018-05-06T05:03:28.068Z"}}
{"_index":"ifttt-2018-05-06","_type":"webhook","_id":"Sun May 06 2018 09:08:22 GMT+0000 (UTC)","_score":1,"_source":{"device":"Plug1","message":"Activated","time":" ","timestamp":"2018-05-06T09:08:22.484Z"}}
{"_index":"ifttt-2018-05-06","_type":"webhook","_id":"Sun May 06 2018 09:20:08 GMT+0000 (UTC)","_score":1,"_source":{"device":"Room1Plug1","message":"Activated","timestamp":"2018-05-06T09:20:08.223Z"}}
{"_index":"ifttt-2018-05-06","_type":"webhook","_id":"Sun May 06 2018 17:24:14 GMT+0000 (UTC)","_score":1,"_source":{"time":"May 6, 2018","device":"miniCam","message":"motion","location":"Exterior-FrontDoor","timestamp":"2018-05-06T17:24:14.428Z"}}
{"_index":"ifttt-2018-05-06","_type":"webhook","_id":"Sun May 06 2018 23:14:18 GMT+0000 (UTC)","_score":1,"_source":{"time":"May 6, 2018","device":"miniCam","message":"motion","location":"Exterior-FrontDoor","timestamp":"2018-05-06T23:14:18.811Z"}}
{"_index":"ifttt-2018-05-06","_type":"webhook","_id":"Sun May 06 2018 12:05:41 GMT+0000 (UTC)","_score":1,"_source":{"device":"Room1Lamp","message":"Activated","timestamp":"2018-05-06T12:05:41.592Z"}}
{"_index":"ifttt-2018-05-06","_type":"webhook","_id":"Sun May 06 2018 19:30:39 GMT+0000 (UTC)","_score":1,"_source":{"device":"Room1Plug1","message":"Activated","timestamp":"2018-05-06T19:30:39.050Z"}}
{"_index":"ifttt-2018-05-06","_type":"webhook","_id":"Sun May 06 2018 20:30:54 GMT+0000 (UTC)","_score":1,"_source":{"device":"Room1Plug1","message":"Activated","timestamp":"2018-05-06T20:30:54.070Z"}}
{"_index":"ifttt-2018-05-06","_type":"webhook","_id":"Sun May 06 2018 22:04:11 GMT+0000 (UTC)","_score":1,"_source":{"time":"May 6, 2018","device":"miniCam","message":"motion","location":"Exterior-FrontDoor","timestamp":"2018-05-06T22:04:11.602Z"}}
{"_index":"ifttt-2018-05-06","_type":"webhook","_id":"Sun May 06 2018 22:44:05 GMT+0000 (UTC)","_score":1,"_source":{"time":"May 6, 2018","device":"miniCam","message":"motion","location":"Exterior-FrontDoor","timestamp":"2018-05-06T22:44:05.649Z"}}
{"_index":"ifttt-2018-05-06","_type":"webhook","_id":"Sun May 06 2018 23:24:10 GMT+0000 (UTC)","_score":1,"_source":{"time":"May 6, 2018","device":"miniCam","message":"motion","location":"Exterior-FrontDoor","timestamp":"2018-05-06T23:24:10.587Z"}}
{"_index":"ifttt-2018-05-06","_type":"webhook","_id":"Sun May 06 2018 10:20:23 GMT+0000 (UTC)","_score":1,"_source":{"device":"Room1Plug1","message":"Activated","timestamp":"2018-05-06T10:20:23.712Z"}}
{"_index":"ifttt-2018-05-06","_type":"webhook","_id":"Sun May 06 2018 11:05:24 GMT+0000 (UTC)","_score":1,"_source":{"device":"Room1Lamp","message":"Activated","timestamp":"2018-05-06T11:05:24.392Z"}}
{"_index":"ifttt-2018-05-06","_type":"webhook","_id":"Sun May 06 2018 14:25:44 GMT+0000 (UTC)","_score":1,"_source":{"device":"Room1Plug1","message":"Activated","timestamp":"2018-05-06T14:25:44.228Z"}}
{"_index":"ifttt-2018-05-06","_type":"webhook","_id":"Sun May 06 2018 17:29:05 GMT+0000 (UTC)","_score":1,"_source":{"time":"May 6, 2018","device":"miniCam","message":"motion","location":"Exterior-FrontDoor","timestamp":"2018-05-06T17:29:05.945Z"}}
{"_index":"ifttt-2018-05-06","_type":"webhook","_id":"Sun May 06 2018 20:04:21 GMT+0000 (UTC)","_score":1,"_source":{"time":"May 6, 2018","device":"miniCam","message":"motion","location":"Exterior-FrontDoor","timestamp":"2018-05-06T20:04:21.943Z"}}
{"_index":"ifttt-2018-05-06","_type":"webhook","_id":"Sun May 06 2018 20:49:19 GMT+0000 (UTC)","_score":1,"_source":{"time":"May 6, 2018","device":"miniCam","message":"motion","location":"Exterior-FrontDoor","timestamp":"2018-05-06T20:49:19.261Z"}}
{"_index":"ifttt-2018-05-06","_type":"webhook","_id":"Sun May 06 2018 21:24:24 GMT+0000 (UTC)","_score":1,"_source":{"time":"May 6, 2018","device":"miniCam","message":"motion","location":"Exterior-FrontDoor","timestamp":"2018-05-06T21:24:24.418Z"}}
{"_index":"ifttt-2018-05-06","_type":"webhook","_id":"Sun May 06 2018 22:29:15 GMT+0000 (UTC)","_score":1,"_source":{"time":"May 6, 2018","device":"miniCam","message":"motion","location":"Exterior-FrontDoor","timestamp":"2018-05-06T22:29:15.126Z"}}
{"_index":"ifttt-2018-05-06","_type":"webhook","_id":"Sun May 06 2018 23:19:06 GMT+0000 (UTC)","_score":1,"_source":{"time":"May 6, 2018","device":"miniCam","message":"motion","location":"Exterior-FrontDoor","timestamp":"2018-05-06T23:19:06.051Z"}}
{"_index":"ifttt-2018-05-06","_type":"webhook","_id":"Sun May 06 2018 01:10:05 GMT+0000 (UTC)","_score":1,"_source":{"device":"Room1Plug1","message":"Activated","timestamp":"2018-05-06T01:10:05.431Z"}}
{"_index":"ifttt-2018-05-06","_type":"webhook","_id":"Sun May 06 2018 10:00:56 GMT+0000 (UTC)","_score":1,"_source":{"device":"Room1Lamp","message":"Activated","timestamp":"2018-05-06T10:00:56.489Z"}}
{"_index":"ifttt-2018-05-06","_type":"webhook","_id":"Sun May 06 2018 13:29:12 GMT+0000 (UTC)","_score":1,"_source":{"time":"May 6, 2018","device":"miniCam","message":"motion","location":"Exterior-FrontDoor","timestamp":"2018-05-06T13:29:12.348Z"}}
{"_index":"ifttt-2018-05-06","_type":"webhook","_id":"Sun May 06 2018 14:10:16 GMT+0000 (UTC)","_score":1,"_source":{"device":"Room1Lamp","message":"Activated","timestamp":"2018-05-06T14:10:16.295Z"}}
{"_index":"ifttt-2018-05-06","_type":"webhook","_id":"Sun May 06 2018 16:15:27 GMT+0000 (UTC)","_score":1,"_source":{"device":"Room1Lamp","message":"Activated","timestamp":"2018-05-06T16:15:27.908Z"}}
{"_index":"ifttt-2018-05-06","_type":"webhook","_id":"Sun May 06 2018 18:34:14 GMT+0000 (UTC)","_score":1,"_source":{"time":"May 6, 2018","device":"miniCam","message":"motion","location":"Exterior-FrontDoor","timestamp":"2018-05-06T18:34:14.100Z"}}
{"_index":"ifttt-2018-05-06","_type":"webhook","_id":"Sun May 06 2018 22:44:04 GMT+0000 (UTC)","_score":1,"_source":{"time":"May 6, 2018","device":"miniCam","message":"motion","location":"Exterior-FrontDoor","timestamp":"2018-05-06T22:44:04.452Z"}}
{"_index":"ifttt-2018-05-06","_type":"webhook","_id":"Sun May 06 2018 23:44:12 GMT+0000 (UTC)","_score":1,"_source":{"time":"May 6, 2018","device":"miniCam","message":"motion","location":"Exterior-FrontDoor","timestamp":"2018-05-06T23:44:12.939Z"}}
{"_index":"ifttt-2018-05-06","_type":"webhook","_id":"Sun May 06 2018 23:44:13 GMT+0000 (UTC)","_score":1,"_source":{"time":"May 6, 2018","device":"miniCam","message":"motion","location":"Exterior-FrontDoor","timestamp":"2018-05-06T23:44:13.669Z"}}
