{"_index":"ifttt-2018-04-03","_type":"webhook","_id":"Tue Apr 03 2018 05:54:22 GMT+0000 (UTC)","_score":1,"_source":{"device":"Room1Plug2","status":"Activated","time":" ","timestamp":"2018-04-03T05:54:22.221Z"}}
{"_index":"ifttt-2018-04-03","_type":"webhook","_id":"Tue Apr 03 2018 07:01:40 GMT+0000 (UTC)","_score":1,"_source":{"alert":"motion","location":"Exterior-Front Door","timestamp":"2018-04-03T07:01:40.876Z"}}
{"_index":"ifttt-2018-04-03","_type":"webhook","_id":"Tue Apr 03 2018 12:01:37 GMT+0000 (UTC)","_score":1,"_source":{"alert":"motion","location":"Exterior-Front Door","timestamp":"2018-04-03T12:01:37.743Z"}}
{"_index":"ifttt-2018-04-03","_type":"webhook","_id":"Tue Apr 03 2018 12:31:38 GMT+0000 (UTC)","_score":1,"_source":{"alert":"motion","location":"Exterior-Front Door","timestamp":"2018-04-03T12:31:38.696Z"}}
{"_index":"ifttt-2018-04-03","_type":"webhook","_id":"Tue Apr 03 2018 13:01:47 GMT+0000 (UTC)","_score":1,"_source":{"alert":"motion","location":"Exterior-Front Door","timestamp":"2018-04-03T13:01:47.955Z"}}
{"_index":"ifttt-2018-04-03","_type":"webhook","_id":"Tue Apr 03 2018 06:28:21 GMT+0000 (UTC)","_score":1,"_source":{"device":"Room1Plug1","status":"Activated","timestamp":"2018-04-03T06:28:21.435Z"}}
{"_index":"ifttt-2018-04-03","_type":"webhook","_id":"Tue Apr 03 2018 08:33:04 GMT+0000 (UTC)","_score":1,"_source":{"device":"Room1Plug1","status":"Activated","timestamp":"2018-04-03T08:33:04.169Z"}}
{"_index":"ifttt-2018-04-03","_type":"webhook","_id":"Tue Apr 03 2018 09:33:14 GMT+0000 (UTC)","_score":1,"_source":{"device":"Room1Plug1","status":"Activated","timestamp":"2018-04-03T09:33:14.571Z"}}
{"_index":"ifttt-2018-04-03","_type":"webhook","_id":"Tue Apr 03 2018 12:31:37 GMT+0000 (UTC)","_score":1,"_source":{"alert":"motion","location":"Exterior-Front Door","timestamp":"2018-04-03T12:31:37.929Z"}}
{"_index":"ifttt-2018-04-03","_type":"webhook","_id":"Tue Apr 03 2018 15:01:33 GMT+0000 (UTC)","_score":1,"_source":{"alert":"motion","location":"Exterior-Front Door","timestamp":"2018-04-03T15:01:33.668Z"}}
{"_index":"ifttt-2018-04-03","_type":"webhook","_id":"Tue Apr 03 2018 16:33:05 GMT+0000 (UTC)","_score":1,"_source":{"device":"Alexa","deviceID":"10","action":"Voice Deactivation","target":"Room1Lamp","target-deviceID":"7","timestamp":"2018-04-03T16:33:05.012Z"}}
{"_index":"ifttt-2018-04-03","_type":"webhook","_id":"Tue Apr 03 2018 16:08:50 GMT+0000 (UTC)","_score":1,"_source":{"device":"Alexa","deviceID":"10","action":"Voice Activation","target":"Room1Lamp","target-deviceID":"7","timestamp":"2018-04-03T16:08:50.603Z"}}
{"_index":"ifttt-2018-04-03","_type":"webhook","_id":"Tue Apr 03 2018 16:20:00 GMT+0000 (UTC)","_score":1,"_source":{"device":"Alexa","deviceID":"10","action":"Voice Activation","target":"Room1Lamp","target-deviceID":"7","timestamp":"2018-04-03T16:20:00.227Z"}}
{"_index":"ifttt-2018-04-03","_type":"webhook","_id":"Tue Apr 03 2018 16:23:11 GMT+0000 (UTC)","_score":1,"_source":{"device":"Alexa","deviceID":"10","action":"Voice Activation","target":"Room1Lamp","target-deviceID":"7","timestamp":"2018-04-03T16:23:11.636Z"}}
{"_index":"ifttt-2018-04-03","_type":"webhook","_id":"Tue Apr 03 2018 16:05:06 GMT+0000 (UTC)","_score":1,"_source":{"device":"FrontLock1","status":"Unlocked","user":" Manny Kin","timestamp":"2018-04-03T16:05:06.901Z"}}
{"_index":"ifttt-2018-04-03","_type":"webhook","_id":"Tue Apr 03 2018 16:12:30 GMT+0000 (UTC)","_score":1,"_source":{"device":"FrontLock1","status":"Unlocked","user":" Manny Kin","timestamp":"2018-04-03T16:12:30.829Z"}}
{"_index":"ifttt-2018-04-03","_type":"webhook","_id":"Tue Apr 03 2018 16:03:56 GMT+0000 (UTC)","_score":1,"_source":{"device":"FrontLock1","status":"Locked","User":"Manny Kin","timestamp":"2018-04-03T16:03:56.360Z"}}
{"_index":"ifttt-2018-04-03","_type":"webhook","_id":"Tue Apr 03 2018 16:16:12 GMT+0000 (UTC)","_score":1,"_source":{"alert":"motion","location":"Exterior-Front Door","timestamp":"2018-04-03T16:16:12.693Z"}}
{"_index":"ifttt-2018-04-03","_type":"webhook","_id":"Tue Apr 03 2018 16:12:03 GMT+0000 (UTC)","_score":1,"_source":{"alert":"motion","location":"Exterior-Front Door","timestamp":"2018-04-03T16:12:03.593Z"}}
{"_index":"ifttt-2018-04-03","_type":"webhook","_id":"Tue Apr 03 2018 16:38:36 GMT+0000 (UTC)","_score":1,"_source":{"device":"Alexa","deviceID":"10","action":"Voice Deactivation","target":"Room1Lamp","target-deviceID":"7","timestamp":"2018-04-03T16:38:36.681Z"}}
{"_index":"ifttt-2018-04-03","_type":"webhook","_id":"Tue Apr 03 2018 17:05:18 GMT+0000 (UTC)","_score":1,"_source":{"device":"FrontLock1","status":"Unlocked","user":" Manual Unlock","timestamp":"2018-04-03T17:05:18.968Z"}}
{"_index":"ifttt-2018-04-03","_type":"webhook","_id":"Tue Apr 03 2018 17:06:07 GMT+0000 (UTC)","_score":1,"_source":{"device":"FrontLock1","status":"Unlocked","user":" Manual Unlock","timestamp":"2018-04-03T17:06:07.947Z"}}
{"_index":"ifttt-2018-04-03","_type":"webhook","_id":"Tue Apr 03 2018 16:34:56 GMT+0000 (UTC)","_score":1,"_source":{"device":"FrontLock1","status":"Unlocked","user":" Manny Kin","timestamp":"2018-04-03T16:34:56.216Z"}}
{"_index":"ifttt-2018-04-03","_type":"webhook","_id":"Tue Apr 03 2018 17:05:43 GMT+0000 (UTC)","_score":1,"_source":{"device":"FrontLock1","status":"Locked","User":"Manual Lock","timestamp":"2018-04-03T17:05:43.129Z"}}
{"_index":"ifttt-2018-04-03","_type":"webhook","_id":"Tue Apr 03 2018 16:36:42 GMT+0000 (UTC)","_score":1,"_source":{"alert":"motion","location":"Exterior-Front Door","timestamp":"2018-04-03T16:36:42.320Z"}}
{"_index":"ifttt-2018-04-03","_type":"webhook","_id":"Tue Apr 03 2018 17:36:21 GMT+0000 (UTC)","_score":1,"_source":{"alert":"motion","location":"Exterior-Front Door","timestamp":"2018-04-03T17:36:21.640Z"}}
{"_index":"ifttt-2018-04-03","_type":"webhook","_id":"Tue Apr 03 2018 17:43:41 GMT+0000 (UTC)","_score":1,"_source":{"device":"Room1Plug1","status":"Activated","timestamp":"2018-04-03T17:43:41.980Z"}}
{"_index":"ifttt-2018-04-03","_type":"webhook","_id":"Tue Apr 03 2018 17:06:21 GMT+0000 (UTC)","_score":1,"_source":{"alert":"motion","location":"Exterior-Front Door","timestamp":"2018-04-03T17:06:21.559Z"}}
{"_index":"ifttt-2018-04-03","_type":"webhook","_id":"Tue Apr 03 2018 18:53:07 GMT+0000 (UTC)","_score":1,"_source":{"device":"Alexa","deviceID":"10","action":"Voice Deactivation","target":"Room1Lamp","target-deviceID":"7","timestamp":"2018-04-03T18:53:07.718Z"}}
{"_index":"ifttt-2018-04-03","_type":"webhook","_id":"Tue Apr 03 2018 19:04:03 GMT+0000 (UTC)","_score":1,"_source":{"device":"Alexa","deviceID":"10","action":"Voice Activation","target":"Room1Lamp","target-deviceID":"7","timestamp":"2018-04-03T19:04:03.037Z"}}
{"_index":"ifttt-2018-04-03","_type":"webhook","_id":"Tue Apr 03 2018 18:26:31 GMT+0000 (UTC)","_score":1,"_source":{"alert":"motion","location":"Exterior-Front Door","timestamp":"2018-04-03T18:26:31.925Z"}}
{"_index":"ifttt-2018-04-03","_type":"webhook","_id":"Tue Apr 03 2018 18:41:34 GMT+0000 (UTC)","_score":1,"_source":{"alert":"motion","location":"Exterior-Front Door","timestamp":"2018-04-03T18:41:34.694Z"}}
{"_index":"ifttt-2018-04-03","_type":"webhook","_id":"Tue Apr 03 2018 20:16:37 GMT+0000 (UTC)","_score":1,"_source":{"alert":"motion","location":"Exterior-Front Door","timestamp":"2018-04-03T20:16:37.362Z"}}
{"_index":"ifttt-2018-04-03","_type":"webhook","_id":"Tue Apr 03 2018 18:11:05 GMT+0000 (UTC)","_score":1,"_source":{"alert":"motion","location":"Exterior-Front Door","timestamp":"2018-04-03T18:11:05.989Z"}}
{"_index":"ifttt-2018-04-03","_type":"webhook","_id":"Tue Apr 03 2018 18:22:06 GMT+0000 (UTC)","_score":1,"_source":{"alert":"motion","location":"Exterior-Front Door","timestamp":"2018-04-03T18:22:06.036Z"}}
{"_index":"ifttt-2018-04-03","_type":"webhook","_id":"Tue Apr 03 2018 18:43:42 GMT+0000 (UTC)","_score":1,"_source":{"device":"Room1Plug1","status":"Activated","timestamp":"2018-04-03T18:43:42.553Z"}}
{"_index":"ifttt-2018-04-03","_type":"webhook","_id":"Tue Apr 03 2018 18:56:11 GMT+0000 (UTC)","_score":1,"_source":{"alert":"motion","location":"Exterior-Front Door","timestamp":"2018-04-03T18:56:11.552Z"}}
{"_index":"ifttt-2018-04-03","_type":"webhook","_id":"Tue Apr 03 2018 20:41:28 GMT+0000 (UTC)","_score":1,"_source":{"alert":"motion","location":"Exterior-Front Door","timestamp":"2018-04-03T20:41:28.505Z"}}
{"_index":"ifttt-2018-04-03","_type":"webhook","_id":"Tue Apr 03 2018 20:56:08 GMT+0000 (UTC)","_score":1,"_source":{"alert":"motion","location":"Exterior-Front Door","timestamp":"2018-04-03T20:56:08.766Z"}}
{"_index":"ifttt-2018-04-03","_type":"webhook","_id":"Tue Apr 03 2018 21:01:47 GMT+0000 (UTC)","_score":1,"_source":{"alert":"motion","location":"Exterior-Front Door","timestamp":"2018-04-03T21:01:47.766Z"}}
{"_index":"ifttt-2018-04-03","_type":"webhook","_id":"Tue Apr 03 2018 21:26:27 GMT+0000 (UTC)","_score":1,"_source":{"alert":"motion","location":"Exterior-Front Door","timestamp":"2018-04-03T21:26:27.097Z"}}
{"_index":"ifttt-2018-04-03","_type":"webhook","_id":"Tue Apr 03 2018 23:06:21 GMT+0000 (UTC)","_score":1,"_source":{"alert":"motion","location":"Exterior-Front Door","timestamp":"2018-04-03T23:06:21.306Z"}}
{"_index":"ifttt-2018-04-03","_type":"webhook","_id":"Tue Apr 03 2018 10:04:17 GMT+0000 (UTC)","_score":1,"_source":{"device":"Room1Plug2","status":"Activated","time":" ","timestamp":"2018-04-03T10:04:17.842Z"}}
{"_index":"ifttt-2018-04-03","_type":"webhook","_id":"Tue Apr 03 2018 14:09:28 GMT+0000 (UTC)","_score":1,"_source":{"device":"Room1Plug2","status":"Activated","time":" ","timestamp":"2018-04-03T14:09:28.768Z"}}
{"_index":"ifttt-2018-04-03","_type":"webhook","_id":"Tue Apr 03 2018 01:01:37 GMT+0000 (UTC)","_score":1,"_source":{"alert":"motion","location":"Exterior-Front Door","timestamp":"2018-04-03T01:01:37.463Z"}}
{"_index":"ifttt-2018-04-03","_type":"webhook","_id":"Tue Apr 03 2018 02:21:08 GMT+0000 (UTC)","_score":1,"_source":{"alert":"motion","location":"Exterior-Front Door","timestamp":"2018-04-03T02:21:08.381Z"}}
{"_index":"ifttt-2018-04-03","_type":"webhook","_id":"Tue Apr 03 2018 05:11:16 GMT+0000 (UTC)","_score":1,"_source":{"alert":"motion","location":"Exterior-Front Door","timestamp":"2018-04-03T05:11:16.046Z"}}
{"_index":"ifttt-2018-04-03","_type":"webhook","_id":"Tue Apr 03 2018 06:01:25 GMT+0000 (UTC)","_score":1,"_source":{"alert":"motion","location":"Exterior-Front Door","timestamp":"2018-04-03T06:01:25.165Z"}}
{"_index":"ifttt-2018-04-03","_type":"webhook","_id":"Tue Apr 03 2018 09:22:45 GMT+0000 (UTC)","_score":1,"_source":{"alert":"motion","location":"Exterior-Front Door","timestamp":"2018-04-03T09:22:45.014Z"}}
{"_index":"ifttt-2018-04-03","_type":"webhook","_id":"Tue Apr 03 2018 14:11:26 GMT+0000 (UTC)","_score":1,"_source":{"alert":"motion","location":"Exterior-Front Door","timestamp":"2018-04-03T14:11:26.394Z"}}
{"_index":"ifttt-2018-04-03","_type":"webhook","_id":"Tue Apr 03 2018 15:26:11 GMT+0000 (UTC)","_score":1,"_source":{"alert":"motion","location":"Exterior-Front Door","timestamp":"2018-04-03T15:26:11.205Z"}}
{"_index":"ifttt-2018-04-03","_type":"webhook","_id":"Tue Apr 03 2018 12:51:13 GMT+0000 (UTC)","_score":1,"_source":{"alert":"motion","location":"Exterior-Front Door","timestamp":"2018-04-03T12:51:13.467Z"}}
{"_index":"ifttt-2018-04-03","_type":"webhook","_id":"Tue Apr 03 2018 16:16:38 GMT+0000 (UTC)","_score":1,"_source":{"device":"Alexa","deviceID":"10","action":"Voice Deactivation","target":"Room1Lamp","target-deviceID":"7","timestamp":"2018-04-03T16:16:38.138Z"}}
{"_index":"ifttt-2018-04-03","_type":"webhook","_id":"Tue Apr 03 2018 16:16:42 GMT+0000 (UTC)","_score":1,"_source":{"device":"Alexa","deviceID":"10","action":"Voice Activation","target":"Room1Lamp","target-deviceID":"7","timestamp":"2018-04-03T16:16:42.877Z"}}
{"_index":"ifttt-2018-04-03","_type":"webhook","_id":"Tue Apr 03 2018 16:22:54 GMT+0000 (UTC)","_score":1,"_source":{"device":"FrontLock1","status":"Unlocked","user":" Manny Kin","timestamp":"2018-04-03T16:22:54.514Z"}}
{"_index":"ifttt-2018-04-03","_type":"webhook","_id":"Tue Apr 03 2018 16:06:35 GMT+0000 (UTC)","_score":1,"_source":{"device":"FrontLock1","status":"Locked","User":"Manny Kin","timestamp":"2018-04-03T16:06:35.135Z"}}
{"_index":"ifttt-2018-04-03","_type":"webhook","_id":"Tue Apr 03 2018 16:18:04 GMT+0000 (UTC)","_score":1,"_source":{"device":"FrontLock1","status":"Locked","User":"Manny Kin","timestamp":"2018-04-03T16:18:04.333Z"}}
{"_index":"ifttt-2018-04-03","_type":"webhook","_id":"Tue Apr 03 2018 16:25:40 GMT+0000 (UTC)","_score":1,"_source":{"device":"FrontLock1","status":"Locked","User":"Manny Kin","timestamp":"2018-04-03T16:25:40.546Z"}}
{"_index":"ifttt-2018-04-03","_type":"webhook","_id":"Tue Apr 03 2018 15:56:22 GMT+0000 (UTC)","_score":1,"_source":{"alert":"motion","location":"Exterior-Front Door","timestamp":"2018-04-03T15:56:22.622Z"}}
{"_index":"ifttt-2018-04-03","_type":"webhook","_id":"Tue Apr 03 2018 15:56:23 GMT+0000 (UTC)","_score":1,"_source":{"alert":"motion","location":"Exterior-Front Door","timestamp":"2018-04-03T15:56:23.163Z"}}
{"_index":"ifttt-2018-04-03","_type":"webhook","_id":"Tue Apr 03 2018 16:06:10 GMT+0000 (UTC)","_score":1,"_source":{"alert":"motion","location":"Exterior-Front Door","timestamp":"2018-04-03T16:06:10.861Z"}}
{"_index":"ifttt-2018-04-03","_type":"webhook","_id":"Tue Apr 03 2018 16:28:47 GMT+0000 (UTC)","_score":1,"_source":{"device":"Alexa","deviceID":"10","action":"Voice Deactivation","target":"Room1Lamp","target-deviceID":"7","timestamp":"2018-04-03T16:28:47.054Z"}}
{"_index":"ifttt-2018-04-03","_type":"webhook","_id":"Tue Apr 03 2018 16:27:48 GMT+0000 (UTC)","_score":1,"_source":{"device":"Alexa","deviceID":"10","action":"Voice Activation","target":"Room1Lamp","target-deviceID":"7","timestamp":"2018-04-03T16:27:48.158Z"}}
{"_index":"ifttt-2018-04-03","_type":"webhook","_id":"Tue Apr 03 2018 16:38:38 GMT+0000 (UTC)","_score":1,"_source":{"device":"Alexa","deviceID":"10","action":"Voice Activation","target":"Room1Lamp","target-deviceID":"7","timestamp":"2018-04-03T16:38:38.487Z"}}
{"_index":"ifttt-2018-04-03","_type":"webhook","_id":"Tue Apr 03 2018 16:39:29 GMT+0000 (UTC)","_score":1,"_source":{"device":"Alexa","deviceID":"10","action":"Voice Activation","target":"Room1Lamp","target-deviceID":"7","timestamp":"2018-04-03T16:39:29.434Z"}}
{"_index":"ifttt-2018-04-03","_type":"webhook","_id":"Tue Apr 03 2018 18:49:56 GMT+0000 (UTC)","_score":1,"_source":{"device":"Alexa","deviceID":"10","action":"Voice Activation","target":"Room1Lamp","target-deviceID":"7","timestamp":"2018-04-03T18:49:56.449Z"}}
{"_index":"ifttt-2018-04-03","_type":"webhook","_id":"Tue Apr 03 2018 18:09:22 GMT+0000 (UTC)","_score":1,"_source":{"device":"FrontLock1","status":"Unlocked","user":" Manual Unlock","timestamp":"2018-04-03T18:09:22.146Z"}}
{"_index":"ifttt-2018-04-03","_type":"webhook","_id":"Tue Apr 03 2018 17:08:30 GMT+0000 (UTC)","_score":1,"_source":{"device":"FrontLock1","status":"Locked","User":"Manual Lock","timestamp":"2018-04-03T17:08:30.316Z"}}
{"_index":"ifttt-2018-04-03","_type":"webhook","_id":"Tue Apr 03 2018 17:31:24 GMT+0000 (UTC)","_score":1,"_source":{"alert":"motion","location":"Exterior-Front Door","timestamp":"2018-04-03T17:31:24.122Z"}}
{"_index":"ifttt-2018-04-03","_type":"webhook","_id":"Tue Apr 03 2018 17:46:26 GMT+0000 (UTC)","_score":1,"_source":{"alert":"motion","location":"Exterior-Front Door","timestamp":"2018-04-03T17:46:26.987Z"}}
{"_index":"ifttt-2018-04-03","_type":"webhook","_id":"Tue Apr 03 2018 18:53:23 GMT+0000 (UTC)","_score":1,"_source":{"device":"Alexa","deviceID":"10","action":"Voice Activation","target":"Room1Lamp","target-deviceID":"7","timestamp":"2018-04-03T18:53:23.615Z"}}
{"_index":"ifttt-2018-04-03","_type":"webhook","_id":"Tue Apr 03 2018 18:56:22 GMT+0000 (UTC)","_score":1,"_source":{"alert":"motion","location":"Exterior-Front Door","timestamp":"2018-04-03T18:56:22.126Z"}}
{"_index":"ifttt-2018-04-03","_type":"webhook","_id":"Tue Apr 03 2018 19:01:54 GMT+0000 (UTC)","_score":1,"_source":{"alert":"motion","location":"Exterior-Front Door","timestamp":"2018-04-03T19:01:54.877Z"}}
{"_index":"ifttt-2018-04-03","_type":"webhook","_id":"Tue Apr 03 2018 19:04:59 GMT+0000 (UTC)","_score":1,"_source":{"device":"FrontLock1","status":"Locked","User":"Manny Kin","timestamp":"2018-04-03T19:04:59.145Z"}}
{"_index":"ifttt-2018-04-03","_type":"webhook","_id":"Tue Apr 03 2018 19:06:22 GMT+0000 (UTC)","_score":1,"_source":{"alert":"motion","location":"Exterior-Front Door","timestamp":"2018-04-03T19:06:22.326Z"}}
{"_index":"ifttt-2018-04-03","_type":"webhook","_id":"Tue Apr 03 2018 19:31:15 GMT+0000 (UTC)","_score":1,"_source":{"alert":"motion","location":"Exterior-Front Door","timestamp":"2018-04-03T19:31:15.046Z"}}
{"_index":"ifttt-2018-04-03","_type":"webhook","_id":"Tue Apr 03 2018 21:11:16 GMT+0000 (UTC)","_score":1,"_source":{"device":"Room1Lamp","status":"Activated","timestamp":"2018-04-03T21:11:16.329Z"}}
{"_index":"ifttt-2018-04-03","_type":"webhook","_id":"Tue Apr 03 2018 04:54:08 GMT+0000 (UTC)","_score":1,"_source":{"device":"Room1Plug2","status":"Activated","time":" ","timestamp":"2018-04-03T04:54:08.017Z"}}
{"_index":"ifttt-2018-04-03","_type":"webhook","_id":"Tue Apr 03 2018 09:04:13 GMT+0000 (UTC)","_score":1,"_source":{"device":"Room1Plug2","status":"Activated","time":" ","timestamp":"2018-04-03T09:04:13.207Z"}}
{"_index":"ifttt-2018-04-03","_type":"webhook","_id":"Tue Apr 03 2018 13:09:20 GMT+0000 (UTC)","_score":1,"_source":{"device":"Room1Plug2","status":"Activated","time":" ","timestamp":"2018-04-03T13:09:20.798Z"}}
{"_index":"ifttt-2018-04-03","_type":"webhook","_id":"Tue Apr 03 2018 11:11:15 GMT+0000 (UTC)","_score":1,"_source":{"alert":"motion","location":"Exterior-Front Door","timestamp":"2018-04-03T11:11:15.200Z"}}
{"_index":"ifttt-2018-04-03","_type":"webhook","_id":"Tue Apr 03 2018 08:41:16 GMT+0000 (UTC)","_score":1,"_source":{"alert":"motion","location":"Exterior-Front Door","timestamp":"2018-04-03T08:41:16.321Z"}}
{"_index":"ifttt-2018-04-03","_type":"webhook","_id":"Tue Apr 03 2018 09:01:37 GMT+0000 (UTC)","_score":1,"_source":{"alert":"motion","location":"Exterior-Front Door","timestamp":"2018-04-03T09:01:37.462Z"}}
{"_index":"ifttt-2018-04-03","_type":"webhook","_id":"Tue Apr 03 2018 13:51:22 GMT+0000 (UTC)","_score":1,"_source":{"alert":"motion","location":"Exterior-Front Door","timestamp":"2018-04-03T13:51:22.632Z"}}
{"_index":"ifttt-2018-04-03","_type":"webhook","_id":"Tue Apr 03 2018 14:21:15 GMT+0000 (UTC)","_score":1,"_source":{"alert":"motion","location":"Exterior-Front Door","timestamp":"2018-04-03T14:21:15.999Z"}}
{"_index":"ifttt-2018-04-03","_type":"webhook","_id":"Tue Apr 03 2018 01:23:10 GMT+0000 (UTC)","_score":1,"_source":{"device":"Room1Plug1","status":"Activated","timestamp":"2018-04-03T01:23:10.550Z"}}
{"_index":"ifttt-2018-04-03","_type":"webhook","_id":"Tue Apr 03 2018 13:21:10 GMT+0000 (UTC)","_score":1,"_source":{"alert":"motion","location":"Exterior-Front Door","timestamp":"2018-04-03T13:21:10.829Z"}}
{"_index":"ifttt-2018-04-03","_type":"webhook","_id":"Tue Apr 03 2018 16:02:36 GMT+0000 (UTC)","_score":1,"_source":{"device":"Alexa","deviceID":"10","action":"Voice Activation","target":"Room1Lamp","target-deviceID":"7","timestamp":"2018-04-03T16:02:36.039Z"}}
{"_index":"ifttt-2018-04-03","_type":"webhook","_id":"Tue Apr 03 2018 16:05:22 GMT+0000 (UTC)","_score":1,"_source":{"device":"Alexa","deviceID":"10","action":"Voice Activation","target":"Room1Lamp","target-deviceID":"7","timestamp":"2018-04-03T16:05:22.709Z"}}
{"_index":"ifttt-2018-04-03","_type":"webhook","_id":"Tue Apr 03 2018 15:59:12 GMT+0000 (UTC)","_score":1,"_source":{"device":"FrontLock1","status":"Locked","User":"Manny Kin","timestamp":"2018-04-03T15:59:12.745Z"}}
{"_index":"ifttt-2018-04-03","_type":"webhook","_id":"Tue Apr 03 2018 16:16:13 GMT+0000 (UTC)","_score":1,"_source":{"alert":"motion","location":"Exterior-Front Door","timestamp":"2018-04-03T16:16:13.320Z"}}
{"_index":"ifttt-2018-04-03","_type":"webhook","_id":"Tue Apr 03 2018 16:01:50 GMT+0000 (UTC)","_score":1,"_source":{"alert":"motion","location":"Exterior-Front Door","timestamp":"2018-04-03T16:01:50.426Z"}}
{"_index":"ifttt-2018-04-03","_type":"webhook","_id":"Tue Apr 03 2018 16:12:01 GMT+0000 (UTC)","_score":1,"_source":{"alert":"motion","location":"Exterior-Front Door","timestamp":"2018-04-03T16:12:01.837Z"}}
{"_index":"ifttt-2018-04-03","_type":"webhook","_id":"Tue Apr 03 2018 16:12:02 GMT+0000 (UTC)","_score":1,"_source":{"alert":"motion","location":"Exterior-Front Door","timestamp":"2018-04-03T16:12:02.632Z"}}
{"_index":"ifttt-2018-04-03","_type":"webhook","_id":"Tue Apr 03 2018 16:26:19 GMT+0000 (UTC)","_score":1,"_source":{"alert":"motion","location":"Exterior-Front Door","timestamp":"2018-04-03T16:26:19.789Z"}}
{"_index":"ifttt-2018-04-03","_type":"webhook","_id":"Tue Apr 03 2018 16:21:16 GMT+0000 (UTC)","_score":1,"_source":{"alert":"motion","location":"Exterior-Front Door","timestamp":"2018-04-03T16:21:16.623Z"}}
{"_index":"ifttt-2018-04-03","_type":"webhook","_id":"Tue Apr 03 2018 16:39:40 GMT+0000 (UTC)","_score":1,"_source":{"device":"Alexa","deviceID":"10","action":"Voice Deactivation","target":"Room1Lamp","target-deviceID":"7","timestamp":"2018-04-03T16:39:40.517Z"}}
{"_index":"ifttt-2018-04-03","_type":"webhook","_id":"Tue Apr 03 2018 16:32:15 GMT+0000 (UTC)","_score":1,"_source":{"device":"Alexa","deviceID":"10","action":"Voice Activation","target":"Room1Lamp","target-deviceID":"7","timestamp":"2018-04-03T16:32:15.628Z"}}
{"_index":"ifttt-2018-04-03","_type":"webhook","_id":"Tue Apr 03 2018 17:04:03 GMT+0000 (UTC)","_score":1,"_source":{"device":"FrontLock1","status":"Unlocked","user":" Manual Unlock","timestamp":"2018-04-03T17:04:03.089Z"}}
{"_index":"ifttt-2018-04-03","_type":"webhook","_id":"Tue Apr 03 2018 16:31:22 GMT+0000 (UTC)","_score":1,"_source":{"device":"FrontLock1","status":"Unlocked","user":" Manny Kin","timestamp":"2018-04-03T16:31:22.469Z"}}
{"_index":"ifttt-2018-04-03","_type":"webhook","_id":"Tue Apr 03 2018 16:38:21 GMT+0000 (UTC)","_score":1,"_source":{"device":"FrontLock1","status":"Unlocked","user":" Manny Kin","timestamp":"2018-04-03T16:38:21.694Z"}}
{"_index":"ifttt-2018-04-03","_type":"webhook","_id":"Tue Apr 03 2018 16:28:48 GMT+0000 (UTC)","_score":1,"_source":{"device":"FrontLock1","status":"Locked","User":"Manny Kin","timestamp":"2018-04-03T16:28:48.385Z"}}
{"_index":"ifttt-2018-04-03","_type":"webhook","_id":"Tue Apr 03 2018 16:41:09 GMT+0000 (UTC)","_score":1,"_source":{"alert":"motion","location":"Exterior-Front Door","timestamp":"2018-04-03T16:41:09.898Z"}}
{"_index":"ifttt-2018-04-03","_type":"webhook","_id":"Tue Apr 03 2018 16:36:37 GMT+0000 (UTC)","_score":1,"_source":{"device":"Room1Lamp","status":"Activated","timestamp":"2018-04-03T16:36:37.385Z"}}
{"_index":"ifttt-2018-04-03","_type":"webhook","_id":"Tue Apr 03 2018 16:31:18 GMT+0000 (UTC)","_score":1,"_source":{"alert":"motion","location":"Exterior-Front Door","timestamp":"2018-04-03T16:31:18.979Z"}}
{"_index":"ifttt-2018-04-03","_type":"webhook","_id":"Tue Apr 03 2018 17:08:13 GMT+0000 (UTC)","_score":1,"_source":{"device":"FrontLock1","status":"Unlocked","user":" Manual Unlock","timestamp":"2018-04-03T17:08:13.143Z"}}
{"_index":"ifttt-2018-04-03","_type":"webhook","_id":"Tue Apr 03 2018 17:07:12 GMT+0000 (UTC)","_score":1,"_source":{"device":"FrontLock1","status":"Unlocked","user":" Manual Unlock","timestamp":"2018-04-03T17:07:12.576Z"}}
{"_index":"ifttt-2018-04-03","_type":"webhook","_id":"Tue Apr 03 2018 17:04:27 GMT+0000 (UTC)","_score":1,"_source":{"device":"FrontLock1","status":"Locked","User":"Manual Lock","timestamp":"2018-04-03T17:04:27.985Z"}}
{"_index":"ifttt-2018-04-03","_type":"webhook","_id":"Tue Apr 03 2018 17:11:15 GMT+0000 (UTC)","_score":1,"_source":{"alert":"motion","location":"Exterior-Front Door","timestamp":"2018-04-03T17:11:15.761Z"}}
{"_index":"ifttt-2018-04-03","_type":"webhook","_id":"Tue Apr 03 2018 17:51:23 GMT+0000 (UTC)","_score":1,"_source":{"alert":"motion","location":"Exterior-Front Door","timestamp":"2018-04-03T17:51:23.657Z"}}
{"_index":"ifttt-2018-04-03","_type":"webhook","_id":"Tue Apr 03 2018 17:56:29 GMT+0000 (UTC)","_score":1,"_source":{"alert":"motion","location":"Exterior-Front Door","timestamp":"2018-04-03T17:56:29.297Z"}}
{"_index":"ifttt-2018-04-03","_type":"webhook","_id":"Tue Apr 03 2018 18:01:25 GMT+0000 (UTC)","_score":1,"_source":{"alert":"motion","location":"Exterior-Front Door","timestamp":"2018-04-03T18:01:25.075Z"}}
{"_index":"ifttt-2018-04-03","_type":"webhook","_id":"Tue Apr 03 2018 18:06:14 GMT+0000 (UTC)","_score":1,"_source":{"alert":"motion","location":"Exterior-Front Door","timestamp":"2018-04-03T18:06:14.800Z"}}
{"_index":"ifttt-2018-04-03","_type":"webhook","_id":"Tue Apr 03 2018 18:16:21 GMT+0000 (UTC)","_score":1,"_source":{"alert":"motion","location":"Exterior-Front Door","timestamp":"2018-04-03T18:16:21.375Z"}}
{"_index":"ifttt-2018-04-03","_type":"webhook","_id":"Tue Apr 03 2018 18:54:03 GMT+0000 (UTC)","_score":1,"_source":{"device":"Alexa","deviceID":"10","action":"Voice Deactivation","target":"Room1Lamp","target-deviceID":"7","timestamp":"2018-04-03T18:54:03.321Z"}}
{"_index":"ifttt-2018-04-03","_type":"webhook","_id":"Tue Apr 03 2018 18:49:36 GMT+0000 (UTC)","_score":1,"_source":{"device":"FrontLock1","status":"Unlocked","user":" Manny Kin","timestamp":"2018-04-03T18:49:36.896Z"}}
{"_index":"ifttt-2018-04-03","_type":"webhook","_id":"Tue Apr 03 2018 18:50:43 GMT+0000 (UTC)","_score":1,"_source":{"device":"FrontLock1","status":"Locked","User":"Manny Kin","timestamp":"2018-04-03T18:50:43.759Z"}}
{"_index":"ifttt-2018-04-03","_type":"webhook","_id":"Tue Apr 03 2018 18:19:50 GMT+0000 (UTC)","_score":1,"_source":{"device":"Room1Plug2","status":"Activated","time":" ","timestamp":"2018-04-03T18:19:50.899Z"}}
{"_index":"ifttt-2018-04-03","_type":"webhook","_id":"Tue Apr 03 2018 18:22:08 GMT+0000 (UTC)","_score":1,"_source":{"alert":"motion","location":"Exterior-Front Door","timestamp":"2018-04-03T18:22:08.213Z"}}
{"_index":"ifttt-2018-04-03","_type":"webhook","_id":"Tue Apr 03 2018 18:31:26 GMT+0000 (UTC)","_score":1,"_source":{"alert":"motion","location":"Exterior-Front Door","timestamp":"2018-04-03T18:31:26.875Z"}}
{"_index":"ifttt-2018-04-03","_type":"webhook","_id":"Tue Apr 03 2018 18:51:04 GMT+0000 (UTC)","_score":1,"_source":{"alert":"motion","location":"Exterior-Front Door","timestamp":"2018-04-03T18:51:04.485Z"}}
{"_index":"ifttt-2018-04-03","_type":"webhook","_id":"Tue Apr 03 2018 18:51:05 GMT+0000 (UTC)","_score":1,"_source":{"alert":"motion","location":"Exterior-Front Door","timestamp":"2018-04-03T18:51:05.967Z"}}
{"_index":"ifttt-2018-04-03","_type":"webhook","_id":"Tue Apr 03 2018 19:46:30 GMT+0000 (UTC)","_score":1,"_source":{"alert":"motion","location":"Exterior-Front Door","timestamp":"2018-04-03T19:46:30.906Z"}}
{"_index":"ifttt-2018-04-03","_type":"webhook","_id":"Tue Apr 03 2018 19:51:54 GMT+0000 (UTC)","_score":1,"_source":{"alert":"motion","location":"Exterior-Front Door","timestamp":"2018-04-03T19:51:54.712Z"}}
{"_index":"ifttt-2018-04-03","_type":"webhook","_id":"Tue Apr 03 2018 20:11:14 GMT+0000 (UTC)","_score":1,"_source":{"device":"Room1Lamp","status":"Activated","timestamp":"2018-04-03T20:11:14.689Z"}}
{"_index":"ifttt-2018-04-03","_type":"webhook","_id":"Tue Apr 03 2018 20:21:18 GMT+0000 (UTC)","_score":1,"_source":{"alert":"motion","location":"Exterior-Front Door","timestamp":"2018-04-03T20:21:18.449Z"}}
{"_index":"ifttt-2018-04-03","_type":"webhook","_id":"Tue Apr 03 2018 20:24:26 GMT+0000 (UTC)","_score":1,"_source":{"device":"Room1Plug2","status":"Activated","time":" ","timestamp":"2018-04-03T20:24:26.361Z"}}
{"_index":"ifttt-2018-04-03","_type":"webhook","_id":"Tue Apr 03 2018 20:41:27 GMT+0000 (UTC)","_score":1,"_source":{"alert":"motion","location":"Exterior-Front Door","timestamp":"2018-04-03T20:41:27.312Z"}}
{"_index":"ifttt-2018-04-03","_type":"webhook","_id":"Tue Apr 03 2018 21:01:48 GMT+0000 (UTC)","_score":1,"_source":{"alert":"motion","location":"Exterior-Front Door","timestamp":"2018-04-03T21:01:48.352Z"}}
{"_index":"ifttt-2018-04-03","_type":"webhook","_id":"Tue Apr 03 2018 22:06:26 GMT+0000 (UTC)","_score":1,"_source":{"alert":"motion","location":"Exterior-Front Door","timestamp":"2018-04-03T22:06:26.041Z"}}
{"_index":"ifttt-2018-04-03","_type":"webhook","_id":"Tue Apr 03 2018 16:03:10 GMT+0000 (UTC)","_score":1,"_source":{"device":"Alexa","deviceID":"10","action":"Voice Deactivation","target":"Room1Lamp","target-deviceID":"7","timestamp":"2018-04-03T16:03:10.740Z"}}
{"_index":"ifttt-2018-04-03","_type":"webhook","_id":"Tue Apr 03 2018 07:59:12 GMT+0000 (UTC)","_score":1,"_source":{"device":"Room1Plug2","status":"Activated","time":" ","timestamp":"2018-04-03T07:59:12.453Z"}}
{"_index":"ifttt-2018-04-03","_type":"webhook","_id":"Tue Apr 03 2018 11:04:19 GMT+0000 (UTC)","_score":1,"_source":{"device":"Room1Plug2","status":"Activated","time":" ","timestamp":"2018-04-03T11:04:19.862Z"}}
{"_index":"ifttt-2018-04-03","_type":"webhook","_id":"Tue Apr 03 2018 13:11:20 GMT+0000 (UTC)","_score":1,"_source":{"alert":"motion","location":"Exterior-Front Door","timestamp":"2018-04-03T13:11:20.755Z"}}
{"_index":"ifttt-2018-04-03","_type":"webhook","_id":"Tue Apr 03 2018 13:11:21 GMT+0000 (UTC)","_score":1,"_source":{"alert":"motion","location":"Exterior-Front Door","timestamp":"2018-04-03T13:11:21.418Z"}}
{"_index":"ifttt-2018-04-03","_type":"webhook","_id":"Tue Apr 03 2018 00:31:38 GMT+0000 (UTC)","_score":1,"_source":{"alert":"motion","location":"Exterior-Front Door","timestamp":"2018-04-03T00:31:38.216Z"}}
{"_index":"ifttt-2018-04-03","_type":"webhook","_id":"Tue Apr 03 2018 02:01:42 GMT+0000 (UTC)","_score":1,"_source":{"alert":"motion","location":"Exterior-Front Door","timestamp":"2018-04-03T02:01:42.868Z"}}
{"_index":"ifttt-2018-04-03","_type":"webhook","_id":"Tue Apr 03 2018 14:41:25 GMT+0000 (UTC)","_score":1,"_source":{"alert":"motion","location":"Exterior-Front Door","timestamp":"2018-04-03T14:41:25.588Z"}}
{"_index":"ifttt-2018-04-03","_type":"webhook","_id":"Tue Apr 03 2018 16:06:09 GMT+0000 (UTC)","_score":1,"_source":{"alert":"motion","location":"Exterior-Front Door","timestamp":"2018-04-03T16:06:09.882Z"}}
{"_index":"ifttt-2018-04-03","_type":"webhook","_id":"Tue Apr 03 2018 13:31:40 GMT+0000 (UTC)","_score":1,"_source":{"alert":"motion","location":"Exterior-Front Door","timestamp":"2018-04-03T13:31:40.873Z"}}
{"_index":"ifttt-2018-04-03","_type":"webhook","_id":"Tue Apr 03 2018 14:11:24 GMT+0000 (UTC)","_score":1,"_source":{"alert":"motion","location":"Exterior-Front Door","timestamp":"2018-04-03T14:11:24.951Z"}}
{"_index":"ifttt-2018-04-03","_type":"webhook","_id":"Tue Apr 03 2018 16:20:56 GMT+0000 (UTC)","_score":1,"_source":{"device":"Alexa","deviceID":"10","action":"Voice Deactivation","target":"Room1Lamp","target-deviceID":"7","timestamp":"2018-04-03T16:20:56.067Z"}}
{"_index":"ifttt-2018-04-03","_type":"webhook","_id":"Tue Apr 03 2018 16:25:15 GMT+0000 (UTC)","_score":1,"_source":{"device":"Alexa","deviceID":"10","action":"Voice Deactivation","target":"Room1Lamp","target-deviceID":"7","timestamp":"2018-04-03T16:25:15.353Z"}}
{"_index":"ifttt-2018-04-03","_type":"webhook","_id":"Tue Apr 03 2018 16:12:50 GMT+0000 (UTC)","_score":1,"_source":{"device":"Alexa","deviceID":"10","action":"Voice Activation","target":"Room1Lamp","target-deviceID":"7","timestamp":"2018-04-03T16:12:50.474Z"}}
{"_index":"ifttt-2018-04-03","_type":"webhook","_id":"Tue Apr 03 2018 16:16:07 GMT+0000 (UTC)","_score":1,"_source":{"device":"FrontLock1","status":"Unlocked","user":" Manny Kin","timestamp":"2018-04-03T16:16:07.944Z"}}
{"_index":"ifttt-2018-04-03","_type":"webhook","_id":"Tue Apr 03 2018 16:19:39 GMT+0000 (UTC)","_score":1,"_source":{"device":"FrontLock1","status":"Unlocked","user":" Manny Kin","timestamp":"2018-04-03T16:19:39.912Z"}}
{"_index":"ifttt-2018-04-03","_type":"webhook","_id":"Tue Apr 03 2018 16:10:46 GMT+0000 (UTC)","_score":1,"_source":{"device":"FrontLock1","status":"Locked","User":"Manny Kin","timestamp":"2018-04-03T16:10:46.206Z"}}
{"_index":"ifttt-2018-04-03","_type":"webhook","_id":"Tue Apr 03 2018 16:21:18 GMT+0000 (UTC)","_score":1,"_source":{"device":"FrontLock1","status":"Locked","User":"Manny Kin","timestamp":"2018-04-03T16:21:18.706Z"}}
{"_index":"ifttt-2018-04-03","_type":"webhook","_id":"Tue Apr 03 2018 16:21:17 GMT+0000 (UTC)","_score":1,"_source":{"alert":"motion","location":"Exterior-Front Door","timestamp":"2018-04-03T16:21:17.053Z"}}
{"_index":"ifttt-2018-04-03","_type":"webhook","_id":"Tue Apr 03 2018 16:26:20 GMT+0000 (UTC)","_score":1,"_source":{"alert":"motion","location":"Exterior-Front Door","timestamp":"2018-04-03T16:26:20.237Z"}}
{"_index":"ifttt-2018-04-03","_type":"webhook","_id":"Tue Apr 03 2018 16:36:16 GMT+0000 (UTC)","_score":1,"_source":{"device":"Alexa","deviceID":"10","action":"Voice Activation","target":"Room1Lamp","target-deviceID":"7","timestamp":"2018-04-03T16:36:16.486Z"}}
{"_index":"ifttt-2018-04-03","_type":"webhook","_id":"Tue Apr 03 2018 16:27:30 GMT+0000 (UTC)","_score":1,"_source":{"device":"FrontLock1","status":"Unlocked","user":" Manny Kin","timestamp":"2018-04-03T16:27:30.012Z"}}
{"_index":"ifttt-2018-04-03","_type":"webhook","_id":"Tue Apr 03 2018 17:06:33 GMT+0000 (UTC)","_score":1,"_source":{"device":"FrontLock1","status":"Locked","User":"Manual Lock","timestamp":"2018-04-03T17:06:33.737Z"}}
{"_index":"ifttt-2018-04-03","_type":"webhook","_id":"Tue Apr 03 2018 16:33:12 GMT+0000 (UTC)","_score":1,"_source":{"device":"FrontLock1","status":"Locked","User":"Manny Kin","timestamp":"2018-04-03T16:33:12.051Z"}}
{"_index":"ifttt-2018-04-03","_type":"webhook","_id":"Tue Apr 03 2018 16:36:35 GMT+0000 (UTC)","_score":1,"_source":{"device":"FrontLock1","status":"Locked","User":"Manny Kin","timestamp":"2018-04-03T16:36:35.035Z"}}
{"_index":"ifttt-2018-04-03","_type":"webhook","_id":"Tue Apr 03 2018 16:40:29 GMT+0000 (UTC)","_score":1,"_source":{"device":"FrontLock1","status":"Locked","User":"Manny Kin","timestamp":"2018-04-03T16:40:29.833Z"}}
{"_index":"ifttt-2018-04-03","_type":"webhook","_id":"Tue Apr 03 2018 16:36:40 GMT+0000 (UTC)","_score":1,"_source":{"alert":"motion","location":"Exterior-Front Door","timestamp":"2018-04-03T16:36:40.835Z"}}
{"_index":"ifttt-2018-04-03","_type":"webhook","_id":"Tue Apr 03 2018 16:43:25 GMT+0000 (UTC)","_score":1,"_source":{"device":"Room1Plug1","status":"Activated","timestamp":"2018-04-03T16:43:25.347Z"}}
{"_index":"ifttt-2018-04-03","_type":"webhook","_id":"Tue Apr 03 2018 16:36:41 GMT+0000 (UTC)","_score":1,"_source":{"alert":"motion","location":"Exterior-Front Door","timestamp":"2018-04-03T16:36:41.890Z"}}
{"_index":"ifttt-2018-04-03","_type":"webhook","_id":"Tue Apr 03 2018 18:52:33 GMT+0000 (UTC)","_score":1,"_source":{"device":"FrontLock1","status":"Unlocked","user":" Manny Kin","timestamp":"2018-04-03T18:52:33.797Z"}}
{"_index":"ifttt-2018-04-03","_type":"webhook","_id":"Tue Apr 03 2018 18:48:38 GMT+0000 (UTC)","_score":1,"_source":{"device":"FrontLock1","status":"Locked","User":"Manny Kin","timestamp":"2018-04-03T18:48:38.623Z"}}
{"_index":"ifttt-2018-04-03","_type":"webhook","_id":"Tue Apr 03 2018 18:46:20 GMT+0000 (UTC)","_score":1,"_source":{"alert":"motion","location":"Exterior-Front Door","timestamp":"2018-04-03T18:46:20.309Z"}}
{"_index":"ifttt-2018-04-03","_type":"webhook","_id":"Tue Apr 03 2018 17:16:29 GMT+0000 (UTC)","_score":1,"_source":{"alert":"motion","location":"Exterior-Front Door","timestamp":"2018-04-03T17:16:29.031Z"}}
{"_index":"ifttt-2018-04-03","_type":"webhook","_id":"Tue Apr 03 2018 17:46:25 GMT+0000 (UTC)","_score":1,"_source":{"alert":"motion","location":"Exterior-Front Door","timestamp":"2018-04-03T17:46:25.807Z"}}
{"_index":"ifttt-2018-04-03","_type":"webhook","_id":"Tue Apr 03 2018 18:22:09 GMT+0000 (UTC)","_score":1,"_source":{"alert":"motion","location":"Exterior-Front Door","timestamp":"2018-04-03T18:22:09.250Z"}}
{"_index":"ifttt-2018-04-03","_type":"webhook","_id":"Tue Apr 03 2018 18:26:32 GMT+0000 (UTC)","_score":1,"_source":{"alert":"motion","location":"Exterior-Front Door","timestamp":"2018-04-03T18:26:32.835Z"}}
{"_index":"ifttt-2018-04-03","_type":"webhook","_id":"Tue Apr 03 2018 18:41:35 GMT+0000 (UTC)","_score":1,"_source":{"alert":"motion","location":"Exterior-Front Door","timestamp":"2018-04-03T18:41:35.978Z"}}
{"_index":"ifttt-2018-04-03","_type":"webhook","_id":"Tue Apr 03 2018 19:06:24 GMT+0000 (UTC)","_score":1,"_source":{"alert":"motion","location":"Exterior-Front Door","timestamp":"2018-04-03T19:06:24.435Z"}}
{"_index":"ifttt-2018-04-03","_type":"webhook","_id":"Tue Apr 03 2018 19:26:07 GMT+0000 (UTC)","_score":1,"_source":{"alert":"motion","location":"Exterior-Front Door","timestamp":"2018-04-03T19:26:07.878Z"}}
{"_index":"ifttt-2018-04-03","_type":"webhook","_id":"Tue Apr 03 2018 19:36:15 GMT+0000 (UTC)","_score":1,"_source":{"alert":"motion","location":"Exterior-Front Door","timestamp":"2018-04-03T19:36:15.357Z"}}
{"_index":"ifttt-2018-04-03","_type":"webhook","_id":"Tue Apr 03 2018 19:56:21 GMT+0000 (UTC)","_score":1,"_source":{"alert":"motion","location":"Exterior-Front Door","timestamp":"2018-04-03T19:56:21.073Z"}}
{"_index":"ifttt-2018-04-03","_type":"webhook","_id":"Tue Apr 03 2018 20:01:31 GMT+0000 (UTC)","_score":1,"_source":{"alert":"motion","location":"Exterior-Front Door","timestamp":"2018-04-03T20:01:31.249Z"}}
{"_index":"ifttt-2018-04-03","_type":"webhook","_id":"Tue Apr 03 2018 20:21:19 GMT+0000 (UTC)","_score":1,"_source":{"alert":"motion","location":"Exterior-Front Door","timestamp":"2018-04-03T20:21:19.598Z"}}
{"_index":"ifttt-2018-04-03","_type":"webhook","_id":"Tue Apr 03 2018 23:46:14 GMT+0000 (UTC)","_score":1,"_source":{"alert":"motion","location":"Exterior-Front Door","timestamp":"2018-04-03T23:46:14.479Z"}}
{"_index":"ifttt-2018-04-03","_type":"webhook","_id":"Tue Apr 03 2018 01:44:14 GMT+0000 (UTC)","_score":1,"_source":{"device":"Room1Plug2","status":"Activated","time":" ","timestamp":"2018-04-03T01:44:14.677Z"}}
{"_index":"ifttt-2018-04-03","_type":"webhook","_id":"Tue Apr 03 2018 03:01:26 GMT+0000 (UTC)","_score":1,"_source":{"alert":"motion","location":"Exterior-Front Door","timestamp":"2018-04-03T03:01:26.952Z"}}
{"_index":"ifttt-2018-04-03","_type":"webhook","_id":"Tue Apr 03 2018 08:01:27 GMT+0000 (UTC)","_score":1,"_source":{"alert":"motion","location":"Exterior-Front Door","timestamp":"2018-04-03T08:01:27.236Z"}}
{"_index":"ifttt-2018-04-03","_type":"webhook","_id":"Tue Apr 03 2018 12:51:12 GMT+0000 (UTC)","_score":1,"_source":{"alert":"motion","location":"Exterior-Front Door","timestamp":"2018-04-03T12:51:12.470Z"}}
{"_index":"ifttt-2018-04-03","_type":"webhook","_id":"Tue Apr 03 2018 15:11:06 GMT+0000 (UTC)","_score":1,"_source":{"alert":"motion","location":"Exterior-Front Door","timestamp":"2018-04-03T15:11:06.832Z"}}
{"_index":"ifttt-2018-04-03","_type":"webhook","_id":"Tue Apr 03 2018 15:16:44 GMT+0000 (UTC)","_score":1,"_source":{"alert":"motion","location":"Exterior-Front Door","timestamp":"2018-04-03T15:16:44.940Z"}}
{"_index":"ifttt-2018-04-03","_type":"webhook","_id":"Tue Apr 03 2018 14:38:15 GMT+0000 (UTC)","_score":1,"_source":{"device":"Room1Plug1","status":"Activated","timestamp":"2018-04-03T14:38:15.197Z"}}
{"_index":"ifttt-2018-04-03","_type":"webhook","_id":"Tue Apr 03 2018 13:31:39 GMT+0000 (UTC)","_score":1,"_source":{"alert":"motion","location":"Exterior-Front Door","timestamp":"2018-04-03T13:31:39.829Z"}}
{"_index":"ifttt-2018-04-03","_type":"webhook","_id":"Tue Apr 03 2018 14:11:25 GMT+0000 (UTC)","_score":1,"_source":{"alert":"motion","location":"Exterior-Front Door","timestamp":"2018-04-03T14:11:25.993Z"}}
{"_index":"ifttt-2018-04-03","_type":"webhook","_id":"Tue Apr 03 2018 15:01:34 GMT+0000 (UTC)","_score":1,"_source":{"alert":"motion","location":"Exterior-Front Door","timestamp":"2018-04-03T15:01:34.994Z"}}
{"_index":"ifttt-2018-04-03","_type":"webhook","_id":"Tue Apr 03 2018 16:06:13 GMT+0000 (UTC)","_score":1,"_source":{"device":"Alexa","deviceID":"10","action":"Voice Deactivation","target":"Room1Lamp","target-deviceID":"7","timestamp":"2018-04-03T16:06:13.027Z"}}
{"_index":"ifttt-2018-04-03","_type":"webhook","_id":"Tue Apr 03 2018 16:10:26 GMT+0000 (UTC)","_score":1,"_source":{"device":"Alexa","deviceID":"10","action":"Voice Deactivation","target":"Room1Lamp","target-deviceID":"7","timestamp":"2018-04-03T16:10:26.962Z"}}
{"_index":"ifttt-2018-04-03","_type":"webhook","_id":"Tue Apr 03 2018 16:17:27 GMT+0000 (UTC)","_score":1,"_source":{"device":"Alexa","deviceID":"10","action":"Voice Deactivation","target":"Room1Lamp","target-deviceID":"7","timestamp":"2018-04-03T16:17:27.134Z"}}
{"_index":"ifttt-2018-04-03","_type":"webhook","_id":"Tue Apr 03 2018 16:01:31 GMT+0000 (UTC)","_score":1,"_source":{"device":"Alexa","deviceID":"10","action":"Voice Activation","target":"Room1Lamp","target-deviceID":"7","timestamp":"2018-04-03T16:01:31.088Z"}}
{"_index":"ifttt-2018-04-03","_type":"webhook","_id":"Tue Apr 03 2018 16:00:57 GMT+0000 (UTC)","_score":1,"_source":{"device":"FrontLock1","status":"Unlocked","user":" Manny Kin","timestamp":"2018-04-03T16:00:57.319Z"}}
{"_index":"ifttt-2018-04-03","_type":"webhook","_id":"Tue Apr 03 2018 16:08:22 GMT+0000 (UTC)","_score":1,"_source":{"device":"FrontLock1","status":"Unlocked","user":" Manny Kin","timestamp":"2018-04-03T16:08:22.197Z"}}
{"_index":"ifttt-2018-04-03","_type":"webhook","_id":"Tue Apr 03 2018 16:14:20 GMT+0000 (UTC)","_score":1,"_source":{"device":"FrontLock1","status":"Locked","User":"Manny Kin","timestamp":"2018-04-03T16:14:20.978Z"}}
{"_index":"ifttt-2018-04-03","_type":"webhook","_id":"Tue Apr 03 2018 16:16:51 GMT+0000 (UTC)","_score":1,"_source":{"device":"Room1Lamp","status":"Activated","timestamp":"2018-04-03T16:16:51.658Z"}}
{"_index":"ifttt-2018-04-03","_type":"webhook","_id":"Tue Apr 03 2018 16:01:49 GMT+0000 (UTC)","_score":1,"_source":{"alert":"motion","location":"Exterior-Front Door","timestamp":"2018-04-03T16:01:49.652Z"}}
{"_index":"ifttt-2018-04-03","_type":"webhook","_id":"Tue Apr 03 2018 16:35:14 GMT+0000 (UTC)","_score":1,"_source":{"device":"Alexa","deviceID":"10","action":"Voice Activation","target":"Room1Lamp","target-deviceID":"7","timestamp":"2018-04-03T16:35:14.069Z"}}
{"_index":"ifttt-2018-04-03","_type":"webhook","_id":"Tue Apr 03 2018 17:08:04 GMT+0000 (UTC)","_score":1,"_source":{"device":"FrontLock1","status":"Locked","User":"Manual Lock","timestamp":"2018-04-03T17:08:04.662Z"}}
{"_index":"ifttt-2018-04-03","_type":"webhook","_id":"Tue Apr 03 2018 18:54:18 GMT+0000 (UTC)","_score":1,"_source":{"device":"FrontLock1","status":"Locked","User":"Manny Kin","timestamp":"2018-04-03T18:54:18.972Z"}}
{"_index":"ifttt-2018-04-03","_type":"webhook","_id":"Tue Apr 03 2018 17:06:20 GMT+0000 (UTC)","_score":1,"_source":{"alert":"motion","location":"Exterior-Front Door","timestamp":"2018-04-03T17:06:20.681Z"}}
{"_index":"ifttt-2018-04-03","_type":"webhook","_id":"Tue Apr 03 2018 18:22:07 GMT+0000 (UTC)","_score":1,"_source":{"alert":"motion","location":"Exterior-Front Door","timestamp":"2018-04-03T18:22:07.169Z"}}
{"_index":"ifttt-2018-04-03","_type":"webhook","_id":"Tue Apr 03 2018 18:31:25 GMT+0000 (UTC)","_score":1,"_source":{"alert":"motion","location":"Exterior-Front Door","timestamp":"2018-04-03T18:31:25.376Z"}}
{"_index":"ifttt-2018-04-03","_type":"webhook","_id":"Tue Apr 03 2018 16:31:17 GMT+0000 (UTC)","_score":1,"_source":{"alert":"motion","location":"Exterior-Front Door","timestamp":"2018-04-03T16:31:17.848Z"}}
{"_index":"ifttt-2018-04-03","_type":"webhook","_id":"Tue Apr 03 2018 17:11:16 GMT+0000 (UTC)","_score":1,"_source":{"alert":"motion","location":"Exterior-Front Door","timestamp":"2018-04-03T17:11:16.751Z"}}
{"_index":"ifttt-2018-04-03","_type":"webhook","_id":"Tue Apr 03 2018 18:46:19 GMT+0000 (UTC)","_score":1,"_source":{"alert":"motion","location":"Exterior-Front Door","timestamp":"2018-04-03T18:46:19.876Z"}}
{"_index":"ifttt-2018-04-03","_type":"webhook","_id":"Tue Apr 03 2018 18:56:01 GMT+0000 (UTC)","_score":1,"_source":{"device":"FrontLock1","status":"Unlocked","user":" Manny Kin","timestamp":"2018-04-03T18:56:01.826Z"}}
{"_index":"ifttt-2018-04-03","_type":"webhook","_id":"Tue Apr 03 2018 19:16:20 GMT+0000 (UTC)","_score":1,"_source":{"alert":"motion","location":"Exterior-Front Door","timestamp":"2018-04-03T19:16:20.716Z"}}
{"_index":"ifttt-2018-04-03","_type":"webhook","_id":"Tue Apr 03 2018 19:36:14 GMT+0000 (UTC)","_score":1,"_source":{"alert":"motion","location":"Exterior-Front Door","timestamp":"2018-04-03T19:36:14.772Z"}}
{"_index":"ifttt-2018-04-03","_type":"webhook","_id":"Tue Apr 03 2018 19:46:29 GMT+0000 (UTC)","_score":1,"_source":{"alert":"motion","location":"Exterior-Front Door","timestamp":"2018-04-03T19:46:29.598Z"}}
{"_index":"ifttt-2018-04-03","_type":"webhook","_id":"Tue Apr 03 2018 20:26:04 GMT+0000 (UTC)","_score":1,"_source":{"alert":"motion","location":"Exterior-Front Door","timestamp":"2018-04-03T20:26:04.126Z"}}
{"_index":"ifttt-2018-04-03","_type":"webhook","_id":"Tue Apr 03 2018 21:21:36 GMT+0000 (UTC)","_score":1,"_source":{"alert":"motion","location":"Exterior-Front Door","timestamp":"2018-04-03T21:21:36.795Z"}}
{"_index":"ifttt-2018-04-03","_type":"webhook","_id":"Tue Apr 03 2018 22:29:18 GMT+0000 (UTC)","_score":1,"_source":{"device":"Room1Plug2","status":"Activated","time":" ","timestamp":"2018-04-03T22:29:18.845Z"}}
