{"_index":"ifttt-2018-04-24","_type":"webhook","_id":"Tue Apr 24 2018 03:32:16 GMT+0000 (UTC)","_score":1,"_source":{"device":"Plug1","message":"Activated","time":" ","timestamp":"2018-04-24T03:32:16.585Z"}}
{"_index":"ifttt-2018-04-24","_type":"webhook","_id":"Tue Apr 24 2018 03:58:27 GMT+0000 (UTC)","_score":1,"_source":{"device":"Room1Plug1","message":"Activated","timestamp":"2018-04-24T03:58:27.320Z"}}
{"_index":"ifttt-2018-04-24","_type":"webhook","_id":"Tue Apr 24 2018 13:36:36 GMT+0000 (UTC)","_score":1,"_source":{"time":"April 24, 2018","device":"miniCam","message":"motion","location":"Exterior-FrontDoor","timestamp":"2018-04-24T13:36:36.712Z"}}
{"_index":"ifttt-2018-04-24","_type":"webhook","_id":"Tue Apr 24 2018 14:36:09 GMT+0000 (UTC)","_score":1,"_source":{"time":"April 24, 2018","device":"miniCam","message":"motion","location":"Exterior-FrontDoor","timestamp":"2018-04-24T14:36:09.430Z"}}
{"_index":"ifttt-2018-04-24","_type":"webhook","_id":"Tue Apr 24 2018 16:36:09 GMT+0000 (UTC)","_score":1,"_source":{"time":"April 24, 2018","device":"miniCam","message":"motion","location":"Exterior-FrontDoor","timestamp":"2018-04-24T16:36:09.388Z"}}
{"_index":"ifttt-2018-04-24","_type":"webhook","_id":"Tue Apr 24 2018 17:16:33 GMT+0000 (UTC)","_score":1,"_source":{"time":"April 24, 2018","device":"miniCam","message":"motion","location":"Exterior-FrontDoor","timestamp":"2018-04-24T17:16:33.356Z"}}
{"_index":"ifttt-2018-04-24","_type":"webhook","_id":"Tue Apr 24 2018 17:46:38 GMT+0000 (UTC)","_score":1,"_source":{"time":"April 24, 2018","device":"miniCam","message":"motion","location":"Exterior-FrontDoor","timestamp":"2018-04-24T17:46:38.075Z"}}
{"_index":"ifttt-2018-04-24","_type":"webhook","_id":"Tue Apr 24 2018 19:18:33 GMT+0000 (UTC)","_score":1,"_source":{"device":"Room1Plug1","message":"Activated","timestamp":"2018-04-24T19:18:33.570Z"}}
{"_index":"ifttt-2018-04-24","_type":"webhook","_id":"Tue Apr 24 2018 19:46:52 GMT+0000 (UTC)","_score":1,"_source":{"time":"April 24, 2018","device":"miniCam","message":"motion","location":"Exterior-FrontDoor","timestamp":"2018-04-24T19:46:52.202Z"}}
{"_index":"ifttt-2018-04-24","_type":"webhook","_id":"Tue Apr 24 2018 15:36:06 GMT+0000 (UTC)","_score":1,"_source":{"time":"April 24, 2018","device":"miniCam","message":"motion","location":"Exterior-FrontDoor","timestamp":"2018-04-24T15:36:06.640Z"}}
{"_index":"ifttt-2018-04-24","_type":"webhook","_id":"Tue Apr 24 2018 16:26:07 GMT+0000 (UTC)","_score":1,"_source":{"time":"April 24, 2018","device":"miniCam","message":"motion","location":"Exterior-FrontDoor","timestamp":"2018-04-24T16:26:07.849Z"}}
{"_index":"ifttt-2018-04-24","_type":"webhook","_id":"Tue Apr 24 2018 16:51:04 GMT+0000 (UTC)","_score":1,"_source":{"time":"April 24, 2018","device":"miniCam","message":"motion","location":"Exterior-FrontDoor","timestamp":"2018-04-24T16:51:04.000Z"}}
{"_index":"ifttt-2018-04-24","_type":"webhook","_id":"Tue Apr 24 2018 17:16:32 GMT+0000 (UTC)","_score":1,"_source":{"time":"April 24, 2018","device":"miniCam","message":"motion","location":"Exterior-FrontDoor","timestamp":"2018-04-24T17:16:32.685Z"}}
{"_index":"ifttt-2018-04-24","_type":"webhook","_id":"Tue Apr 24 2018 19:11:38 GMT+0000 (UTC)","_score":1,"_source":{"time":"April 24, 2018","device":"miniCam","message":"motion","location":"Exterior-FrontDoor","timestamp":"2018-04-24T19:11:38.261Z"}}
{"_index":"ifttt-2018-04-24","_type":"webhook","_id":"Tue Apr 24 2018 18:56:22 GMT+0000 (UTC)","_score":1,"_source":{"device":"Plug1","message":"Activated","time":" ","timestamp":"2018-04-24T18:56:22.754Z"}}
{"_index":"ifttt-2018-04-24","_type":"webhook","_id":"Tue Apr 24 2018 13:13:17 GMT+0000 (UTC)","_score":1,"_source":{"device":"Room1Plug1","message":"Activated","timestamp":"2018-04-24T13:13:17.986Z"}}
{"_index":"ifttt-2018-04-24","_type":"webhook","_id":"Tue Apr 24 2018 17:18:22 GMT+0000 (UTC)","_score":1,"_source":{"device":"Room1Plug1","message":"Activated","timestamp":"2018-04-24T17:18:22.028Z"}}
{"_index":"ifttt-2018-04-24","_type":"webhook","_id":"Tue Apr 24 2018 14:02:59 GMT+0000 (UTC)","_score":1,"_source":{"device":"Room1Lamp","message":"Activated","timestamp":"2018-04-24T14:02:59.855Z"}}
{"_index":"ifttt-2018-04-24","_type":"webhook","_id":"Tue Apr 24 2018 21:36:18 GMT+0000 (UTC)","_score":1,"_source":{"time":"April 24, 2018","device":"miniCam","message":"motion","location":"Exterior-FrontDoor","timestamp":"2018-04-24T21:36:18.941Z"}}
{"_index":"ifttt-2018-04-24","_type":"webhook","_id":"Tue Apr 24 2018 14:41:09 GMT+0000 (UTC)","_score":1,"_source":{"time":"April 24, 2018","device":"miniCam","message":"motion","location":"Exterior-FrontDoor","timestamp":"2018-04-24T14:41:09.377Z"}}
{"_index":"ifttt-2018-04-24","_type":"webhook","_id":"Tue Apr 24 2018 16:36:08 GMT+0000 (UTC)","_score":1,"_source":{"time":"April 24, 2018","device":"miniCam","message":"motion","location":"Exterior-FrontDoor","timestamp":"2018-04-24T16:36:08.837Z"}}
{"_index":"ifttt-2018-04-24","_type":"webhook","_id":"Tue Apr 24 2018 18:18:29 GMT+0000 (UTC)","_score":1,"_source":{"device":"Room1Plug1","message":"Activated","timestamp":"2018-04-24T18:18:29.107Z"}}
{"_index":"ifttt-2018-04-24","_type":"webhook","_id":"Tue Apr 24 2018 19:11:39 GMT+0000 (UTC)","_score":1,"_source":{"time":"April 24, 2018","device":"miniCam","message":"motion","location":"Exterior-FrontDoor","timestamp":"2018-04-24T19:11:39.007Z"}}
{"_index":"ifttt-2018-04-24","_type":"webhook","_id":"Tue Apr 24 2018 20:31:36 GMT+0000 (UTC)","_score":1,"_source":{"time":"April 24, 2018","device":"miniCam","message":"motion","location":"Exterior-FrontDoor","timestamp":"2018-04-24T20:31:36.802Z"}}
{"_index":"ifttt-2018-04-24","_type":"webhook","_id":"Tue Apr 24 2018 20:31:37 GMT+0000 (UTC)","_score":1,"_source":{"time":"April 24, 2018","device":"miniCam","message":"motion","location":"Exterior-FrontDoor","timestamp":"2018-04-24T20:31:37.709Z"}}
{"_index":"ifttt-2018-04-24","_type":"webhook","_id":"Tue Apr 24 2018 20:31:38 GMT+0000 (UTC)","_score":1,"_source":{"time":"April 24, 2018","device":"miniCam","message":"motion","location":"Exterior-FrontDoor","timestamp":"2018-04-24T20:31:38.957Z"}}
{"_index":"ifttt-2018-04-24","_type":"webhook","_id":"Tue Apr 24 2018 13:26:19 GMT+0000 (UTC)","_score":1,"_source":{"time":"April 24, 2018","device":"miniCam","message":"motion","location":"Exterior-FrontDoor","timestamp":"2018-04-24T13:26:19.505Z"}}
{"_index":"ifttt-2018-04-24","_type":"webhook","_id":"Tue Apr 24 2018 13:36:35 GMT+0000 (UTC)","_score":1,"_source":{"time":"April 24, 2018","device":"miniCam","message":"motion","location":"Exterior-FrontDoor","timestamp":"2018-04-24T13:36:35.392Z"}}
{"_index":"ifttt-2018-04-24","_type":"webhook","_id":"Tue Apr 24 2018 15:56:07 GMT+0000 (UTC)","_score":1,"_source":{"time":"April 24, 2018","device":"miniCam","message":"motion","location":"Exterior-FrontDoor","timestamp":"2018-04-24T15:56:07.013Z"}}
{"_index":"ifttt-2018-04-24","_type":"webhook","_id":"Tue Apr 24 2018 16:41:07 GMT+0000 (UTC)","_score":1,"_source":{"time":"April 24, 2018","device":"miniCam","message":"motion","location":"Exterior-FrontDoor","timestamp":"2018-04-24T16:41:07.727Z"}}
{"_index":"ifttt-2018-04-24","_type":"webhook","_id":"Tue Apr 24 2018 16:46:59 GMT+0000 (UTC)","_score":1,"_source":{"time":"April 24, 2018","device":"miniCam","message":"motion","location":"Exterior-FrontDoor","timestamp":"2018-04-24T16:46:59.239Z"}}
{"_index":"ifttt-2018-04-24","_type":"webhook","_id":"Tue Apr 24 2018 01:31:09 GMT+0000 (UTC)","_score":1,"_source":{"device":"Plug1","message":"Activated","time":" ","timestamp":"2018-04-24T01:31:09.164Z"}}
{"_index":"ifttt-2018-04-24","_type":"webhook","_id":"Tue Apr 24 2018 07:36:24 GMT+0000 (UTC)","_score":1,"_source":{"device":"Plug1","message":"Activated","time":" ","timestamp":"2018-04-24T07:36:24.602Z"}}
{"_index":"ifttt-2018-04-24","_type":"webhook","_id":"Tue Apr 24 2018 17:56:20 GMT+0000 (UTC)","_score":1,"_source":{"device":"Plug1","message":"Activated","time":" ","timestamp":"2018-04-24T17:56:20.190Z"}}
{"_index":"ifttt-2018-04-24","_type":"webhook","_id":"Tue Apr 24 2018 13:02:40 GMT+0000 (UTC)","_score":1,"_source":{"device":"Room1Lamp","message":"Activated","timestamp":"2018-04-24T13:02:40.797Z"}}
{"_index":"ifttt-2018-04-24","_type":"webhook","_id":"Tue Apr 24 2018 18:07:14 GMT+0000 (UTC)","_score":1,"_source":{"device":"Room1Lamp","message":"Activated","timestamp":"2018-04-24T18:07:14.449Z"}}
{"_index":"ifttt-2018-04-24","_type":"webhook","_id":"Tue Apr 24 2018 19:56:04 GMT+0000 (UTC)","_score":1,"_source":{"time":"April 24, 2018","device":"miniCam","message":"motion","location":"Exterior-FrontDoor","timestamp":"2018-04-24T19:56:04.796Z"}}
{"_index":"ifttt-2018-04-24","_type":"webhook","_id":"Tue Apr 24 2018 19:56:05 GMT+0000 (UTC)","_score":1,"_source":{"time":"April 24, 2018","device":"miniCam","message":"motion","location":"Exterior-FrontDoor","timestamp":"2018-04-24T19:56:05.825Z"}}
{"_index":"ifttt-2018-04-24","_type":"webhook","_id":"Tue Apr 24 2018 21:26:15 GMT+0000 (UTC)","_score":1,"_source":{"time":"April 24, 2018","device":"miniCam","message":"motion","location":"Exterior-FrontDoor","timestamp":"2018-04-24T21:26:15.027Z"}}
{"_index":"ifttt-2018-04-24","_type":"webhook","_id":"Tue Apr 24 2018 21:41:13 GMT+0000 (UTC)","_score":1,"_source":{"time":"April 24, 2018","device":"miniCam","message":"motion","location":"Exterior-FrontDoor","timestamp":"2018-04-24T21:41:13.241Z"}}
{"_index":"ifttt-2018-04-24","_type":"webhook","_id":"Tue Apr 24 2018 21:46:13 GMT+0000 (UTC)","_score":1,"_source":{"time":"April 24, 2018","device":"miniCam","message":"motion","location":"Exterior-FrontDoor","timestamp":"2018-04-24T21:46:13.479Z"}}
{"_index":"ifttt-2018-04-24","_type":"webhook","_id":"Tue Apr 24 2018 02:31:14 GMT+0000 (UTC)","_score":1,"_source":{"device":"Plug1","message":"Activated","time":" ","timestamp":"2018-04-24T02:31:14.944Z"}}
{"_index":"ifttt-2018-04-24","_type":"webhook","_id":"Tue Apr 24 2018 10:41:14 GMT+0000 (UTC)","_score":1,"_source":{"device":"Plug1","message":"Activated","time":" ","timestamp":"2018-04-24T10:41:14.753Z"}}
{"_index":"ifttt-2018-04-24","_type":"webhook","_id":"Tue Apr 24 2018 10:57:20 GMT+0000 (UTC)","_score":1,"_source":{"device":"Room1Lamp","message":"Activated","timestamp":"2018-04-24T10:57:20.668Z"}}
{"_index":"ifttt-2018-04-24","_type":"webhook","_id":"Tue Apr 24 2018 14:32:03 GMT+0000 (UTC)","_score":1,"_source":{"time":"April 24, 2018","device":"miniCam","message":"motion","location":"Exterior-FrontDoor","timestamp":"2018-04-24T14:32:03.052Z"}}
{"_index":"ifttt-2018-04-24","_type":"webhook","_id":"Tue Apr 24 2018 14:56:14 GMT+0000 (UTC)","_score":1,"_source":{"time":"April 24, 2018","device":"miniCam","message":"motion","location":"Exterior-FrontDoor","timestamp":"2018-04-24T14:56:14.659Z"}}
{"_index":"ifttt-2018-04-24","_type":"webhook","_id":"Tue Apr 24 2018 15:51:18 GMT+0000 (UTC)","_score":1,"_source":{"time":"April 24, 2018","device":"miniCam","message":"motion","location":"Exterior-FrontDoor","timestamp":"2018-04-24T15:51:18.846Z"}}
{"_index":"ifttt-2018-04-24","_type":"webhook","_id":"Tue Apr 24 2018 19:32:37 GMT+0000 (UTC)","_score":1,"_source":{"time":"April 24, 2018","device":"miniCam","message":"motion","location":"Exterior-FrontDoor","timestamp":"2018-04-24T19:32:37.221Z"}}
{"_index":"ifttt-2018-04-24","_type":"webhook","_id":"Tue Apr 24 2018 20:26:18 GMT+0000 (UTC)","_score":1,"_source":{"time":"April 24, 2018","device":"miniCam","message":"motion","location":"Exterior-FrontDoor","timestamp":"2018-04-24T20:26:18.297Z"}}
