{"_index":"ifttt-2018-04-21","_type":"webhook","_id":"Sat Apr 21 2018 07:46:49 GMT+0000 (UTC)","_score":1,"_source":{"device":"Plug1","message":"Activated","time":" ","timestamp":"2018-04-21T07:46:49.112Z"}}
{"_index":"ifttt-2018-04-21","_type":"webhook","_id":"Sat Apr 21 2018 17:01:21 GMT+0000 (UTC)","_score":1,"_source":{"device":"Plug1","message":"Activated","time":" ","timestamp":"2018-04-21T17:01:21.048Z"}}
{"_index":"ifttt-2018-04-21","_type":"webhook","_id":"Sat Apr 21 2018 22:11:23 GMT+0000 (UTC)","_score":1,"_source":{"device":"Plug1","message":"Activated","time":" ","timestamp":"2018-04-21T22:11:23.821Z"}}
{"_index":"ifttt-2018-04-21","_type":"webhook","_id":"Sat Apr 21 2018 05:12:45 GMT+0000 (UTC)","_score":1,"_source":{"id":0,"jsonrpc":"2.0","method":"eth_accounts","timestamp":"2018-04-21T05:12:45.725Z"}}
{"_index":"ifttt-2018-04-21","_type":"webhook","_id":"Sat Apr 21 2018 10:51:08 GMT+0000 (UTC)","_score":1,"_source":{"device":"Plug1","message":"Activated","time":" ","timestamp":"2018-04-21T10:51:08.459Z"}}
{"_index":"ifttt-2018-04-21","_type":"webhook","_id":"Sat Apr 21 2018 12:46:35 GMT+0000 (UTC)","_score":1,"_source":{"device":"Room1Plug1","message":"Activated","timestamp":"2018-04-21T12:46:35.406Z"}}
{"_index":"ifttt-2018-04-21","_type":"webhook","_id":"Sat Apr 21 2018 16:24:25 GMT+0000 (UTC)","_score":1,"_source":{"device":"Room1Lamp","message":"Activated","timestamp":"2018-04-21T16:24:25.563Z"}}
{"_index":"ifttt-2018-04-21","_type":"webhook","_id":"Sat Apr 21 2018 02:41:17 GMT+0000 (UTC)","_score":1,"_source":{"device":"Plug1","message":"Activated","time":" ","timestamp":"2018-04-21T02:41:17.052Z"}}
{"_index":"ifttt-2018-04-21","_type":"webhook","_id":"Sat Apr 21 2018 03:41:27 GMT+0000 (UTC)","_score":1,"_source":{"device":"Plug1","message":"Activated","time":" ","timestamp":"2018-04-21T03:41:27.377Z"}}
{"_index":"ifttt-2018-04-21","_type":"webhook","_id":"Sat Apr 21 2018 13:19:19 GMT+0000 (UTC)","_score":1,"_source":{"device":"Room1Lamp","message":"Activated","timestamp":"2018-04-21T13:19:19.297Z"}}
{"_index":"ifttt-2018-04-21","_type":"webhook","_id":"Sat Apr 21 2018 18:51:22 GMT+0000 (UTC)","_score":1,"_source":{"device":"Room1Plug1","message":"Activated","timestamp":"2018-04-21T18:51:22.409Z"}}
{"_index":"ifttt-2018-04-21","_type":"webhook","_id":"Sat Apr 21 2018 01:41:08 GMT+0000 (UTC)","_score":1,"_source":{"device":"Plug1","message":"Activated","time":" ","timestamp":"2018-04-21T01:41:08.151Z"}}
{"_index":"ifttt-2018-04-21","_type":"webhook","_id":"Sat Apr 21 2018 02:32:15 GMT+0000 (UTC)","_score":1,"_source":{"device":"Room1Plug1","message":"Activated","timestamp":"2018-04-21T02:32:15.670Z"}}
{"_index":"ifttt-2018-04-21","_type":"webhook","_id":"Sat Apr 21 2018 10:41:27 GMT+0000 (UTC)","_score":1,"_source":{"device":"Room1Plug1","message":"Activated","timestamp":"2018-04-21T10:41:27.333Z"}}
{"_index":"ifttt-2018-04-21","_type":"webhook","_id":"Sat Apr 21 2018 17:51:14 GMT+0000 (UTC)","_score":1,"_source":{"device":"Room1Plug1","message":"Activated","timestamp":"2018-04-21T17:51:14.822Z"}}
{"_index":"ifttt-2018-04-21","_type":"webhook","_id":"Sat Apr 21 2018 20:06:09 GMT+0000 (UTC)","_score":1,"_source":{"device":"Plug1","message":"Activated","time":" ","timestamp":"2018-04-21T20:06:09.505Z"}}
