{"_index":"ifttt-2018-04-09","_type":"webhook","_id":"Mon Apr 09 2018 15:09:21 GMT+0000 (UTC)","_score":1,"_source":{"time":"April 9, 2018 at 11:09AM","device":"Alexa","message":"Voice Deactivation","target":"lamp","timestamp":"2018-04-09T15:09:21.744Z"}}
{"_index":"ifttt-2018-04-09","_type":"webhook","_id":"Mon Apr 09 2018 12:17:34 GMT+0000 (UTC)","_score":1,"_source":{"time":"April 9, 2018","device":"miniCam","message":"motion","location":"Exterior-FrontDoor","timestamp":"2018-04-09T12:17:34.023Z"}}
{"_index":"ifttt-2018-04-09","_type":"webhook","_id":"Mon Apr 09 2018 13:02:50 GMT+0000 (UTC)","_score":1,"_source":{"time":"April 9, 2018","device":"miniCam","message":"motion","location":"Exterior-FrontDoor","timestamp":"2018-04-09T13:02:50.196Z"}}
{"_index":"ifttt-2018-04-09","_type":"webhook","_id":"Mon Apr 09 2018 14:17:34 GMT+0000 (UTC)","_score":1,"_source":{"time":"April 9, 2018","device":"miniCam","message":"motion","location":"Exterior-FrontDoor","timestamp":"2018-04-09T14:17:34.646Z"}}
{"_index":"ifttt-2018-04-09","_type":"webhook","_id":"Mon Apr 09 2018 15:17:47 GMT+0000 (UTC)","_score":1,"_source":{"time":"April 9, 2018","device":"miniCam","message":"motion","location":"Exterior-FrontDoor","timestamp":"2018-04-09T15:17:47.451Z"}}
{"_index":"ifttt-2018-04-09","_type":"webhook","_id":"Mon Apr 09 2018 16:37:29 GMT+0000 (UTC)","_score":1,"_source":{"time":"April 9, 2018","device":"miniCam","message":"motion","location":"Exterior-FrontDoor","timestamp":"2018-04-09T16:37:29.333Z"}}
{"_index":"ifttt-2018-04-09","_type":"webhook","_id":"Mon Apr 09 2018 16:39:05 GMT+0000 (UTC)","_score":1,"_source":{"time":"April 9, 2018","device":"miniCam","message":"motion","location":"Exterior-FrontDoor","timestamp":"2018-04-09T16:39:05.419Z"}}
{"_index":"ifttt-2018-04-09","_type":"webhook","_id":"Mon Apr 09 2018 06:40:15 GMT+0000 (UTC)","_score":1,"_source":{"device":"Plug1","message":"Activated","time":" ","timestamp":"2018-04-09T06:40:15.028Z"}}
{"_index":"ifttt-2018-04-09","_type":"webhook","_id":"Mon Apr 09 2018 02:25:15 GMT+0000 (UTC)","_score":1,"_source":{"device":"Room1Lamp","message":"Off","timestamp":"2018-04-09T02:25:15.354Z"}}
{"_index":"ifttt-2018-04-09","_type":"webhook","_id":"Mon Apr 09 2018 16:29:51 GMT+0000 (UTC)","_score":1,"_source":{"time":"April 9, 2018","device":"miniCam","message":"motion","location":"Exterior-FrontDoor","timestamp":"2018-04-09T16:29:51.791Z"}}
{"_index":"ifttt-2018-04-09","_type":"webhook","_id":"Mon Apr 09 2018 16:46:20 GMT+0000 (UTC)","_score":1,"_source":{"time":"April 9, 2018","device":"miniCam","message":"motion","location":"Exterior-FrontDoor","timestamp":"2018-04-09T16:46:20.188Z"}}
{"_index":"ifttt-2018-04-09","_type":"webhook","_id":"Mon Apr 09 2018 16:48:22 GMT+0000 (UTC)","_score":1,"_source":{"time":"April 9, 2018","device":"miniCam","message":"motion","location":"Exterior-FrontDoor","timestamp":"2018-04-09T16:48:22.763Z"}}
{"_index":"ifttt-2018-04-09","_type":"webhook","_id":"Mon Apr 09 2018 17:18:15 GMT+0000 (UTC)","_score":1,"_source":{"time":"April 9, 2018","device":"miniCam","message":"motion","location":"Exterior-FrontDoor","timestamp":"2018-04-09T17:18:15.331Z"}}
{"_index":"ifttt-2018-04-09","_type":"webhook","_id":"Mon Apr 09 2018 17:20:21 GMT+0000 (UTC)","_score":1,"_source":{"time":"April 9, 2018","device":"miniCam","message":"motion","location":"Exterior-FrontDoor","timestamp":"2018-04-09T17:20:21.385Z"}}
{"_index":"ifttt-2018-04-09","_type":"webhook","_id":"Mon Apr 09 2018 17:24:20 GMT+0000 (UTC)","_score":1,"_source":{"time":"April 9, 2018","device":"miniCam","message":"motion","location":"Exterior-FrontDoor","timestamp":"2018-04-09T17:24:20.106Z"}}
{"_index":"ifttt-2018-04-09","_type":"webhook","_id":"Mon Apr 09 2018 17:27:09 GMT+0000 (UTC)","_score":1,"_source":{"time":"April 9, 2018","device":"miniCam","message":"motion","location":"Exterior-FrontDoor","timestamp":"2018-04-09T17:27:09.092Z"}}
{"_index":"ifttt-2018-04-09","_type":"webhook","_id":"Mon Apr 09 2018 17:30:51 GMT+0000 (UTC)","_score":1,"_source":{"time":"April 9, 2018","device":"miniCam","message":"motion","location":"Exterior-FrontDoor","timestamp":"2018-04-09T17:30:51.576Z"}}
{"_index":"ifttt-2018-04-09","_type":"webhook","_id":"Mon Apr 09 2018 17:42:41 GMT+0000 (UTC)","_score":1,"_source":{"time":"April 9, 2018","device":"miniCam","message":"motion","location":"Exterior-FrontDoor","timestamp":"2018-04-09T17:42:41.472Z"}}
{"_index":"ifttt-2018-04-09","_type":"webhook","_id":"Mon Apr 09 2018 17:48:11 GMT+0000 (UTC)","_score":1,"_source":{"time":"April 9, 2018","device":"miniCam","message":"motion","location":"Exterior-FrontDoor","timestamp":"2018-04-09T17:48:11.653Z"}}
{"_index":"ifttt-2018-04-09","_type":"webhook","_id":"Mon Apr 09 2018 19:02:18 GMT+0000 (UTC)","_score":1,"_source":{"time":"April 9, 2018","device":"miniCam","message":"motion","location":"Exterior-FrontDoor","timestamp":"2018-04-09T19:02:18.827Z"}}
{"_index":"ifttt-2018-04-09","_type":"webhook","_id":"Mon Apr 09 2018 19:02:19 GMT+0000 (UTC)","_score":1,"_source":{"time":"April 9, 2018","device":"miniCam","message":"motion","location":"Exterior-FrontDoor","timestamp":"2018-04-09T19:02:19.256Z"}}
{"_index":"ifttt-2018-04-09","_type":"webhook","_id":"Mon Apr 09 2018 17:57:52 GMT+0000 (UTC)","_score":1,"_source":{"time":" April 9, 2018 at 01:57PM","device":"Alexa","message":"Voice Activation","target":"lamp","timestamp":"2018-04-09T17:57:52.331Z"}}
{"_index":"ifttt-2018-04-09","_type":"webhook","_id":"Mon Apr 09 2018 18:15:45 GMT+0000 (UTC)","_score":1,"_source":{"time":"April 9, 2018","device":"miniCam","message":"motion","location":"Exterior-FrontDoor","timestamp":"2018-04-09T18:15:45.557Z"}}
{"_index":"ifttt-2018-04-09","_type":"webhook","_id":"Mon Apr 09 2018 18:24:43 GMT+0000 (UTC)","_score":1,"_source":{"time":"April 9, 2018","device":"miniCam","message":"motion","location":"Exterior-FrontDoor","timestamp":"2018-04-09T18:24:43.883Z"}}
{"_index":"ifttt-2018-04-09","_type":"webhook","_id":"Mon Apr 09 2018 19:17:27 GMT+0000 (UTC)","_score":1,"_source":{"time":"April 9, 2018","device":"miniCam","message":"motion","location":"Exterior-FrontDoor","timestamp":"2018-04-09T19:17:27.776Z"}}
{"_index":"ifttt-2018-04-09","_type":"webhook","_id":"Mon Apr 09 2018 19:17:28 GMT+0000 (UTC)","_score":1,"_source":{"time":"April 9, 2018","device":"miniCam","message":"motion","location":"Exterior-FrontDoor","timestamp":"2018-04-09T19:17:28.985Z"}}
{"_index":"ifttt-2018-04-09","_type":"webhook","_id":"Mon Apr 09 2018 19:17:30 GMT+0000 (UTC)","_score":1,"_source":{"time":"April 9, 2018","device":"miniCam","message":"motion","location":"Exterior-FrontDoor","timestamp":"2018-04-09T19:17:30.044Z"}}
{"_index":"ifttt-2018-04-09","_type":"webhook","_id":"Mon Apr 09 2018 20:02:23 GMT+0000 (UTC)","_score":1,"_source":{"time":"April 9, 2018","device":"miniCam","message":"motion","location":"Exterior-FrontDoor","timestamp":"2018-04-09T20:02:23.911Z"}}
{"_index":"ifttt-2018-04-09","_type":"webhook","_id":"Mon Apr 09 2018 20:47:07 GMT+0000 (UTC)","_score":1,"_source":{"time":"April 9, 2018","device":"miniCam","message":"motion","location":"Exterior-FrontDoor","timestamp":"2018-04-09T20:47:07.331Z"}}
{"_index":"ifttt-2018-04-09","_type":"webhook","_id":"Mon Apr 09 2018 21:02:11 GMT+0000 (UTC)","_score":1,"_source":{"time":"April 9, 2018","device":"miniCam","message":"motion","location":"Exterior-FrontDoor","timestamp":"2018-04-09T21:02:11.726Z"}}
{"_index":"ifttt-2018-04-09","_type":"webhook","_id":"Mon Apr 09 2018 12:47:43 GMT+0000 (UTC)","_score":1,"_source":{"time":"April 9, 2018","device":"miniCam","message":"motion","location":"Exterior-FrontDoor","timestamp":"2018-04-09T12:47:43.556Z"}}
{"_index":"ifttt-2018-04-09","_type":"webhook","_id":"Mon Apr 09 2018 14:02:36 GMT+0000 (UTC)","_score":1,"_source":{"time":"April 9, 2018","device":"miniCam","message":"motion","location":"Exterior-FrontDoor","timestamp":"2018-04-09T14:02:36.655Z"}}
{"_index":"ifttt-2018-04-09","_type":"webhook","_id":"Mon Apr 09 2018 15:02:43 GMT+0000 (UTC)","_score":1,"_source":{"time":"April 9, 2018","device":"miniCam","message":"motion","location":"Exterior-FrontDoor","timestamp":"2018-04-09T15:02:43.191Z"}}
{"_index":"ifttt-2018-04-09","_type":"webhook","_id":"Mon Apr 09 2018 15:17:45 GMT+0000 (UTC)","_score":1,"_source":{"time":"April 9, 2018","device":"miniCam","message":"motion","location":"Exterior-FrontDoor","timestamp":"2018-04-09T15:17:45.874Z"}}
{"_index":"ifttt-2018-04-09","_type":"webhook","_id":"Mon Apr 09 2018 15:17:46 GMT+0000 (UTC)","_score":1,"_source":{"time":"April 9, 2018","device":"miniCam","message":"motion","location":"Exterior-FrontDoor","timestamp":"2018-04-09T15:17:46.510Z"}}
{"_index":"ifttt-2018-04-09","_type":"webhook","_id":"Mon Apr 09 2018 15:17:16 GMT+0000 (UTC)","_score":1,"_source":{"device":"FrontLock1","status":"Locked","user":"Manny Kin","timestamp":"2018-04-09T15:17:16.501Z"}}
{"_index":"ifttt-2018-04-09","_type":"webhook","_id":"Mon Apr 09 2018 01:42:27 GMT+0000 (UTC)","_score":1,"_source":{"device":"Room1Plug1","message":"Activated","timestamp":"2018-04-09T01:42:27.267Z"}}
{"_index":"ifttt-2018-04-09","_type":"webhook","_id":"Mon Apr 09 2018 12:17:33 GMT+0000 (UTC)","_score":1,"_source":{"time":"April 9, 2018","device":"miniCam","message":"motion","location":"Exterior-FrontDoor","timestamp":"2018-04-09T12:17:33.574Z"}}
{"_index":"ifttt-2018-04-09","_type":"webhook","_id":"Mon Apr 09 2018 13:17:37 GMT+0000 (UTC)","_score":1,"_source":{"time":"April 9, 2018","device":"miniCam","message":"motion","location":"Exterior-FrontDoor","timestamp":"2018-04-09T13:17:37.754Z"}}
{"_index":"ifttt-2018-04-09","_type":"webhook","_id":"Mon Apr 09 2018 14:02:37 GMT+0000 (UTC)","_score":1,"_source":{"time":"April 9, 2018","device":"miniCam","message":"motion","location":"Exterior-FrontDoor","timestamp":"2018-04-09T14:02:37.886Z"}}
{"_index":"ifttt-2018-04-09","_type":"webhook","_id":"Mon Apr 09 2018 16:17:14 GMT+0000 (UTC)","_score":1,"_source":{"time":"April 9, 2018","device":"miniCam","message":"motion","location":"Exterior-FrontDoor","timestamp":"2018-04-09T16:17:14.700Z"}}
{"_index":"ifttt-2018-04-09","_type":"webhook","_id":"Mon Apr 09 2018 16:49:15 GMT+0000 (UTC)","_score":1,"_source":{"time":"April 9, 2018","device":"miniCam","message":"motion","location":"Exterior-FrontDoor","timestamp":"2018-04-09T16:49:15.639Z"}}
{"_index":"ifttt-2018-04-09","_type":"webhook","_id":"Mon Apr 09 2018 17:22:05 GMT+0000 (UTC)","_score":1,"_source":{"time":"April 9, 2018","device":"miniCam","message":"motion","location":"Exterior-FrontDoor","timestamp":"2018-04-09T17:22:05.975Z"}}
{"_index":"ifttt-2018-04-09","_type":"webhook","_id":"Mon Apr 09 2018 17:48:12 GMT+0000 (UTC)","_score":1,"_source":{"time":"April 9, 2018","device":"miniCam","message":"motion","location":"Exterior-FrontDoor","timestamp":"2018-04-09T17:48:12.298Z"}}
{"_index":"ifttt-2018-04-09","_type":"webhook","_id":"Mon Apr 09 2018 18:21:12 GMT+0000 (UTC)","_score":1,"_source":{"time":"April 9, 2018","device":"miniCam","message":"motion","location":"Exterior-FrontDoor","timestamp":"2018-04-09T18:21:12.459Z"}}
{"_index":"ifttt-2018-04-09","_type":"webhook","_id":"Mon Apr 09 2018 17:09:00 GMT+0000 (UTC)","_score":1,"_source":{"device":"FrontLock1","status":"Unlocked","user":" Manny Kin","timestamp":"2018-04-09T17:09:00.098Z"}}
{"_index":"ifttt-2018-04-09","_type":"webhook","_id":"Mon Apr 09 2018 16:10:25 GMT+0000 (UTC)","_score":1,"_source":{"device":"Room1Lamp","message":"Off","timestamp":"2018-04-09T16:10:25.007Z"}}
{"_index":"ifttt-2018-04-09","_type":"webhook","_id":"Mon Apr 09 2018 15:17:48 GMT+0000 (UTC)","_score":1,"_source":{"time":"April 9, 2018","device":"miniCam","message":"motion","location":"Exterior-FrontDoor","timestamp":"2018-04-09T15:17:48.844Z"}}
{"_index":"ifttt-2018-04-09","_type":"webhook","_id":"Mon Apr 09 2018 18:49:18 GMT+0000 (UTC)","_score":1,"_source":{"time":"April 9, 2018","device":"miniCam","message":"motion","location":"Exterior-FrontDoor","timestamp":"2018-04-09T18:49:18.728Z"}}
{"_index":"ifttt-2018-04-09","_type":"webhook","_id":"Mon Apr 09 2018 19:56:07 GMT+0000 (UTC)","_score":1,"_source":{"device":"Plug1","message":"Activated","time":" ","timestamp":"2018-04-09T19:56:07.696Z"}}
{"_index":"ifttt-2018-04-09","_type":"webhook","_id":"Mon Apr 09 2018 20:17:24 GMT+0000 (UTC)","_score":1,"_source":{"time":"April 9, 2018","device":"miniCam","message":"motion","location":"Exterior-FrontDoor","timestamp":"2018-04-09T20:17:24.960Z"}}
{"_index":"ifttt-2018-04-09","_type":"webhook","_id":"Mon Apr 09 2018 21:17:13 GMT+0000 (UTC)","_score":1,"_source":{"time":"April 9, 2018","device":"miniCam","message":"motion","location":"Exterior-FrontDoor","timestamp":"2018-04-09T21:17:13.926Z"}}
{"_index":"ifttt-2018-04-09","_type":"webhook","_id":"Mon Apr 09 2018 21:57:51 GMT+0000 (UTC)","_score":1,"_source":{"device":"Plug1","message":"Activated","time":" ","timestamp":"2018-04-09T21:57:51.446Z"}}
{"_index":"ifttt-2018-04-09","_type":"webhook","_id":"Mon Apr 09 2018 15:32:41 GMT+0000 (UTC)","_score":1,"_source":{"time":"April 9, 2018","device":"miniCam","message":"motion","location":"Exterior-FrontDoor","timestamp":"2018-04-09T15:32:41.495Z"}}
{"_index":"ifttt-2018-04-09","_type":"webhook","_id":"Mon Apr 09 2018 15:32:42 GMT+0000 (UTC)","_score":1,"_source":{"time":"April 9, 2018","device":"miniCam","message":"motion","location":"Exterior-FrontDoor","timestamp":"2018-04-09T15:32:42.128Z"}}
{"_index":"ifttt-2018-04-09","_type":"webhook","_id":"Mon Apr 09 2018 13:32:32 GMT+0000 (UTC)","_score":1,"_source":{"time":"April 9, 2018","device":"miniCam","message":"motion","location":"Exterior-FrontDoor","timestamp":"2018-04-09T13:32:32.617Z"}}
{"_index":"ifttt-2018-04-09","_type":"webhook","_id":"Mon Apr 09 2018 16:25:09 GMT+0000 (UTC)","_score":1,"_source":{"time":"April 9, 2018","device":"miniCam","message":"motion","location":"Exterior-FrontDoor","timestamp":"2018-04-09T16:25:09.566Z"}}
{"_index":"ifttt-2018-04-09","_type":"webhook","_id":"Mon Apr 09 2018 16:47:06 GMT+0000 (UTC)","_score":1,"_source":{"time":"April 9, 2018","device":"miniCam","message":"motion","location":"Exterior-FrontDoor","timestamp":"2018-04-09T16:47:06.068Z"}}
{"_index":"ifttt-2018-04-09","_type":"webhook","_id":"Mon Apr 09 2018 17:04:11 GMT+0000 (UTC)","_score":1,"_source":{"time":"April 9, 2018","device":"miniCam","message":"motion","location":"Exterior-FrontDoor","timestamp":"2018-04-09T17:04:11.586Z"}}
{"_index":"ifttt-2018-04-09","_type":"webhook","_id":"Mon Apr 09 2018 07:40:15 GMT+0000 (UTC)","_score":1,"_source":{"device":"Plug1","message":"Activated","time":" ","timestamp":"2018-04-09T07:40:15.291Z"}}
{"_index":"ifttt-2018-04-09","_type":"webhook","_id":"Mon Apr 09 2018 12:57:18 GMT+0000 (UTC)","_score":1,"_source":{"device":"Room1Plug1","message":"Activated","timestamp":"2018-04-09T12:57:18.986Z"}}
{"_index":"ifttt-2018-04-09","_type":"webhook","_id":"Mon Apr 09 2018 01:25:15 GMT+0000 (UTC)","_score":1,"_source":{"device":"Room1Lamp","message":"Off","timestamp":"2018-04-09T01:25:15.091Z"}}
{"_index":"ifttt-2018-04-09","_type":"webhook","_id":"Mon Apr 09 2018 06:40:23 GMT+0000 (UTC)","_score":1,"_source":{"device":"Room1Lamp","message":"Off","timestamp":"2018-04-09T06:40:23.046Z"}}
{"_index":"ifttt-2018-04-09","_type":"webhook","_id":"Mon Apr 09 2018 07:40:38 GMT+0000 (UTC)","_score":1,"_source":{"device":"Room1Lamp","message":"Off","timestamp":"2018-04-09T07:40:38.867Z"}}
{"_index":"ifttt-2018-04-09","_type":"webhook","_id":"Mon Apr 09 2018 17:10:21 GMT+0000 (UTC)","_score":1,"_source":{"time":"April 9, 2018","device":"miniCam","message":"motion","location":"Exterior-FrontDoor","timestamp":"2018-04-09T17:10:21.433Z"}}
{"_index":"ifttt-2018-04-09","_type":"webhook","_id":"Mon Apr 09 2018 17:14:29 GMT+0000 (UTC)","_score":1,"_source":{"time":"April 9, 2018","device":"miniCam","message":"motion","location":"Exterior-FrontDoor","timestamp":"2018-04-09T17:14:29.551Z"}}
{"_index":"ifttt-2018-04-09","_type":"webhook","_id":"Mon Apr 09 2018 17:57:25 GMT+0000 (UTC)","_score":1,"_source":{"time":"April 9, 2018","device":"miniCam","message":"motion","location":"Exterior-FrontDoor","timestamp":"2018-04-09T17:57:25.278Z"}}
{"_index":"ifttt-2018-04-09","_type":"webhook","_id":"Mon Apr 09 2018 18:24:44 GMT+0000 (UTC)","_score":1,"_source":{"time":"April 9, 2018","device":"miniCam","message":"motion","location":"Exterior-FrontDoor","timestamp":"2018-04-09T18:24:44.331Z"}}
{"_index":"ifttt-2018-04-09","_type":"webhook","_id":"Mon Apr 09 2018 19:03:35 GMT+0000 (UTC)","_score":1,"_source":{"device":"Room1Plug1","message":"Activated","timestamp":"2018-04-09T19:03:35.960Z"}}
{"_index":"ifttt-2018-04-09","_type":"webhook","_id":"Mon Apr 09 2018 20:32:29 GMT+0000 (UTC)","_score":1,"_source":{"time":"April 9, 2018","device":"miniCam","message":"motion","location":"Exterior-FrontDoor","timestamp":"2018-04-09T20:32:29.740Z"}}
{"_index":"ifttt-2018-04-09","_type":"webhook","_id":"Mon Apr 09 2018 15:09:08 GMT+0000 (UTC)","_score":1,"_source":{"time":" April 9, 2018 at 11:09AM","device":"Alexa","message":"Voice Activation","target":"lamp","timestamp":"2018-04-09T15:09:08.965Z"}}
{"_index":"ifttt-2018-04-09","_type":"webhook","_id":"Mon Apr 09 2018 10:47:28 GMT+0000 (UTC)","_score":1,"_source":{"time":"April 9, 2018","device":"miniCam","message":"motion","location":"Exterior-FrontDoor","timestamp":"2018-04-09T10:47:28.298Z"}}
{"_index":"ifttt-2018-04-09","_type":"webhook","_id":"Mon Apr 09 2018 13:17:36 GMT+0000 (UTC)","_score":1,"_source":{"time":"April 9, 2018","device":"miniCam","message":"motion","location":"Exterior-FrontDoor","timestamp":"2018-04-09T13:17:36.570Z"}}
{"_index":"ifttt-2018-04-09","_type":"webhook","_id":"Mon Apr 09 2018 14:02:35 GMT+0000 (UTC)","_score":1,"_source":{"time":"April 9, 2018","device":"miniCam","message":"motion","location":"Exterior-FrontDoor","timestamp":"2018-04-09T14:02:35.688Z"}}
{"_index":"ifttt-2018-04-09","_type":"webhook","_id":"Mon Apr 09 2018 16:17:16 GMT+0000 (UTC)","_score":1,"_source":{"time":"April 9, 2018","device":"miniCam","message":"motion","location":"Exterior-FrontDoor","timestamp":"2018-04-09T16:17:16.565Z"}}
{"_index":"ifttt-2018-04-09","_type":"webhook","_id":"Mon Apr 09 2018 16:25:10 GMT+0000 (UTC)","_score":1,"_source":{"time":"April 9, 2018","device":"miniCam","message":"motion","location":"Exterior-FrontDoor","timestamp":"2018-04-09T16:25:10.368Z"}}
{"_index":"ifttt-2018-04-09","_type":"webhook","_id":"Mon Apr 09 2018 16:41:37 GMT+0000 (UTC)","_score":1,"_source":{"time":"April 9, 2018","device":"miniCam","message":"motion","location":"Exterior-FrontDoor","timestamp":"2018-04-09T16:41:37.348Z"}}
{"_index":"ifttt-2018-04-09","_type":"webhook","_id":"Mon Apr 09 2018 16:51:13 GMT+0000 (UTC)","_score":1,"_source":{"time":"April 9, 2018","device":"miniCam","message":"motion","location":"Exterior-FrontDoor","timestamp":"2018-04-09T16:51:13.655Z"}}
{"_index":"ifttt-2018-04-09","_type":"webhook","_id":"Mon Apr 09 2018 17:12:04 GMT+0000 (UTC)","_score":1,"_source":{"time":"April 9, 2018","device":"miniCam","message":"motion","location":"Exterior-FrontDoor","timestamp":"2018-04-09T17:12:04.117Z"}}
{"_index":"ifttt-2018-04-09","_type":"webhook","_id":"Mon Apr 09 2018 15:10:39 GMT+0000 (UTC)","_score":1,"_source":{"device":"Room1Lamp","message":"Off","timestamp":"2018-04-09T15:10:39.366Z"}}
{"_index":"ifttt-2018-04-09","_type":"webhook","_id":"Mon Apr 09 2018 17:18:16 GMT+0000 (UTC)","_score":1,"_source":{"time":"April 9, 2018","device":"miniCam","message":"motion","location":"Exterior-FrontDoor","timestamp":"2018-04-09T17:18:16.350Z"}}
{"_index":"ifttt-2018-04-09","_type":"webhook","_id":"Mon Apr 09 2018 17:57:24 GMT+0000 (UTC)","_score":1,"_source":{"time":"April 9, 2018","device":"miniCam","message":"motion","location":"Exterior-FrontDoor","timestamp":"2018-04-09T17:57:24.512Z"}}
{"_index":"ifttt-2018-04-09","_type":"webhook","_id":"Mon Apr 09 2018 21:32:37 GMT+0000 (UTC)","_score":1,"_source":{"time":"April 9, 2018","device":"miniCam","message":"motion","location":"Exterior-FrontDoor","timestamp":"2018-04-09T21:32:37.374Z"}}
{"_index":"ifttt-2018-04-09","_type":"webhook","_id":"Mon Apr 09 2018 20:57:06 GMT+0000 (UTC)","_score":1,"_source":{"device":"Plug1","message":"Activated","time":" ","timestamp":"2018-04-09T20:57:06.964Z"}}
{"_index":"ifttt-2018-04-09","_type":"webhook","_id":"Mon Apr 09 2018 17:51:08 GMT+0000 (UTC)","_score":1,"_source":{"time":"April 9, 2018","device":"miniCam","message":"motion","location":"Exterior-FrontDoor","timestamp":"2018-04-09T17:51:08.940Z"}}
{"_index":"ifttt-2018-04-09","_type":"webhook","_id":"Mon Apr 09 2018 19:47:30 GMT+0000 (UTC)","_score":1,"_source":{"time":"April 9, 2018","device":"miniCam","message":"motion","location":"Exterior-FrontDoor","timestamp":"2018-04-09T19:47:30.785Z"}}
{"_index":"ifttt-2018-04-09","_type":"webhook","_id":"Mon Apr 09 2018 20:17:25 GMT+0000 (UTC)","_score":1,"_source":{"time":"April 9, 2018","device":"miniCam","message":"motion","location":"Exterior-FrontDoor","timestamp":"2018-04-09T20:17:25.996Z"}}
{"_index":"ifttt-2018-04-09","_type":"webhook","_id":"Mon Apr 09 2018 21:17:14 GMT+0000 (UTC)","_score":1,"_source":{"time":"April 9, 2018","device":"miniCam","message":"motion","location":"Exterior-FrontDoor","timestamp":"2018-04-09T21:17:14.870Z"}}
{"_index":"ifttt-2018-04-09","_type":"webhook","_id":"Mon Apr 09 2018 21:47:24 GMT+0000 (UTC)","_score":1,"_source":{"time":"April 9, 2018","device":"miniCam","message":"motion","location":"Exterior-FrontDoor","timestamp":"2018-04-09T21:47:24.874Z"}}
{"_index":"ifttt-2018-04-09","_type":"webhook","_id":"Mon Apr 09 2018 21:47:26 GMT+0000 (UTC)","_score":1,"_source":{"time":"April 9, 2018","device":"miniCam","message":"motion","location":"Exterior-FrontDoor","timestamp":"2018-04-09T21:47:26.432Z"}}
{"_index":"ifttt-2018-04-09","_type":"webhook","_id":"Mon Apr 09 2018 22:02:37 GMT+0000 (UTC)","_score":1,"_source":{"time":"April 9, 2018","device":"miniCam","message":"motion","location":"Exterior-FrontDoor","timestamp":"2018-04-09T22:02:37.088Z"}}
{"_index":"ifttt-2018-04-09","_type":"webhook","_id":"Mon Apr 09 2018 12:17:32 GMT+0000 (UTC)","_score":1,"_source":{"time":"April 9, 2018","device":"miniCam","message":"motion","location":"Exterior-FrontDoor","timestamp":"2018-04-09T12:17:32.437Z"}}
{"_index":"ifttt-2018-04-09","_type":"webhook","_id":"Mon Apr 09 2018 13:02:49 GMT+0000 (UTC)","_score":1,"_source":{"time":"April 9, 2018","device":"miniCam","message":"motion","location":"Exterior-FrontDoor","timestamp":"2018-04-09T13:02:49.639Z"}}
{"_index":"ifttt-2018-04-09","_type":"webhook","_id":"Mon Apr 09 2018 16:17:15 GMT+0000 (UTC)","_score":1,"_source":{"time":"April 9, 2018","device":"miniCam","message":"motion","location":"Exterior-FrontDoor","timestamp":"2018-04-09T16:17:15.641Z"}}
{"_index":"ifttt-2018-04-09","_type":"webhook","_id":"Mon Apr 09 2018 17:04:12 GMT+0000 (UTC)","_score":1,"_source":{"time":"April 9, 2018","device":"miniCam","message":"motion","location":"Exterior-FrontDoor","timestamp":"2018-04-09T17:04:12.458Z"}}
{"_index":"ifttt-2018-04-09","_type":"webhook","_id":"Mon Apr 09 2018 17:31:02 GMT+0000 (UTC)","_score":1,"_source":{"time":"April 9, 2018","device":"miniCam","message":"motion","location":"Exterior-FrontDoor","timestamp":"2018-04-09T17:31:02.433Z"}}
{"_index":"ifttt-2018-04-09","_type":"webhook","_id":"Mon Apr 09 2018 17:45:39 GMT+0000 (UTC)","_score":1,"_source":{"time":"April 9, 2018","device":"miniCam","message":"motion","location":"Exterior-FrontDoor","timestamp":"2018-04-09T17:45:39.614Z"}}
{"_index":"ifttt-2018-04-09","_type":"webhook","_id":"Mon Apr 09 2018 08:40:21 GMT+0000 (UTC)","_score":1,"_source":{"device":"Plug1","message":"Activated","time":" ","timestamp":"2018-04-09T08:40:21.707Z"}}
{"_index":"ifttt-2018-04-09","_type":"webhook","_id":"Mon Apr 09 2018 05:40:13 GMT+0000 (UTC)","_score":1,"_source":{"device":"Room1Lamp","message":"Off","timestamp":"2018-04-09T05:40:13.410Z"}}
{"_index":"ifttt-2018-04-09","_type":"webhook","_id":"Mon Apr 09 2018 11:55:17 GMT+0000 (UTC)","_score":1,"_source":{"device":"Room1Lamp","message":"Off","timestamp":"2018-04-09T11:55:17.935Z"}}
{"_index":"ifttt-2018-04-09","_type":"webhook","_id":"Mon Apr 09 2018 15:07:44 GMT+0000 (UTC)","_score":1,"_source":{"device":"FrontLock1","status":"Locked","user":"Manny Kin","timestamp":"2018-04-09T15:07:44.235Z"}}
{"_index":"ifttt-2018-04-09","_type":"webhook","_id":"Mon Apr 09 2018 18:00:40 GMT+0000 (UTC)","_score":1,"_source":{"time":"April 9, 2018","device":"miniCam","message":"motion","location":"Exterior-FrontDoor","timestamp":"2018-04-09T18:00:40.865Z"}}
{"_index":"ifttt-2018-04-09","_type":"webhook","_id":"Mon Apr 09 2018 18:03:27 GMT+0000 (UTC)","_score":1,"_source":{"time":"April 9, 2018","device":"miniCam","message":"motion","location":"Exterior-FrontDoor","timestamp":"2018-04-09T18:03:27.443Z"}}
{"_index":"ifttt-2018-04-09","_type":"webhook","_id":"Mon Apr 09 2018 18:03:28 GMT+0000 (UTC)","_score":1,"_source":{"time":"April 9, 2018","device":"miniCam","message":"motion","location":"Exterior-FrontDoor","timestamp":"2018-04-09T18:03:28.077Z"}}
{"_index":"ifttt-2018-04-09","_type":"webhook","_id":"Mon Apr 09 2018 18:49:17 GMT+0000 (UTC)","_score":1,"_source":{"time":"April 9, 2018","device":"miniCam","message":"motion","location":"Exterior-FrontDoor","timestamp":"2018-04-09T18:49:17.780Z"}}
{"_index":"ifttt-2018-04-09","_type":"webhook","_id":"Mon Apr 09 2018 19:17:29 GMT+0000 (UTC)","_score":1,"_source":{"time":"April 9, 2018","device":"miniCam","message":"motion","location":"Exterior-FrontDoor","timestamp":"2018-04-09T19:17:29.516Z"}}
{"_index":"ifttt-2018-04-09","_type":"webhook","_id":"Mon Apr 09 2018 18:49:19 GMT+0000 (UTC)","_score":1,"_source":{"time":"April 9, 2018","device":"miniCam","message":"motion","location":"Exterior-FrontDoor","timestamp":"2018-04-09T18:49:19.697Z"}}
{"_index":"ifttt-2018-04-09","_type":"webhook","_id":"Mon Apr 09 2018 19:02:17 GMT+0000 (UTC)","_score":1,"_source":{"time":"April 9, 2018","device":"miniCam","message":"motion","location":"Exterior-FrontDoor","timestamp":"2018-04-09T19:02:17.817Z"}}
{"_index":"ifttt-2018-04-09","_type":"webhook","_id":"Mon Apr 09 2018 19:47:31 GMT+0000 (UTC)","_score":1,"_source":{"time":"April 9, 2018","device":"miniCam","message":"motion","location":"Exterior-FrontDoor","timestamp":"2018-04-09T19:47:31.667Z"}}
{"_index":"ifttt-2018-04-09","_type":"webhook","_id":"Mon Apr 09 2018 20:02:22 GMT+0000 (UTC)","_score":1,"_source":{"time":"April 9, 2018","device":"miniCam","message":"motion","location":"Exterior-FrontDoor","timestamp":"2018-04-09T20:02:22.958Z"}}
{"_index":"ifttt-2018-04-09","_type":"webhook","_id":"Mon Apr 09 2018 20:05:16 GMT+0000 (UTC)","_score":1,"_source":{"device":"Room1Plug1","message":"Activated","timestamp":"2018-04-09T20:05:16.516Z"}}
{"_index":"ifttt-2018-04-09","_type":"webhook","_id":"Mon Apr 09 2018 21:17:15 GMT+0000 (UTC)","_score":1,"_source":{"time":"April 9, 2018","device":"miniCam","message":"motion","location":"Exterior-FrontDoor","timestamp":"2018-04-09T21:17:15.790Z"}}
{"_index":"ifttt-2018-04-09","_type":"webhook","_id":"Mon Apr 09 2018 21:47:25 GMT+0000 (UTC)","_score":1,"_source":{"time":"April 9, 2018","device":"miniCam","message":"motion","location":"Exterior-FrontDoor","timestamp":"2018-04-09T21:47:25.898Z"}}
{"_index":"ifttt-2018-04-09","_type":"webhook","_id":"Mon Apr 09 2018 22:02:36 GMT+0000 (UTC)","_score":1,"_source":{"time":"April 9, 2018","device":"miniCam","message":"motion","location":"Exterior-FrontDoor","timestamp":"2018-04-09T22:02:36.706Z"}}
