{"_index":"ifttt-2018-03-22","_type":"webhook","_id":"Thu Mar 22 2018 16:45:50 GMT+0000 (UTC)","_score":1,"_source":{"device":"Alexa","deviceID":"10","action":"Voice Activation","target":"Room1Lamp","target-deviceID":"7","timestamp":"2018-03-22T16:45:50.998Z"}}
{"_index":"ifttt-2018-03-22","_type":"webhook","_id":"Thu Mar 22 2018 18:06:25 GMT+0000 (UTC)","_score":1,"_source":{"device":"FrontLock1","status":"Unlocked","user":" Manny Kin","timestamp":"2018-03-22T18:06:25.016Z"}}
{"_index":"ifttt-2018-03-22","_type":"webhook","_id":"Thu Mar 22 2018 18:28:58 GMT+0000 (UTC)","_score":1,"_source":{"device":"FrontLock1","status":"Unlocked","user":" Manny Kin","timestamp":"2018-03-22T18:28:58.279Z"}}
{"_index":"ifttt-2018-03-22","_type":"webhook","_id":"Thu Mar 22 2018 18:03:18 GMT+0000 (UTC)","_score":1,"_source":{"device":"FrontLock1","status":"Locked","User":"Manny Kin","timestamp":"2018-03-22T18:03:18.299Z"}}
{"_index":"ifttt-2018-03-22","_type":"webhook","_id":"Thu Mar 22 2018 18:06:13 GMT+0000 (UTC)","_score":1,"_source":{"device":"FrontLock1","status":"Locked","User":"Manny Kin","timestamp":"2018-03-22T18:06:13.954Z"}}
{"_index":"ifttt-2018-03-22","_type":"webhook","_id":"Thu Mar 22 2018 18:10:26 GMT+0000 (UTC)","_score":1,"_source":{"device":"FrontLock1","status":"Locked","User":"Manny Kin","timestamp":"2018-03-22T18:10:26.999Z"}}
{"_index":"ifttt-2018-03-22","_type":"webhook","_id":"Thu Mar 22 2018 14:45:42 GMT+0000 (UTC)","_score":1,"_source":{"device":"Room1Lamp","status":"Lamp turned off","time":" ","timestamp":"2018-03-22T14:45:42.482Z"}}
{"_index":"ifttt-2018-03-22","_type":"webhook","_id":"Thu Mar 22 2018 15:28:33 GMT+0000 (UTC)","_score":1,"_source":{"device":"Room1Plug1","status":"Deactivated","time":" ","timestamp":"2018-03-22T15:28:33.980Z"}}
{"_index":"ifttt-2018-03-22","_type":"webhook","_id":"Thu Mar 22 2018 15:41:08 GMT+0000 (UTC)","_score":1,"_source":{"device":"Room1Lamp","status":"Activated","time":" ","timestamp":"2018-03-22T15:41:08.317Z"}}
{"_index":"ifttt-2018-03-22","_type":"webhook","_id":"Thu Mar 22 2018 16:05:26 GMT+0000 (UTC)","_score":1,"_source":{"device":"Room1Plug1","status":"Activated","timestamp":"2018-03-22T16:05:26.597Z"}}
{"_index":"ifttt-2018-03-22","_type":"webhook","_id":"Thu Mar 22 2018 19:29:41 GMT+0000 (UTC)","_score":1,"_source":{"device":"Alexa","deviceID":"10","action":"Voice Deactivation","target":"Room1Plug1","target-deviceID":"8","timestamp":"2018-03-22T19:29:41.656Z"}}
{"_index":"ifttt-2018-03-22","_type":"webhook","_id":"Thu Mar 22 2018 18:54:03 GMT+0000 (UTC)","_score":1,"_source":{"device":"Alexa","deviceID":"10","action":"Voice Deactivation","target":"Room1Lamp","target-deviceID":"7","timestamp":"2018-03-22T18:54:03.266Z"}}
{"_index":"ifttt-2018-03-22","_type":"webhook","_id":"Thu Mar 22 2018 18:53:55 GMT+0000 (UTC)","_score":1,"_source":{"device":"Alexa","deviceID":"10","action":"Voice Activation","target":"Room1Lamp","target-deviceID":"7","timestamp":"2018-03-22T18:53:55.323Z"}}
{"_index":"ifttt-2018-03-22","_type":"webhook","_id":"Thu Mar 22 2018 18:32:02 GMT+0000 (UTC)","_score":1,"_source":{"device":"FrontLock1","status":"Unlocked","user":" Manny Kin","timestamp":"2018-03-22T18:32:02.985Z"}}
{"_index":"ifttt-2018-03-22","_type":"webhook","_id":"Thu Mar 22 2018 18:35:40 GMT+0000 (UTC)","_score":1,"_source":{"device":"FrontLock1","status":"Unlocked","user":" Manny Kin","timestamp":"2018-03-22T18:35:40.998Z"}}
{"_index":"ifttt-2018-03-22","_type":"webhook","_id":"Thu Mar 22 2018 18:38:44 GMT+0000 (UTC)","_score":1,"_source":{"device":"FrontLock1","status":"Unlocked","user":" Manny Kin","timestamp":"2018-03-22T18:38:44.086Z"}}
{"_index":"ifttt-2018-03-22","_type":"webhook","_id":"Thu Mar 22 2018 18:35:29 GMT+0000 (UTC)","_score":1,"_source":{"device":"FrontLock1","status":"Locked","User":"Manny Kin","timestamp":"2018-03-22T18:35:29.194Z"}}
{"_index":"ifttt-2018-03-22","_type":"webhook","_id":"Thu Mar 22 2018 18:38:49 GMT+0000 (UTC)","_score":1,"_source":{"device":"FrontLock1","status":"Locked","User":"Manny Kin","timestamp":"2018-03-22T18:38:49.323Z"}}
{"_index":"ifttt-2018-03-22","_type":"webhook","_id":"Thu Mar 22 2018 18:34:28 GMT+0000 (UTC)","_score":1,"_source":{"device":"FrontLock1","status":"Locked","User":"Manny Kin","timestamp":"2018-03-22T18:34:28.824Z"}}
{"_index":"ifttt-2018-03-22","_type":"webhook","_id":"Thu Mar 22 2018 19:35:20 GMT+0000 (UTC)","_score":1,"_source":{"device":"Room1Lamp","status":"Activated","timestamp":"2018-03-22T19:35:20.408Z"}}
{"_index":"ifttt-2018-03-22","_type":"webhook","_id":"Thu Mar 22 2018 18:54:17 GMT+0000 (UTC)","_score":1,"_source":{"device":"Alexa","deviceID":"10","action":"Voice Deactivation","target":"Room1Lamp","target-deviceID":"7","timestamp":"2018-03-22T18:54:17.555Z"}}
{"_index":"ifttt-2018-03-22","_type":"webhook","_id":"Thu Mar 22 2018 18:34:22 GMT+0000 (UTC)","_score":1,"_source":{"device":"FrontLock1","status":"Unlocked","user":" Manny Kin","timestamp":"2018-03-22T18:34:22.885Z"}}
{"_index":"ifttt-2018-03-22","_type":"webhook","_id":"Thu Mar 22 2018 18:35:47 GMT+0000 (UTC)","_score":1,"_source":{"device":"FrontLock1","status":"Unlocked","user":" Manny Kin","timestamp":"2018-03-22T18:35:47.139Z"}}
{"_index":"ifttt-2018-03-22","_type":"webhook","_id":"Thu Mar 22 2018 18:06:30 GMT+0000 (UTC)","_score":1,"_source":{"device":"FrontLock1","status":"Locked","User":"Manny Kin","timestamp":"2018-03-22T18:06:30.645Z"}}
{"_index":"ifttt-2018-03-22","_type":"webhook","_id":"Thu Mar 22 2018 18:29:19 GMT+0000 (UTC)","_score":1,"_source":{"device":"FrontLock1","status":"Locked","User":"Manny Kin","timestamp":"2018-03-22T18:29:19.820Z"}}
{"_index":"ifttt-2018-03-22","_type":"webhook","_id":"Thu Mar 22 2018 18:32:15 GMT+0000 (UTC)","_score":1,"_source":{"device":"FrontLock1","status":"Locked","User":"Manny Kin","timestamp":"2018-03-22T18:32:15.055Z"}}
{"_index":"ifttt-2018-03-22","_type":"webhook","_id":"Thu Mar 22 2018 18:34:10 GMT+0000 (UTC)","_score":1,"_source":{"device":"FrontLock1","status":"Locked","User":"Manny Kin","timestamp":"2018-03-22T18:34:10.837Z"}}
{"_index":"ifttt-2018-03-22","_type":"webhook","_id":"Thu Mar 22 2018 18:58:34 GMT+0000 (UTC)","_score":1,"_source":{"device":"Room1Lamp","status":"Activated","timestamp":"2018-03-22T18:58:34.223Z"}}
{"_index":"ifttt-2018-03-22","_type":"webhook","_id":"Thu Mar 22 2018 18:12:27 GMT+0000 (UTC)","_score":1,"_source":{"device":"FrontLock1","status":"Locked","User":"Manny Kin","timestamp":"2018-03-22T18:12:27.124Z"}}
{"_index":"ifttt-2018-03-22","_type":"webhook","_id":"Thu Mar 22 2018 18:35:35 GMT+0000 (UTC)","_score":1,"_source":{"device":"FrontLock1","status":"Unlocked","user":" Manny Kin","timestamp":"2018-03-22T18:35:35.134Z"}}
{"_index":"ifttt-2018-03-22","_type":"webhook","_id":"Thu Mar 22 2018 19:37:16 GMT+0000 (UTC)","_score":1,"_source":{"device":"Room1Plug1","status":"Deactivated","timestamp":"2018-03-22T19:37:16.972Z"}}
{"_index":"ifttt-2018-03-22","_type":"webhook","_id":"Thu Mar 22 2018 17:28:26 GMT+0000 (UTC)","_score":1,"_source":{"device":"Alexa","deviceID":"10","action":"Voice Deactivation","target":"Room1Lamp","target-deviceID":"7","timestamp":"2018-03-22T17:28:26.673Z"}}
{"_index":"ifttt-2018-03-22","_type":"webhook","_id":"Thu Mar 22 2018 15:43:46 GMT+0000 (UTC)","_score":1,"_source":{"device":"FrontLock1","status":"Locked","time":"March 22, 2018 at 11:43AM","User":"Manny Kin","timestamp":"2018-03-22T15:43:46.108Z"}}
{"_index":"ifttt-2018-03-22","_type":"webhook","_id":"Thu Mar 22 2018 18:30:11 GMT+0000 (UTC)","_score":1,"_source":{"device":"FrontLock1","status":"Unlocked","user":" Manny Kin","timestamp":"2018-03-22T18:30:11.492Z"}}
{"_index":"ifttt-2018-03-22","_type":"webhook","_id":"Thu Mar 22 2018 18:31:42 GMT+0000 (UTC)","_score":1,"_source":{"device":"FrontLock1","status":"Unlocked","user":" Manny Kin","timestamp":"2018-03-22T18:31:42.130Z"}}
{"_index":"ifttt-2018-03-22","_type":"webhook","_id":"Thu Mar 22 2018 18:12:21 GMT+0000 (UTC)","_score":1,"_source":{"device":"FrontLock1","status":"Locked","User":"Manny Kin","timestamp":"2018-03-22T18:12:21.745Z"}}
{"_index":"ifttt-2018-03-22","_type":"webhook","_id":"Thu Mar 22 2018 18:13:34 GMT+0000 (UTC)","_score":1,"_source":{"device":"FrontLock1","status":"Locked","User":"Manny Kin","timestamp":"2018-03-22T18:13:34.521Z"}}
{"_index":"ifttt-2018-03-22","_type":"webhook","_id":"Thu Mar 22 2018 18:30:25 GMT+0000 (UTC)","_score":1,"_source":{"device":"FrontLock1","status":"Locked","User":"Manny Kin","timestamp":"2018-03-22T18:30:25.651Z"}}
{"_index":"ifttt-2018-03-22","_type":"webhook","_id":"Thu Mar 22 2018 14:47:02 GMT+0000 (UTC)","_score":1,"_source":{"device":"Room1Lamp","status":"Lamp turned on","time":" ","timestamp":"2018-03-22T14:47:02.798Z"}}
{"_index":"ifttt-2018-03-22","_type":"webhook","_id":"Thu Mar 22 2018 15:34:26 GMT+0000 (UTC)","_score":1,"_source":{"device":"Room1Plug1","status":"Deactivated","timestamp":"2018-03-22T15:34:26.180Z"}}
{"_index":"ifttt-2018-03-22","_type":"webhook","_id":"Thu Mar 22 2018 18:12:39 GMT+0000 (UTC)","_score":1,"_source":{"device":"FrontLock1","status":"Locked","User":"Manny Kin","timestamp":"2018-03-22T18:12:39.082Z"}}
{"_index":"ifttt-2018-03-22","_type":"webhook","_id":"Thu Mar 22 2018 18:50:51 GMT+0000 (UTC)","_score":1,"_source":{"device":"Alexa","deviceID":"10","action":"Voice Activation","target":"Room1Lamp","target-deviceID":"7","timestamp":"2018-03-22T18:50:51.790Z"}}
{"_index":"ifttt-2018-03-22","_type":"webhook","_id":"Thu Mar 22 2018 18:34:17 GMT+0000 (UTC)","_score":1,"_source":{"device":"FrontLock1","status":"Unlocked","user":" Manny Kin","timestamp":"2018-03-22T18:34:17.116Z"}}
{"_index":"ifttt-2018-03-22","_type":"webhook","_id":"Thu Mar 22 2018 18:38:55 GMT+0000 (UTC)","_score":1,"_source":{"device":"FrontLock1","status":"Unlocked","user":" Manny Kin","timestamp":"2018-03-22T18:38:55.413Z"}}
{"_index":"ifttt-2018-03-22","_type":"webhook","_id":"Thu Mar 22 2018 18:34:16 GMT+0000 (UTC)","_score":1,"_source":{"device":"FrontLock1","status":"Locked","User":"Manny Kin","timestamp":"2018-03-22T18:34:16.946Z"}}
{"_index":"ifttt-2018-03-22","_type":"webhook","_id":"Thu Mar 22 2018 18:34:24 GMT+0000 (UTC)","_score":1,"_source":{"device":"FrontLock1","status":"Locked","User":"Manny Kin","timestamp":"2018-03-22T18:34:24.134Z"}}
{"_index":"ifttt-2018-03-22","_type":"webhook","_id":"Thu Mar 22 2018 18:34:34 GMT+0000 (UTC)","_score":1,"_source":{"device":"FrontLock1","status":"Locked","User":"Manny Kin","timestamp":"2018-03-22T18:34:34.678Z"}}
{"_index":"ifttt-2018-03-22","_type":"webhook","_id":"Thu Mar 22 2018 18:39:07 GMT+0000 (UTC)","_score":1,"_source":{"device":"FrontLock1","status":"Locked","User":"Manny Kin","timestamp":"2018-03-22T18:39:07.383Z"}}
{"_index":"ifttt-2018-03-22","_type":"webhook","_id":"Thu Mar 22 2018 20:52:55 GMT+0000 (UTC)","_score":1,"_source":{"device":"Room1Plug1","status":"Deactivated","timestamp":"2018-03-22T20:52:55.933Z"}}
{"_index":"ifttt-2018-03-22","_type":"webhook","_id":"Thu Mar 22 2018 19:02:59 GMT+0000 (UTC)","_score":1,"_source":{"device":"Room1Lamp","status":"Activated","timestamp":"2018-03-22T19:02:59.718Z"}}
{"_index":"ifttt-2018-03-22","_type":"webhook","_id":"Thu Mar 22 2018 23:07:33 GMT+0000 (UTC)","_score":1,"_source":{"device":"Room1Plug1","status":"Deactivated","timestamp":"2018-03-22T23:07:33.744Z"}}
{"_index":"ifttt-2018-03-22","_type":"webhook","_id":"Thu Mar 22 2018 18:06:01 GMT+0000 (UTC)","_score":1,"_source":{"device":"FrontLock1","status":"Unlocked","user":" Manny Kin","timestamp":"2018-03-22T18:06:01.768Z"}}
{"_index":"ifttt-2018-03-22","_type":"webhook","_id":"Thu Mar 22 2018 18:10:21 GMT+0000 (UTC)","_score":1,"_source":{"device":"FrontLock1","status":"Unlocked","user":" Manny Kin","timestamp":"2018-03-22T18:10:21.772Z"}}
{"_index":"ifttt-2018-03-22","_type":"webhook","_id":"Thu Mar 22 2018 18:12:33 GMT+0000 (UTC)","_score":1,"_source":{"device":"FrontLock1","status":"Unlocked","user":" Manny Kin","timestamp":"2018-03-22T18:12:33.003Z"}}
{"_index":"ifttt-2018-03-22","_type":"webhook","_id":"Thu Mar 22 2018 18:31:56 GMT+0000 (UTC)","_score":1,"_source":{"device":"FrontLock1","status":"Unlocked","user":" Manny Kin","timestamp":"2018-03-22T18:31:56.676Z"}}
{"_index":"ifttt-2018-03-22","_type":"webhook","_id":"Thu Mar 22 2018 18:32:08 GMT+0000 (UTC)","_score":1,"_source":{"device":"FrontLock1","status":"Unlocked","user":" Manny Kin","timestamp":"2018-03-22T18:32:08.636Z"}}
{"_index":"ifttt-2018-03-22","_type":"webhook","_id":"Thu Mar 22 2018 18:10:03 GMT+0000 (UTC)","_score":1,"_source":{"device":"FrontLock1","status":"Locked","User":"Manny Kin","timestamp":"2018-03-22T18:10:03.532Z"}}
{"_index":"ifttt-2018-03-22","_type":"webhook","_id":"Thu Mar 22 2018 18:12:45 GMT+0000 (UTC)","_score":1,"_source":{"device":"FrontLock1","status":"Locked","User":"Manny Kin","timestamp":"2018-03-22T18:12:45.038Z"}}
{"_index":"ifttt-2018-03-22","_type":"webhook","_id":"Thu Mar 22 2018 18:27:39 GMT+0000 (UTC)","_score":1,"_source":{"device":"FrontLock1","status":"Locked","User":"Manny Kin","timestamp":"2018-03-22T18:27:39.912Z"}}
{"_index":"ifttt-2018-03-22","_type":"webhook","_id":"Thu Mar 22 2018 18:32:10 GMT+0000 (UTC)","_score":1,"_source":{"device":"FrontLock1","status":"Locked","User":"Manny Kin","timestamp":"2018-03-22T18:32:10.051Z"}}
{"_index":"ifttt-2018-03-22","_type":"webhook","_id":"Thu Mar 22 2018 17:09:05 GMT+0000 (UTC)","_score":1,"_source":{"device":"Room1Plug2","status":"Activated","time":" ","timestamp":"2018-03-22T17:09:05.716Z"}}
{"_index":"ifttt-2018-03-22","_type":"webhook","_id":"Thu Mar 22 2018 18:51:01 GMT+0000 (UTC)","_score":1,"_source":{"device":"Alexa","deviceID":"10","action":"Voice Deactivation","target":"Room1Lamp","target-deviceID":"7","timestamp":"2018-03-22T18:51:01.329Z"}}
{"_index":"ifttt-2018-03-22","_type":"webhook","_id":"Thu Mar 22 2018 19:35:33 GMT+0000 (UTC)","_score":1,"_source":{"device":"Alexa","deviceID":"10","action":"Voice Deactivation","target":"Room1Lamp","target-deviceID":"7","timestamp":"2018-03-22T19:35:33.416Z"}}
{"_index":"ifttt-2018-03-22","_type":"webhook","_id":"Thu Mar 22 2018 19:29:12 GMT+0000 (UTC)","_score":1,"_source":{"device":"Alexa","deviceID":"10","action":"Voice Activation","target":"Room1Plug1","target-deviceID":"8","timestamp":"2018-03-22T19:29:12.415Z"}}
{"_index":"ifttt-2018-03-22","_type":"webhook","_id":"Thu Mar 22 2018 18:39:13 GMT+0000 (UTC)","_score":1,"_source":{"device":"FrontLock1","status":"Unlocked","user":" Manny Kin","timestamp":"2018-03-22T18:39:13.351Z"}}
{"_index":"ifttt-2018-03-22","_type":"webhook","_id":"Thu Mar 22 2018 18:39:19 GMT+0000 (UTC)","_score":1,"_source":{"device":"FrontLock1","status":"Locked","User":"Manny Kin","timestamp":"2018-03-22T18:39:19.281Z"}}
{"_index":"ifttt-2018-03-22","_type":"webhook","_id":"Thu Mar 22 2018 19:23:14 GMT+0000 (UTC)","_score":1,"_source":{"device":"Room1Plug2","status":"Activated","time":" ","timestamp":"2018-03-22T19:23:14.124Z"}}
{"_index":"ifttt-2018-03-22","_type":"webhook","_id":"Thu Mar 22 2018 20:23:42 GMT+0000 (UTC)","_score":1,"_source":{"device":"Room1Plug2","status":"Activated","time":" ","timestamp":"2018-03-22T20:23:42.728Z"}}
{"_index":"ifttt-2018-03-22","_type":"webhook","_id":"Thu Mar 22 2018 23:38:18 GMT+0000 (UTC)","_score":1,"_source":{"device":"Room1Plug2","status":"Activated","time":" ","timestamp":"2018-03-22T23:38:18.447Z"}}
{"_index":"ifttt-2018-03-22","_type":"webhook","_id":"Thu Mar 22 2018 19:52:19 GMT+0000 (UTC)","_score":1,"_source":{"device":"Room1Plug1","status":"Deactivated","timestamp":"2018-03-22T19:52:19.391Z"}}
{"_index":"ifttt-2018-03-22","_type":"webhook","_id":"Thu Mar 22 2018 17:28:18 GMT+0000 (UTC)","_score":1,"_source":{"device":"Alexa","deviceID":"10","action":"Voice Activation","target":"Room1Lamp","target-deviceID":"7","timestamp":"2018-03-22T17:28:18.957Z"}}
{"_index":"ifttt-2018-03-22","_type":"webhook","_id":"Thu Mar 22 2018 15:43:56 GMT+0000 (UTC)","_score":1,"_source":{"device":"FrontLock1","status":"Unlocked","time":" March 22, 2018 at 11:43AM","user":" Manny Kin","timestamp":"2018-03-22T15:43:56.011Z"}}
{"_index":"ifttt-2018-03-22","_type":"webhook","_id":"Thu Mar 22 2018 18:09:57 GMT+0000 (UTC)","_score":1,"_source":{"device":"FrontLock1","status":"Unlocked","user":" Manny Kin","timestamp":"2018-03-22T18:09:57.504Z"}}
{"_index":"ifttt-2018-03-22","_type":"webhook","_id":"Thu Mar 22 2018 18:10:32 GMT+0000 (UTC)","_score":1,"_source":{"device":"FrontLock1","status":"Unlocked","user":" Manny Kin","timestamp":"2018-03-22T18:10:32.918Z"}}
{"_index":"ifttt-2018-03-22","_type":"webhook","_id":"Thu Mar 22 2018 18:13:22 GMT+0000 (UTC)","_score":1,"_source":{"device":"FrontLock1","status":"Unlocked","user":" Manny Kin","timestamp":"2018-03-22T18:13:22.065Z"}}
{"_index":"ifttt-2018-03-22","_type":"webhook","_id":"Thu Mar 22 2018 18:27:21 GMT+0000 (UTC)","_score":1,"_source":{"device":"FrontLock1","status":"Unlocked","user":" Manny Kin","timestamp":"2018-03-22T18:27:21.749Z"}}
{"_index":"ifttt-2018-03-22","_type":"webhook","_id":"Thu Mar 22 2018 18:31:51 GMT+0000 (UTC)","_score":1,"_source":{"device":"FrontLock1","status":"Unlocked","user":" Manny Kin","timestamp":"2018-03-22T18:31:51.050Z"}}
{"_index":"ifttt-2018-03-22","_type":"webhook","_id":"Thu Mar 22 2018 18:31:46 GMT+0000 (UTC)","_score":1,"_source":{"device":"FrontLock1","status":"Locked","User":"Manny Kin","timestamp":"2018-03-22T18:31:46.750Z"}}
{"_index":"ifttt-2018-03-22","_type":"webhook","_id":"Thu Mar 22 2018 18:31:50 GMT+0000 (UTC)","_score":1,"_source":{"device":"FrontLock1","status":"Locked","User":"Manny Kin","timestamp":"2018-03-22T18:31:50.793Z"}}
{"_index":"ifttt-2018-03-22","_type":"webhook","_id":"Thu Mar 22 2018 18:10:08 GMT+0000 (UTC)","_score":1,"_source":{"device":"FrontLock1","status":"Locked","User":"Manny Kin","timestamp":"2018-03-22T18:10:08.948Z"}}
{"_index":"ifttt-2018-03-22","_type":"webhook","_id":"Thu Mar 22 2018 18:34:05 GMT+0000 (UTC)","_score":1,"_source":{"device":"FrontLock1","status":"Unlocked","user":" Manny Kin","timestamp":"2018-03-22T18:34:05.220Z"}}
{"_index":"ifttt-2018-03-22","_type":"webhook","_id":"Thu Mar 22 2018 18:35:24 GMT+0000 (UTC)","_score":1,"_source":{"device":"FrontLock1","status":"Unlocked","user":" Manny Kin","timestamp":"2018-03-22T18:35:24.412Z"}}
{"_index":"ifttt-2018-03-22","_type":"webhook","_id":"Thu Mar 22 2018 18:35:46 GMT+0000 (UTC)","_score":1,"_source":{"device":"FrontLock1","status":"Locked","User":"Manny Kin","timestamp":"2018-03-22T18:35:46.922Z"}}
{"_index":"ifttt-2018-03-22","_type":"webhook","_id":"Thu Mar 22 2018 18:35:53 GMT+0000 (UTC)","_score":1,"_source":{"device":"FrontLock1","status":"Locked","User":"Manny Kin","timestamp":"2018-03-22T18:35:53.249Z"}}
{"_index":"ifttt-2018-03-22","_type":"webhook","_id":"Thu Mar 22 2018 18:35:59 GMT+0000 (UTC)","_score":1,"_source":{"device":"FrontLock1","status":"Locked","User":"Manny Kin","timestamp":"2018-03-22T18:35:59.433Z"}}
{"_index":"ifttt-2018-03-22","_type":"webhook","_id":"Thu Mar 22 2018 18:39:01 GMT+0000 (UTC)","_score":1,"_source":{"device":"FrontLock1","status":"Unlocked","user":" Manny Kin","timestamp":"2018-03-22T18:39:01.680Z"}}
{"_index":"ifttt-2018-03-22","_type":"webhook","_id":"Thu Mar 22 2018 18:54:12 GMT+0000 (UTC)","_score":1,"_source":{"device":"Alexa","deviceID":"10","action":"Voice Activation","target":"Room1Lamp","target-deviceID":"7","timestamp":"2018-03-22T18:54:12.307Z"}}
{"_index":"ifttt-2018-03-22","_type":"webhook","_id":"Thu Mar 22 2018 19:29:50 GMT+0000 (UTC)","_score":1,"_source":{"device":"Alexa","deviceID":"10","action":"Voice Deactivation","target":"Room1Plug1","target-deviceID":"8","timestamp":"2018-03-22T19:29:50.841Z"}}
