{"_index":"ifttt-2018-04-27","_type":"webhook","_id":"Fri Apr 27 2018 05:03:33 GMT+0000 (UTC)","_score":1,"_source":{"device":"Room1Lamp","message":"Activated","timestamp":"2018-04-27T05:03:33.517Z"}}
{"_index":"ifttt-2018-04-27","_type":"webhook","_id":"Fri Apr 27 2018 09:29:17 GMT+0000 (UTC)","_score":1,"_source":{"device":"Plug1","message":"Activated","time":" ","timestamp":"2018-04-27T09:29:17.932Z"}}
{"_index":"ifttt-2018-04-27","_type":"webhook","_id":"Fri Apr 27 2018 13:44:10 GMT+0000 (UTC)","_score":1,"_source":{"device":"Room1Plug1","message":"Activated","timestamp":"2018-04-27T13:44:10.548Z"}}
{"_index":"ifttt-2018-04-27","_type":"webhook","_id":"Fri Apr 27 2018 14:29:17 GMT+0000 (UTC)","_score":1,"_source":{"time":"April 27, 2018","device":"miniCam","message":"motion","location":"Exterior-FrontDoor","timestamp":"2018-04-27T14:29:17.704Z"}}
{"_index":"ifttt-2018-04-27","_type":"webhook","_id":"Fri Apr 27 2018 14:59:20 GMT+0000 (UTC)","_score":1,"_source":{"time":"April 27, 2018","device":"miniCam","message":"motion","location":"Exterior-FrontDoor","timestamp":"2018-04-27T14:59:20.502Z"}}
{"_index":"ifttt-2018-04-27","_type":"webhook","_id":"Fri Apr 27 2018 15:19:10 GMT+0000 (UTC)","_score":1,"_source":{"time":"April 27, 2018","device":"miniCam","message":"motion","location":"Exterior-FrontDoor","timestamp":"2018-04-27T15:19:10.497Z"}}
{"_index":"ifttt-2018-04-27","_type":"webhook","_id":"Fri Apr 27 2018 15:19:11 GMT+0000 (UTC)","_score":1,"_source":{"time":"April 27, 2018","device":"miniCam","message":"motion","location":"Exterior-FrontDoor","timestamp":"2018-04-27T15:19:11.192Z"}}
{"_index":"ifttt-2018-04-27","_type":"webhook","_id":"Fri Apr 27 2018 16:54:07 GMT+0000 (UTC)","_score":1,"_source":{"time":"April 27, 2018","device":"miniCam","message":"motion","location":"Exterior-FrontDoor","timestamp":"2018-04-27T16:54:07.706Z"}}
{"_index":"ifttt-2018-04-27","_type":"webhook","_id":"Fri Apr 27 2018 17:29:16 GMT+0000 (UTC)","_score":1,"_source":{"time":"April 27, 2018","device":"miniCam","message":"motion","location":"Exterior-FrontDoor","timestamp":"2018-04-27T17:29:16.725Z"}}
{"_index":"ifttt-2018-04-27","_type":"webhook","_id":"Fri Apr 27 2018 13:19:19 GMT+0000 (UTC)","_score":1,"_source":{"time":"April 27, 2018","device":"miniCam","message":"motion","location":"Exterior-FrontDoor","timestamp":"2018-04-27T13:19:19.113Z"}}
{"_index":"ifttt-2018-04-27","_type":"webhook","_id":"Fri Apr 27 2018 13:59:32 GMT+0000 (UTC)","_score":1,"_source":{"time":"April 27, 2018","device":"miniCam","message":"motion","location":"Exterior-FrontDoor","timestamp":"2018-04-27T13:59:32.400Z"}}
{"_index":"ifttt-2018-04-27","_type":"webhook","_id":"Fri Apr 27 2018 13:59:33 GMT+0000 (UTC)","_score":1,"_source":{"time":"April 27, 2018","device":"miniCam","message":"motion","location":"Exterior-FrontDoor","timestamp":"2018-04-27T13:59:33.544Z"}}
{"_index":"ifttt-2018-04-27","_type":"webhook","_id":"Fri Apr 27 2018 15:24:15 GMT+0000 (UTC)","_score":1,"_source":{"time":"April 27, 2018","device":"miniCam","message":"motion","location":"Exterior-FrontDoor","timestamp":"2018-04-27T15:24:15.553Z"}}
{"_index":"ifttt-2018-04-27","_type":"webhook","_id":"Fri Apr 27 2018 15:29:19 GMT+0000 (UTC)","_score":1,"_source":{"time":"April 27, 2018","device":"miniCam","message":"motion","location":"Exterior-FrontDoor","timestamp":"2018-04-27T15:29:19.793Z"}}
{"_index":"ifttt-2018-04-27","_type":"webhook","_id":"Fri Apr 27 2018 18:29:35 GMT+0000 (UTC)","_score":1,"_source":{"time":"April 27, 2018","device":"miniCam","message":"motion","location":"Exterior-FrontDoor","timestamp":"2018-04-27T18:29:35.427Z"}}
{"_index":"ifttt-2018-04-27","_type":"webhook","_id":"Fri Apr 27 2018 05:19:10 GMT+0000 (UTC)","_score":1,"_source":{"device":"Plug1","message":"Activated","time":" ","timestamp":"2018-04-27T05:19:10.711Z"}}
{"_index":"ifttt-2018-04-27","_type":"webhook","_id":"Fri Apr 27 2018 00:29:21 GMT+0000 (UTC)","_score":1,"_source":{"device":"Room1Plug1","message":"Activated","timestamp":"2018-04-27T00:29:21.195Z"}}
{"_index":"ifttt-2018-04-27","_type":"webhook","_id":"Fri Apr 27 2018 10:39:35 GMT+0000 (UTC)","_score":1,"_source":{"device":"Room1Plug1","message":"Activated","timestamp":"2018-04-27T10:39:35.589Z"}}
{"_index":"ifttt-2018-04-27","_type":"webhook","_id":"Fri Apr 27 2018 14:54:22 GMT+0000 (UTC)","_score":1,"_source":{"time":"April 27, 2018","device":"miniCam","message":"motion","location":"Exterior-FrontDoor","timestamp":"2018-04-27T14:54:22.842Z"}}
{"_index":"ifttt-2018-04-27","_type":"webhook","_id":"Fri Apr 27 2018 18:33:13 GMT+0000 (UTC)","_score":1,"_source":{"device":"Room1Lamp","message":"Activated","timestamp":"2018-04-27T18:33:13.867Z"}}
{"_index":"ifttt-2018-04-27","_type":"webhook","_id":"Fri Apr 27 2018 18:39:35 GMT+0000 (UTC)","_score":1,"_source":{"device":"Plug1","message":"Activated","time":" ","timestamp":"2018-04-27T18:39:35.731Z"}}
{"_index":"ifttt-2018-04-27","_type":"webhook","_id":"Fri Apr 27 2018 19:49:29 GMT+0000 (UTC)","_score":1,"_source":{"time":"April 27, 2018","device":"miniCam","message":"motion","location":"Exterior-FrontDoor","timestamp":"2018-04-27T19:49:29.307Z"}}
{"_index":"ifttt-2018-04-27","_type":"webhook","_id":"Fri Apr 27 2018 13:29:10 GMT+0000 (UTC)","_score":1,"_source":{"time":"April 27, 2018","device":"miniCam","message":"motion","location":"Exterior-FrontDoor","timestamp":"2018-04-27T13:29:10.508Z"}}
{"_index":"ifttt-2018-04-27","_type":"webhook","_id":"Fri Apr 27 2018 15:09:09 GMT+0000 (UTC)","_score":1,"_source":{"time":"April 27, 2018","device":"miniCam","message":"motion","location":"Exterior-FrontDoor","timestamp":"2018-04-27T15:09:09.808Z"}}
{"_index":"ifttt-2018-04-27","_type":"webhook","_id":"Fri Apr 27 2018 15:09:11 GMT+0000 (UTC)","_score":1,"_source":{"time":"April 27, 2018","device":"miniCam","message":"motion","location":"Exterior-FrontDoor","timestamp":"2018-04-27T15:09:11.037Z"}}
{"_index":"ifttt-2018-04-27","_type":"webhook","_id":"Fri Apr 27 2018 16:39:30 GMT+0000 (UTC)","_score":1,"_source":{"time":"April 27, 2018","device":"miniCam","message":"motion","location":"Exterior-FrontDoor","timestamp":"2018-04-27T16:39:30.408Z"}}
{"_index":"ifttt-2018-04-27","_type":"webhook","_id":"Fri Apr 27 2018 17:04:19 GMT+0000 (UTC)","_score":1,"_source":{"time":"April 27, 2018","device":"miniCam","message":"motion","location":"Exterior-FrontDoor","timestamp":"2018-04-27T17:04:19.533Z"}}
{"_index":"ifttt-2018-04-27","_type":"webhook","_id":"Fri Apr 27 2018 17:09:18 GMT+0000 (UTC)","_score":1,"_source":{"time":"April 27, 2018","device":"miniCam","message":"motion","location":"Exterior-FrontDoor","timestamp":"2018-04-27T17:09:18.348Z"}}
{"_index":"ifttt-2018-04-27","_type":"webhook","_id":"Fri Apr 27 2018 18:24:35 GMT+0000 (UTC)","_score":1,"_source":{"time":"April 27, 2018","device":"miniCam","message":"motion","location":"Exterior-FrontDoor","timestamp":"2018-04-27T18:24:35.574Z"}}
{"_index":"ifttt-2018-04-27","_type":"webhook","_id":"Fri Apr 27 2018 20:14:13 GMT+0000 (UTC)","_score":1,"_source":{"time":"April 27, 2018","device":"miniCam","message":"motion","location":"Exterior-FrontDoor","timestamp":"2018-04-27T20:14:13.624Z"}}
{"_index":"ifttt-2018-04-27","_type":"webhook","_id":"Fri Apr 27 2018 08:39:13 GMT+0000 (UTC)","_score":1,"_source":{"device":"Room1Plug1","message":"Activated","timestamp":"2018-04-27T08:39:13.740Z"}}
{"_index":"ifttt-2018-04-27","_type":"webhook","_id":"Fri Apr 27 2018 09:39:22 GMT+0000 (UTC)","_score":1,"_source":{"device":"Room1Plug1","message":"Activated","timestamp":"2018-04-27T09:39:22.220Z"}}
{"_index":"ifttt-2018-04-27","_type":"webhook","_id":"Fri Apr 27 2018 20:34:23 GMT+0000 (UTC)","_score":1,"_source":{"time":"April 27, 2018","device":"miniCam","message":"motion","location":"Exterior-FrontDoor","timestamp":"2018-04-27T20:34:23.609Z"}}
{"_index":"ifttt-2018-04-27","_type":"webhook","_id":"Fri Apr 27 2018 14:54:21 GMT+0000 (UTC)","_score":1,"_source":{"time":"April 27, 2018","device":"miniCam","message":"motion","location":"Exterior-FrontDoor","timestamp":"2018-04-27T14:54:21.722Z"}}
{"_index":"ifttt-2018-04-27","_type":"webhook","_id":"Fri Apr 27 2018 17:09:19 GMT+0000 (UTC)","_score":1,"_source":{"time":"April 27, 2018","device":"miniCam","message":"motion","location":"Exterior-FrontDoor","timestamp":"2018-04-27T17:09:19.063Z"}}
{"_index":"ifttt-2018-04-27","_type":"webhook","_id":"Fri Apr 27 2018 19:59:06 GMT+0000 (UTC)","_score":1,"_source":{"time":"April 27, 2018","device":"miniCam","message":"motion","location":"Exterior-FrontDoor","timestamp":"2018-04-27T19:59:06.152Z"}}
{"_index":"ifttt-2018-04-27","_type":"webhook","_id":"Fri Apr 27 2018 06:24:10 GMT+0000 (UTC)","_score":1,"_source":{"device":"Plug1","message":"Activated","time":" ","timestamp":"2018-04-27T06:24:10.125Z"}}
{"_index":"ifttt-2018-04-27","_type":"webhook","_id":"Fri Apr 27 2018 02:34:05 GMT+0000 (UTC)","_score":1,"_source":{"device":"Room1Plug1","message":"Activated","timestamp":"2018-04-27T02:34:05.214Z"}}
{"_index":"ifttt-2018-04-27","_type":"webhook","_id":"Fri Apr 27 2018 14:44:21 GMT+0000 (UTC)","_score":1,"_source":{"device":"Room1Plug1","message":"Activated","timestamp":"2018-04-27T14:44:21.287Z"}}
{"_index":"ifttt-2018-04-27","_type":"webhook","_id":"Fri Apr 27 2018 19:54:24 GMT+0000 (UTC)","_score":1,"_source":{"device":"Room1Plug1","message":"Activated","timestamp":"2018-04-27T19:54:24.643Z"}}
{"_index":"ifttt-2018-04-27","_type":"webhook","_id":"Fri Apr 27 2018 02:53:13 GMT+0000 (UTC)","_score":1,"_source":{"device":"Room1Lamp","message":"Activated","timestamp":"2018-04-27T02:53:13.842Z"}}
{"_index":"ifttt-2018-04-27","_type":"webhook","_id":"Fri Apr 27 2018 12:28:04 GMT+0000 (UTC)","_score":1,"_source":{"device":"Room1Lamp","message":"Activated","timestamp":"2018-04-27T12:28:04.710Z"}}
{"_index":"ifttt-2018-04-27","_type":"webhook","_id":"Fri Apr 27 2018 14:28:27 GMT+0000 (UTC)","_score":1,"_source":{"device":"Room1Lamp","message":"Activated","timestamp":"2018-04-27T14:28:27.835Z"}}
{"_index":"ifttt-2018-04-27","_type":"webhook","_id":"Fri Apr 27 2018 21:09:19 GMT+0000 (UTC)","_score":1,"_source":{"time":"April 27, 2018","device":"miniCam","message":"motion","location":"Exterior-FrontDoor","timestamp":"2018-04-27T21:09:19.322Z"}}
{"_index":"ifttt-2018-04-27","_type":"webhook","_id":"Fri Apr 27 2018 14:09:19 GMT+0000 (UTC)","_score":1,"_source":{"time":"April 27, 2018","device":"miniCam","message":"motion","location":"Exterior-FrontDoor","timestamp":"2018-04-27T14:09:19.372Z"}}
{"_index":"ifttt-2018-04-27","_type":"webhook","_id":"Fri Apr 27 2018 15:09:10 GMT+0000 (UTC)","_score":1,"_source":{"time":"April 27, 2018","device":"miniCam","message":"motion","location":"Exterior-FrontDoor","timestamp":"2018-04-27T15:09:10.526Z"}}
{"_index":"ifttt-2018-04-27","_type":"webhook","_id":"Fri Apr 27 2018 20:09:10 GMT+0000 (UTC)","_score":1,"_source":{"time":"April 27, 2018","device":"miniCam","message":"motion","location":"Exterior-FrontDoor","timestamp":"2018-04-27T20:09:10.413Z"}}
{"_index":"ifttt-2018-04-27","_type":"webhook","_id":"Fri Apr 27 2018 20:14:12 GMT+0000 (UTC)","_score":1,"_source":{"time":"April 27, 2018","device":"miniCam","message":"motion","location":"Exterior-FrontDoor","timestamp":"2018-04-27T20:14:12.906Z"}}
{"_index":"ifttt-2018-04-27","_type":"webhook","_id":"Fri Apr 27 2018 21:09:18 GMT+0000 (UTC)","_score":1,"_source":{"time":"April 27, 2018","device":"miniCam","message":"motion","location":"Exterior-FrontDoor","timestamp":"2018-04-27T21:09:18.302Z"}}
{"_index":"ifttt-2018-04-27","_type":"webhook","_id":"Fri Apr 27 2018 21:29:14 GMT+0000 (UTC)","_score":1,"_source":{"time":"April 27, 2018","device":"miniCam","message":"motion","location":"Exterior-FrontDoor","timestamp":"2018-04-27T21:29:14.768Z"}}
{"_index":"ifttt-2018-04-27","_type":"webhook","_id":"Fri Apr 27 2018 20:44:08 GMT+0000 (UTC)","_score":1,"_source":{"device":"Plug1","message":"Activated","time":" ","timestamp":"2018-04-27T20:44:08.657Z"}}
{"_index":"ifttt-2018-04-27","_type":"webhook","_id":"Fri Apr 27 2018 09:23:10 GMT+0000 (UTC)","_score":1,"_source":{"device":"Room1Lamp","message":"Activated","timestamp":"2018-04-27T09:23:10.722Z"}}
{"_index":"ifttt-2018-04-27","_type":"webhook","_id":"Fri Apr 27 2018 10:23:20 GMT+0000 (UTC)","_score":1,"_source":{"device":"Room1Lamp","message":"Activated","timestamp":"2018-04-27T10:23:20.477Z"}}
{"_index":"ifttt-2018-04-27","_type":"webhook","_id":"Fri Apr 27 2018 13:28:12 GMT+0000 (UTC)","_score":1,"_source":{"device":"Room1Lamp","message":"Activated","timestamp":"2018-04-27T13:28:12.668Z"}}
