{"_index":"ifttt-2018-05-01","_type":"webhook","_id":"Tue May 01 2018 11:23:07 GMT+0000 (UTC)","_score":1,"_source":{"time":"May 1, 2018","device":"miniCam","message":"motion","location":"Exterior-FrontDoor","timestamp":"2018-05-01T11:23:07.380Z"}}
{"_index":"ifttt-2018-05-01","_type":"webhook","_id":"Tue May 01 2018 12:18:22 GMT+0000 (UTC)","_score":1,"_source":{"time":"May 1, 2018","device":"miniCam","message":"motion","location":"Exterior-FrontDoor","timestamp":"2018-05-01T12:18:22.597Z"}}
{"_index":"ifttt-2018-05-01","_type":"webhook","_id":"Tue May 01 2018 12:43:29 GMT+0000 (UTC)","_score":1,"_source":{"time":"May 1, 2018","device":"miniCam","message":"motion","location":"Exterior-FrontDoor","timestamp":"2018-05-01T12:43:29.176Z"}}
{"_index":"ifttt-2018-05-01","_type":"webhook","_id":"Tue May 01 2018 12:48:08 GMT+0000 (UTC)","_score":1,"_source":{"time":"May 1, 2018","device":"miniCam","message":"motion","location":"Exterior-FrontDoor","timestamp":"2018-05-01T12:48:08.531Z"}}
{"_index":"ifttt-2018-05-01","_type":"webhook","_id":"Tue May 01 2018 14:18:36 GMT+0000 (UTC)","_score":1,"_source":{"time":"May 1, 2018","device":"miniCam","message":"motion","location":"Exterior-FrontDoor","timestamp":"2018-05-01T14:18:36.635Z"}}
{"_index":"ifttt-2018-05-01","_type":"webhook","_id":"Tue May 01 2018 15:08:11 GMT+0000 (UTC)","_score":1,"_source":{"time":"May 1, 2018","device":"miniCam","message":"motion","location":"Exterior-FrontDoor","timestamp":"2018-05-01T15:08:11.102Z"}}
{"_index":"ifttt-2018-05-01","_type":"webhook","_id":"Tue May 01 2018 07:45:34 GMT+0000 (UTC)","_score":1,"_source":{"device":"Room1Lamp","message":"Activated","timestamp":"2018-05-01T07:45:34.087Z"}}
{"_index":"ifttt-2018-05-01","_type":"webhook","_id":"Tue May 01 2018 16:01:02 GMT+0000 (UTC)","_score":1,"_source":{"device":"Room1Lamp","message":"Activated","timestamp":"2018-05-01T16:01:02.418Z"}}
{"_index":"ifttt-2018-05-01","_type":"webhook","_id":"Tue May 01 2018 12:18:21 GMT+0000 (UTC)","_score":1,"_source":{"time":"May 1, 2018","device":"miniCam","message":"motion","location":"Exterior-FrontDoor","timestamp":"2018-05-01T12:18:21.572Z"}}
{"_index":"ifttt-2018-05-01","_type":"webhook","_id":"Tue May 01 2018 16:53:16 GMT+0000 (UTC)","_score":1,"_source":{"time":"May 1, 2018","device":"miniCam","message":"motion","location":"Exterior-FrontDoor","timestamp":"2018-05-01T16:53:16.772Z"}}
{"_index":"ifttt-2018-05-01","_type":"webhook","_id":"Tue May 01 2018 17:48:13 GMT+0000 (UTC)","_score":1,"_source":{"time":"May 1, 2018","device":"miniCam","message":"motion","location":"Exterior-FrontDoor","timestamp":"2018-05-01T17:48:13.846Z"}}
{"_index":"ifttt-2018-05-01","_type":"webhook","_id":"Tue May 01 2018 17:53:29 GMT+0000 (UTC)","_score":1,"_source":{"time":"May 1, 2018","device":"miniCam","message":"motion","location":"Exterior-FrontDoor","timestamp":"2018-05-01T17:53:29.251Z"}}
{"_index":"ifttt-2018-05-01","_type":"webhook","_id":"Tue May 01 2018 18:03:32 GMT+0000 (UTC)","_score":1,"_source":{"time":"May 1, 2018","device":"miniCam","message":"motion","location":"Exterior-FrontDoor","timestamp":"2018-05-01T18:03:32.049Z"}}
{"_index":"ifttt-2018-05-01","_type":"webhook","_id":"Tue May 01 2018 18:13:23 GMT+0000 (UTC)","_score":1,"_source":{"time":"May 1, 2018","device":"miniCam","message":"motion","location":"Exterior-FrontDoor","timestamp":"2018-05-01T18:13:23.552Z"}}
{"_index":"ifttt-2018-05-01","_type":"webhook","_id":"Tue May 01 2018 18:28:16 GMT+0000 (UTC)","_score":1,"_source":{"time":"May 1, 2018","device":"miniCam","message":"motion","location":"Exterior-FrontDoor","timestamp":"2018-05-01T18:28:16.404Z"}}
{"_index":"ifttt-2018-05-01","_type":"webhook","_id":"Tue May 01 2018 18:43:33 GMT+0000 (UTC)","_score":1,"_source":{"time":"May 1, 2018","device":"miniCam","message":"motion","location":"Exterior-FrontDoor","timestamp":"2018-05-01T18:43:33.679Z"}}
{"_index":"ifttt-2018-05-01","_type":"webhook","_id":"Tue May 01 2018 18:53:19 GMT+0000 (UTC)","_score":1,"_source":{"time":"May 1, 2018","device":"miniCam","message":"motion","location":"Exterior-FrontDoor","timestamp":"2018-05-01T18:53:19.487Z"}}
{"_index":"ifttt-2018-05-01","_type":"webhook","_id":"Tue May 01 2018 19:08:24 GMT+0000 (UTC)","_score":1,"_source":{"time":"May 1, 2018","device":"miniCam","message":"motion","location":"Exterior-FrontDoor","timestamp":"2018-05-01T19:08:24.430Z"}}
{"_index":"ifttt-2018-05-01","_type":"webhook","_id":"Tue May 01 2018 18:33:16 GMT+0000 (UTC)","_score":1,"_source":{"time":"May 1, 2018","device":"miniCam","message":"motion","location":"Exterior-FrontDoor","timestamp":"2018-05-01T18:33:16.558Z"}}
{"_index":"ifttt-2018-05-01","_type":"webhook","_id":"Tue May 01 2018 20:28:19 GMT+0000 (UTC)","_score":1,"_source":{"time":"May 1, 2018","device":"miniCam","message":"motion","location":"Exterior-FrontDoor","timestamp":"2018-05-01T20:28:19.717Z"}}
{"_index":"ifttt-2018-05-01","_type":"webhook","_id":"Tue May 01 2018 20:48:07 GMT+0000 (UTC)","_score":1,"_source":{"time":"May 1, 2018","device":"miniCam","message":"motion","location":"Exterior-FrontDoor","timestamp":"2018-05-01T20:48:07.513Z"}}
{"_index":"ifttt-2018-05-01","_type":"webhook","_id":"Tue May 01 2018 21:13:06 GMT+0000 (UTC)","_score":1,"_source":{"time":"May 1, 2018","device":"miniCam","message":"motion","location":"Exterior-FrontDoor","timestamp":"2018-05-01T21:13:06.946Z"}}
{"_index":"ifttt-2018-05-01","_type":"webhook","_id":"Tue May 01 2018 22:18:06 GMT+0000 (UTC)","_score":1,"_source":{"time":"May 1, 2018","device":"miniCam","message":"motion","location":"Exterior-FrontDoor","timestamp":"2018-05-01T22:18:06.755Z"}}
{"_index":"ifttt-2018-05-01","_type":"webhook","_id":"Tue May 01 2018 02:38:14 GMT+0000 (UTC)","_score":1,"_source":{"time":"May 1, 2018","device":"miniCam","message":"motion","location":"Exterior-FrontDoor","timestamp":"2018-05-01T02:38:14.315Z"}}
{"_index":"ifttt-2018-05-01","_type":"webhook","_id":"Tue May 01 2018 06:38:11 GMT+0000 (UTC)","_score":1,"_source":{"time":"May 1, 2018","device":"miniCam","message":"motion","location":"Exterior-FrontDoor","timestamp":"2018-05-01T06:38:11.968Z"}}
{"_index":"ifttt-2018-05-01","_type":"webhook","_id":"Tue May 01 2018 11:58:13 GMT+0000 (UTC)","_score":1,"_source":{"time":"May 1, 2018","device":"miniCam","message":"motion","location":"Exterior-FrontDoor","timestamp":"2018-05-01T11:58:13.573Z"}}
{"_index":"ifttt-2018-05-01","_type":"webhook","_id":"Tue May 01 2018 12:23:30 GMT+0000 (UTC)","_score":1,"_source":{"time":"May 1, 2018","device":"miniCam","message":"motion","location":"Exterior-FrontDoor","timestamp":"2018-05-01T12:23:30.215Z"}}
{"_index":"ifttt-2018-05-01","_type":"webhook","_id":"Tue May 01 2018 12:28:21 GMT+0000 (UTC)","_score":1,"_source":{"time":"May 1, 2018","device":"miniCam","message":"motion","location":"Exterior-FrontDoor","timestamp":"2018-05-01T12:28:21.716Z"}}
{"_index":"ifttt-2018-05-01","_type":"webhook","_id":"Tue May 01 2018 12:53:37 GMT+0000 (UTC)","_score":1,"_source":{"time":"May 1, 2018","device":"miniCam","message":"motion","location":"Exterior-FrontDoor","timestamp":"2018-05-01T12:53:37.876Z"}}
{"_index":"ifttt-2018-05-01","_type":"webhook","_id":"Tue May 01 2018 01:52:11 GMT+0000 (UTC)","_score":1,"_source":{"device":"Plug1","message":"Activated","time":" ","timestamp":"2018-05-01T01:52:11.625Z"}}
{"_index":"ifttt-2018-05-01","_type":"webhook","_id":"Tue May 01 2018 08:02:10 GMT+0000 (UTC)","_score":1,"_source":{"device":"Plug1","message":"Activated","time":" ","timestamp":"2018-05-01T08:02:10.191Z"}}
{"_index":"ifttt-2018-05-01","_type":"webhook","_id":"Tue May 01 2018 09:02:15 GMT+0000 (UTC)","_score":1,"_source":{"device":"Plug1","message":"Activated","time":" ","timestamp":"2018-05-01T09:02:15.209Z"}}
{"_index":"ifttt-2018-05-01","_type":"webhook","_id":"Tue May 01 2018 10:50:15 GMT+0000 (UTC)","_score":1,"_source":{"device":"Room1Lamp","message":"Activated","timestamp":"2018-05-01T10:50:15.482Z"}}
{"_index":"ifttt-2018-05-01","_type":"webhook","_id":"Tue May 01 2018 13:28:22 GMT+0000 (UTC)","_score":1,"_source":{"time":"May 1, 2018","device":"miniCam","message":"motion","location":"Exterior-FrontDoor","timestamp":"2018-05-01T13:28:22.058Z"}}
{"_index":"ifttt-2018-05-01","_type":"webhook","_id":"Tue May 01 2018 14:08:18 GMT+0000 (UTC)","_score":1,"_source":{"time":"May 1, 2018","device":"miniCam","message":"motion","location":"Exterior-FrontDoor","timestamp":"2018-05-01T14:08:18.289Z"}}
{"_index":"ifttt-2018-05-01","_type":"webhook","_id":"Tue May 01 2018 14:18:35 GMT+0000 (UTC)","_score":1,"_source":{"time":"May 1, 2018","device":"miniCam","message":"motion","location":"Exterior-FrontDoor","timestamp":"2018-05-01T14:18:35.716Z"}}
{"_index":"ifttt-2018-05-01","_type":"webhook","_id":"Tue May 01 2018 17:38:07 GMT+0000 (UTC)","_score":1,"_source":{"time":"May 1, 2018","device":"miniCam","message":"motion","location":"Exterior-FrontDoor","timestamp":"2018-05-01T17:38:07.216Z"}}
{"_index":"ifttt-2018-05-01","_type":"webhook","_id":"Tue May 01 2018 18:38:10 GMT+0000 (UTC)","_score":1,"_source":{"time":"May 1, 2018","device":"miniCam","message":"motion","location":"Exterior-FrontDoor","timestamp":"2018-05-01T18:38:10.558Z"}}
{"_index":"ifttt-2018-05-01","_type":"webhook","_id":"Tue May 01 2018 16:12:19 GMT+0000 (UTC)","_score":1,"_source":{"device":"Plug1","message":"Activated","time":" ","timestamp":"2018-05-01T16:12:19.856Z"}}
{"_index":"ifttt-2018-05-01","_type":"webhook","_id":"Tue May 01 2018 12:55:12 GMT+0000 (UTC)","_score":1,"_source":{"device":"Room1Lamp","message":"Activated","timestamp":"2018-05-01T12:55:12.497Z"}}
{"_index":"ifttt-2018-05-01","_type":"webhook","_id":"Tue May 01 2018 13:58:08 GMT+0000 (UTC)","_score":1,"_source":{"time":"May 1, 2018","device":"miniCam","message":"motion","location":"Exterior-FrontDoor","timestamp":"2018-05-01T13:58:08.954Z"}}
{"_index":"ifttt-2018-05-01","_type":"webhook","_id":"Tue May 01 2018 19:23:18 GMT+0000 (UTC)","_score":1,"_source":{"time":"May 1, 2018","device":"miniCam","message":"motion","location":"Exterior-FrontDoor","timestamp":"2018-05-01T19:23:18.742Z"}}
{"_index":"ifttt-2018-05-01","_type":"webhook","_id":"Tue May 01 2018 19:26:33 GMT+0000 (UTC)","_score":1,"_source":{"device":"Plug1","message":"Activated","time":" ","timestamp":"2018-05-01T19:26:33.536Z"}}
{"_index":"ifttt-2018-05-01","_type":"webhook","_id":"Tue May 01 2018 20:53:07 GMT+0000 (UTC)","_score":1,"_source":{"time":"May 1, 2018","device":"miniCam","message":"motion","location":"Exterior-FrontDoor","timestamp":"2018-05-01T20:53:07.712Z"}}
{"_index":"ifttt-2018-05-01","_type":"webhook","_id":"Tue May 01 2018 22:23:13 GMT+0000 (UTC)","_score":1,"_source":{"time":"May 1, 2018","device":"miniCam","message":"motion","location":"Exterior-FrontDoor","timestamp":"2018-05-01T22:23:13.493Z"}}
{"_index":"ifttt-2018-05-01","_type":"webhook","_id":"Tue May 01 2018 04:38:05 GMT+0000 (UTC)","_score":1,"_source":{"time":"May 1, 2018","device":"miniCam","message":"motion","location":"Exterior-FrontDoor","timestamp":"2018-05-01T04:38:05.621Z"}}
{"_index":"ifttt-2018-05-01","_type":"webhook","_id":"Tue May 01 2018 04:38:06 GMT+0000 (UTC)","_score":1,"_source":{"time":"May 1, 2018","device":"miniCam","message":"motion","location":"Exterior-FrontDoor","timestamp":"2018-05-01T04:38:06.342Z"}}
{"_index":"ifttt-2018-05-01","_type":"webhook","_id":"Tue May 01 2018 06:38:12 GMT+0000 (UTC)","_score":1,"_source":{"time":"May 1, 2018","device":"miniCam","message":"motion","location":"Exterior-FrontDoor","timestamp":"2018-05-01T06:38:12.666Z"}}
{"_index":"ifttt-2018-05-01","_type":"webhook","_id":"Tue May 01 2018 08:38:06 GMT+0000 (UTC)","_score":1,"_source":{"time":"May 1, 2018","device":"miniCam","message":"motion","location":"Exterior-FrontDoor","timestamp":"2018-05-01T08:38:06.513Z"}}
{"_index":"ifttt-2018-05-01","_type":"webhook","_id":"Tue May 01 2018 11:48:16 GMT+0000 (UTC)","_score":1,"_source":{"time":"May 1, 2018","device":"miniCam","message":"motion","location":"Exterior-FrontDoor","timestamp":"2018-05-01T11:48:16.989Z"}}
{"_index":"ifttt-2018-05-01","_type":"webhook","_id":"Tue May 01 2018 14:53:17 GMT+0000 (UTC)","_score":1,"_source":{"time":"May 1, 2018","device":"miniCam","message":"motion","location":"Exterior-FrontDoor","timestamp":"2018-05-01T14:53:17.283Z"}}
{"_index":"ifttt-2018-05-01","_type":"webhook","_id":"Tue May 01 2018 14:58:15 GMT+0000 (UTC)","_score":1,"_source":{"time":"May 1, 2018","device":"miniCam","message":"motion","location":"Exterior-FrontDoor","timestamp":"2018-05-01T14:58:15.514Z"}}
{"_index":"ifttt-2018-05-01","_type":"webhook","_id":"Tue May 01 2018 15:03:29 GMT+0000 (UTC)","_score":1,"_source":{"time":"May 1, 2018","device":"miniCam","message":"motion","location":"Exterior-FrontDoor","timestamp":"2018-05-01T15:03:29.581Z"}}
{"_index":"ifttt-2018-05-01","_type":"webhook","_id":"Tue May 01 2018 15:12:02 GMT+0000 (UTC)","_score":1,"_source":{"device":"Plug1","message":"Activated","time":" ","timestamp":"2018-05-01T15:12:02.651Z"}}
{"_index":"ifttt-2018-05-01","_type":"webhook","_id":"Tue May 01 2018 13:33:15 GMT+0000 (UTC)","_score":1,"_source":{"time":"May 1, 2018","device":"miniCam","message":"motion","location":"Exterior-FrontDoor","timestamp":"2018-05-01T13:33:15.993Z"}}
{"_index":"ifttt-2018-05-01","_type":"webhook","_id":"Tue May 01 2018 15:28:25 GMT+0000 (UTC)","_score":1,"_source":{"time":"May 1, 2018","device":"miniCam","message":"motion","location":"Exterior-FrontDoor","timestamp":"2018-05-01T15:28:25.829Z"}}
{"_index":"ifttt-2018-05-01","_type":"webhook","_id":"Tue May 01 2018 16:48:42 GMT+0000 (UTC)","_score":1,"_source":{"time":"May 1, 2018","device":"miniCam","message":"motion","location":"Exterior-FrontDoor","timestamp":"2018-05-01T16:48:42.840Z"}}
{"_index":"ifttt-2018-05-01","_type":"webhook","_id":"Tue May 01 2018 17:13:18 GMT+0000 (UTC)","_score":1,"_source":{"time":"May 1, 2018","device":"miniCam","message":"motion","location":"Exterior-FrontDoor","timestamp":"2018-05-01T17:13:18.687Z"}}
{"_index":"ifttt-2018-05-01","_type":"webhook","_id":"Tue May 01 2018 17:18:44 GMT+0000 (UTC)","_score":1,"_source":{"time":"May 1, 2018","device":"miniCam","message":"motion","location":"Exterior-FrontDoor","timestamp":"2018-05-01T17:18:44.648Z"}}
{"_index":"ifttt-2018-05-01","_type":"webhook","_id":"Tue May 01 2018 18:08:32 GMT+0000 (UTC)","_score":1,"_source":{"time":"May 1, 2018","device":"miniCam","message":"motion","location":"Exterior-FrontDoor","timestamp":"2018-05-01T18:08:32.324Z"}}
{"_index":"ifttt-2018-05-01","_type":"webhook","_id":"Tue May 01 2018 18:08:34 GMT+0000 (UTC)","_score":1,"_source":{"time":"May 1, 2018","device":"miniCam","message":"motion","location":"Exterior-FrontDoor","timestamp":"2018-05-01T18:08:34.359Z"}}
{"_index":"ifttt-2018-05-01","_type":"webhook","_id":"Tue May 01 2018 19:03:22 GMT+0000 (UTC)","_score":1,"_source":{"time":"May 1, 2018","device":"miniCam","message":"motion","location":"Exterior-FrontDoor","timestamp":"2018-05-01T19:03:22.130Z"}}
{"_index":"ifttt-2018-05-01","_type":"webhook","_id":"Tue May 01 2018 19:28:24 GMT+0000 (UTC)","_score":1,"_source":{"time":"May 1, 2018","device":"miniCam","message":"motion","location":"Exterior-FrontDoor","timestamp":"2018-05-01T19:28:24.846Z"}}
{"_index":"ifttt-2018-05-01","_type":"webhook","_id":"Tue May 01 2018 18:08:33 GMT+0000 (UTC)","_score":1,"_source":{"time":"May 1, 2018","device":"miniCam","message":"motion","location":"Exterior-FrontDoor","timestamp":"2018-05-01T18:08:33.857Z"}}
{"_index":"ifttt-2018-05-01","_type":"webhook","_id":"Tue May 01 2018 20:28:20 GMT+0000 (UTC)","_score":1,"_source":{"time":"May 1, 2018","device":"miniCam","message":"motion","location":"Exterior-FrontDoor","timestamp":"2018-05-01T20:28:20.422Z"}}
{"_index":"ifttt-2018-05-01","_type":"webhook","_id":"Tue May 01 2018 20:43:18 GMT+0000 (UTC)","_score":1,"_source":{"time":"May 1, 2018","device":"miniCam","message":"motion","location":"Exterior-FrontDoor","timestamp":"2018-05-01T20:43:18.593Z"}}
{"_index":"ifttt-2018-05-01","_type":"webhook","_id":"Tue May 01 2018 21:03:21 GMT+0000 (UTC)","_score":1,"_source":{"time":"May 1, 2018","device":"miniCam","message":"motion","location":"Exterior-FrontDoor","timestamp":"2018-05-01T21:03:21.989Z"}}
{"_index":"ifttt-2018-05-01","_type":"webhook","_id":"Tue May 01 2018 23:07:07 GMT+0000 (UTC)","_score":1,"_source":{"device":"Room1Plug1","message":"Activated","timestamp":"2018-05-01T23:07:07.508Z"}}
{"_index":"ifttt-2018-05-01","_type":"webhook","_id":"Tue May 01 2018 11:38:27 GMT+0000 (UTC)","_score":1,"_source":{"time":"May 1, 2018","device":"miniCam","message":"motion","location":"Exterior-FrontDoor","timestamp":"2018-05-01T11:38:27.437Z"}}
{"_index":"ifttt-2018-05-01","_type":"webhook","_id":"Tue May 01 2018 13:08:20 GMT+0000 (UTC)","_score":1,"_source":{"time":"May 1, 2018","device":"miniCam","message":"motion","location":"Exterior-FrontDoor","timestamp":"2018-05-01T13:08:20.444Z"}}
{"_index":"ifttt-2018-05-01","_type":"webhook","_id":"Tue May 01 2018 03:57:15 GMT+0000 (UTC)","_score":1,"_source":{"device":"Plug1","message":"Activated","time":" ","timestamp":"2018-05-01T03:57:15.623Z"}}
{"_index":"ifttt-2018-05-01","_type":"webhook","_id":"Tue May 01 2018 01:44:18 GMT+0000 (UTC)","_score":1,"_source":{"device":"Room1Plug1","message":"Activated","timestamp":"2018-05-01T01:44:18.352Z"}}
{"_index":"ifttt-2018-05-01","_type":"webhook","_id":"Tue May 01 2018 02:44:22 GMT+0000 (UTC)","_score":1,"_source":{"device":"Room1Plug1","message":"Activated","timestamp":"2018-05-01T02:44:22.242Z"}}
{"_index":"ifttt-2018-05-01","_type":"webhook","_id":"Tue May 01 2018 09:50:13 GMT+0000 (UTC)","_score":1,"_source":{"device":"Room1Lamp","message":"Activated","timestamp":"2018-05-01T09:50:13.797Z"}}
{"_index":"ifttt-2018-05-01","_type":"webhook","_id":"Tue May 01 2018 11:50:25 GMT+0000 (UTC)","_score":1,"_source":{"device":"Room1Lamp","message":"Activated","timestamp":"2018-05-01T11:50:25.648Z"}}
{"_index":"ifttt-2018-05-01","_type":"webhook","_id":"Tue May 01 2018 08:38:07 GMT+0000 (UTC)","_score":1,"_source":{"time":"May 1, 2018","device":"miniCam","message":"motion","location":"Exterior-FrontDoor","timestamp":"2018-05-01T08:38:07.611Z"}}
{"_index":"ifttt-2018-05-01","_type":"webhook","_id":"Tue May 01 2018 11:03:08 GMT+0000 (UTC)","_score":1,"_source":{"time":"May 1, 2018","device":"miniCam","message":"motion","location":"Exterior-FrontDoor","timestamp":"2018-05-01T11:03:08.580Z"}}
{"_index":"ifttt-2018-05-01","_type":"webhook","_id":"Tue May 01 2018 13:08:21 GMT+0000 (UTC)","_score":1,"_source":{"time":"May 1, 2018","device":"miniCam","message":"motion","location":"Exterior-FrontDoor","timestamp":"2018-05-01T13:08:21.606Z"}}
{"_index":"ifttt-2018-05-01","_type":"webhook","_id":"Tue May 01 2018 13:53:21 GMT+0000 (UTC)","_score":1,"_source":{"time":"May 1, 2018","device":"miniCam","message":"motion","location":"Exterior-FrontDoor","timestamp":"2018-05-01T13:53:21.938Z"}}
{"_index":"ifttt-2018-05-01","_type":"webhook","_id":"Tue May 01 2018 13:53:22 GMT+0000 (UTC)","_score":1,"_source":{"time":"May 1, 2018","device":"miniCam","message":"motion","location":"Exterior-FrontDoor","timestamp":"2018-05-01T13:53:22.357Z"}}
{"_index":"ifttt-2018-05-01","_type":"webhook","_id":"Tue May 01 2018 13:23:24 GMT+0000 (UTC)","_score":1,"_source":{"time":"May 1, 2018","device":"miniCam","message":"motion","location":"Exterior-FrontDoor","timestamp":"2018-05-01T13:23:24.582Z"}}
{"_index":"ifttt-2018-05-01","_type":"webhook","_id":"Tue May 01 2018 15:18:14 GMT+0000 (UTC)","_score":1,"_source":{"time":"May 1, 2018","device":"miniCam","message":"motion","location":"Exterior-FrontDoor","timestamp":"2018-05-01T15:18:14.742Z"}}
{"_index":"ifttt-2018-05-01","_type":"webhook","_id":"Tue May 01 2018 15:58:13 GMT+0000 (UTC)","_score":1,"_source":{"time":"May 1, 2018","device":"miniCam","message":"motion","location":"Exterior-FrontDoor","timestamp":"2018-05-01T15:58:13.614Z"}}
{"_index":"ifttt-2018-05-01","_type":"webhook","_id":"Tue May 01 2018 16:58:15 GMT+0000 (UTC)","_score":1,"_source":{"time":"May 1, 2018","device":"miniCam","message":"motion","location":"Exterior-FrontDoor","timestamp":"2018-05-01T16:58:15.791Z"}}
{"_index":"ifttt-2018-05-01","_type":"webhook","_id":"Tue May 01 2018 17:38:06 GMT+0000 (UTC)","_score":1,"_source":{"time":"May 1, 2018","device":"miniCam","message":"motion","location":"Exterior-FrontDoor","timestamp":"2018-05-01T17:38:06.579Z"}}
{"_index":"ifttt-2018-05-01","_type":"webhook","_id":"Tue May 01 2018 17:17:17 GMT+0000 (UTC)","_score":1,"_source":{"device":"Plug1","message":"Activated","time":" ","timestamp":"2018-05-01T17:17:17.505Z"}}
{"_index":"ifttt-2018-05-01","_type":"webhook","_id":"Tue May 01 2018 14:59:14 GMT+0000 (UTC)","_score":1,"_source":{"device":"Room1Plug1","message":"Activated","timestamp":"2018-05-01T14:59:14.295Z"}}
{"_index":"ifttt-2018-05-01","_type":"webhook","_id":"Tue May 01 2018 15:59:38 GMT+0000 (UTC)","_score":1,"_source":{"device":"Room1Plug1","message":"Activated","timestamp":"2018-05-01T15:59:38.188Z"}}
{"_index":"ifttt-2018-05-01","_type":"webhook","_id":"Tue May 01 2018 17:58:30 GMT+0000 (UTC)","_score":1,"_source":{"time":"May 1, 2018","device":"miniCam","message":"motion","location":"Exterior-FrontDoor","timestamp":"2018-05-01T17:58:30.305Z"}}
{"_index":"ifttt-2018-05-01","_type":"webhook","_id":"Tue May 01 2018 18:03:30 GMT+0000 (UTC)","_score":1,"_source":{"time":"May 1, 2018","device":"miniCam","message":"motion","location":"Exterior-FrontDoor","timestamp":"2018-05-01T18:03:30.849Z"}}
{"_index":"ifttt-2018-05-01","_type":"webhook","_id":"Tue May 01 2018 18:23:31 GMT+0000 (UTC)","_score":1,"_source":{"time":"May 1, 2018","device":"miniCam","message":"motion","location":"Exterior-FrontDoor","timestamp":"2018-05-01T18:23:31.359Z"}}
{"_index":"ifttt-2018-05-01","_type":"webhook","_id":"Tue May 01 2018 18:38:09 GMT+0000 (UTC)","_score":1,"_source":{"time":"May 1, 2018","device":"miniCam","message":"motion","location":"Exterior-FrontDoor","timestamp":"2018-05-01T18:38:09.812Z"}}
{"_index":"ifttt-2018-05-01","_type":"webhook","_id":"Tue May 01 2018 18:43:35 GMT+0000 (UTC)","_score":1,"_source":{"time":"May 1, 2018","device":"miniCam","message":"motion","location":"Exterior-FrontDoor","timestamp":"2018-05-01T18:43:35.789Z"}}
{"_index":"ifttt-2018-05-01","_type":"webhook","_id":"Tue May 01 2018 19:03:20 GMT+0000 (UTC)","_score":1,"_source":{"time":"May 1, 2018","device":"miniCam","message":"motion","location":"Exterior-FrontDoor","timestamp":"2018-05-01T19:03:20.804Z"}}
{"_index":"ifttt-2018-05-01","_type":"webhook","_id":"Tue May 01 2018 21:33:32 GMT+0000 (UTC)","_score":1,"_source":{"time":"May 1, 2018","device":"miniCam","message":"motion","location":"Exterior-FrontDoor","timestamp":"2018-05-01T21:33:32.196Z"}}
{"_index":"ifttt-2018-05-01","_type":"webhook","_id":"Tue May 01 2018 18:21:25 GMT+0000 (UTC)","_score":1,"_source":{"device":"Plug1","message":"Activated","time":" ","timestamp":"2018-05-01T18:21:25.867Z"}}
{"_index":"ifttt-2018-05-01","_type":"webhook","_id":"Tue May 01 2018 18:02:11 GMT+0000 (UTC)","_score":1,"_source":{"device":"Room1Plug1","message":"Activated","timestamp":"2018-05-01T18:02:11.162Z"}}
{"_index":"ifttt-2018-05-01","_type":"webhook","_id":"Tue May 01 2018 22:08:10 GMT+0000 (UTC)","_score":1,"_source":{"time":"May 1, 2018","device":"miniCam","message":"motion","location":"Exterior-FrontDoor","timestamp":"2018-05-01T22:08:10.101Z"}}
{"_index":"ifttt-2018-05-01","_type":"webhook","_id":"Tue May 01 2018 22:23:12 GMT+0000 (UTC)","_score":1,"_source":{"time":"May 1, 2018","device":"miniCam","message":"motion","location":"Exterior-FrontDoor","timestamp":"2018-05-01T22:23:12.775Z"}}
{"_index":"ifttt-2018-05-01","_type":"webhook","_id":"Tue May 01 2018 23:10:02 GMT+0000 (UTC)","_score":1,"_source":{"device":"Room1Lamp","message":"Activated","timestamp":"2018-05-01T23:10:02.309Z"}}
{"_index":"ifttt-2018-05-01","_type":"webhook","_id":"Tue May 01 2018 11:03:05 GMT+0000 (UTC)","_score":1,"_source":{"time":"May 1, 2018","device":"miniCam","message":"motion","location":"Exterior-FrontDoor","timestamp":"2018-05-01T11:03:05.715Z"}}
{"_index":"ifttt-2018-05-01","_type":"webhook","_id":"Tue May 01 2018 11:03:06 GMT+0000 (UTC)","_score":1,"_source":{"time":"May 1, 2018","device":"miniCam","message":"motion","location":"Exterior-FrontDoor","timestamp":"2018-05-01T11:03:06.698Z"}}
{"_index":"ifttt-2018-05-01","_type":"webhook","_id":"Tue May 01 2018 11:23:06 GMT+0000 (UTC)","_score":1,"_source":{"time":"May 1, 2018","device":"miniCam","message":"motion","location":"Exterior-FrontDoor","timestamp":"2018-05-01T11:23:06.577Z"}}
{"_index":"ifttt-2018-05-01","_type":"webhook","_id":"Tue May 01 2018 12:08:17 GMT+0000 (UTC)","_score":1,"_source":{"time":"May 1, 2018","device":"miniCam","message":"motion","location":"Exterior-FrontDoor","timestamp":"2018-05-01T12:08:17.481Z"}}
{"_index":"ifttt-2018-05-01","_type":"webhook","_id":"Tue May 01 2018 12:18:20 GMT+0000 (UTC)","_score":1,"_source":{"time":"May 1, 2018","device":"miniCam","message":"motion","location":"Exterior-FrontDoor","timestamp":"2018-05-01T12:18:20.106Z"}}
{"_index":"ifttt-2018-05-01","_type":"webhook","_id":"Tue May 01 2018 12:28:22 GMT+0000 (UTC)","_score":1,"_source":{"time":"May 1, 2018","device":"miniCam","message":"motion","location":"Exterior-FrontDoor","timestamp":"2018-05-01T12:28:22.386Z"}}
{"_index":"ifttt-2018-05-01","_type":"webhook","_id":"Tue May 01 2018 12:33:08 GMT+0000 (UTC)","_score":1,"_source":{"time":"May 1, 2018","device":"miniCam","message":"motion","location":"Exterior-FrontDoor","timestamp":"2018-05-01T12:33:08.061Z"}}
{"_index":"ifttt-2018-05-01","_type":"webhook","_id":"Tue May 01 2018 12:43:28 GMT+0000 (UTC)","_score":1,"_source":{"time":"May 1, 2018","device":"miniCam","message":"motion","location":"Exterior-FrontDoor","timestamp":"2018-05-01T12:43:28.456Z"}}
{"_index":"ifttt-2018-05-01","_type":"webhook","_id":"Tue May 01 2018 00:44:14 GMT+0000 (UTC)","_score":1,"_source":{"device":"Room1Plug1","message":"Activated","timestamp":"2018-05-01T00:44:14.535Z"}}
{"_index":"ifttt-2018-05-01","_type":"webhook","_id":"Tue May 01 2018 03:44:24 GMT+0000 (UTC)","_score":1,"_source":{"device":"Room1Plug1","message":"Activated","timestamp":"2018-05-01T03:44:24.784Z"}}
{"_index":"ifttt-2018-05-01","_type":"webhook","_id":"Tue May 01 2018 11:03:07 GMT+0000 (UTC)","_score":1,"_source":{"time":"May 1, 2018","device":"miniCam","message":"motion","location":"Exterior-FrontDoor","timestamp":"2018-05-01T11:03:07.635Z"}}
{"_index":"ifttt-2018-05-01","_type":"webhook","_id":"Tue May 01 2018 12:53:38 GMT+0000 (UTC)","_score":1,"_source":{"time":"May 1, 2018","device":"miniCam","message":"motion","location":"Exterior-FrontDoor","timestamp":"2018-05-01T12:53:38.499Z"}}
{"_index":"ifttt-2018-05-01","_type":"webhook","_id":"Tue May 01 2018 13:43:20 GMT+0000 (UTC)","_score":1,"_source":{"time":"May 1, 2018","device":"miniCam","message":"motion","location":"Exterior-FrontDoor","timestamp":"2018-05-01T13:43:20.735Z"}}
{"_index":"ifttt-2018-05-01","_type":"webhook","_id":"Tue May 01 2018 14:08:17 GMT+0000 (UTC)","_score":1,"_source":{"time":"May 1, 2018","device":"miniCam","message":"motion","location":"Exterior-FrontDoor","timestamp":"2018-05-01T14:08:17.723Z"}}
{"_index":"ifttt-2018-05-01","_type":"webhook","_id":"Tue May 01 2018 14:33:14 GMT+0000 (UTC)","_score":1,"_source":{"time":"May 1, 2018","device":"miniCam","message":"motion","location":"Exterior-FrontDoor","timestamp":"2018-05-01T14:33:14.523Z"}}
{"_index":"ifttt-2018-05-01","_type":"webhook","_id":"Tue May 01 2018 17:08:02 GMT+0000 (UTC)","_score":1,"_source":{"time":"May 1, 2018","device":"miniCam","message":"motion","location":"Exterior-FrontDoor","timestamp":"2018-05-01T17:08:02.258Z"}}
{"_index":"ifttt-2018-05-01","_type":"webhook","_id":"Tue May 01 2018 17:58:29 GMT+0000 (UTC)","_score":1,"_source":{"time":"May 1, 2018","device":"miniCam","message":"motion","location":"Exterior-FrontDoor","timestamp":"2018-05-01T17:58:29.792Z"}}
{"_index":"ifttt-2018-05-01","_type":"webhook","_id":"Tue May 01 2018 18:18:06 GMT+0000 (UTC)","_score":1,"_source":{"time":"May 1, 2018","device":"miniCam","message":"motion","location":"Exterior-FrontDoor","timestamp":"2018-05-01T18:18:06.085Z"}}
{"_index":"ifttt-2018-05-01","_type":"webhook","_id":"Tue May 01 2018 18:23:30 GMT+0000 (UTC)","_score":1,"_source":{"time":"May 1, 2018","device":"miniCam","message":"motion","location":"Exterior-FrontDoor","timestamp":"2018-05-01T18:23:30.698Z"}}
{"_index":"ifttt-2018-05-01","_type":"webhook","_id":"Tue May 01 2018 18:28:17 GMT+0000 (UTC)","_score":1,"_source":{"time":"May 1, 2018","device":"miniCam","message":"motion","location":"Exterior-FrontDoor","timestamp":"2018-05-01T18:28:17.298Z"}}
{"_index":"ifttt-2018-05-01","_type":"webhook","_id":"Tue May 01 2018 18:33:15 GMT+0000 (UTC)","_score":1,"_source":{"time":"May 1, 2018","device":"miniCam","message":"motion","location":"Exterior-FrontDoor","timestamp":"2018-05-01T18:33:15.424Z"}}
{"_index":"ifttt-2018-05-01","_type":"webhook","_id":"Tue May 01 2018 18:38:11 GMT+0000 (UTC)","_score":1,"_source":{"time":"May 1, 2018","device":"miniCam","message":"motion","location":"Exterior-FrontDoor","timestamp":"2018-05-01T18:38:11.066Z"}}
{"_index":"ifttt-2018-05-01","_type":"webhook","_id":"Tue May 01 2018 18:43:34 GMT+0000 (UTC)","_score":1,"_source":{"time":"May 1, 2018","device":"miniCam","message":"motion","location":"Exterior-FrontDoor","timestamp":"2018-05-01T18:43:34.623Z"}}
{"_index":"ifttt-2018-05-01","_type":"webhook","_id":"Tue May 01 2018 19:18:19 GMT+0000 (UTC)","_score":1,"_source":{"time":"May 1, 2018","device":"miniCam","message":"motion","location":"Exterior-FrontDoor","timestamp":"2018-05-01T19:18:19.258Z"}}
{"_index":"ifttt-2018-05-01","_type":"webhook","_id":"Tue May 01 2018 19:33:23 GMT+0000 (UTC)","_score":1,"_source":{"time":"May 1, 2018","device":"miniCam","message":"motion","location":"Exterior-FrontDoor","timestamp":"2018-05-01T19:33:23.755Z"}}
