{"_index":"ifttt-2018-03-20","_type":"webhook","_id":"Tue Mar 20 2018 18:16:16 GMT+0000 (UTC)","_score":1,"_source":{"subject":"Lock1","status":"Locked","timestamp":"2018-03-20T18:16:16.658Z"}}
{"_index":"ifttt-2018-03-20","_type":"webhook","_id":"Tue Mar 20 2018 18:16:18 GMT+0000 (UTC)","_score":1,"_source":{"subject":"Lock1","status":"Locked","timestamp":"2018-03-20T18:16:18.707Z"}}
{"_index":"ifttt-2018-03-20","_type":"webhook","_id":"Tue Mar 20 2018 18:19:52 GMT+0000 (UTC)","_score":1,"_source":{"subject":"Lock1","status":"Unlocked","timestamp":"2018-03-20T18:19:52.477Z"}}
{"_index":"ifttt-2018-03-20","_type":"webhook","_id":"Tue Mar 20 2018 18:19:54 GMT+0000 (UTC)","_score":1,"_source":{"subject":"Lock1","status":"Unlocked","timestamp":"2018-03-20T18:19:54.827Z"}}
{"_index":"ifttt-2018-03-20","_type":"webhook","_id":"Tue Mar 20 2018 19:51:19 GMT+0000 (UTC)","_score":1,"_source":{"subject":"Lock1","status":"Locked","timestamp":"2018-03-20T19:51:19.786Z"}}
{"_index":"ifttt-2018-03-20","_type":"webhook","_id":"Tue Mar 20 2018 17:34:48 GMT+0000 (UTC)","_score":1,"_source":{"subject":"Lock1","status":"Unlocked"}}
{"_index":"ifttt-2018-03-20","_type":"webhook","_id":"Tue Mar 20 2018 19:51:36 GMT+0000 (UTC)","_score":1,"_source":{"subject":"Lock1","status":"Unlocked","timestamp":"2018-03-20T19:51:36.151Z"}}
{"_index":"ifttt-2018-03-20","_type":"webhook","_id":"Tue Mar 20 2018 17:34:46 GMT+0000 (UTC)","_score":1,"_source":{"subject":"Lock1","status":"Unlocked"}}
{"_index":"ifttt-2018-03-20","_type":"webhook","_id":"Tue Mar 20 2018 17:34:47 GMT+0000 (UTC)","_score":1,"_source":{"subject":"Lock1","status":"Unlocked"}}
{"_index":"ifttt-2018-03-20","_type":"webhook","_id":"Tue Mar 20 2018 18:19:51 GMT+0000 (UTC)","_score":1,"_source":{"subject":"Lock1","status":"Unlocked","timestamp":"2018-03-20T18:19:51.759Z"}}
{"_index":"ifttt-2018-03-20","_type":"webhook","_id":"Tue Mar 20 2018 18:19:53 GMT+0000 (UTC)","_score":1,"_source":{"subject":"Lock1","status":"Unlocked","timestamp":"2018-03-20T18:19:53.620Z"}}
{"_index":"ifttt-2018-03-20","_type":"webhook","_id":"Tue Mar 20 2018 18:19:55 GMT+0000 (UTC)","_score":1,"_source":{"subject":"Lock1","status":"Unlocked","timestamp":"2018-03-20T18:19:55.332Z"}}
{"_index":"ifttt-2018-03-20","_type":"webhook","_id":"Tue Mar 20 2018 20:15:52 GMT+0000 (UTC)","_score":1,"_source":{"subject":"Lock1","status":"Locked","timestamp":"2018-03-20T20:15:52.181Z"}}
{"_index":"ifttt-2018-03-20","_type":"webhook","_id":"Tue Mar 20 2018 18:16:17 GMT+0000 (UTC)","_score":1,"_source":{"subject":"Lock1","status":"Locked","timestamp":"2018-03-20T18:16:17.696Z"}}
{"_index":"ifttt-2018-03-20","_type":"webhook","_id":"Tue Mar 20 2018 18:16:19 GMT+0000 (UTC)","_score":1,"_source":{"subject":"Lock1","status":"Locked","timestamp":"2018-03-20T18:16:19.732Z"}}
{"_index":"ifttt-2018-03-20","_type":"webhook","_id":"Tue Mar 20 2018 18:39:10 GMT+0000 (UTC)","_score":1,"_source":{"subject":"Lock1","status":"Unlocked","timestamp":"2018-03-20T18:39:10.415Z"}}
{"_index":"ifttt-2018-03-20","_type":"webhook","_id":"Tue Mar 20 2018 20:19:45 GMT+0000 (UTC)","_score":1,"_source":{"subject":"Lock1","status":"Unlocked","timestamp":"2018-03-20T20:19:45.707Z"}}
