{"_index":"ifttt-2018-04-22","_type":"webhook","_id":"Sun Apr 22 2018 01:17:15 GMT+0000 (UTC)","_score":1,"_source":{"time":"April 22, 2018","device":"miniCam","message":"motion","location":"Exterior-FrontDoor","timestamp":"2018-04-22T01:17:15.948Z"}}
{"_index":"ifttt-2018-04-22","_type":"webhook","_id":"Sun Apr 22 2018 12:36:19 GMT+0000 (UTC)","_score":1,"_source":{"device":"Plug1","message":"Activated","time":" ","timestamp":"2018-04-22T12:36:19.104Z"}}
{"_index":"ifttt-2018-04-22","_type":"webhook","_id":"Sun Apr 22 2018 18:41:22 GMT+0000 (UTC)","_score":1,"_source":{"device":"Plug1","message":"Activated","time":" ","timestamp":"2018-04-22T18:41:22.415Z"}}
{"_index":"ifttt-2018-04-22","_type":"webhook","_id":"Sun Apr 22 2018 08:31:19 GMT+0000 (UTC)","_score":1,"_source":{"device":"Plug1","message":"Activated","time":" ","timestamp":"2018-04-22T08:31:19.756Z"}}
{"_index":"ifttt-2018-04-22","_type":"webhook","_id":"Sun Apr 22 2018 09:19:10 GMT+0000 (UTC)","_score":1,"_source":{"device":"Room1Lamp","message":"Activated","timestamp":"2018-04-22T09:19:10.837Z"}}
{"_index":"ifttt-2018-04-22","_type":"webhook","_id":"Sun Apr 22 2018 09:31:22 GMT+0000 (UTC)","_score":1,"_source":{"device":"Plug1","message":"Activated","time":" ","timestamp":"2018-04-22T09:31:22.131Z"}}
{"_index":"ifttt-2018-04-22","_type":"webhook","_id":"Sun Apr 22 2018 16:34:18 GMT+0000 (UTC)","_score":1,"_source":{"device":"Room1Lamp","message":"Activated","timestamp":"2018-04-22T16:34:18.995Z"}}
{"_index":"ifttt-2018-04-22","_type":"webhook","_id":"Sun Apr 22 2018 19:28:16 GMT+0000 (UTC)","_score":1,"_source":{"device":"Room1Plug1","message":"Activated","timestamp":"2018-04-22T19:28:16.061Z"}}
{"_index":"ifttt-2018-04-22","_type":"webhook","_id":"Sun Apr 22 2018 19:46:26 GMT+0000 (UTC)","_score":1,"_source":{"device":"Plug1","message":"Activated","time":" ","timestamp":"2018-04-22T19:46:26.358Z"}}
{"_index":"ifttt-2018-04-22","_type":"webhook","_id":"Sun Apr 22 2018 05:26:12 GMT+0000 (UTC)","_score":1,"_source":{"device":"Plug1","message":"Activated","time":" ","timestamp":"2018-04-22T05:26:12.040Z"}}
{"_index":"ifttt-2018-04-22","_type":"webhook","_id":"Sun Apr 22 2018 06:26:21 GMT+0000 (UTC)","_score":1,"_source":{"device":"Plug1","message":"Activated","time":" ","timestamp":"2018-04-22T06:26:21.940Z"}}
{"_index":"ifttt-2018-04-22","_type":"webhook","_id":"Sun Apr 22 2018 03:11:07 GMT+0000 (UTC)","_score":1,"_source":{"device":"Room1Plug1","message":"Activated","timestamp":"2018-04-22T03:11:07.877Z"}}
{"_index":"ifttt-2018-04-22","_type":"webhook","_id":"Sun Apr 22 2018 05:19:20 GMT+0000 (UTC)","_score":1,"_source":{"device":"Room1Lamp","message":"Activated","timestamp":"2018-04-22T05:19:20.396Z"}}
{"_index":"ifttt-2018-04-22","_type":"webhook","_id":"Sun Apr 22 2018 17:41:05 GMT+0000 (UTC)","_score":1,"_source":{"device":"Plug1","message":"Activated","time":" ","timestamp":"2018-04-22T17:41:05.531Z"}}
{"_index":"ifttt-2018-04-22","_type":"webhook","_id":"Sun Apr 22 2018 18:28:09 GMT+0000 (UTC)","_score":1,"_source":{"device":"Room1Plug1","message":"Activated","timestamp":"2018-04-22T18:28:09.361Z"}}
{"_index":"ifttt-2018-04-22","_type":"webhook","_id":"Sun Apr 22 2018 20:46:50 GMT+0000 (UTC)","_score":1,"_source":{"device":"Plug1","message":"Activated","time":" ","timestamp":"2018-04-22T20:46:50.250Z"}}
