{"_index":"ifttt-2018-04-20","_type":"webhook","_id":"Fri Apr 20 2018 14:42:02 GMT+0000 (UTC)","_score":1,"_source":{"time":"April 20, 2018","device":"miniCam","message":"motion","location":"Exterior-FrontDoor","timestamp":"2018-04-20T14:42:02.966Z"}}
{"_index":"ifttt-2018-04-20","_type":"webhook","_id":"Fri Apr 20 2018 14:42:03 GMT+0000 (UTC)","_score":1,"_source":{"time":"April 20, 2018","device":"miniCam","message":"motion","location":"Exterior-FrontDoor","timestamp":"2018-04-20T14:42:03.589Z"}}
{"_index":"ifttt-2018-04-20","_type":"webhook","_id":"Fri Apr 20 2018 13:34:39 GMT+0000 (UTC)","_score":1,"_source":{"time":"April 20, 2018 at 09:34AM","device":"Alexa","message":"Voice Deactivation","target":"lamp","timestamp":"2018-04-20T13:34:39.277Z"}}
{"_index":"ifttt-2018-04-20","_type":"webhook","_id":"Fri Apr 20 2018 14:42:55 GMT+0000 (UTC)","_score":1,"_source":{"time":" April 20, 2018 at 10:42AM","device":"Alexa","message":"Voice Activation","target":"lamp","timestamp":"2018-04-20T14:42:55.529Z"}}
{"_index":"ifttt-2018-04-20","_type":"webhook","_id":"Fri Apr 20 2018 13:17:05 GMT+0000 (UTC)","_score":1,"_source":{"time":"April 20, 2018","device":"miniCam","message":"motion","location":"Exterior-FrontDoor","timestamp":"2018-04-20T13:17:05.961Z"}}
{"_index":"ifttt-2018-04-20","_type":"webhook","_id":"Fri Apr 20 2018 13:32:17 GMT+0000 (UTC)","_score":1,"_source":{"time":"April 20, 2018","device":"miniCam","message":"motion","location":"Exterior-FrontDoor","timestamp":"2018-04-20T13:32:17.323Z"}}
{"_index":"ifttt-2018-04-20","_type":"webhook","_id":"Fri Apr 20 2018 13:30:40 GMT+0000 (UTC)","_score":1,"_source":{"device":"FrontLock1","status":"Unlocked","user":"Manual Unlock","timestamp":"2018-04-20T13:30:40.289Z"}}
{"_index":"ifttt-2018-04-20","_type":"webhook","_id":"Fri Apr 20 2018 13:12:52 GMT+0000 (UTC)","_score":1,"_source":{"device":"FrontLock1","status":"Locked","user":"Manual Lock","timestamp":"2018-04-20T13:12:52.971Z"}}
{"_index":"ifttt-2018-04-20","_type":"webhook","_id":"Fri Apr 20 2018 13:12:54 GMT+0000 (UTC)","_score":1,"_source":{"device":"FrontLock1","status":"Locked","user":"Manual Lock","timestamp":"2018-04-20T13:12:54.372Z"}}
{"_index":"ifttt-2018-04-20","_type":"webhook","_id":"Fri Apr 20 2018 13:27:14 GMT+0000 (UTC)","_score":1,"_source":{"device":"FrontLock1","status":"Locked","user":"Manual Lock","timestamp":"2018-04-20T13:27:14.278Z"}}
{"_index":"ifttt-2018-04-20","_type":"webhook","_id":"Fri Apr 20 2018 06:21:06 GMT+0000 (UTC)","_score":1,"_source":{"device":"Plug1","message":"Activated","time":" ","timestamp":"2018-04-20T06:21:06.648Z"}}
{"_index":"ifttt-2018-04-20","_type":"webhook","_id":"Fri Apr 20 2018 14:43:32 GMT+0000 (UTC)","_score":1,"_source":{"time":"April 20, 2018 at 10:43AM","device":"Alexa","message":"Voice Deactivation","target":"lamp","timestamp":"2018-04-20T14:43:32.699Z"}}
{"_index":"ifttt-2018-04-20","_type":"webhook","_id":"Fri Apr 20 2018 14:52:14 GMT+0000 (UTC)","_score":1,"_source":{"device":"FrontLock1","status":"Locked","user":"Manual Lock","timestamp":"2018-04-20T14:52:14.815Z"}}
{"_index":"ifttt-2018-04-20","_type":"webhook","_id":"Fri Apr 20 2018 14:52:24 GMT+0000 (UTC)","_score":1,"_source":{"time":"April 20, 2018","device":"miniCam","message":"motion","location":"Exterior-FrontDoor","timestamp":"2018-04-20T14:52:24.724Z"}}
{"_index":"ifttt-2018-04-20","_type":"webhook","_id":"Fri Apr 20 2018 14:52:25 GMT+0000 (UTC)","_score":1,"_source":{"time":"April 20, 2018","device":"miniCam","message":"motion","location":"Exterior-FrontDoor","timestamp":"2018-04-20T14:52:25.257Z"}}
{"_index":"ifttt-2018-04-20","_type":"webhook","_id":"Fri Apr 20 2018 15:22:18 GMT+0000 (UTC)","_score":1,"_source":{"time":"April 20, 2018","device":"miniCam","message":"motion","location":"Exterior-FrontDoor","timestamp":"2018-04-20T15:22:18.549Z"}}
{"_index":"ifttt-2018-04-20","_type":"webhook","_id":"Fri Apr 20 2018 17:07:07 GMT+0000 (UTC)","_score":1,"_source":{"device":"Room1Lamp","message":"Off","timestamp":"2018-04-20T17:07:07.134Z"}}
{"_index":"ifttt-2018-04-20","_type":"webhook","_id":"Fri Apr 20 2018 19:17:21 GMT+0000 (UTC)","_score":1,"_source":{"time":"April 20, 2018","device":"miniCam","message":"motion","location":"Exterior-FrontDoor","timestamp":"2018-04-20T19:17:21.337Z"}}
{"_index":"ifttt-2018-04-20","_type":"webhook","_id":"Fri Apr 20 2018 19:36:04 GMT+0000 (UTC)","_score":1,"_source":{"device":"Plug1","message":"Activated","time":" ","timestamp":"2018-04-20T19:36:04.602Z"}}
{"_index":"ifttt-2018-04-20","_type":"webhook","_id":"Fri Apr 20 2018 18:46:41 GMT+0000 (UTC)","_score":1,"_source":{"time":" April 20, 2018 at 02:46PM","device":"Alexa","message":"Voice Activation","target":"lamp","timestamp":"2018-04-20T18:46:41.011Z"}}
{"_index":"ifttt-2018-04-20","_type":"webhook","_id":"Fri Apr 20 2018 18:37:10 GMT+0000 (UTC)","_score":1,"_source":{"time":"April 20, 2018","device":"miniCam","message":"motion","location":"Exterior-FrontDoor","timestamp":"2018-04-20T18:37:10.741Z"}}
{"_index":"ifttt-2018-04-20","_type":"webhook","_id":"Fri Apr 20 2018 19:17:19 GMT+0000 (UTC)","_score":1,"_source":{"time":"April 20, 2018","device":"miniCam","message":"motion","location":"Exterior-FrontDoor","timestamp":"2018-04-20T19:17:19.162Z"}}
{"_index":"ifttt-2018-04-20","_type":"webhook","_id":"Fri Apr 20 2018 15:12:07 GMT+0000 (UTC)","_score":1,"_source":{"device":"FrontLock1","status":"Locked","user":"Manual Lock","timestamp":"2018-04-20T15:12:07.508Z"}}
{"_index":"ifttt-2018-04-20","_type":"webhook","_id":"Fri Apr 20 2018 14:12:13 GMT+0000 (UTC)","_score":1,"_source":{"device":"FrontLock1","status":"Locked","user":"Manny Kin","timestamp":"2018-04-20T14:12:13.079Z"}}
{"_index":"ifttt-2018-04-20","_type":"webhook","_id":"Fri Apr 20 2018 08:23:09 GMT+0000 (UTC)","_score":1,"_source":{"jsonrpc":"2.0","method":"eth_blockNumber","params":null,"id":95,"timestamp":"2018-04-20T08:23:09.394Z"}}
{"_index":"ifttt-2018-04-20","_type":"webhook","_id":"Fri Apr 20 2018 13:21:03 GMT+0000 (UTC)","_score":1,"_source":{"device":"Room1Plug1","message":"Activated","timestamp":"2018-04-20T13:21:03.555Z"}}
{"_index":"ifttt-2018-04-20","_type":"webhook","_id":"Fri Apr 20 2018 13:07:18 GMT+0000 (UTC)","_score":1,"_source":{"time":"April 20, 2018","device":"miniCam","message":"motion","location":"Exterior-FrontDoor","timestamp":"2018-04-20T13:07:18.814Z"}}
{"_index":"ifttt-2018-04-20","_type":"webhook","_id":"Fri Apr 20 2018 13:59:30 GMT+0000 (UTC)","_score":1,"_source":{"device":"FrontLock1","status":"Unlocked","user":"Manny Kin","timestamp":"2018-04-20T13:59:30.904Z"}}
{"_index":"ifttt-2018-04-20","_type":"webhook","_id":"Fri Apr 20 2018 19:22:11 GMT+0000 (UTC)","_score":1,"_source":{"time":"April 20, 2018","device":"miniCam","message":"motion","location":"Exterior-FrontDoor","timestamp":"2018-04-20T19:22:11.850Z"}}
{"_index":"ifttt-2018-04-20","_type":"webhook","_id":"Fri Apr 20 2018 04:22:24 GMT+0000 (UTC)","_score":1,"_source":{"time":"April 20, 2018","device":"miniCam","message":"motion","location":"Exterior-FrontDoor","timestamp":"2018-04-20T04:22:24.733Z"}}
{"_index":"ifttt-2018-04-20","_type":"webhook","_id":"Fri Apr 20 2018 12:57:19 GMT+0000 (UTC)","_score":1,"_source":{"time":"April 20, 2018","device":"miniCam","message":"motion","location":"Exterior-FrontDoor","timestamp":"2018-04-20T12:57:19.171Z"}}
{"_index":"ifttt-2018-04-20","_type":"webhook","_id":"Fri Apr 20 2018 13:22:23 GMT+0000 (UTC)","_score":1,"_source":{"time":"April 20, 2018","device":"miniCam","message":"motion","location":"Exterior-FrontDoor","timestamp":"2018-04-20T13:22:23.634Z"}}
{"_index":"ifttt-2018-04-20","_type":"webhook","_id":"Fri Apr 20 2018 13:37:15 GMT+0000 (UTC)","_score":1,"_source":{"time":"April 20, 2018","device":"miniCam","message":"motion","location":"Exterior-FrontDoor","timestamp":"2018-04-20T13:37:15.368Z"}}
{"_index":"ifttt-2018-04-20","_type":"webhook","_id":"Fri Apr 20 2018 13:30:42 GMT+0000 (UTC)","_score":1,"_source":{"device":"FrontLock1","status":"Unlocked","user":"Manual Unlock","timestamp":"2018-04-20T13:30:42.122Z"}}
{"_index":"ifttt-2018-04-20","_type":"webhook","_id":"Fri Apr 20 2018 13:42:18 GMT+0000 (UTC)","_score":1,"_source":{"device":"FrontLock1","status":"Locked","user":"Manual Lock","timestamp":"2018-04-20T13:42:18.961Z"}}
{"_index":"ifttt-2018-04-20","_type":"webhook","_id":"Fri Apr 20 2018 13:42:19 GMT+0000 (UTC)","_score":1,"_source":{"device":"FrontLock1","status":"Locked","user":"Manual Lock","timestamp":"2018-04-20T13:42:19.398Z"}}
{"_index":"ifttt-2018-04-20","_type":"webhook","_id":"Fri Apr 20 2018 07:21:16 GMT+0000 (UTC)","_score":1,"_source":{"device":"Plug1","message":"Activated","time":" ","timestamp":"2018-04-20T07:21:16.554Z"}}
{"_index":"ifttt-2018-04-20","_type":"webhook","_id":"Fri Apr 20 2018 08:21:21 GMT+0000 (UTC)","_score":1,"_source":{"device":"Plug1","message":"Activated","time":" ","timestamp":"2018-04-20T08:21:21.030Z"}}
{"_index":"ifttt-2018-04-20","_type":"webhook","_id":"Fri Apr 20 2018 13:42:05 GMT+0000 (UTC)","_score":1,"_source":{"time":"April 20, 2018","device":"miniCam","message":"motion","location":"Exterior-FrontDoor","timestamp":"2018-04-20T13:42:05.983Z"}}
{"_index":"ifttt-2018-04-20","_type":"webhook","_id":"Fri Apr 20 2018 13:52:18 GMT+0000 (UTC)","_score":1,"_source":{"time":"April 20, 2018","device":"miniCam","message":"motion","location":"Exterior-FrontDoor","timestamp":"2018-04-20T13:52:18.764Z"}}
{"_index":"ifttt-2018-04-20","_type":"webhook","_id":"Fri Apr 20 2018 13:52:19 GMT+0000 (UTC)","_score":1,"_source":{"time":"April 20, 2018","device":"miniCam","message":"motion","location":"Exterior-FrontDoor","timestamp":"2018-04-20T13:52:19.414Z"}}
{"_index":"ifttt-2018-04-20","_type":"webhook","_id":"Fri Apr 20 2018 14:47:09 GMT+0000 (UTC)","_score":1,"_source":{"time":"April 20, 2018","device":"miniCam","message":"motion","location":"Exterior-FrontDoor","timestamp":"2018-04-20T14:47:09.155Z"}}
{"_index":"ifttt-2018-04-20","_type":"webhook","_id":"Fri Apr 20 2018 14:44:44 GMT+0000 (UTC)","_score":1,"_source":{"device":"FrontLock1","status":"Unlocked","user":"Manual Unlock","timestamp":"2018-04-20T14:44:44.610Z"}}
{"_index":"ifttt-2018-04-20","_type":"webhook","_id":"Fri Apr 20 2018 14:54:18 GMT+0000 (UTC)","_score":1,"_source":{"device":"FrontLock1","status":"Unlocked","user":"Manual Unlock","timestamp":"2018-04-20T14:54:18.005Z"}}
{"_index":"ifttt-2018-04-20","_type":"webhook","_id":"Fri Apr 20 2018 15:24:15 GMT+0000 (UTC)","_score":1,"_source":{"device":"FrontLock1","status":"Unlocked","user":"Manual Unlock","timestamp":"2018-04-20T15:24:15.638Z"}}
{"_index":"ifttt-2018-04-20","_type":"webhook","_id":"Fri Apr 20 2018 16:31:23 GMT+0000 (UTC)","_score":1,"_source":{"device":"Plug1","message":"Activated","time":" ","timestamp":"2018-04-20T16:31:23.631Z"}}
{"_index":"ifttt-2018-04-20","_type":"webhook","_id":"Fri Apr 20 2018 15:21:44 GMT+0000 (UTC)","_score":1,"_source":{"device":"Room1Plug1","message":"Activated","timestamp":"2018-04-20T15:21:44.210Z"}}
{"_index":"ifttt-2018-04-20","_type":"webhook","_id":"Fri Apr 20 2018 18:07:12 GMT+0000 (UTC)","_score":1,"_source":{"device":"Room1Lamp","message":"Off","timestamp":"2018-04-20T18:07:12.576Z"}}
{"_index":"ifttt-2018-04-20","_type":"webhook","_id":"Fri Apr 20 2018 14:02:19 GMT+0000 (UTC)","_score":1,"_source":{"device":"FrontLock1","status":"Locked","user":"Manual Lock","timestamp":"2018-04-20T14:02:19.963Z"}}
{"_index":"ifttt-2018-04-20","_type":"webhook","_id":"Fri Apr 20 2018 20:36:27 GMT+0000 (UTC)","_score":1,"_source":{"device":"Plug1","message":"Activated","time":" ","timestamp":"2018-04-20T20:36:27.193Z"}}
{"_index":"ifttt-2018-04-20","_type":"webhook","_id":"Fri Apr 20 2018 12:47:17 GMT+0000 (UTC)","_score":1,"_source":{"time":"April 20, 2018","device":"miniCam","message":"motion","location":"Exterior-FrontDoor","timestamp":"2018-04-20T12:47:17.983Z"}}
{"_index":"ifttt-2018-04-20","_type":"webhook","_id":"Fri Apr 20 2018 12:47:18 GMT+0000 (UTC)","_score":1,"_source":{"time":"April 20, 2018","device":"miniCam","message":"motion","location":"Exterior-FrontDoor","timestamp":"2018-04-20T12:47:18.425Z"}}
{"_index":"ifttt-2018-04-20","_type":"webhook","_id":"Fri Apr 20 2018 13:27:08 GMT+0000 (UTC)","_score":1,"_source":{"time":"April 20, 2018","device":"miniCam","message":"motion","location":"Exterior-FrontDoor","timestamp":"2018-04-20T13:27:08.178Z"}}
{"_index":"ifttt-2018-04-20","_type":"webhook","_id":"Fri Apr 20 2018 13:37:14 GMT+0000 (UTC)","_score":1,"_source":{"time":"April 20, 2018","device":"miniCam","message":"motion","location":"Exterior-FrontDoor","timestamp":"2018-04-20T13:37:14.952Z"}}
{"_index":"ifttt-2018-04-20","_type":"webhook","_id":"Fri Apr 20 2018 13:30:32 GMT+0000 (UTC)","_score":1,"_source":{"device":"FrontLock1","status":"Unlocked","user":"Manual Unlock","timestamp":"2018-04-20T13:30:32.391Z"}}
{"_index":"ifttt-2018-04-20","_type":"webhook","_id":"Fri Apr 20 2018 08:23:07 GMT+0000 (UTC)","_score":1,"_source":{"jsonrpc":"2.0","method":"eth_blockNumber","params":null,"id":25,"timestamp":"2018-04-20T08:23:07.672Z"}}
{"_index":"ifttt-2018-04-20","_type":"webhook","_id":"Fri Apr 20 2018 04:11:08 GMT+0000 (UTC)","_score":1,"_source":{"device":"Room1Plug1","message":"Activated","timestamp":"2018-04-20T04:11:08.541Z"}}
{"_index":"ifttt-2018-04-20","_type":"webhook","_id":"Fri Apr 20 2018 13:59:21 GMT+0000 (UTC)","_score":1,"_source":{"device":"Room1Lamp","message":"Off","timestamp":"2018-04-20T13:59:21.992Z"}}
{"_index":"ifttt-2018-04-20","_type":"webhook","_id":"Fri Apr 20 2018 13:42:04 GMT+0000 (UTC)","_score":1,"_source":{"time":"April 20, 2018","device":"miniCam","message":"motion","location":"Exterior-FrontDoor","timestamp":"2018-04-20T13:42:04.941Z"}}
{"_index":"ifttt-2018-04-20","_type":"webhook","_id":"Fri Apr 20 2018 13:57:16 GMT+0000 (UTC)","_score":1,"_source":{"time":"April 20, 2018","device":"miniCam","message":"motion","location":"Exterior-FrontDoor","timestamp":"2018-04-20T13:57:16.861Z"}}
{"_index":"ifttt-2018-04-20","_type":"webhook","_id":"Fri Apr 20 2018 14:47:08 GMT+0000 (UTC)","_score":1,"_source":{"time":"April 20, 2018","device":"miniCam","message":"motion","location":"Exterior-FrontDoor","timestamp":"2018-04-20T14:47:08.646Z"}}
{"_index":"ifttt-2018-04-20","_type":"webhook","_id":"Fri Apr 20 2018 14:57:38 GMT+0000 (UTC)","_score":1,"_source":{"time":"April 20, 2018","device":"miniCam","message":"motion","location":"Exterior-FrontDoor","timestamp":"2018-04-20T14:57:38.820Z"}}
{"_index":"ifttt-2018-04-20","_type":"webhook","_id":"Fri Apr 20 2018 15:12:04 GMT+0000 (UTC)","_score":1,"_source":{"time":"April 20, 2018","device":"miniCam","message":"motion","location":"Exterior-FrontDoor","timestamp":"2018-04-20T15:12:04.560Z"}}
{"_index":"ifttt-2018-04-20","_type":"webhook","_id":"Fri Apr 20 2018 18:37:11 GMT+0000 (UTC)","_score":1,"_source":{"time":"April 20, 2018","device":"miniCam","message":"motion","location":"Exterior-FrontDoor","timestamp":"2018-04-20T18:37:11.327Z"}}
{"_index":"ifttt-2018-04-20","_type":"webhook","_id":"Fri Apr 20 2018 21:26:15 GMT+0000 (UTC)","_score":1,"_source":{"device":"Room1Plug1","message":"Activated","timestamp":"2018-04-20T21:26:15.478Z"}}
{"_index":"ifttt-2018-04-20","_type":"webhook","_id":"Fri Apr 20 2018 12:12:16 GMT+0000 (UTC)","_score":1,"_source":{"time":"April 20, 2018","device":"miniCam","message":"motion","location":"Exterior-FrontDoor","timestamp":"2018-04-20T12:12:16.387Z"}}
{"_index":"ifttt-2018-04-20","_type":"webhook","_id":"Fri Apr 20 2018 12:32:05 GMT+0000 (UTC)","_score":1,"_source":{"time":"April 20, 2018","device":"miniCam","message":"motion","location":"Exterior-FrontDoor","timestamp":"2018-04-20T12:32:05.918Z"}}
{"_index":"ifttt-2018-04-20","_type":"webhook","_id":"Fri Apr 20 2018 12:57:18 GMT+0000 (UTC)","_score":1,"_source":{"time":"April 20, 2018","device":"miniCam","message":"motion","location":"Exterior-FrontDoor","timestamp":"2018-04-20T12:57:18.519Z"}}
{"_index":"ifttt-2018-04-20","_type":"webhook","_id":"Fri Apr 20 2018 13:32:16 GMT+0000 (UTC)","_score":1,"_source":{"time":"April 20, 2018","device":"miniCam","message":"motion","location":"Exterior-FrontDoor","timestamp":"2018-04-20T13:32:16.766Z"}}
{"_index":"ifttt-2018-04-20","_type":"webhook","_id":"Fri Apr 20 2018 13:42:03 GMT+0000 (UTC)","_score":1,"_source":{"time":"April 20, 2018","device":"miniCam","message":"motion","location":"Exterior-FrontDoor","timestamp":"2018-04-20T13:42:03.943Z"}}
{"_index":"ifttt-2018-04-20","_type":"webhook","_id":"Fri Apr 20 2018 13:39:22 GMT+0000 (UTC)","_score":1,"_source":{"device":"FrontLock1","status":"Unlocked","user":"Manual Unlock","timestamp":"2018-04-20T13:39:22.990Z"}}
{"_index":"ifttt-2018-04-20","_type":"webhook","_id":"Fri Apr 20 2018 13:39:23 GMT+0000 (UTC)","_score":1,"_source":{"device":"FrontLock1","status":"Unlocked","user":"Manual Unlock","timestamp":"2018-04-20T13:39:23.599Z"}}
{"_index":"ifttt-2018-04-20","_type":"webhook","_id":"Fri Apr 20 2018 13:30:43 GMT+0000 (UTC)","_score":1,"_source":{"device":"FrontLock1","status":"Unlocked","user":"Manual Unlock","timestamp":"2018-04-20T13:30:43.517Z"}}
{"_index":"ifttt-2018-04-20","_type":"webhook","_id":"Fri Apr 20 2018 03:11:05 GMT+0000 (UTC)","_score":1,"_source":{"device":"Room1Plug1","message":"Activated","timestamp":"2018-04-20T03:11:05.177Z"}}
{"_index":"ifttt-2018-04-20","_type":"webhook","_id":"Fri Apr 20 2018 09:16:19 GMT+0000 (UTC)","_score":1,"_source":{"device":"Room1Plug1","message":"Activated","timestamp":"2018-04-20T09:16:19.426Z"}}
{"_index":"ifttt-2018-04-20","_type":"webhook","_id":"Fri Apr 20 2018 13:12:53 GMT+0000 (UTC)","_score":1,"_source":{"device":"FrontLock1","status":"Locked","user":"Manual Lock","timestamp":"2018-04-20T13:12:53.948Z"}}
{"_index":"ifttt-2018-04-20","_type":"webhook","_id":"Fri Apr 20 2018 13:47:10 GMT+0000 (UTC)","_score":1,"_source":{"time":"April 20, 2018","device":"miniCam","message":"motion","location":"Exterior-FrontDoor","timestamp":"2018-04-20T13:47:10.162Z"}}
{"_index":"ifttt-2018-04-20","_type":"webhook","_id":"Fri Apr 20 2018 13:57:15 GMT+0000 (UTC)","_score":1,"_source":{"time":"April 20, 2018","device":"miniCam","message":"motion","location":"Exterior-FrontDoor","timestamp":"2018-04-20T13:57:15.915Z"}}
{"_index":"ifttt-2018-04-20","_type":"webhook","_id":"Fri Apr 20 2018 13:57:17 GMT+0000 (UTC)","_score":1,"_source":{"time":"April 20, 2018","device":"miniCam","message":"motion","location":"Exterior-FrontDoor","timestamp":"2018-04-20T13:57:17.309Z"}}
{"_index":"ifttt-2018-04-20","_type":"webhook","_id":"Fri Apr 20 2018 14:02:29 GMT+0000 (UTC)","_score":1,"_source":{"time":"April 20, 2018","device":"miniCam","message":"motion","location":"Exterior-FrontDoor","timestamp":"2018-04-20T14:02:29.516Z"}}
{"_index":"ifttt-2018-04-20","_type":"webhook","_id":"Fri Apr 20 2018 13:59:29 GMT+0000 (UTC)","_score":1,"_source":{"device":"FrontLock1","status":"Unlocked","user":"Manual Unlock","timestamp":"2018-04-20T13:59:29.752Z"}}
{"_index":"ifttt-2018-04-20","_type":"webhook","_id":"Fri Apr 20 2018 14:47:07 GMT+0000 (UTC)","_score":1,"_source":{"device":"FrontLock1","status":"Locked","user":"Manny Kin","timestamp":"2018-04-20T14:47:07.968Z"}}
{"_index":"ifttt-2018-04-20","_type":"webhook","_id":"Fri Apr 20 2018 14:02:28 GMT+0000 (UTC)","_score":1,"_source":{"time":"April 20, 2018","device":"miniCam","message":"motion","location":"Exterior-FrontDoor","timestamp":"2018-04-20T14:02:28.484Z"}}
{"_index":"ifttt-2018-04-20","_type":"webhook","_id":"Fri Apr 20 2018 14:44:45 GMT+0000 (UTC)","_score":1,"_source":{"device":"FrontLock1","status":"Unlocked","user":"Manny Kin","timestamp":"2018-04-20T14:44:45.627Z"}}
{"_index":"ifttt-2018-04-20","_type":"webhook","_id":"Fri Apr 20 2018 14:42:22 GMT+0000 (UTC)","_score":1,"_source":{"device":"FrontLock1","status":"Locked","user":"Manny Kin","timestamp":"2018-04-20T14:42:22.799Z"}}
{"_index":"ifttt-2018-04-20","_type":"webhook","_id":"Fri Apr 20 2018 14:49:17 GMT+0000 (UTC)","_score":1,"_source":{"device":"FrontLock1","status":"Unlocked","user":"Manual Unlock","timestamp":"2018-04-20T14:49:17.750Z"}}
{"_index":"ifttt-2018-04-20","_type":"webhook","_id":"Fri Apr 20 2018 15:22:19 GMT+0000 (UTC)","_score":1,"_source":{"time":"April 20, 2018","device":"miniCam","message":"motion","location":"Exterior-FrontDoor","timestamp":"2018-04-20T15:22:19.084Z"}}
{"_index":"ifttt-2018-04-20","_type":"webhook","_id":"Fri Apr 20 2018 15:37:14 GMT+0000 (UTC)","_score":1,"_source":{"time":"April 20, 2018","device":"miniCam","message":"motion","location":"Exterior-FrontDoor","timestamp":"2018-04-20T15:37:14.685Z"}}
{"_index":"ifttt-2018-04-20","_type":"webhook","_id":"Fri Apr 20 2018 21:22:17 GMT+0000 (UTC)","_score":1,"_source":{"time":"April 20, 2018","device":"miniCam","message":"motion","location":"Exterior-FrontDoor","timestamp":"2018-04-20T21:22:17.329Z"}}
