{"_index":"ifttt-2018-05-05","_type":"webhook","_id":"Sat May 05 2018 07:20:22 GMT+0000 (UTC)","_score":1,"_source":{"device":"Room1Lamp","message":"Activated","timestamp":"2018-05-05T07:20:22.011Z"}}
{"_index":"ifttt-2018-05-05","_type":"webhook","_id":"Sat May 05 2018 17:34:20 GMT+0000 (UTC)","_score":1,"_source":{"time":"May 5, 2018","device":"miniCam","message":"motion","location":"Exterior-FrontDoor","timestamp":"2018-05-05T17:34:20.160Z"}}
{"_index":"ifttt-2018-05-05","_type":"webhook","_id":"Sat May 05 2018 17:54:19 GMT+0000 (UTC)","_score":1,"_source":{"time":"May 5, 2018","device":"miniCam","message":"motion","location":"Exterior-FrontDoor","timestamp":"2018-05-05T17:54:19.872Z"}}
{"_index":"ifttt-2018-05-05","_type":"webhook","_id":"Sat May 05 2018 18:20:04 GMT+0000 (UTC)","_score":1,"_source":{"time":"May 5, 2018","device":"miniCam","message":"motion","location":"Exterior-FrontDoor","timestamp":"2018-05-05T18:20:04.737Z"}}
{"_index":"ifttt-2018-05-05","_type":"webhook","_id":"Sat May 05 2018 19:24:08 GMT+0000 (UTC)","_score":1,"_source":{"time":"May 5, 2018","device":"miniCam","message":"motion","location":"Exterior-FrontDoor","timestamp":"2018-05-05T19:24:08.221Z"}}
{"_index":"ifttt-2018-05-05","_type":"webhook","_id":"Sat May 05 2018 06:33:22 GMT+0000 (UTC)","_score":1,"_source":{"device":"Plug1","message":"Activated","time":" ","timestamp":"2018-05-05T06:33:22.229Z"}}
{"_index":"ifttt-2018-05-05","_type":"webhook","_id":"Sat May 05 2018 09:38:17 GMT+0000 (UTC)","_score":1,"_source":{"device":"Plug1","message":"Activated","time":" ","timestamp":"2018-05-05T09:38:17.328Z"}}
{"_index":"ifttt-2018-05-05","_type":"webhook","_id":"Sat May 05 2018 11:30:36 GMT+0000 (UTC)","_score":1,"_source":{"device":"Room1Lamp","message":"Activated","timestamp":"2018-05-05T11:30:36.115Z"}}
{"_index":"ifttt-2018-05-05","_type":"webhook","_id":"Sat May 05 2018 12:30:37 GMT+0000 (UTC)","_score":1,"_source":{"device":"Room1Lamp","message":"Activated","timestamp":"2018-05-05T12:30:37.205Z"}}
{"_index":"ifttt-2018-05-05","_type":"webhook","_id":"Sat May 05 2018 15:55:12 GMT+0000 (UTC)","_score":1,"_source":{"device":"Room1Plug1","message":"Activated","timestamp":"2018-05-05T15:55:12.888Z"}}
{"_index":"ifttt-2018-05-05","_type":"webhook","_id":"Sat May 05 2018 17:44:25 GMT+0000 (UTC)","_score":1,"_source":{"time":"May 5, 2018","device":"miniCam","message":"motion","location":"Exterior-FrontDoor","timestamp":"2018-05-05T17:44:25.855Z"}}
{"_index":"ifttt-2018-05-05","_type":"webhook","_id":"Sat May 05 2018 21:14:24 GMT+0000 (UTC)","_score":1,"_source":{"time":"May 5, 2018","device":"miniCam","message":"motion","location":"Exterior-FrontDoor","timestamp":"2018-05-05T21:14:24.862Z"}}
{"_index":"ifttt-2018-05-05","_type":"webhook","_id":"Sat May 05 2018 21:19:21 GMT+0000 (UTC)","_score":1,"_source":{"time":"May 5, 2018","device":"miniCam","message":"motion","location":"Exterior-FrontDoor","timestamp":"2018-05-05T21:19:21.683Z"}}
{"_index":"ifttt-2018-05-05","_type":"webhook","_id":"Sat May 05 2018 17:59:47 GMT+0000 (UTC)","_score":1,"_source":{"time":"May 5, 2018","device":"miniCam","message":"motion","location":"Exterior-FrontDoor","timestamp":"2018-05-05T17:59:47.107Z"}}
{"_index":"ifttt-2018-05-05","_type":"webhook","_id":"Sat May 05 2018 19:39:09 GMT+0000 (UTC)","_score":1,"_source":{"time":"May 5, 2018","device":"miniCam","message":"motion","location":"Exterior-FrontDoor","timestamp":"2018-05-05T19:39:09.099Z"}}
{"_index":"ifttt-2018-05-05","_type":"webhook","_id":"Sat May 05 2018 19:54:34 GMT+0000 (UTC)","_score":1,"_source":{"time":"May 5, 2018","device":"miniCam","message":"motion","location":"Exterior-FrontDoor","timestamp":"2018-05-05T19:54:34.268Z"}}
{"_index":"ifttt-2018-05-05","_type":"webhook","_id":"Sat May 05 2018 21:09:11 GMT+0000 (UTC)","_score":1,"_source":{"time":"May 5, 2018","device":"miniCam","message":"motion","location":"Exterior-FrontDoor","timestamp":"2018-05-05T21:09:11.326Z"}}
{"_index":"ifttt-2018-05-05","_type":"webhook","_id":"Sat May 05 2018 22:09:15 GMT+0000 (UTC)","_score":1,"_source":{"time":"May 5, 2018","device":"miniCam","message":"motion","location":"Exterior-FrontDoor","timestamp":"2018-05-05T22:09:15.104Z"}}
{"_index":"ifttt-2018-05-05","_type":"webhook","_id":"Sat May 05 2018 00:23:02 GMT+0000 (UTC)","_score":1,"_source":{"device":"Plug1","message":"Activated","time":" ","timestamp":"2018-05-05T00:23:02.442Z"}}
{"_index":"ifttt-2018-05-05","_type":"webhook","_id":"Sat May 05 2018 01:23:07 GMT+0000 (UTC)","_score":1,"_source":{"device":"Plug1","message":"Activated","time":" ","timestamp":"2018-05-05T01:23:07.917Z"}}
{"_index":"ifttt-2018-05-05","_type":"webhook","_id":"Sat May 05 2018 21:53:10 GMT+0000 (UTC)","_score":1,"_source":{"device":"Plug1","message":"Activated","time":" ","timestamp":"2018-05-05T21:53:10.891Z"}}
{"_index":"ifttt-2018-05-05","_type":"webhook","_id":"Sat May 05 2018 16:55:27 GMT+0000 (UTC)","_score":1,"_source":{"device":"Room1Plug1","message":"Activated","timestamp":"2018-05-05T16:55:27.692Z"}}
{"_index":"ifttt-2018-05-05","_type":"webhook","_id":"Sat May 05 2018 18:35:17 GMT+0000 (UTC)","_score":1,"_source":{"device":"Room1Lamp","message":"Activated","timestamp":"2018-05-05T18:35:17.869Z"}}
{"_index":"ifttt-2018-05-05","_type":"webhook","_id":"Sat May 05 2018 22:40:18 GMT+0000 (UTC)","_score":1,"_source":{"device":"Room1Lamp","message":"Activated","timestamp":"2018-05-05T22:40:18.658Z"}}
{"_index":"ifttt-2018-05-05","_type":"webhook","_id":"Sat May 05 2018 22:44:12 GMT+0000 (UTC)","_score":1,"_source":{"time":"May 5, 2018","device":"miniCam","message":"motion","location":"Exterior-FrontDoor","timestamp":"2018-05-05T22:44:12.808Z"}}
{"_index":"ifttt-2018-05-05","_type":"webhook","_id":"Sat May 05 2018 09:25:09 GMT+0000 (UTC)","_score":1,"_source":{"device":"Room1Lamp","message":"Activated","timestamp":"2018-05-05T09:25:09.634Z"}}
{"_index":"ifttt-2018-05-05","_type":"webhook","_id":"Sat May 05 2018 20:01:34 GMT+0000 (UTC)","_score":1,"_source":{"device":"Room1Plug1","message":"Activated","timestamp":"2018-05-05T20:01:34.197Z"}}
{"_index":"ifttt-2018-05-05","_type":"webhook","_id":"Sat May 05 2018 20:09:18 GMT+0000 (UTC)","_score":1,"_source":{"time":"May 5, 2018","device":"miniCam","message":"motion","location":"Exterior-FrontDoor","timestamp":"2018-05-05T20:09:18.934Z"}}
{"_index":"ifttt-2018-05-05","_type":"webhook","_id":"Sat May 05 2018 21:04:19 GMT+0000 (UTC)","_score":1,"_source":{"time":"May 5, 2018","device":"miniCam","message":"motion","location":"Exterior-FrontDoor","timestamp":"2018-05-05T21:04:19.377Z"}}
{"_index":"ifttt-2018-05-05","_type":"webhook","_id":"Sat May 05 2018 21:34:11 GMT+0000 (UTC)","_score":1,"_source":{"time":"May 5, 2018","device":"miniCam","message":"motion","location":"Exterior-FrontDoor","timestamp":"2018-05-05T21:34:11.698Z"}}
{"_index":"ifttt-2018-05-05","_type":"webhook","_id":"Sat May 05 2018 22:29:11 GMT+0000 (UTC)","_score":1,"_source":{"time":"May 5, 2018","device":"miniCam","message":"motion","location":"Exterior-FrontDoor","timestamp":"2018-05-05T22:29:11.973Z"}}
{"_index":"ifttt-2018-05-05","_type":"webhook","_id":"Sat May 05 2018 22:53:20 GMT+0000 (UTC)","_score":1,"_source":{"device":"Plug1","message":"Activated","time":" ","timestamp":"2018-05-05T22:53:20.540Z"}}
{"_index":"ifttt-2018-05-05","_type":"webhook","_id":"Sat May 05 2018 18:04:15 GMT+0000 (UTC)","_score":1,"_source":{"time":"May 5, 2018","device":"miniCam","message":"motion","location":"Exterior-FrontDoor","timestamp":"2018-05-05T18:04:15.681Z"}}
{"_index":"ifttt-2018-05-05","_type":"webhook","_id":"Sat May 05 2018 18:59:12 GMT+0000 (UTC)","_score":1,"_source":{"time":"May 5, 2018","device":"miniCam","message":"motion","location":"Exterior-FrontDoor","timestamp":"2018-05-05T18:59:12.955Z"}}
{"_index":"ifttt-2018-05-05","_type":"webhook","_id":"Sat May 05 2018 20:24:04 GMT+0000 (UTC)","_score":1,"_source":{"time":"May 5, 2018","device":"miniCam","message":"motion","location":"Exterior-FrontDoor","timestamp":"2018-05-05T20:24:04.955Z"}}
{"_index":"ifttt-2018-05-05","_type":"webhook","_id":"Sat May 05 2018 20:54:09 GMT+0000 (UTC)","_score":1,"_source":{"time":"May 5, 2018","device":"miniCam","message":"motion","location":"Exterior-FrontDoor","timestamp":"2018-05-05T20:54:09.120Z"}}
{"_index":"ifttt-2018-05-05","_type":"webhook","_id":"Sat May 05 2018 17:48:10 GMT+0000 (UTC)","_score":1,"_source":{"device":"Plug1","message":"Activated","time":" ","timestamp":"2018-05-05T17:48:10.157Z"}}
{"_index":"ifttt-2018-05-05","_type":"webhook","_id":"Sat May 05 2018 03:35:17 GMT+0000 (UTC)","_score":1,"_source":{"device":"Room1Plug1","message":"Activated","timestamp":"2018-05-05T03:35:17.873Z"}}
{"_index":"ifttt-2018-05-05","_type":"webhook","_id":"Sat May 05 2018 13:51:07 GMT+0000 (UTC)","_score":1,"_source":{"device":"Room1Plug1","message":"Activated","timestamp":"2018-05-05T13:51:07.875Z"}}
{"_index":"ifttt-2018-05-05","_type":"webhook","_id":"Sat May 05 2018 10:30:32 GMT+0000 (UTC)","_score":1,"_source":{"device":"Room1Lamp","message":"Activated","timestamp":"2018-05-05T10:30:32.833Z"}}
{"_index":"ifttt-2018-05-05","_type":"webhook","_id":"Sat May 05 2018 13:31:13 GMT+0000 (UTC)","_score":1,"_source":{"device":"Room1Lamp","message":"Activated","timestamp":"2018-05-05T13:31:13.791Z"}}
{"_index":"ifttt-2018-05-05","_type":"webhook","_id":"Sat May 05 2018 17:35:14 GMT+0000 (UTC)","_score":1,"_source":{"device":"Room1Lamp","message":"Activated","timestamp":"2018-05-05T17:35:14.217Z"}}
{"_index":"ifttt-2018-05-05","_type":"webhook","_id":"Sat May 05 2018 22:14:28 GMT+0000 (UTC)","_score":1,"_source":{"time":"May 5, 2018","device":"miniCam","message":"motion","location":"Exterior-FrontDoor","timestamp":"2018-05-05T22:14:28.747Z"}}
{"_index":"ifttt-2018-05-05","_type":"webhook","_id":"Sat May 05 2018 22:19:18 GMT+0000 (UTC)","_score":1,"_source":{"time":"May 5, 2018","device":"miniCam","message":"motion","location":"Exterior-FrontDoor","timestamp":"2018-05-05T22:19:18.706Z"}}
{"_index":"ifttt-2018-05-05","_type":"webhook","_id":"Sat May 05 2018 22:34:30 GMT+0000 (UTC)","_score":1,"_source":{"time":"May 5, 2018","device":"miniCam","message":"motion","location":"Exterior-FrontDoor","timestamp":"2018-05-05T22:34:30.739Z"}}
